0.000572	0.000972
0.143121	0.241985
0.22535	0.342801
0.265118	0.474846
0.28049	0.640216
0.287817	0.826138
0.296944	1.004334
0.307046	1.170126
0.315878	1.332665
0.323309	1.497565
0.330206	1.662269
0.336602	1.823736
0.342503	1.981856
0.347997	2.137289
0.353153	2.290364
0.358104	2.440972
0.362767	2.588862
0.367184	2.734146
0.371414	2.876863
0.375434	3.017017
0.379319	-3.128458
0.383039	-2.993228
0.386613	-2.860376
0.390078	-2.729845
0.393401	-2.601629
0.396632	-2.475607
0.399757	-2.351775
0.40278	-2.230058
0.405729	-2.110383
0.40858	-1.99274
0.411362	-1.877028
0.414071	-1.763224
0.416703	-1.651276
0.419282	-1.541109
0.421789	-1.432714
0.424242	-1.326009
0.426642	-1.220965
0.428982	-1.117543
0.43128	-1.015678
0.433524	-0.915356
0.435724	-0.816515
0.437884	-0.719123
0.439996	-0.623152
0.442075	-0.528546
0.444111	-0.435289
0.44611	-0.343335
0.448078	-0.25265
0.450006	-0.163216
0.451906	-0.074984
0.453773	0.012062
0.455609	0.097958
0.45742	0.182734
0.459198	0.266406
0.460951	0.349014
0.462678	0.430573
0.464377	0.511111
0.466055	0.590656
0.467706	0.66922
0.469336	0.746838
0.470944	0.823524
0.472528	0.899298
0.474093	0.974188
0.475636	1.048203
0.477161	1.12137
0.478666	1.193704
0.480152	1.265222
0.481621	1.335946
0.483071	1.405886
0.484504	1.475063
0.485921	1.543493
0.48732	1.611187
0.488704	1.678166
0.490073	1.744439
0.491426	1.810023
0.492765	1.874933
0.494089	1.939177
0.4954	2.002774
0.496697	2.065731
0.497979	2.128064
0.499249	2.189785
0.500506	2.250902
0.501751	2.31143
0.502984	2.371378
0.504204	2.430757
0.505413	2.489579
0.50661	2.54785
0.507796	2.605584
0.508971	2.662788
0.510135	2.719472
0.511289	2.775647
0.512432	2.831318
0.513566	2.886497
0.514689	2.941191
0.515803	2.995407
0.516907	3.049157
0.518001	3.102444
0.519087	-3.127907
0.520163	-3.075518
0.521231	-3.023569
0.52229	-2.972049
0.52334	-2.920955
0.524382	-2.870279
0.525416	-2.820012
0.526442	-2.770152
0.52746	-2.720689
0.528469	-2.671618
0.529471	-2.622934
0.530466	-2.57463
0.531453	-2.5267
0.532433	-2.479139
0.533406	-2.431942
0.534371	-2.385103
0.53533	-2.338616
0.536282	-2.292477
0.537228	-2.24668
0.538167	-2.201221
0.539098	-2.156095
0.540024	-2.111296
0.540943	-2.066821
0.541856	-2.022665
0.542763	-1.978823
0.543664	-1.935291
0.544559	-1.892065
0.545448	-1.84914
0.546332	-1.806513
0.54721	-1.764179
0.548081	-1.722135
0.548947	-1.680376
0.549808	-1.638899
0.550664	-1.597701
0.551515	-1.556778
0.55236	-1.516125
0.5532	-1.475739
0.554035	-1.435617
0.554865	-1.395756
0.55569	-1.356152
0.55651	-1.316803
0.557325	-1.277705
0.558135	-1.238854
0.558941	-1.200248
0.559743	-1.161884
0.560539	-1.123758
0.561331	-1.085868
0.562119	-1.048211
0.562902	-1.010784
0.563681	-0.973585
0.564455	-0.936611
0.565225	-0.899859
0.565991	-0.863326
0.566753	-0.827011
0.567511	-0.790909
0.568265	-0.75502
0.569015	-0.71934
0.569761	-0.683867
0.570503	-0.648598
0.571241	-0.613532
0.571975	-0.578666
0.572706	-0.543999
0.573432	-0.509527
0.574155	-0.475249
0.574875	-0.441162
0.57559	-0.407264
0.576303	-0.373553
0.577012	-0.340028
0.577717	-0.306686
0.578419	-0.273526
0.579118	-0.240544
0.579812	-0.207741
0.580504	-0.175112
0.581192	-0.142657
0.581877	-0.110374
0.582559	-0.078261
0.583238	-0.046318
0.583914	-0.01454
0.584587	0.017072
0.585256	0.048521
0.585922	0.079809
0.586585	0.110937
0.587246	0.141907
0.587903	0.17272
0.588557	0.203377
0.589208	0.233881
0.589857	0.264232
0.590502	0.294433
0.591145	0.324485
0.591785	0.354389
0.592422	0.384146
0.593057	0.413759
0.593689	0.443228
0.594318	0.472555
0.594944	0.501741
0.595568	0.530787
0.596189	0.559695
0.596808	0.588467
0.597424	0.617102
0.598037	0.645603
0.598648	0.673972
0.599257	0.702208
0.599863	0.730314
0.600466	0.75829
0.601067	0.786138
0.601666	0.813858
0.602262	0.841453
0.602856	0.868922
0.603448	0.896268
0.604037	0.923491
0.604623	0.950592
0.605208	0.977573
0.60579	1.004434
0.606371	1.031177
0.606948	1.057802
0.607524	1.084311
0.608097	1.110704
0.608668	1.136983
0.609238	1.163149
0.609804	1.189202
0.610369	1.215144
0.610932	1.240975
0.611493	1.266696
0.612052	1.292308
0.612608	1.317812
0.613163	1.34321
0.613715	1.368501
0.614266	1.393688
0.614815	1.41877
0.615361	1.443748
0.615906	1.468623
0.616448	1.493397
0.616989	1.51807
0.617528	1.542643
0.618065	1.567116
0.6186	1.59149
0.619133	1.615767
0.619664	1.639947
0.620193	1.664031
0.620721	1.688019
0.621247	1.711912
0.621771	1.735711
0.622294	1.759416
0.622814	1.783029
0.623333	1.80655
0.62385	1.82998
0.624365	1.85332
0.624879	1.876569
0.625391	1.89973
0.625901	1.922802
0.62641	1.945786
0.626917	1.968683
0.627422	1.991493
0.627925	2.014218
0.628427	2.036858
0.628928	2.059413
0.629426	2.081884
0.629924	2.104271
0.630419	2.126575
0.630913	2.148798
0.631405	2.170939
0.631896	2.193
0.632385	2.21498
0.632873	2.23688
0.63336	2.2587
0.633844	2.280443
0.634327	2.302107
0.634809	2.323693
0.635289	2.345202
0.635768	2.366635
0.636246	2.387993
0.636721	2.409274
0.637196	2.430481
0.637669	2.451613
0.63814	2.472671
0.638611	2.493656
0.639079	2.514569
0.639547	2.535409
0.640013	2.556177
0.640478	2.576873
0.640941	2.597499
0.641403	2.618055
0.641864	2.638541
0.642323	2.658956
0.642781	2.679303
0.643238	2.699582
0.643693	2.719792
0.644146	2.739935
0.644599	2.760011
0.645051	2.78002
0.645501	2.799962
0.64595	2.819839
0.646398	2.83965
0.646844	2.859396
0.647289	2.879077
0.647733	2.898695
0.648176	2.918249
0.648617	2.937739
0.649057	2.957166
0.649496	2.97653
0.649934	2.995833
0.65037	3.015074
0.650806	3.034253
0.65124	3.053371
0.651673	3.072428
0.652105	3.091426
0.652536	3.110363
0.652965	3.129241
0.653394	-3.135126
0.653821	-3.116366
0.654246	-3.097664
0.654671	-3.079021
0.655095	-3.060435
0.655518	-3.041906
0.65594	-3.023435
0.65636	-3.00502
0.65678	-2.986661
0.657198	-2.968359
0.657615	-2.950112
0.658032	-2.931921
0.658447	-2.913784
0.658861	-2.895702
0.659274	-2.877675
0.659686	-2.859701
0.660097	-2.841781
0.660506	-2.823915
0.660915	-2.806101
0.661323	-2.788341
0.66173	-2.770632
0.662136	-2.752976
0.662541	-2.735372
0.662945	-2.717819
0.663347	-2.700318
0.663749	-2.682868
0.66415	-2.665468
0.66455	-2.648118
0.664948	-2.630819
0.665346	-2.61357
0.665743	-2.59637
0.666139	-2.57922
0.666534	-2.562118
0.666928	-2.545065
0.667321	-2.52806
0.667713	-2.511104
0.668104	-2.494195
0.668495	-2.477334
0.668884	-2.460521
0.669272	-2.443755
0.669659	-2.427035
0.670045	-2.410362
0.670431	-2.393736
0.670816	-2.377155
0.6712	-2.36062
0.671583	-2.344131
0.671965	-2.327687
0.672346	-2.311288
0.672726	-2.294934
0.673105	-2.278625
0.673483	-2.26236
0.673861	-2.246139
0.674238	-2.229962
0.674614	-2.213829
0.674989	-2.197739
0.675363	-2.181692
0.675737	-2.165689
0.676109	-2.149728
0.676481	-2.133809
0.676851	-2.117933
0.677221	-2.102099
0.67759	-2.086306
0.677959	-2.070556
0.678326	-2.054847
0.678693	-2.039179
0.679059	-2.023553
0.679424	-2.007967
0.679789	-1.992421
0.680152	-1.976916
0.680515	-1.961451
0.680876	-1.946026
0.681237	-1.93064
0.681597	-1.915295
0.681957	-1.899988
0.682316	-1.884722
0.682674	-1.869494
0.683031	-1.854305
0.683388	-1.839154
0.683743	-1.824041
0.684098	-1.808967
0.684452	-1.793931
0.684805	-1.778933
0.685158	-1.763972
0.68551	-1.749049
0.685862	-1.734163
0.686212	-1.719314
0.686562	-1.704502
0.68691	-1.689727
0.687258	-1.674988
0.687606	-1.660286
0.687953	-1.64562
0.6883	-1.630991
0.688645	-1.616397
0.688989	-1.601838
0.689333	-1.587315
0.689676	-1.572827
0.690019	-1.558375
0.690361	-1.543957
0.690702	-1.529575
0.691043	-1.515227
0.691382	-1.500913
0.691721	-1.486634
0.69206	-1.47239
0.692397	-1.458179
0.692734	-1.444002
0.69307	-1.429859
0.693406	-1.415749
0.693741	-1.401673
0.694075	-1.38763
0.694409	-1.37362
0.694742	-1.359643
0.695074	-1.345699
0.695406	-1.331787
0.695737	-1.317908
0.696068	-1.304062
0.696398	-1.290247
0.696727	-1.276465
0.697055	-1.262714
0.697382	-1.248995
0.697709	-1.235308
0.698036	-1.221652
0.698362	-1.208028
0.698687	-1.194435
0.699012	-1.180872
0.699336	-1.167341
0.699659	-1.153841
0.699982	-1.140371
0.700304	-1.126932
0.700626	-1.113523
0.700947	-1.100144
0.701267	-1.086796
0.701587	-1.073477
0.701906	-1.060189
0.702225	-1.04693
0.702543	-1.0337
0.70286	-1.020501
0.703177	-1.00733
0.703493	-0.994189
0.703809	-0.981076
0.704124	-0.967992
0.704438	-0.954938
0.704752	-0.941912
0.705065	-0.928915
0.705377	-0.915946
0.705689	-0.903005
0.706	-0.890093
0.706311	-0.877209
0.706622	-0.864353
0.706932	-0.851525
0.707242	-0.838724
0.70755	-0.825951
0.707858	-0.813206
0.708165	-0.800487
0.708472	-0.787797
0.708779	-0.775133
0.709085	-0.762496
0.70939	-0.749887
0.709695	-0.737304
0.709999	-0.724747
0.710303	-0.712218
0.710606	-0.699714
0.710908	-0.687238
0.71121	-0.674788
0.711512	-0.662363
0.711813	-0.649965
0.712114	-0.637593
0.712414	-0.625247
0.712713	-0.612927
0.713012	-0.600632
0.713311	-0.588363
0.713609	-0.576119
0.713906	-0.5639
0.714203	-0.551706
0.714499	-0.539538
0.714795	-0.527395
0.71509	-0.515276
0.715385	-0.503183
0.715679	-0.491115
0.715973	-0.479071
0.716267	-0.467051
0.716559	-0.455056
0.716851	-0.443085
0.717143	-0.431139
0.717434	-0.419216
0.717725	-0.407318
0.718015	-0.395443
0.718305	-0.383593
0.718595	-0.371767
0.718884	-0.359964
0.719172	-0.348184
0.71946	-0.336428
0.719747	-0.324696
0.720034	-0.312987
0.72032	-0.301301
0.720606	-0.289638
0.720891	-0.277998
0.721177	-0.266381
0.721461	-0.254788
0.721745	-0.243217
0.722029	-0.231669
0.722312	-0.220143
0.722594	-0.20864
0.722876	-0.197159
0.723158	-0.1857
0.72344	-0.174264
0.723721	-0.162851
0.724001	-0.151459
0.724281	-0.140089
0.72456	-0.128741
0.724839	-0.117415
0.725118	-0.10611
0.725396	-0.094828
0.725674	-0.083568
0.725951	-0.072329
0.726228	-0.061111
0.726504	-0.049914
0.72678	-0.038739
0.727055	-0.027585
0.72733	-0.016452
0.727605	-0.005341
0.727879	0.00575
0.728152	0.01682
0.728425	0.027869
0.728698	0.038897
0.72897	0.049905
0.729242	0.060892
0.729514	0.071858
0.729785	0.082804
0.730056	0.093729
0.730326	0.104635
0.730596	0.11552
0.730865	0.126384
0.731134	0.137229
0.731402	0.148053
0.731671	0.158858
0.731938	0.169643
0.732206	0.180408
0.732473	0.191154
0.732739	0.201879
0.733005	0.212585
0.733271	0.223271
0.733537	0.233938
0.733802	0.244586
0.734066	0.255214
0.734329	0.265822
0.734593	0.276412
0.734856	0.286982
0.735119	0.297534
0.735382	0.308066
0.735644	0.31858
0.735906	0.329074
0.736167	0.33955
0.736428	0.350007
0.736688	0.360446
0.736948	0.370866
0.737208	0.381267
0.737467	0.39165
0.737726	0.402015
0.737985	0.412361
0.738244	0.422689
0.738501	0.432998
0.738758	0.443289
0.739015	0.453562
0.739272	0.463817
0.739528	0.474055
0.739784	0.484274
0.74004	0.494475
0.740295	0.504659
0.740549	0.514824
0.740803	0.524972
0.741058	0.535103
0.741312	0.545216
0.741565	0.555312
0.741818	0.56539
0.74207	0.57545
0.742322	0.585493
0.742574	0.595519
0.742826	0.605527
0.743077	0.615519
0.743328	0.625494
0.743578	0.635451
0.743827	0.645391
0.744077	0.655315
0.744326	0.665221
0.744576	0.675111
0.744824	0.684984
0.745073	0.69484
0.74532	0.704679
0.745568	0.714502
0.745815	0.724308
0.746062	0.734098
0.746308	0.743872
0.746554	0.753629
0.7468	0.76337
0.747045	0.773094
0.74729	0.782802
0.747535	0.792493
0.747779	0.802169
0.748023	0.811829
0.748267	0.821473
0.748511	0.8311
0.748754	0.840712
0.748997	0.850308
0.749239	0.859887
0.749481	0.869451
0.749722	0.878999
0.749963	0.888532
0.750204	0.89805
0.750445	0.907551
0.750685	0.917037
0.750925	0.926508
0.751165	0.935963
0.751404	0.945402
0.751643	0.954826
0.751882	0.964235
0.752121	0.973628
0.752359	0.983007
0.752596	0.992371
0.752834	1.001719
0.753071	1.011052
0.753308	1.02037
0.753544	1.029673
0.75378	1.038961
0.754016	1.048234
0.754252	1.057492
0.754487	1.066736
0.754722	1.075965
0.754956	1.085179
0.75519	1.094378
0.755424	1.103563
0.755657	1.112734
0.755891	1.121889
0.756124	1.131031
0.756357	1.140158
0.756589	1.14927
0.756821	1.158368
0.757052	1.167452
0.757284	1.176521
0.757515	1.185576
0.757746	1.194617
0.757977	1.203645
0.758207	1.212658
0.758437	1.221656
0.758666	1.230641
0.758896	1.239612
0.759125	1.248568
0.759354	1.257511
0.759582	1.266441
0.75981	1.275356
0.760037	1.284258
0.760265	1.293146
0.760493	1.30202
0.76072	1.31088
0.760946	1.319727
0.761172	1.32856
0.761398	1.337379
0.761624	1.346185
0.761849	1.354978
0.762074	1.363758
0.762299	1.372523
0.762524	1.381276
0.762748	1.390015
0.762973	1.398741
0.763197	1.407454
0.76342	1.416154
0.763643	1.42484
0.763866	1.433514
0.764088	1.442174
0.76431	1.450822
0.764532	1.459456
0.764754	1.468077
0.764976	1.476685
0.765197	1.485281
0.765418	1.493863
0.765639	1.502433
0.765859	1.51099
0.766079	1.519535
0.766299	1.528066
0.766518	1.536585
0.766738	1.545091
0.766957	1.553585
0.767176	1.562066
0.767394	1.570535
0.767612	1.578991
0.767829	1.587434
0.768047	1.595865
0.768265	1.604283
0.768482	1.61269
0.768698	1.621084
0.768915	1.629466
0.769131	1.637835
0.769348	1.646192
0.769563	1.654537
0.769778	1.66287
0.769993	1.671191
0.770209	1.6795
0.770424	1.687796
0.770638	1.696081
0.770852	1.704354
0.771066	1.712615
0.771279	1.720863
0.771493	1.7291
0.771706	1.737325
0.771918	1.745538
0.772131	1.75374
0.772344	1.761929
0.772556	1.770106
0.772768	1.778272
0.772979	1.786427
0.77319	1.79457
0.773401	1.802701
0.773612	1.810821
0.773823	1.818929
0.774034	1.827025
0.774244	1.83511
0.774454	1.843184
0.774663	1.851246
0.774872	1.859296
0.775081	1.867336
0.77529	1.875364
0.775498	1.883381
0.775707	1.891387
0.775915	1.899381
0.776123	1.907364
0.776331	1.915335
0.776538	1.923295
0.776745	1.931245
0.776951	1.939183
0.777158	1.947111
0.777365	1.955027
0.777571	1.962933
0.777777	1.970827
0.777982	1.97871
0.778187	1.986582
0.778392	1.994444
0.778597	2.002294
0.778802	2.010134
0.779006	2.017963
0.779211	2.025781
0.779415	2.033589
0.779618	2.041385
0.779821	2.049171
0.780024	2.056946
0.780227	2.064711
0.78043	2.072465
0.780633	2.080208
0.780836	2.087941
0.781038	2.095663
0.781239	2.103375
0.781441	2.111076
0.781642	2.118767
0.781843	2.126447
0.782044	2.134117
0.782245	2.141777
0.782445	2.149426
0.782645	2.157064
0.782845	2.164693
0.783045	2.172312
0.783245	2.17992
0.783444	2.187517
0.783643	2.195105
0.783842	2.202682
0.78404	2.21025
0.784238	2.217807
0.784437	2.225353
0.784635	2.23289
0.784833	2.240417
0.78503	2.247933
0.785227	2.25544
0.785425	2.262937
0.785622	2.270423
0.785818	2.2779
0.786015	2.285367
0.786211	2.292825
0.786406	2.300272
0.786602	2.307709
0.786797	2.315137
0.786993	2.322555
0.787188	2.329963
0.787383	2.337362
0.787578	2.34475
0.787772	2.352129
0.787966	2.359498
0.78816	2.366857
0.788354	2.374207
0.788547	2.381548
0.788741	2.388878
0.788934	2.3962
0.789127	2.403511
0.789319	2.410814
0.789512	2.418106
0.789704	2.425389
0.789896	2.432663
0.790088	2.439928
0.79028	2.447183
0.790471	2.454428
0.790663	2.461664
0.790854	2.468891
0.791044	2.476108
0.791235	2.483317
0.791425	2.490516
0.791616	2.497705
0.791805	2.504886
0.791995	2.512058
0.792185	2.51922
0.792374	2.526373
0.792564	2.533517
0.792752	2.540652
0.792941	2.547777
0.793129	2.554894
0.793318	2.562001
0.793506	2.5691
0.793694	2.57619
0.793881	2.58327
0.794069	2.590342
0.794256	2.597404
0.794443	2.604458
0.794631	2.611503
0.794817	2.618539
0.795004	2.625566
0.79519	2.632584
0.795376	2.639593
0.795562	2.646594
0.795748	2.653586
0.795933	2.66057
0.796119	2.667544
0.796304	2.674509
0.796489	2.681466
0.796673	2.688414
0.796858	2.695353
0.797043	2.702284
0.797227	2.709207
0.797411	2.71612
0.797594	2.723025
0.797777	2.729922
0.797961	2.73681
0.798144	2.743689
0.798327	2.75056
0.79851	2.757423
0.798693	2.764277
0.798876	2.771123
0.799058	2.77796
0.79924	2.784789
0.799421	2.791609
0.799603	2.79842
0.799785	2.805224
0.799966	2.812019
0.800147	2.818806
0.800328	2.825585
0.800508	2.832356
0.800689	2.839118
0.800869	2.845871
0.801049	2.852616
0.80123	2.859354
0.80141	2.866084
0.801589	2.872805
0.801768	2.879517
0.801947	2.886222
0.802126	2.892918
0.802305	2.899607
0.802484	2.906288
0.802663	2.91296
0.802841	2.919625
0.803019	2.926281
0.803197	2.932929
0.803375	2.939569
0.803552	2.946201
0.80373	2.952825
0.803907	2.959442
0.804084	2.96605
0.804261	2.972651
0.804438	2.979244
0.804614	2.985829
0.80479	2.992406
0.804966	2.998975
0.805142	3.005536
0.805318	3.01209
0.805494	3.018635
0.805669	3.025173
0.805844	3.031704
0.806019	3.038226
0.806194	3.04474
0.806369	3.051247
0.806543	3.057746
0.806717	3.064238
0.806892	3.070722
0.807066	3.077198
0.80724	3.083667
0.807413	3.090128
0.807587	3.096582
0.80776	3.103028
0.807934	3.109466
0.808107	3.115896
0.808279	3.122319
0.808452	3.128735
0.808624	3.135143
0.808797	3.141544
0.808969	-3.135248
0.809141	-3.128862
0.809313	-3.122484
0.809484	-3.116113
0.809655	-3.109749
0.809827	-3.103393
0.809998	-3.097045
0.810168	-3.090703
0.810339	-3.084369
0.81051	-3.078042
0.81068	-3.071723
0.81085	-3.065411
0.811021	-3.059106
0.81119	-3.052809
0.81136	-3.046518
0.81153	-3.040235
0.811699	-3.033959
0.811869	-3.02769
0.812038	-3.021429
0.812207	-3.015175
0.812375	-3.008928
0.812543	-3.002688
0.812712	-2.996455
0.81288	-2.99023
0.813048	-2.984011
0.813216	-2.977799
0.813384	-2.971595
0.813551	-2.965397
0.813719	-2.959207
0.813886	-2.953024
0.814053	-2.946848
0.81422	-2.940679
0.814387	-2.934517
0.814554	-2.928361
0.814721	-2.922213
0.814887	-2.916071
0.815053	-2.909937
0.815219	-2.90381
0.815384	-2.89769
0.81555	-2.891576
0.815715	-2.885469
0.81588	-2.879369
0.816046	-2.873276
0.816211	-2.86719
0.816376	-2.861111
0.816541	-2.855039
0.816705	-2.848973
0.81687	-2.842913
0.817034	-2.836861
0.817198	-2.830816
0.817362	-2.824777
0.817525	-2.818746
0.817689	-2.812721
0.817852	-2.806702
0.818015	-2.80069
0.818178	-2.794685
0.818341	-2.788687
0.818504	-2.782695
0.818667	-2.77671
0.81883	-2.770731
0.818993	-2.764759
0.819155	-2.758794
0.819317	-2.752835
0.819479	-2.746883
0.81964	-2.740938
0.819802	-2.734999
0.819963	-2.729066
0.820124	-2.72314
0.820286	-2.717221
0.820446	-2.711308
0.820607	-2.705402
0.820768	-2.699502
0.820928	-2.693609
0.821088	-2.687721
0.821249	-2.681841
0.821409	-2.675966
0.821569	-2.670098
0.821729	-2.664237
0.821889	-2.658382
0.822048	-2.652534
0.822207	-2.646692
0.822366	-2.640856
0.822525	-2.635026
0.822684	-2.629203
0.822843	-2.623386
0.823001	-2.617576
0.82316	-2.611772
0.823319	-2.605974
0.823477	-2.600182
0.823634	-2.594396
0.823792	-2.588617
0.82395	-2.582845
0.824108	-2.577078
0.824265	-2.571318
0.824422	-2.565563
0.824579	-2.559815
0.824736	-2.554073
0.824893	-2.548337
0.82505	-2.542608
0.825206	-2.536885
0.825362	-2.531167
0.825519	-2.525456
0.825675	-2.519751
0.825831	-2.514052
0.825987	-2.508359
0.826143	-2.502672
0.826298	-2.496991
0.826454	-2.491317
0.826609	-2.485648
0.826764	-2.479985
0.826919	-2.474329
0.827074	-2.468678
0.827229	-2.463033
0.827383	-2.457395
0.827538	-2.451762
0.827692	-2.446136
0.827846	-2.440515
0.828	-2.4349
0.828154	-2.429291
0.828307	-2.423688
0.828461	-2.418091
0.828614	-2.4125
0.828768	-2.406915
0.828921	-2.401335
0.829074	-2.395762
0.829227	-2.390194
0.829379	-2.384632
0.829532	-2.379076
0.829685	-2.373526
0.829837	-2.367982
0.829989	-2.362444
0.830141	-2.356911
0.830293	-2.351384
0.830445	-2.345863
0.830596	-2.340347
0.830748	-2.334838
0.830899	-2.329334
0.83105	-2.323836
0.831201	-2.318344
0.831352	-2.312857
0.831503	-2.307376
0.831654	-2.301901
0.831804	-2.296431
0.831954	-2.290967
0.832105	-2.285509
0.832255	-2.280056
0.832405	-2.274608
0.832555	-2.269167
0.832705	-2.263731
0.832854	-2.258301
0.833004	-2.252877
0.833153	-2.247458
0.833303	-2.242045
0.833452	-2.236636
0.833601	-2.231234
0.83375	-2.225837
0.833898	-2.220447
0.834047	-2.215061
0.834195	-2.209681
0.834343	-2.204307
0.834491	-2.198937
0.834639	-2.193574
0.834788	-2.188216
0.834936	-2.182863
0.835083	-2.177516
0.835231	-2.172174
0.835378	-2.166838
0.835525	-2.161507
0.835672	-2.156182
0.835819	-2.150862
0.835966	-2.145547
0.836113	-2.140238
0.83626	-2.134934
0.836406	-2.129636
0.836552	-2.124343
0.836699	-2.119055
0.836844	-2.113773
0.83699	-2.108496
0.837136	-2.103225
0.837282	-2.097958
0.837427	-2.092697
0.837573	-2.087441
0.837718	-2.08219
0.837864	-2.076945
0.838009	-2.071706
0.838154	-2.066472
0.838299	-2.061243
0.838443	-2.056019
0.838588	-2.0508
0.838732	-2.045586
0.838876	-2.040378
0.839021	-2.035175
0.839165	-2.029977
0.839309	-2.024784
0.839453	-2.019597
0.839596	-2.014414
0.83974	-2.009237
0.839883	-2.004065
0.840026	-1.998898
0.84017	-1.993737
0.840313	-1.98858
0.840456	-1.983429
0.840598	-1.978283
0.840741	-1.973142
0.840883	-1.968006
0.841026	-1.962875
0.841169	-1.957749
0.841311	-1.952629
0.841453	-1.947513
0.841595	-1.942402
0.841737	-1.937296
0.841879	-1.932196
0.842021	-1.9271
0.842162	-1.92201
0.842303	-1.916924
0.842444	-1.911844
0.842585	-1.906769
0.842726	-1.901699
0.842867	-1.896633
0.843008	-1.891572
0.843149	-1.886517
0.843289	-1.881466
0.843429	-1.876421
0.843569	-1.87138
0.84371	-1.866345
0.84385	-1.861314
0.84399	-1.856288
0.84413	-1.851267
0.84427	-1.846251
0.844409	-1.84124
0.844549	-1.836234
0.844688	-1.831233
0.844827	-1.826237
0.844967	-1.821245
0.845106	-1.816259
0.845244	-1.811277
0.845383	-1.8063
0.845522	-1.801328
0.84566	-1.796361
0.845798	-1.791398
0.845936	-1.78644
0.846075	-1.781487
0.846213	-1.776539
0.846351	-1.771596
0.846489	-1.766658
0.846626	-1.761724
0.846764	-1.756796
0.846901	-1.751871
0.847039	-1.746952
0.847176	-1.742037
0.847313	-1.737127
0.84745	-1.732221
0.847587	-1.727321
0.847724	-1.722426
0.847861	-1.717535
0.847997	-1.712648
0.848133	-1.707767
0.84827	-1.70289
0.848406	-1.698018
0.848542	-1.69315
0.848678	-1.688286
0.848814	-1.683428
0.84895	-1.678574
0.849085	-1.673725
0.84922	-1.668881
0.849356	-1.664042
0.849491	-1.659207
0.849626	-1.654377
0.849761	-1.649551
0.849896	-1.644729
0.850031	-1.639912
0.850166	-1.6351
0.850301	-1.630292
0.850436	-1.62549
0.85057	-1.620691
0.850704	-1.615897
0.850838	-1.611108
0.850972	-1.606323
0.851106	-1.601543
0.85124	-1.596768
0.851374	-1.591996
0.851508	-1.58723
0.851641	-1.582467
0.851775	-1.57771
0.851908	-1.572957
0.852041	-1.568208
0.852174	-1.563464
0.852307	-1.558724
0.852441	-1.553989
0.852573	-1.549258
0.852705	-1.544532
0.852838	-1.539811
0.85297	-1.535093
0.853102	-1.53038
0.853235	-1.525671
0.853367	-1.520967
0.853499	-1.516268
0.853631	-1.511572
0.853763	-1.506881
0.853895	-1.502194
0.854027	-1.497512
0.854158	-1.492834
0.854289	-1.488161
0.85442	-1.483492
0.854551	-1.478827
0.854682	-1.474167
0.854813	-1.469511
0.854944	-1.464859
0.855074	-1.460212
0.855205	-1.455569
0.855336	-1.45093
0.855467	-1.446296
0.855597	-1.441666
0.855727	-1.437041
0.855857	-1.432419
0.855987	-1.427802
0.856117	-1.423189
0.856246	-1.41858
0.856376	-1.413976
0.856506	-1.409376
0.856635	-1.40478
0.856765	-1.400188
0.856894	-1.395601
0.857023	-1.391018
0.857151	-1.386439
0.857281	-1.381864
0.85741	-1.377294
0.857539	-1.372728
0.857667	-1.368166
0.857795	-1.363608
0.857924	-1.359055
0.858052	-1.354505
0.858181	-1.34996
0.858309	-1.345419
0.858436	-1.340882
0.858564	-1.336349
0.858692	-1.33182
0.858819	-1.327296
0.858947	-1.322776
0.859075	-1.31826
0.859202	-1.313748
0.859329	-1.30924
0.859456	-1.304736
0.859584	-1.300236
0.859711	-1.295741
0.859838	-1.29125
0.859965	-1.286763
0.860091	-1.28228
0.860218	-1.2778
0.860344	-1.273325
0.86047	-1.268854
0.860597	-1.264387
0.860723	-1.259925
0.860849	-1.255466
0.860975	-1.251011
0.861101	-1.24656
0.861226	-1.242113
0.861352	-1.237671
0.861477	-1.233232
0.861603	-1.228798
0.861729	-1.224367
0.861854	-1.219941
0.861979	-1.215518
0.862104	-1.2111
0.862229	-1.206685
0.862354	-1.202274
0.862479	-1.197868
0.862604	-1.193465
0.862728	-1.189067
0.862853	-1.184672
0.862977	-1.180281
0.863101	-1.175894
0.863225	-1.171511
0.863349	-1.167133
0.863473	-1.162758
0.863597	-1.158387
0.863721	-1.15402
0.863845	-1.149657
0.863968	-1.145298
0.864092	-1.140943
0.864215	-1.136591
0.864338	-1.132244
0.864461	-1.1279
0.864585	-1.12356
0.864707	-1.119224
0.86483	-1.114892
0.864953	-1.110564
0.865076	-1.10624
0.865199	-1.101919
0.865322	-1.097603
0.865444	-1.09329
0.865566	-1.088981
0.865688	-1.084676
0.86581	-1.080375
0.865933	-1.076078
0.866055	-1.071784
0.866176	-1.067495
0.866298	-1.063209
0.86642	-1.058927
0.866542	-1.054649
0.866663	-1.050374
0.866785	-1.046104
0.866905	-1.041837
0.867026	-1.037574
0.867148	-1.033315
0.867269	-1.02906
0.86739	-1.024808
0.867511	-1.02056
0.867631	-1.016315
0.867752	-1.012074
0.867872	-1.007837
0.867993	-1.003605
0.868113	-0.999376
0.868234	-0.99515
0.868354	-0.990928
0.868474	-0.98671
0.868594	-0.982496
0.868714	-0.978285
0.868834	-0.974078
0.868953	-0.969875
0.869073	-0.965676
0.869192	-0.96148
0.869311	-0.957288
0.869431	-0.953099
0.86955	-0.948914
0.869669	-0.944733
0.869789	-0.940556
0.869908	-0.936382
0.870027	-0.932212
0.870145	-0.928045
0.870264	-0.923883
0.870383	-0.919724
0.870501	-0.915568
0.87062	-0.911416
0.870738	-0.907267
0.870856	-0.903123
0.870974	-0.898982
0.871092	-0.894844
0.87121	-0.89071
0.871328	-0.88658
0.871446	-0.882453
0.871564	-0.87833
0.871681	-0.874211
0.871798	-0.870095
0.871916	-0.865983
0.872033	-0.861874
0.872151	-0.857769
0.872268	-0.853667
0.872385	-0.84957
0.872502	-0.845475
0.872618	-0.841384
0.872735	-0.837297
0.872851	-0.833213
0.872968	-0.829132
0.873085	-0.825055
0.873201	-0.820983
0.873318	-0.816913
0.873434	-0.812847
0.873551	-0.808784
0.873667	-0.804724
0.873783	-0.800668
0.873899	-0.796617
0.874014	-0.792568
0.87413	-0.788523
0.874245	-0.784482
0.87436	-0.780444
0.874476	-0.776409
0.874591	-0.772377
0.874707	-0.768349
0.874822	-0.764325
0.874937	-0.760304
0.875052	-0.756287
0.875167	-0.752273
0.875282	-0.748263
0.875397	-0.744256
0.875511	-0.740252
0.875626	-0.736252
0.87574	-0.732255
0.875855	-0.728261
0.875969	-0.724272
0.876083	-0.720285
0.876198	-0.716302
0.876312	-0.712323
0.876426	-0.708347
0.876539	-0.704374
0.876653	-0.700405
0.876767	-0.696439
0.876881	-0.692476
0.876995	-0.688517
0.877108	-0.684561
0.877221	-0.680608
0.877334	-0.676659
0.877447	-0.672713
0.877561	-0.668771
0.877674	-0.664832
0.877787	-0.660896
0.877899	-0.656964
0.878012	-0.653034
0.878125	-0.649109
0.878237	-0.645186
0.87835	-0.641267
0.878462	-0.637352
0.878575	-0.633439
0.878687	-0.62953
0.878799	-0.625624
0.878911	-0.621722
0.879023	-0.617823
0.879135	-0.613927
0.879247	-0.610035
0.879359	-0.606145
0.879471	-0.602259
0.879583	-0.598377
0.879694	-0.594498
0.879805	-0.590622
0.879916	-0.586749
0.880027	-0.58288
0.880139	-0.579013
0.88025	-0.57515
0.880361	-0.57129
0.880472	-0.567433
0.880583	-0.56358
0.880694	-0.559731
0.880805	-0.555884
0.880915	-0.552041
0.881025	-0.548201
0.881136	-0.544364
0.881246	-0.54053
0.881357	-0.536699
0.881467	-0.532872
0.881577	-0.529048
0.881687	-0.525227
0.881797	-0.521409
0.881907	-0.517594
0.882016	-0.513783
0.882126	-0.509975
0.882235	-0.50617
0.882345	-0.502369
0.882455	-0.49857
0.882564	-0.494775
0.882673	-0.490982
0.882782	-0.487193
0.882892	-0.483407
0.883001	-0.479624
0.88311	-0.475844
0.883219	-0.472068
0.883327	-0.468295
0.883436	-0.464525
0.883544	-0.460758
0.883653	-0.456994
0.883761	-0.453234
0.883869	-0.449476
0.883978	-0.445722
0.884086	-0.441971
0.884195	-0.438222
0.884303	-0.434477
0.884411	-0.430735
0.884519	-0.426996
0.884627	-0.423261
0.884735	-0.419529
0.884842	-0.415799
0.88495	-0.412073
0.885057	-0.40835
0.885165	-0.404629
0.885272	-0.400912
0.885379	-0.397198
0.885486	-0.393487
0.885593	-0.389779
0.8857	-0.386074
0.885807	-0.382373
0.885914	-0.378674
0.88602	-0.374979
0.886127	-0.371286
0.886234	-0.367597
0.886341	-0.36391
0.886448	-0.360227
0.886554	-0.356546
0.88666	-0.352869
0.886766	-0.349195
0.886872	-0.345524
0.886978	-0.341856
0.887085	-0.338191
0.887191	-0.334528
0.887296	-0.330869
0.887402	-0.327213
0.887507	-0.323559
0.887613	-0.319909
0.887719	-0.316262
0.887824	-0.312618
0.88793	-0.308977
0.888036	-0.305339
0.888141	-0.301704
0.888246	-0.298072
0.888351	-0.294443
0.888456	-0.290817
0.888561	-0.287194
0.888666	-0.283574
0.88877	-0.279957
0.888875	-0.276342
0.888979	-0.27273
0.889084	-0.269122
0.889188	-0.265516
0.889293	-0.261914
0.889397	-0.258315
0.889502	-0.254719
0.889606	-0.251125
0.88971	-0.247535
0.889814	-0.243947
0.889918	-0.240362
0.890022	-0.23678
0.890126	-0.233201
0.890229	-0.229625
0.890333	-0.226052
0.890436	-0.222482
0.89054	-0.218914
0.890643	-0.21535
0.890746	-0.211789
0.890849	-0.20823
0.890953	-0.204675
0.891056	-0.201122
0.891159	-0.197572
0.891262	-0.194025
0.891365	-0.190481
0.891468	-0.18694
0.891571	-0.183401
0.891673	-0.179866
0.891775	-0.176333
0.891878	-0.172804
0.89198	-0.169277
0.892083	-0.165753
0.892186	-0.162232
0.892288	-0.158714
0.89239	-0.155198
0.892492	-0.151686
0.892594	-0.148177
0.892695	-0.14467
0.892797	-0.141166
0.892899	-0.137664
0.893	-0.134166
0.893102	-0.130671
0.893204	-0.127178
0.893306	-0.123689
0.893407	-0.120202
0.893508	-0.116717
0.893609	-0.113236
0.893711	-0.109758
0.893812	-0.106282
0.893913	-0.102809
0.894014	-0.099339
0.894115	-0.095872
0.894216	-0.092407
0.894317	-0.088945
0.894417	-0.085486
0.894518	-0.08203
0.894618	-0.078577
0.894719	-0.075127
0.894819	-0.071679
0.894919	-0.068234
0.895019	-0.064792
0.89512	-0.061352
0.89522	-0.057916
0.89532	-0.054482
0.89542	-0.05105
0.895519	-0.047622
0.895619	-0.044196
0.895719	-0.040774
0.895819	-0.037354
0.895918	-0.033937
0.896017	-0.030522
0.896117	-0.027109
0.896216	-0.0237
0.896315	-0.020294
0.896415	-0.016891
0.896514	-0.01349
0.896613	-0.010092
0.896712	-0.006697
0.896811	-0.003304
0.89691	8.7e-05
0.897009	0.003474
0.897107	0.006859
0.897206	0.010241
0.897304	0.013619
0.897403	0.016996
0.897501	0.02037
0.8976	0.023742
0.897698	0.02711
0.897796	0.030475
0.897894	0.033838
0.897993	0.037198
0.898091	0.040556
0.898189	0.043911
0.898286	0.047263
0.898384	0.050613
0.898482	0.05396
0.89858	0.057304
0.898677	0.060646
0.898775	0.063985
0.898872	0.067321
0.898969	0.070654
0.899067	0.073985
0.899164	0.077314
0.899261	0.080639
0.899359	0.083962
0.899456	0.087282
0.899553	0.0906
0.899649	0.093915
0.899746	0.097228
0.899843	0.100538
0.899939	0.103845
0.900036	0.107149
0.900132	0.110451
0.900229	0.11375
0.900326	0.117047
0.900422	0.120341
0.900518	0.123632
0.900614	0.126921
0.90071	0.130208
0.900807	0.133491
0.900903	0.136772
0.900998	0.14005
0.901094	0.143326
0.90119	0.146599
0.901286	0.14987
0.901381	0.153138
0.901477	0.156404
0.901572	0.159666
0.901667	0.162926
0.901763	0.166184
0.901858	0.169439
0.901954	0.172692
0.902049	0.175942
0.902144	0.179189
0.902239	0.182434
0.902334	0.185676
0.902429	0.188916
0.902524	0.192153
0.902619	0.195388
0.902714	0.198619
0.902808	0.201849
0.902903	0.205076
0.902997	0.2083
0.903092	0.211522
0.903186	0.214741
0.90328	0.217958
0.903374	0.221172
0.903469	0.224384
0.903563	0.227593
0.903656	0.2308
0.90375	0.234004
0.903844	0.237206
0.903938	0.240404
0.904032	0.243601
0.904126	0.246795
0.904219	0.249986
0.904313	0.253176
0.904406	0.256362
0.9045	0.259546
0.904593	0.262727
0.904687	0.265906
0.90478	0.269082
0.904873	0.272256
0.904966	0.275428
0.905059	0.278597
0.905152	0.281763
0.905245	0.284927
0.905337	0.288089
0.90543	0.291248
0.905523	0.294404
0.905615	0.297558
0.905708	0.30071
0.905801	0.303859
0.905893	0.307006
0.905985	0.31015
0.906078	0.313292
0.90617	0.316432
0.906262	0.319568
0.906354	0.322703
0.906446	0.325834
0.906538	0.328963
0.90663	0.33209
0.906722	0.335215
0.906814	0.338338
0.906905	0.341457
0.906997	0.344574
0.907088	0.347689
0.90718	0.350801
0.907272	0.353911
0.907363	0.357019
0.907454	0.360124
0.907545	0.363227
0.907637	0.366327
0.907728	0.369425
0.907819	0.37252
0.90791	0.375613
0.908001	0.378703
0.908092	0.381791
0.908183	0.384877
0.908274	0.38796
0.908364	0.391041
0.908454	0.394119
0.908545	0.397196
0.908636	0.40027
0.908726	0.403341
0.908816	0.40641
0.908907	0.409477
0.908997	0.412541
0.909087	0.415602
0.909177	0.418662
0.909267	0.421719
0.909357	0.424773
0.909447	0.427825
0.909537	0.430875
0.909627	0.433922
0.909716	0.436967
0.909806	0.44001
0.909896	0.443051
0.909986	0.446089
0.910075	0.449124
0.910164	0.452157
0.910253	0.455188
0.910343	0.458217
0.910432	0.461244
0.910521	0.464268
0.91061	0.467289
0.910699	0.470308
0.910788	0.473325
0.910877	0.476339
0.910966	0.479351
0.911055	0.482361
0.911144	0.485369
0.911232	0.488374
0.911321	0.491376
0.911409	0.494377
0.911498	0.497375
0.911587	0.500371
0.911675	0.503365
0.911763	0.506356
0.911851	0.509345
0.911939	0.512331
0.912027	0.515315
0.912116	0.518297
0.912204	0.521277
0.912291	0.524254
0.912379	0.527229
0.912467	0.530202
0.912554	0.533173
0.912642	0.536141
0.912729	0.539106
0.912817	0.54207
0.912904	0.545031
0.912992	0.547989
0.91308	0.550946
0.913167	0.553901
0.913254	0.556853
0.913342	0.559803
0.913429	0.56275
0.913515	0.565696
0.913602	0.568638
0.913689	0.571579
0.913776	0.574517
0.913862	0.577453
0.913949	0.580387
0.914036	0.583319
0.914123	0.586249
0.91421	0.589176
0.914296	0.5921
0.914383	0.595023
0.914469	0.597943
0.914555	0.600861
0.914641	0.603777
0.914727	0.606691
0.914813	0.609602
0.914899	0.612511
0.914985	0.615418
0.915071	0.618323
0.915157	0.621225
0.915243	0.624125
0.915329	0.627023
0.915415	0.629919
0.915501	0.632812
0.915586	0.635703
0.915671	0.638592
0.915757	0.641479
0.915842	0.644364
0.915928	0.647246
0.916013	0.650125
0.916099	0.653003
0.916184	0.655879
0.916269	0.658753
0.916354	0.661624
0.916438	0.664493
0.916523	0.66736
0.916608	0.670225
0.916693	0.673087
0.916778	0.675947
0.916863	0.678805
0.916947	0.68166
0.917032	0.684514
0.917116	0.687365
0.9172	0.690214
0.917285	0.693061
0.917369	0.695906
0.917454	0.698749
0.917538	0.70159
0.917622	0.704428
0.917706	0.707264
0.91779	0.710098
0.917874	0.71293
0.917958	0.71576
0.918042	0.718587
0.918126	0.721412
0.918209	0.724235
0.918293	0.727056
0.918376	0.729875
0.91846	0.732692
0.918544	0.735506
0.918627	0.738318
0.918711	0.741128
0.918794	0.743936
0.918877	0.746742
0.91896	0.749546
0.919043	0.752347
0.919126	0.755147
0.919209	0.757943
0.919292	0.760738
0.919376	0.763532
0.919459	0.766323
0.919541	0.769111
0.919624	0.771898
0.919706	0.774682
0.919789	0.777465
0.919872	0.780245
0.919955	0.783023
0.920037	0.785798
0.920119	0.788572
0.920201	0.791343
0.920283	0.794113
0.920365	0.79688
0.920448	0.799646
0.92053	0.802409
0.920612	0.80517
0.920694	0.807929
0.920776	0.810686
0.920858	0.81344
0.92094	0.816193
0.921022	0.818944
0.921103	0.821692
0.921185	0.824438
0.921267	0.827182
0.921348	0.829924
0.92143	0.832664
0.921511	0.835402
0.921592	0.838138
0.921673	0.840872
0.921755	0.843603
0.921836	0.846333
0.921917	0.84906
0.921998	0.851785
0.922079	0.854508
0.92216	0.857229
0.922241	0.859949
0.922322	0.862666
0.922403	0.865381
0.922483	0.868094
0.922563	0.870804
0.922644	0.873513
0.922725	0.87622
0.922806	0.878925
0.922886	0.881627
0.922966	0.884328
0.923046	0.887026
0.923127	0.889722
0.923207	0.892416
0.923288	0.895108
0.923368	0.897798
0.923448	0.900486
0.923528	0.903172
0.923608	0.905857
0.923688	0.908539
0.923767	0.911219
0.923847	0.913897
0.923927	0.916572
0.924006	0.919246
0.924086	0.921918
0.924166	0.924588
0.924245	0.927256
0.924325	0.929922
0.924404	0.932585
0.924483	0.935247
0.924563	0.937906
0.924642	0.940563
0.924721	0.943219
0.9248	0.945872
0.924879	0.948524
0.924958	0.951174
0.925036	0.953821
0.925115	0.956466
0.925194	0.95911
0.925273	0.961751
0.925352	0.96439
0.925431	0.967027
0.92551	0.969663
0.925588	0.972297
0.925667	0.974928
0.925745	0.977557
0.925824	0.980184
0.925902	0.982809
0.92598	0.985432
0.926058	0.988054
0.926136	0.990673
0.926214	0.993291
0.926293	0.995906
0.926371	0.998519
0.926449	1.001131
0.926526	1.00374
0.926604	1.006348
0.926682	1.008953
0.92676	1.011556
0.926837	1.014157
0.926915	1.016757
0.926993	1.019354
0.92707	1.02195
0.927148	1.024543
0.927225	1.027135
0.927302	1.029724
0.92738	1.032312
0.927457	1.034897
0.927534	1.037481
0.927611	1.040063
0.927688	1.042643
0.927765	1.04522
0.927842	1.047796
0.927919	1.050369
0.927996	1.052941
0.928073	1.055511
0.92815	1.058079
0.928226	1.060645
0.928303	1.063209
0.928379	1.065771
0.928456	1.068332
0.928533	1.07089
0.928609	1.073446
0.928685	1.076
0.928761	1.078552
0.928837	1.081103
0.928914	1.083652
0.92899	1.086198
0.929066	1.088743
0.929142	1.091285
0.929218	1.093826
0.929294	1.096365
0.92937	1.098902
0.929445	1.101437
0.929521	1.10397
0.929597	1.106501
0.929673	1.109029
0.929748	1.111557
0.929824	1.114082
0.929899	1.116606
0.929975	1.119128
0.93005	1.121647
0.930125	1.124164
0.930201	1.12668
0.930276	1.129193
0.930351	1.131705
0.930426	1.134215
0.930501	1.136723
0.930576	1.13923
0.930651	1.141734
0.930726	1.144237
0.930801	1.146737
0.930876	1.149236
0.930951	1.151732
0.931026	1.154227
0.9311	1.15672
0.931175	1.159211
0.931249	1.161699
0.931324	1.164186
0.931399	1.166672
0.931473	1.169155
0.931547	1.171636
0.931622	1.174116
0.931696	1.176594
0.93177	1.17907
0.931844	1.181544
0.931919	1.184016
0.931993	1.186486
0.932067	1.188955
0.932141	1.191421
0.932214	1.193885
0.932288	1.196348
0.932362	1.198809
0.932436	1.201268
0.93251	1.203725
0.932583	1.20618
0.932657	1.208633
0.93273	1.211085
0.932804	1.213534
0.932877	1.215982
0.932951	1.218428
0.933024	1.220872
0.933097	1.223314
0.93317	1.225755
0.933243	1.228193
0.933316	1.23063
0.933389	1.233064
0.933462	1.235497
0.933535	1.237928
0.933608	1.240357
0.933681	1.242784
0.933754	1.24521
0.933826	1.247634
0.933899	1.250055
0.933972	1.252475
0.934044	1.254893
0.934117	1.257309
0.93419	1.259723
0.934262	1.262136
0.934335	1.264547
0.934407	1.266956
0.934479	1.269363
0.934551	1.271768
0.934624	1.274171
0.934695	1.276573
0.934767	1.278973
0.934839	1.281371
0.934911	1.283767
0.934984	1.286162
0.935056	1.288554
0.935128	1.290944
0.935199	1.293333
0.935271	1.29572
0.935342	1.298105
0.935414	1.300489
0.935485	1.30287
0.935557	1.30525
0.935628	1.307628
0.9357	1.310004
0.935771	1.312378
0.935843	1.314751
0.935914	1.317122
0.935985	1.31949
0.936056	1.321857
0.936127	1.324222
0.936198	1.326585
0.936269	1.328947
0.93634	1.331307
0.936411	1.333666
0.936482	1.336022
0.936553	1.338377
0.936624	1.340729
0.936694	1.34308
0.936765	1.345429
0.936836	1.347777
0.936906	1.350122
0.936977	1.352465
0.937047	1.354807
0.937118	1.357147
0.937188	1.359486
0.937258	1.361822
0.937329	1.364157
0.937399	1.36649
0.937468	1.368821
0.937538	1.371151
0.937609	1.373479
0.937679	1.375805
0.937749	1.378129
0.937819	1.380451
0.937889	1.382771
0.937959	1.385091
0.938029	1.387408
0.938098	1.389723
0.938168	1.392036
0.938237	1.394348
0.938307	1.396658
0.938376	1.398966
0.938446	1.401273
0.938515	1.403578
0.938585	1.405881
0.938654	1.408182
0.938723	1.410481
0.938792	1.412778
0.938861	1.415075
0.93893	1.417369
0.939	1.419662
0.939069	1.421953
0.939138	1.424241
0.939206	1.426528
0.939275	1.428814
0.939344	1.431097
0.939413	1.433379
0.939482	1.435659
0.939551	1.437938
0.939619	1.440214
0.939687	1.44249
0.939756	1.444763
0.939825	1.447035
0.939893	1.449304
0.939961	1.451572
0.94003	1.453838
0.940098	1.456103
0.940166	1.458366
0.940234	1.460627
0.940302	1.462886
0.94037	1.465144
0.940439	1.4674
0.940507	1.469654
0.940575	1.471906
0.940643	1.474157
0.940711	1.476406
0.940778	1.478653
0.940846	1.480899
0.940913	1.483143
0.940981	1.485385
0.941048	1.487626
0.941116	1.489864
0.941183	1.492101
0.941251	1.494337
0.941319	1.49657
0.941386	1.498802
0.941453	1.501032
0.94152	1.503261
0.941587	1.505488
0.941655	1.507713
0.941722	1.509936
0.941789	1.512157
0.941856	1.514377
0.941923	1.516595
0.94199	1.518812
0.942057	1.521027
0.942124	1.52324
0.942191	1.525451
0.942258	1.527661
0.942324	1.529869
0.94239	1.532076
0.942457	1.534281
0.942524	1.536484
0.94259	1.538685
0.942657	1.540884
0.942723	1.543082
0.942789	1.545278
0.942856	1.547472
0.942922	1.549665
0.942988	1.551857
0.943054	1.554046
0.94312	1.556234
0.943187	1.55842
0.943253	1.560604
0.943319	1.562787
0.943385	1.564969
0.943451	1.567148
0.943516	1.569326
0.943582	1.571502
0.943647	1.573676
0.943713	1.575848
0.943778	1.57802
0.943844	1.580189
0.94391	1.582357
0.943975	1.584523
0.944041	1.586688
0.944106	1.58885
0.944172	1.591011
0.944237	1.593171
0.944303	1.595328
0.944368	1.597484
0.944433	1.599639
0.944498	1.601792
0.944562	1.603943
0.944628	1.606092
0.944693	1.60824
0.944758	1.610386
0.944823	1.612531
0.944887	1.614674
0.944952	1.616815
0.945017	1.618954
0.945082	1.621092
0.945146	1.623228
0.945211	1.625363
0.945275	1.627496
0.94534	1.629627
0.945405	1.631757
0.945469	1.633885
0.945534	1.636011
0.945598	1.638136
0.945662	1.640259
0.945726	1.642381
0.94579	1.6445
0.945855	1.646618
0.945919	1.648735
0.945983	1.65085
0.946047	1.652964
0.94611	1.655075
0.946174	1.657185
0.946238	1.659294
0.946302	1.6614
0.946366	1.663505
0.94643	1.665609
0.946493	1.667711
0.946557	1.669811
0.94662	1.67191
0.946684	1.674007
0.946747	1.676103
0.94681	1.678196
0.946874	1.680288
0.946937	1.682379
0.947001	1.684468
0.947065	1.686556
0.947128	1.688641
0.947191	1.690725
0.947254	1.692808
0.947316	1.694888
0.947379	1.696967
0.947443	1.699045
0.947506	1.701121
0.947569	1.703196
0.947632	1.705269
0.947694	1.70734
0.947757	1.70941
0.947819	1.711478
0.947882	1.713544
0.947945	1.715608
0.948007	1.717671
0.94807	1.719733
0.948132	1.721794
0.948195	1.723852
0.948257	1.725909
0.94832	1.727964
0.948382	1.730017
0.948444	1.732069
0.948506	1.73412
0.948568	1.736169
0.948631	1.738216
0.948693	1.740262
0.948755	1.742306
0.948817	1.744348
0.948878	1.746389
0.94894	1.748428
0.949002	1.750466
0.949064	1.752502
0.949126	1.754537
0.949188	1.75657
0.949249	1.758601
0.949311	1.760631
0.949373	1.762659
0.949434	1.764686
0.949495	1.766711
0.949556	1.768735
0.949618	1.770757
0.949679	1.772777
0.94974	1.774795
0.949801	1.776812
0.949863	1.778828
0.949924	1.780842
0.949985	1.782854
0.950046	1.784865
0.950107	1.786875
0.950168	1.788883
0.950229	1.790889
0.95029	1.792894
0.950351	1.794897
0.950412	1.796898
0.950472	1.798898
0.950533	1.800896
0.950594	1.802893
0.950655	1.804889
0.950716	1.806882
0.950776	1.808874
0.950837	1.810865
0.950897	1.812854
0.950957	1.814842
0.951018	1.816828
0.951078	1.818812
0.951138	1.820795
0.951198	1.822776
0.951258	1.824756
0.951318	1.826734
0.951378	1.828711
0.951438	1.830686
0.951498	1.832659
0.951558	1.834631
0.951618	1.836602
0.951678	1.838571
0.951738	1.840538
0.951798	1.842504
0.951858	1.844468
0.951918	1.846431
0.951977	1.848392
0.952037	1.850352
0.952096	1.85231
0.952155	1.854266
0.952215	1.856221
0.952275	1.858175
0.952334	1.860127
0.952394	1.862077
0.952453	1.864026
0.952512	1.865973
0.952571	1.86792
0.95263	1.869864
0.952689	1.871807
0.952748	1.873748
0.952808	1.875688
0.952866	1.877626
0.952925	1.879562
0.952984	1.881497
0.953043	1.883431
0.953102	1.885364
0.95316	1.887295
0.953219	1.889224
0.953278	1.891151
0.953337	1.893077
0.953395	1.895001
0.953454	1.896924
0.953513	1.898845
0.953571	1.900766
0.953629	1.902684
0.953687	1.904602
0.953745	1.906517
0.953804	1.908431
0.953862	1.910343
0.95392	1.912254
0.953978	1.914163
0.954037	1.916071
0.954095	1.917977
0.954153	1.919882
0.95421	1.921786
0.954268	1.923687
0.954326	1.925588
0.954384	1.927486
0.954442	1.929384
0.9545	1.93128
0.954558	1.933174
0.954615	1.935067
0.954672	1.936959
0.95473	1.938849
0.954788	1.940737
0.954845	1.942624
0.954903	1.944509
0.95496	1.946393
0.955017	1.948275
0.955075	1.950156
0.955132	1.952035
0.955189	1.953912
0.955247	1.955789
0.955304	1.957664
0.955361	1.959538
0.955418	1.96141
0.955475	1.96328
0.955532	1.965149
0.955589	1.967016
0.955646	1.968882
0.955703	1.970746
0.955759	1.97261
0.955816	1.974471
0.955872	1.976332
0.955929	1.97819
0.955986	1.980047
0.956043	1.981903
0.956099	1.983757
0.956155	1.98561
0.956212	1.987461
0.956268	1.98931
0.956325	1.991158
0.956381	1.993005
0.956438	1.994851
0.956494	1.996695
0.95655	1.998537
0.956606	2.000377
0.956662	2.002217
0.956718	2.004055
0.956774	2.005891
0.95683	2.007727
0.956886	2.00956
0.956942	2.011392
0.956998	2.013222
0.957053	2.015051
0.957109	2.016879
0.957165	2.018705
0.957221	2.02053
0.957276	2.022353
0.957332	2.024175
0.957388	2.025995
0.957444	2.027814
0.957499	2.029631
0.957555	2.031447
0.95761	2.033262
0.957665	2.035075
0.957721	2.036887
0.957776	2.038697
0.957831	2.040505
0.957886	2.042313
0.957941	2.044119
0.957997	2.045923
0.958052	2.047726
0.958107	2.049527
0.958162	2.051327
0.958217	2.053125
0.958272	2.054923
0.958326	2.056718
0.958381	2.058513
0.958435	2.060306
0.95849	2.062097
0.958545	2.063887
0.958599	2.065675
0.958654	2.067462
0.958708	2.069248
0.958763	2.071032
0.958817	2.072814
0.958872	2.074595
0.958927	2.076375
0.958981	2.078153
0.959036	2.07993
0.95909	2.081706
0.959144	2.08348
0.959198	2.085253
0.959252	2.087024
0.959306	2.088794
0.95936	2.090562
0.959414	2.092329
0.959468	2.094094
0.959522	2.095858
0.959576	2.09762
0.95963	2.099381
0.959684	2.101141
0.959737	2.102899
0.959791	2.104656
0.959845	2.106412
0.959898	2.108166
0.959952	2.109918
0.960005	2.111669
0.960058	2.113419
0.960112	2.115167
0.960165	2.116914
0.960219	2.118659
0.960272	2.120403
0.960325	2.122146
0.960379	2.123888
0.960432	2.125627
0.960486	2.127365
0.960539	2.129102
0.960592	2.130838
0.960645	2.132572
0.960698	2.134305
0.960751	2.136036
0.960804	2.137766
0.960857	2.139494
0.96091	2.141222
0.960962	2.142947
0.961015	2.144672
0.961068	2.146395
0.96112	2.148116
0.961173	2.149835
0.961225	2.151554
0.961278	2.153271
0.961331	2.154987
0.961383	2.156702
0.961436	2.158415
0.961488	2.160126
0.96154	2.161837
0.961593	2.163545
0.961645	2.165253
0.961697	2.166959
0.961749	2.168663
0.961802	2.170366
0.961854	2.172068
0.961905	2.173768
0.961957	2.175468
0.962009	2.177165
0.962062	2.178861
0.962114	2.180556
0.962166	2.18225
0.962217	2.183942
0.962269	2.185632
0.96232	2.187321
0.962372	2.189009
0.962424	2.190695
0.962476	2.19238
0.962527	2.194064
0.962579	2.195746
0.96263	2.197427
0.962681	2.199107
0.962733	2.200785
0.962784	2.202462
0.962836	2.204137
0.962887	2.205811
0.962938	2.207483
0.962989	2.209154
0.96304	2.210824
0.963091	2.212493
0.963142	2.21416
0.963193	2.215826
0.963244	2.21749
0.963296	2.219153
0.963347	2.220814
0.963398	2.222475
0.963448	2.224133
0.963499	2.225791
0.96355	2.227447
0.9636	2.229101
0.963651	2.230755
0.963702	2.232406
0.963752	2.234057
0.963803	2.235706
0.963854	2.237354
0.963904	2.239
0.963955	2.240645
0.964005	2.242288
0.964055	2.24393
0.964105	2.245572
0.964156	2.247211
0.964206	2.24885
0.964256	2.250487
0.964306	2.252122
0.964357	2.253756
0.964407	2.255388
0.964457	2.25702
0.964507	2.25865
0.964557	2.260278
0.964607	2.261906
0.964657	2.263531
0.964706	2.265156
0.964756	2.26678
0.964806	2.268402
0.964856	2.270022
0.964905	2.271641
0.964955	2.273259
0.965005	2.274875
0.965055	2.27649
0.965104	2.278104
0.965154	2.279716
0.965203	2.281327
0.965252	2.282937
0.965301	2.284545
0.96535	2.286152
0.9654	2.287758
0.965449	2.289362
0.965499	2.290964
0.965548	2.292565
0.965597	2.294166
0.965646	2.295764
0.965695	2.297362
0.965744	2.298958
0.965793	2.300553
0.965842	2.302146
0.965891	2.303739
0.965939	2.30533
0.965988	2.306919
0.966037	2.308507
0.966085	2.310093
0.966134	2.311679
0.966183	2.313263
0.966231	2.314845
0.96628	2.316426
0.966329	2.318006
0.966377	2.319585
0.966425	2.321163
0.966474	2.322739
0.966522	2.324314
0.96657	2.325887
0.966618	2.327459
0.966667	2.329029
0.966715	2.330599
0.966764	2.332167
0.966812	2.333734
0.96686	2.335299
0.966907	2.336862
0.966956	2.338425
0.967004	2.339986
0.967052	2.341547
0.9671	2.343105
0.967147	2.344662
0.967195	2.346218
0.967243	2.347772
0.967291	2.349326
0.967338	2.350878
0.967386	2.352429
0.967433	2.353978
0.967481	2.355526
0.967529	2.357072
0.967577	2.358618
0.967624	2.360162
0.967671	2.361705
0.967718	2.363247
0.967766	2.364786
0.967813	2.366325
0.96786	2.367862
0.967907	2.369398
0.967955	2.370933
0.968003	2.372467
0.96805	2.373999
0.968096	2.37553
0.968143	2.37706
0.96819	2.378588
0.968237	2.380114
0.968284	2.38164
0.968331	2.383164
0.968378	2.384687
0.968424	2.386209
0.968471	2.38773
0.968518	2.389249
0.968565	2.390767
0.968611	2.392283
0.968658	2.393798
0.968705	2.395312
0.968751	2.396824
0.968798	2.398335
0.968844	2.399845
0.96889	2.401354
0.968937	2.402861
0.968983	2.404366
0.969029	2.405871
0.969076	2.407374
0.969122	2.408877
0.969168	2.410377
0.969215	2.411877
0.969261	2.413375
0.969307	2.414872
0.969352	2.416367
0.969398	2.417861
0.969444	2.419354
0.96949	2.420845
0.969536	2.422336
0.969582	2.423825
0.969628	2.425312
0.969674	2.426799
0.96972	2.428284
0.969765	2.429768
0.969811	2.43125
0.969856	2.432731
0.969902	2.434211
0.969947	2.43569
0.969993	2.437168
0.970038	2.438644
0.970083	2.440118
0.970129	2.441592
0.970174	2.443064
0.97022	2.444535
0.970265	2.446005
0.97031	2.447473
0.970355	2.448939
0.970401	2.450405
0.970446	2.451869
0.970491	2.453333
0.970536	2.454795
0.97058	2.456255
0.970625	2.457715
0.970671	2.459172
0.970716	2.460629
0.970761	2.462084
0.970805	2.463538
0.97085	2.464991
0.970895	2.466443
0.97094	2.467893
0.970984	2.469342
0.971028	2.47079
0.971073	2.472236
0.971118	2.473681
0.971162	2.475125
0.971207	2.476568
0.971251	2.478009
0.971296	2.479449
0.97134	2.480888
0.971384	2.482325
0.971428	2.483761
0.971472	2.485196
0.971516	2.48663
0.97156	2.488062
0.971604	2.489493
0.971649	2.490923
0.971693	2.492352
0.971737	2.493779
0.971781	2.495205
0.971824	2.49663
0.971868	2.498053
0.971912	2.499476
0.971956	2.500897
0.972	2.502316
0.972044	2.503734
0.972088	2.505151
0.972131	2.506567
0.972175	2.507982
0.972219	2.509395
0.972262	2.510808
0.972306	2.512219
0.972349	2.513628
0.972392	2.515036
0.972435	2.516443
0.972479	2.517849
0.972523	2.519253
0.972566	2.520656
0.972609	2.522058
0.972652	2.523459
0.972695	2.524859
0.972738	2.526257
0.972781	2.527654
0.972824	2.529049
0.972867	2.530443
0.97291	2.531836
0.972954	2.533228
0.972996	2.534619
0.973039	2.536008
0.973082	2.537397
0.973125	2.538784
0.973167	2.540169
0.97321	2.541553
0.973253	2.542936
0.973296	2.544317
0.973338	2.545698
0.973381	2.547077
0.973423	2.548456
0.973465	2.549832
0.973508	2.551208
0.97355	2.552582
0.973593	2.553955
0.973635	2.555327
0.973677	2.556698
0.97372	2.558067
0.973762	2.559435
0.973804	2.560801
0.973846	2.562167
0.973888	2.563531
0.973931	2.564894
0.973973	2.566256
0.974015	2.567616
0.974057	2.568976
0.974098	2.570334
0.97414	2.57169
0.974182	2.573046
0.974224	2.5744
0.974266	2.575753
0.974307	2.577105
0.974349	2.578456
0.974391	2.579805
0.974432	2.581153
0.974474	2.5825
0.974515	2.583846
0.974557	2.58519
0.974599	2.586534
0.97464	2.587876
0.974682	2.589216
0.974723	2.590555
0.974764	2.591893
0.974805	2.59323
0.974847	2.594566
0.974888	2.595901
0.974929	2.597234
0.97497	2.598566
0.975011	2.599897
0.975052	2.601227
0.975093	2.602555
0.975134	2.603882
0.975176	2.605208
0.975217	2.606532
0.975257	2.607856
0.975298	2.609178
0.975339	2.610499
0.97538	2.611819
0.975421	2.613137
0.975461	2.614454
0.975501	2.61577
0.975542	2.617084
0.975583	2.618398
0.975624	2.619711
0.975664	2.621022
0.975705	2.622332
0.975745	2.62364
0.975786	2.624948
0.975826	2.626254
0.975866	2.627559
0.975906	2.628863
0.975946	2.630165
0.975987	2.631467
0.976027	2.632767
0.976067	2.634065
0.976107	2.635363
0.976147	2.636659
0.976187	2.637954
0.976227	2.639248
0.976268	2.640541
0.976308	2.641832
0.976347	2.643123
0.976387	2.644412
0.976427	2.6457
0.976467	2.646987
0.976507	2.648272
0.976547	2.649556
0.976586	2.650839
0.976626	2.652121
0.976665	2.653402
0.976704	2.654682
0.976744	2.65596
0.976784	2.657236
0.976823	2.658512
0.976863	2.659786
0.976902	2.661059
0.976941	2.662332
0.97698	2.663602
0.97702	2.664872
0.977059	2.66614
0.977098	2.667407
0.977137	2.668673
0.977177	2.669939
0.977216	2.671202
0.977255	2.672465
0.977294	2.673726
0.977333	2.674985
0.977372	2.676244
0.97741	2.677502
0.977449	2.678758
0.977488	2.680014
0.977527	2.681268
0.977566	2.68252
0.977605	2.683772
0.977644	2.685022
0.977682	2.686271
0.97772	2.687519
0.977759	2.688766
0.977797	2.690012
0.977836	2.691256
0.977874	2.692499
0.977913	2.69374
0.977951	2.694981
0.97799	2.696221
0.978028	2.697459
0.978066	2.698696
0.978104	2.699932
0.978143	2.701167
0.978181	2.7024
0.97822	2.703632
0.978258	2.704863
0.978296	2.706094
0.978334	2.707323
0.978371	2.70855
0.978409	2.709776
0.978447	2.711002
0.978485	2.712226
0.978523	2.713448
0.978561	2.71467
0.978598	2.71589
0.978636	2.717109
0.978674	2.718327
0.978712	2.719543
0.978749	2.720759
0.978787	2.721973
0.978825	2.723187
0.978862	2.724399
0.9789	2.725609
0.978937	2.726819
0.978975	2.728027
0.979012	2.729234
0.979049	2.730441
0.979086	2.731646
0.979124	2.732849
0.979161	2.734052
0.979198	2.735253
0.979236	2.736453
0.979273	2.737652
0.97931	2.73885
0.979347	2.740047
0.979384	2.741242
0.979421	2.742436
0.979458	2.743629
0.979496	2.744821
0.979532	2.746012
0.979569	2.747201
0.979605	2.748389
0.979642	2.749576
0.979679	2.750762
0.979716	2.751947
0.979753	2.75313
0.979789	2.754313
0.979826	2.755494
0.979862	2.756674
0.979899	2.757853
0.979935	2.759031
0.979972	2.760207
0.980008	2.761382
0.980045	2.762556
0.980081	2.763729
0.980118	2.764901
0.980154	2.766071
0.98019	2.76724
0.980226	2.768409
0.980262	2.769576
0.980298	2.770742
0.980334	2.771906
0.98037	2.773069
0.980407	2.774232
0.980443	2.775393
0.980479	2.776553
0.980515	2.777712
0.98055	2.77887
0.980586	2.780026
0.980622	2.781182
0.980657	2.782336
0.980693	2.783489
0.980729	2.784641
0.980765	2.785791
0.980801	2.786941
0.980836	2.788089
0.980871	2.789236
0.980907	2.790382
0.980942	2.791527
0.980978	2.792671
0.981014	2.793813
0.981049	2.794954
0.981085	2.796094
0.98112	2.797232
0.981155	2.79837
0.981191	2.799507
0.981226	2.800642
0.981261	2.801777
0.981296	2.80291
0.981331	2.804042
0.981366	2.805173
0.981401	2.806303
0.981436	2.807431
0.981471	2.808558
0.981506	2.809684
0.981541	2.810809
0.981576	2.811933
0.98161	2.813055
0.981645	2.814177
0.98168	2.815297
0.981715	2.816417
0.98175	2.817535
0.981784	2.818651
0.981819	2.819767
0.981853	2.820881
0.981888	2.821995
0.981922	2.823107
0.981957	2.824218
0.981992	2.825328
0.982026	2.826437
0.98206	2.827544
0.982094	2.828651
0.982129	2.829756
0.982163	2.83086
0.982198	2.831963
0.982232	2.833065
0.982266	2.834166
0.9823	2.835265
0.982334	2.836363
0.982368	2.83746
0.982402	2.838557
0.982436	2.839652
0.98247	2.840745
0.982504	2.841838
0.982538	2.842929
0.982572	2.844019
0.982606	2.845109
0.982639	2.846196
0.982673	2.847283
0.982707	2.848369
0.982741	2.849453
0.982774	2.850537
0.982808	2.851619
0.982841	2.8527
0.982875	2.85378
0.982908	2.854859
0.982941	2.855937
0.982975	2.857013
0.983008	2.858089
0.983041	2.859163
0.983075	2.860236
0.983108	2.861308
0.983142	2.862378
0.983175	2.863448
0.983208	2.864516
0.983241	2.865584
0.983274	2.86665
0.983307	2.867715
0.98334	2.868779
0.983373	2.869842
0.983406	2.870903
0.983439	2.871964
0.983472	2.873023
0.983505	2.874081
0.983538	2.875138
0.983571	2.876194
0.983603	2.877249
0.983636	2.878303
0.983669	2.879355
0.983702	2.880406
0.983735	2.881456
0.983767	2.882505
0.9838	2.883554
0.983832	2.884601
0.983864	2.885646
0.983897	2.886691
0.983929	2.887734
0.983962	2.888776
0.983994	2.889818
0.984026	2.890858
0.984058	2.891896
0.984091	2.892934
0.984123	2.89397
0.984155	2.895006
0.984187	2.89604
0.984219	2.897073
0.984252	2.898105
0.984284	2.899136
0.984316	2.900166
0.984348	2.901194
0.98438	2.902222
0.984412	2.903248
0.984444	2.904273
0.984476	2.905298
0.984507	2.906321
0.984539	2.907343
0.984571	2.908363
0.984603	2.909383
0.984634	2.910401
0.984666	2.911418
0.984697	2.912435
0.984728	2.91345
0.98476	2.914464
0.984792	2.915477
0.984824	2.916488
0.984855	2.917499
0.984886	2.918508
0.984917	2.919517
0.984948	2.920524
0.98498	2.92153
0.985011	2.922534
0.985043	2.923538
0.985074	2.924541
0.985105	2.925543
0.985136	2.926543
0.985167	2.927543
0.985198	2.928541
0.985229	2.929538
0.98526	2.930534
0.985291	2.931529
0.985322	2.932523
0.985353	2.933515
0.985384	2.934506
0.985414	2.935497
0.985445	2.936486
0.985475	2.937474
0.985507	2.938461
0.985538	2.939447
0.985568	2.940431
0.985599	2.941415
0.985629	2.942397
0.985659	2.943379
0.98569	2.944359
0.985721	2.945339
0.985751	2.946317
0.985782	2.947293
0.985812	2.948269
0.985842	2.949243
0.985873	2.950217
0.985903	2.951189
0.985933	2.952161
0.985963	2.953131
0.985994	2.9541
0.986024	2.955068
0.986054	2.956034
0.986084	2.957
0.986113	2.957965
0.986143	2.958928
0.986173	2.959891
0.986203	2.960852
0.986234	2.961812
0.986264	2.962771
0.986293	2.963729
0.986322	2.964686
0.986352	2.965642
0.986382	2.966597
0.986412	2.96755
0.986442	2.968503
0.986472	2.969454
0.986501	2.970404
0.986531	2.971353
0.98656	2.9723
0.986589	2.973247
0.986619	2.974193
0.986648	2.975138
0.986678	2.976081
0.986707	2.977023
0.986736	2.977965
0.986765	2.978905
0.986794	2.979845
0.986824	2.980783
0.986853	2.981719
0.986883	2.982655
0.986912	2.98359
0.986941	2.984523
0.98697	2.985455
0.986999	2.986386
0.987027	2.987317
0.987056	2.988246
0.987085	2.989174
0.987114	2.990101
0.987143	2.991027
0.987172	2.991951
0.9872	2.992875
0.987229	2.993797
0.987258	2.994718
0.987286	2.995639
0.987315	2.996558
0.987344	2.997476
0.987372	2.998393
0.987401	2.999309
0.987429	3.000224
0.987457	3.001138
0.987486	3.002051
0.987515	3.002962
0.987543	3.003872
0.987571	3.004781
0.987599	3.005689
0.987628	3.006597
0.987656	3.007503
0.987684	3.008408
0.987713	3.009312
0.987741	3.010214
0.987769	3.011116
0.987796	3.012016
0.987824	3.012915
0.987852	3.013814
0.98788	3.014711
0.987909	3.015607
0.987937	3.016502
0.987964	3.017396
0.987992	3.018289
0.988019	3.019181
0.988047	3.020071
0.988075	3.02096
0.988103	3.021849
0.98813	3.022736
0.988158	3.023623
0.988186	3.024508
0.988214	3.025391
0.988241	3.026274
0.988269	3.027157
0.988296	3.028038
0.988323	3.028917
0.98835	3.029796
0.988378	3.030673
0.988405	3.031549
0.988433	3.032424
0.98846	3.033299
0.988487	3.034172
0.988514	3.035044
0.988541	3.035914
0.988568	3.036784
0.988595	3.037654
0.988622	3.038522
0.988649	3.039388
0.988677	3.040254
0.988704	3.041117
0.98873	3.041981
0.988757	3.042843
0.988784	3.043704
0.988811	3.044564
0.988838	3.045423
0.988865	3.046281
0.988892	3.047138
0.988918	3.047994
0.988945	3.048849
0.988972	3.049702
0.988998	3.050555
0.989025	3.051406
0.989051	3.052256
0.989077	3.053105
0.989103	3.053953
0.98913	3.054801
0.989157	3.055647
0.989183	3.056492
0.98921	3.057335
0.989236	3.058178
0.989262	3.059019
0.989288	3.05986
0.989314	3.0607
0.98934	3.061538
0.989367	3.062376
0.989393	3.063212
0.989419	3.064047
0.989445	3.06488
0.98947	3.065714
0.989496	3.066546
0.989522	3.067377
0.989548	3.068206
0.989574	3.069034
0.9896	3.069862
0.989626	3.070689
0.989652	3.071514
0.989677	3.072338
0.989703	3.073161
0.989728	3.073984
0.989754	3.074805
0.989779	3.075625
0.989805	3.076444
0.98983	3.077261
0.989856	3.078078
0.989881	3.078894
0.989907	3.079709
0.989933	3.080523
0.989958	3.081335
0.989983	3.082146
0.990009	3.082957
0.990034	3.083766
0.990059	3.084574
0.990084	3.085381
0.990109	3.086187
0.990134	3.086992
0.990159	3.087796
0.990185	3.088599
0.99021	3.0894
0.990235	3.090201
0.990259	3.091
0.990284	3.091799
0.990309	3.092597
0.990334	3.093393
0.990359	3.094188
0.990384	3.094983
0.990409	3.095776
0.990434	3.096568
0.990458	3.097359
0.990483	3.098149
0.990507	3.098938
0.990532	3.099726
0.990556	3.100512
0.990581	3.101298
0.990606	3.102083
0.99063	3.102866
0.990654	3.103648
0.990679	3.10443
0.990703	3.10521
0.990727	3.105989
0.990752	3.106767
0.990776	3.107544
0.9908	3.10832
0.990824	3.109095
0.990848	3.109869
0.990872	3.110642
0.990897	3.111414
0.990921	3.112185
0.990945	3.112954
0.990969	3.113723
0.990993	3.11449
0.991017	3.115256
0.991041	3.116021
0.991065	3.116786
0.991089	3.117549
0.991113	3.118311
0.991136	3.119073
0.99116	3.119833
0.991183	3.120592
0.991207	3.12135
0.991231	3.122106
0.991255	3.122862
0.991278	3.123616
0.991302	3.12437
0.991325	3.125122
0.991348	3.125874
0.991372	3.126625
0.991395	3.127375
0.991419	3.128123
0.991442	3.12887
0.991466	3.129616
0.991489	3.130361
0.991512	3.131105
0.991535	3.131848
0.991558	3.13259
0.991582	3.133331
0.991605	3.13407
0.991628	3.13481
0.991651	3.135547
0.991674	3.136284
0.991696	3.13702
0.99172	3.137754
0.991743	3.138488
0.991766	3.139221
0.991789	3.139952
0.991811	3.140682
0.991834	3.141411
0.991857	-3.141046
0.99188	-3.140319
0.991902	-3.139593
0.991924	-3.138868
0.991947	-3.138144
0.99197	-3.137421
0.991992	-3.136699
0.992015	-3.135979
0.992037	-3.135259
0.99206	-3.13454
0.992082	-3.133823
0.992104	-3.133106
0.992127	-3.13239
0.992149	-3.131676
0.992171	-3.130962
0.992194	-3.13025
0.992216	-3.129539
0.992239	-3.128829
0.992261	-3.12812
0.992283	-3.127412
0.992305	-3.126705
0.992327	-3.125999
0.992349	-3.125294
0.992371	-3.124589
0.992393	-3.123886
0.992415	-3.123184
0.992437	-3.122484
0.992459	-3.121784
0.99248	-3.121086
0.992502	-3.120388
0.992524	-3.119692
0.992546	-3.118996
0.992568	-3.118302
0.992589	-3.117609
0.992611	-3.116916
0.992632	-3.116225
0.992654	-3.115534
0.992676	-3.114845
0.992697	-3.114157
0.992719	-3.11347
0.99274	-3.112784
0.992761	-3.112099
0.992783	-3.111415
0.992804	-3.110732
0.992826	-3.11005
0.992847	-3.10937
0.992868	-3.10869
0.992889	-3.108011
0.99291	-3.107333
0.992932	-3.106656
0.992953	-3.105981
0.992974	-3.105307
0.992995	-3.104634
0.993016	-3.103961
0.993037	-3.103289
0.993058	-3.102619
0.993079	-3.10195
0.9931	-3.101282
0.993121	-3.100615
0.993142	-3.099949
0.993163	-3.099284
0.993184	-3.09862
0.993204	-3.097957
0.993225	-3.097295
0.993245	-3.096634
0.993266	-3.095974
0.993287	-3.095315
0.993307	-3.094657
0.993328	-3.094
0.993348	-3.093345
0.993368	-3.09269
0.993389	-3.092037
0.993409	-3.091384
0.99343	-3.090733
0.99345	-3.090082
0.993471	-3.089432
0.993491	-3.088784
0.993511	-3.088136
0.993531	-3.08749
0.993551	-3.086845
0.993571	-3.086201
0.993591	-3.085558
0.993612	-3.084916
0.993632	-3.084275
0.993652	-3.083635
0.993672	-3.082996
0.993692	-3.082358
0.993712	-3.081721
0.993732	-3.081085
0.993752	-3.08045
0.993772	-3.079816
0.993791	-3.079184
0.993811	-3.078552
0.99383	-3.077921
0.99385	-3.077292
0.99387	-3.076663
0.993889	-3.076035
0.993909	-3.075409
0.993929	-3.074783
0.993948	-3.074159
0.993968	-3.073535
0.993987	-3.072913
0.994006	-3.072292
0.994026	-3.071671
0.994045	-3.071052
0.994065	-3.070434
0.994084	-3.069817
0.994104	-3.069201
0.994123	-3.068586
0.994142	-3.067971
0.994161	-3.067358
0.994181	-3.066746
0.9942	-3.066135
0.994219	-3.065526
0.994238	-3.064917
0.994257	-3.064309
0.994275	-3.063702
0.994294	-3.063096
0.994313	-3.062491
0.994333	-3.061888
0.994352	-3.061285
0.99437	-3.060684
0.994389	-3.060083
0.994407	-3.059484
0.994426	-3.058885
0.994445	-3.058288
0.994464	-3.057691
0.994483	-3.057096
0.994502	-3.056501
0.99452	-3.055908
0.994538	-3.055315
0.994557	-3.054724
0.994575	-3.054133
0.994594	-3.053544
0.994612	-3.052956
0.994631	-3.052369
0.994649	-3.051783
0.994667	-3.051198
0.994685	-3.050614
0.994703	-3.050031
0.994722	-3.049448
0.99474	-3.048867
0.994758	-3.048287
0.994776	-3.047708
0.994794	-3.047131
0.994812	-3.046554
0.994831	-3.045978
0.994849	-3.045403
0.994867	-3.044829
0.994884	-3.044257
0.994902	-3.043685
0.99492	-3.043115
0.994938	-3.042545
0.994956	-3.041976
0.994974	-3.041408
0.994992	-3.040842
0.995009	-3.040277
0.995027	-3.039712
0.995044	-3.039149
0.995062	-3.038586
0.99508	-3.038025
0.995097	-3.037465
0.995115	-3.036905
0.995132	-3.036347
0.995149	-3.035789
0.995167	-3.035233
0.995185	-3.034678
0.995202	-3.034124
0.995219	-3.03357
0.995237	-3.033018
0.995254	-3.032467
0.995271	-3.031917
0.995289	-3.031367
0.995306	-3.030819
0.995323	-3.030272
0.99534	-3.029727
0.995357	-3.029182
0.995374	-3.028638
0.99539	-3.028094
0.995407	-3.027552
0.995425	-3.027011
0.995442	-3.026472
0.995459	-3.025933
0.995475	-3.025395
0.995492	-3.024859
0.995509	-3.024323
0.995526	-3.023788
0.995543	-3.023254
0.995559	-3.022721
0.995576	-3.02219
0.995593	-3.021659
0.995609	-3.02113
0.995626	-3.020601
0.995642	-3.020073
0.995659	-3.019547
0.995675	-3.019021
0.995692	-3.018497
0.995708	-3.017973
0.995725	-3.017451
0.995741	-3.016929
0.995757	-3.016409
0.995773	-3.015889
0.99579	-3.015371
0.995806	-3.014853
0.995822	-3.014337
0.995838	-3.013822
0.995854	-3.013308
0.99587	-3.012795
0.995886	-3.012283
0.995902	-3.011772
0.995918	-3.011261
0.995935	-3.010752
0.995951	-3.010243
0.995966	-3.009736
0.995982	-3.00923
0.995998	-3.008725
0.996014	-3.008221
0.99603	-3.007718
0.996046	-3.007216
0.996062	-3.006714
0.996077	-3.006214
0.996092	-3.005715
0.996108	-3.005217
0.996123	-3.00472
0.996139	-3.004225
0.996155	-3.00373
0.99617	-3.003236
0.996185	-3.002743
0.996201	-3.002251
0.996216	-3.00176
0.996232	-3.00127
0.996248	-3.000782
0.996263	-3.000294
0.996278	-2.999808
0.996293	-2.999322
0.996308	-2.998837
0.996323	-2.998353
0.996338	-2.99787
0.996353	-2.997388
0.996368	-2.996908
0.996383	-2.996429
0.996398	-2.99595
0.996414	-2.995472
0.996429	-2.994995
0.996444	-2.99452
0.996459	-2.994045
0.996473	-2.993572
0.996488	-2.993099
0.996503	-2.992627
0.996518	-2.992157
0.996532	-2.991687
0.996547	-2.991219
0.996562	-2.990752
0.996576	-2.990285
0.996591	-2.98982
0.996605	-2.989355
0.99662	-2.988891
0.996634	-2.988429
0.996649	-2.987968
0.996663	-2.987507
0.996678	-2.987048
0.996692	-2.986589
0.996707	-2.986132
0.996721	-2.985676
0.996735	-2.985221
0.99675	-2.984766
0.996764	-2.984313
0.996778	-2.983861
0.996792	-2.98341
0.996806	-2.98296
0.99682	-2.98251
0.996834	-2.982062
0.996849	-2.981614
0.996863	-2.981168
0.996876	-2.980723
0.99689	-2.980279
0.996904	-2.979836
0.996918	-2.979394
0.996932	-2.978953
0.996946	-2.978513
0.99696	-2.978073
0.996974	-2.977635
0.996987	-2.977198
0.997001	-2.976762
0.997015	-2.976327
0.997028	-2.975892
0.997041	-2.975459
0.997055	-2.975028
0.997069	-2.974597
0.997082	-2.974167
0.997096	-2.973738
0.997109	-2.973309
0.997122	-2.972882
0.997136	-2.972456
0.997149	-2.972031
0.997162	-2.971608
0.997176	-2.971185
0.997189	-2.970763
0.997203	-2.970342
0.997216	-2.969922
0.997229	-2.969503
0.997241	-2.969085
0.997255	-2.968668
0.997268	-2.968252
0.997281	-2.967837
0.997295	-2.967423
0.997307	-2.96701
0.99732	-2.966599
0.997332	-2.966188
0.997345	-2.965778
0.997358	-2.965369
0.997371	-2.964962
0.997384	-2.964555
0.997397	-2.964149
0.99741	-2.963744
0.997423	-2.96334
0.997435	-2.962937
0.997448	-2.962535
0.99746	-2.962135
0.997473	-2.961735
0.997485	-2.961336
0.997498	-2.960938
0.99751	-2.960542
0.997522	-2.960146
0.997535	-2.959751
0.997547	-2.959357
0.99756	-2.958964
0.997572	-2.958572
0.997584	-2.958182
0.997596	-2.957792
0.997609	-2.957403
0.997621	-2.957016
0.997633	-2.956629
0.997645	-2.956243
0.997657	-2.955859
0.997669	-2.955475
0.997682	-2.955092
0.997694	-2.95471
0.997705	-2.95433
0.997717	-2.95395
0.997729	-2.953572
0.997741	-2.953194
0.997753	-2.952817
0.997764	-2.952442
0.997776	-2.952067
0.997788	-2.951693
0.9978	-2.951321
0.997811	-2.950949
0.997823	-2.950578
0.997835	-2.950209
0.997847	-2.94984
0.997858	-2.949472
0.997869	-2.949106
0.997881	-2.94874
0.997892	-2.948376
0.997903	-2.948012
0.997915	-2.947649
0.997926	-2.947288
0.997938	-2.946927
0.997949	-2.946568
0.99796	-2.946209
0.997972	-2.945851
0.997983	-2.945495
0.997994	-2.945139
0.998005	-2.944784
0.998016	-2.944431
0.998027	-2.944078
0.998038	-2.943726
0.998049	-2.943376
0.99806	-2.943026
0.998071	-2.942678
0.998082	-2.94233
0.998093	-2.941984
0.998104	-2.941638
0.998115	-2.941294
0.998126	-2.94095
0.998137	-2.940607
0.998147	-2.940266
0.998158	-2.939925
0.998169	-2.939586
0.998179	-2.939247
0.99819	-2.938909
0.9982	-2.938573
0.998211	-2.938237
0.998222	-2.937903
0.998232	-2.937569
0.998242	-2.937237
0.998253	-2.936905
0.998263	-2.936574
0.998274	-2.936244
0.998284	-2.935916
0.998295	-2.935588
0.998305	-2.935261
0.998315	-2.934936
0.998325	-2.934611
0.998335	-2.934288
0.998346	-2.933965
0.998356	-2.933644
0.998366	-2.933323
0.998376	-2.933004
0.998385	-2.932685
0.998395	-2.932368
0.998406	-2.932051
0.998416	-2.931735
0.998426	-2.931421
0.998436	-2.931107
0.998445	-2.930794
0.998455	-2.930482
0.998465	-2.930172
0.998474	-2.929862
0.998484	-2.929554
0.998493	-2.929247
0.998503	-2.92894
0.998513	-2.928634
0.998523	-2.92833
0.998532	-2.928026
0.998541	-2.927723
0.998551	-2.927422
0.99856	-2.927121
0.99857	-2.926821
0.998579	-2.926522
0.998589	-2.926225
0.998598	-2.925928
0.998607	-2.925633
0.998617	-2.925338
0.998626	-2.925044
0.998636	-2.924751
0.998645	-2.92446
0.998654	-2.924169
0.998663	-2.92388
0.998672	-2.923591
0.998681	-2.923303
0.99869	-2.923016
0.998699	-2.922731
0.998708	-2.922446
0.998717	-2.922163
0.998726	-2.92188
0.998735	-2.921598
0.998743	-2.921317
0.998752	-2.921037
0.998761	-2.920758
0.99877	-2.920481
0.998779	-2.920204
0.998787	-2.919929
0.998796	-2.919654
0.998805	-2.91938
0.998813	-2.919108
0.998822	-2.918836
0.99883	-2.918565
0.998838	-2.918295
0.998847	-2.918026
0.998855	-2.917759
0.998864	-2.917492
0.998872	-2.917226
0.99888	-2.916961
0.998889	-2.916697
0.998897	-2.916435
0.998905	-2.916173
0.998913	-2.915912
0.998922	-2.915652
0.99893	-2.915393
0.998938	-2.915135
0.998946	-2.914878
0.998954	-2.914622
0.998962	-2.914367
0.99897	-2.914113
0.998978	-2.913861
0.998986	-2.913609
0.998994	-2.913358
0.999002	-2.913108
0.99901	-2.912859
0.999018	-2.912611
0.999026	-2.912364
0.999034	-2.912118
0.999041	-2.911873
0.999049	-2.911629
0.999056	-2.911386
0.999064	-2.911144
0.999071	-2.910904
0.999079	-2.910664
0.999086	-2.910425
0.999094	-2.910187
0.999101	-2.90995
0.999109	-2.909713
0.999116	-2.909478
0.999123	-2.909244
0.999131	-2.909011
0.999138	-2.908779
0.999146	-2.908548
0.999153	-2.908319
0.999161	-2.908089
0.999168	-2.907861
0.999175	-2.907634
0.999182	-2.907408
0.999189	-2.907183
0.999196	-2.906959
0.999203	-2.906736
0.99921	-2.906513
0.999217	-2.906292
0.999223	-2.906072
0.99923	-2.905853
0.999237	-2.905635
0.999244	-2.905418
0.999251	-2.905202
0.999258	-2.904986
0.999264	-2.904772
0.999271	-2.904559
0.999278	-2.904346
0.999285	-2.904135
0.999291	-2.903925
0.999298	-2.903716
0.999305	-2.903507
0.999311	-2.9033
0.999318	-2.903094
0.999324	-2.902889
0.99933	-2.902685
0.999337	-2.902481
0.999344	-2.902279
0.99935	-2.902078
0.999356	-2.901878
0.999363	-2.901678
0.999369	-2.90148
0.999375	-2.901282
0.999381	-2.901085
0.999387	-2.90089
0.999393	-2.900696
0.999399	-2.900503
0.999406	-2.900311
0.999412	-2.900119
0.999418	-2.899929
0.999424	-2.899739
0.999429	-2.899551
0.999435	-2.899363
0.999441	-2.899176
0.999447	-2.898991
0.999453	-2.898806
0.999459	-2.898623
0.999465	-2.898441
0.999471	-2.898259
0.999476	-2.898079
0.999482	-2.897899
0.999487	-2.897721
0.999492	-2.897543
0.999498	-2.897366
0.999504	-2.89719
0.99951	-2.897016
0.999516	-2.896842
0.999521	-2.896669
0.999526	-2.896497
0.999531	-2.896327
0.999537	-2.896157
0.999542	-2.895989
0.999548	-2.895821
0.999553	-2.895655
0.999558	-2.895489
0.999563	-2.895324
0.999568	-2.89516
0.999574	-2.894998
0.999579	-2.894836
0.999584	-2.894675
0.999589	-2.894515
0.999594	-2.894356
0.999599	-2.894198
0.999603	-2.894041
0.999608	-2.893885
0.999613	-2.893731
0.999618	-2.893577
0.999623	-2.893424
0.999628	-2.893273
0.999633	-2.893122
0.999637	-2.892971
0.999642	-2.892822
0.999647	-2.892675
0.999651	-2.892528
0.999656	-2.892382
0.999661	-2.892237
0.999666	-2.892093
0.99967	-2.89195
0.999674	-2.891808
0.999679	-2.891667
0.999683	-2.891527
0.999688	-2.891387
0.999693	-2.891249
0.999697	-2.891112
0.999701	-2.890976
0.999706	-2.890841
0.99971	-2.890707
0.999714	-2.890574
0.999718	-2.890442
0.999722	-2.890311
0.999726	-2.890181
0.99973	-2.890052
0.999735	-2.889923
0.999738	-2.889796
0.999742	-2.88967
0.999746	-2.889545
0.99975	-2.88942
0.999754	-2.889297
0.999758	-2.889175
0.999762	-2.889054
0.999765	-2.888933
0.999769	-2.888813
0.999773	-2.888695
0.999777	-2.888578
0.999781	-2.888461
0.999784	-2.888346
0.999788	-2.888232
0.999791	-2.888119
0.999795	-2.888006
0.999798	-2.887894
0.999802	-2.887784
0.999805	-2.887674
0.999809	-2.887566
0.999813	-2.887459
0.999816	-2.887352
0.999819	-2.887247
0.999822	-2.887142
0.999826	-2.887039
0.999829	-2.886936
0.999833	-2.886834
0.999836	-2.886734
0.999839	-2.886634
0.999842	-2.886536
0.999845	-2.886438
0.999848	-2.886342
0.999851	-2.886246
0.999854	-2.886151
0.999857	-2.886057
0.99986	-2.885964
0.999863	-2.885873
0.999866	-2.885782
0.999869	-2.885693
0.999872	-2.885604
0.999874	-2.885516
0.999877	-2.885429
0.99988	-2.885343
0.999883	-2.885258
0.999885	-2.885175
0.999888	-2.885092
0.99989	-2.88501
0.999893	-2.88493
0.999895	-2.884849
0.999898	-2.88477
0.999901	-2.884692
0.999903	-2.884616
0.999905	-2.88454
0.999908	-2.884465
0.99991	-2.884391
0.999912	-2.884317
0.999915	-2.884245
0.999917	-2.884174
0.99992	-2.884105
0.999922	-2.884036
0.999924	-2.883968
0.999926	-2.8839
0.999928	-2.883834
0.99993	-2.883769
0.999932	-2.883705
0.999934	-2.883642
0.999936	-2.88358
0.999939	-2.883519
0.99994	-2.883458
0.999942	-2.883399
0.999944	-2.883341
0.999946	-2.883284
0.999948	-2.883227
0.999949	-2.883172
0.999951	-2.883118
0.999952	-2.883065
0.999954	-2.883012
0.999956	-2.882961
0.999958	-2.882911
0.99996	-2.882862
0.999961	-2.882813
0.999963	-2.882766
0.999964	-2.88272
0.999966	-2.882674
0.999967	-2.88263
0.999968	-2.882586
0.99997	-2.882543
0.999971	-2.882502
0.999973	-2.882461
0.999974	-2.882421
0.999975	-2.882383
0.999976	-2.882346
0.999977	-2.882309
0.999978	-2.882274
0.99998	-2.88224
0.999981	-2.882206
0.999982	-2.882173
0.999983	-2.882142
0.999984	-2.882111
0.999985	-2.882081
0.999986	-2.882052
0.999986	-2.882024
0.999987	-2.881998
0.999988	-2.881972
0.999989	-2.881948
0.99999	-2.881924
0.99999	-2.881901
0.999991	-2.881879
0.999992	-2.881858
0.999993	-2.881838
0.999994	-2.881819
0.999994	-2.881802
0.999994	-2.881785
0.999995	-2.881769
0.999996	-2.881754
0.999997	-2.881741
0.999997	-2.881728
0.999998	-2.881715
0.999998	-2.881704
0.999998	-2.881695
0.999999	-2.881686
0.999999	-2.881678
0.999999	-2.881671
0.999999	-2.881665
0.999999	-2.88166
1	-2.881655
1	-2.881652
1	-2.88165
1	-2.881649
1	-2.881649
1	-2.88165
1	-2.881651
1	-2.881654
1	-2.881658
1	-2.881662
1	-2.881668
1	-2.881675
1	-2.881683
0.999999	-2.881692
0.999999	-2.881702
0.999998	-2.881712
0.999998	-2.881723
0.999998	-2.881736
0.999997	-2.881751
0.999997	-2.881765
0.999996	-2.881781
0.999996	-2.881797
0.999996	-2.881815
0.999995	-2.881833
0.999995	-2.881853
0.999994	-2.881873
0.999993	-2.881895
0.999992	-2.881917
0.999992	-2.881941
0.999992	-2.881966
0.999991	-2.881991
0.99999	-2.882018
0.999989	-2.882045
0.999988	-2.882073
0.999987	-2.882102
0.999986	-2.882133
0.999985	-2.882164
0.999984	-2.882197
0.999984	-2.88223
0.999983	-2.882264
0.999982	-2.8823
0.99998	-2.882336
0.999979	-2.882374
0.999978	-2.882412
0.999977	-2.882451
0.999976	-2.882491
0.999975	-2.882532
0.999973	-2.882574
0.999972	-2.882618
0.99997	-2.882662
0.999969	-2.882707
0.999968	-2.882753
0.999966	-2.8828
0.999965	-2.882848
0.999963	-2.882897
0.999962	-2.882947
0.99996	-2.882998
0.999958	-2.88305
0.999957	-2.883103
0.999955	-2.883157
0.999954	-2.883212
0.999952	-2.883268
0.999951	-2.883326
0.999949	-2.883384
0.999947	-2.883442
0.999945	-2.883502
0.999943	-2.883563
0.999941	-2.883625
0.999939	-2.883688
0.999937	-2.883752
0.999935	-2.883816
0.999933	-2.883882
0.999931	-2.883949
0.999929	-2.884017
0.999927	-2.884086
0.999925	-2.884156
0.999922	-2.884227
0.99992	-2.884298
0.999918	-2.884371
0.999916	-2.884444
0.999914	-2.884519
0.999912	-2.884595
0.999909	-2.884672
0.999907	-2.884749
0.999905	-2.884828
0.999902	-2.884908
0.999899	-2.884988
0.999897	-2.88507
0.999894	-2.885152
0.999892	-2.885236
0.999889	-2.88532
0.999887	-2.885406
0.999884	-2.885493
0.999881	-2.88558
0.999878	-2.885668
0.999876	-2.885757
0.999873	-2.885848
0.99987	-2.885939
0.999867	-2.886032
0.999865	-2.886125
0.999862	-2.88622
0.999859	-2.886316
0.999856	-2.886412
0.999852	-2.886509
0.999849	-2.886608
0.999846	-2.886707
0.999843	-2.886807
0.99984	-2.886909
0.999837	-2.887011
0.999834	-2.887114
0.99983	-2.887219
0.999827	-2.887324
0.999824	-2.88743
0.999821	-2.887537
0.999817	-2.887645
0.999814	-2.887754
0.999811	-2.887864
0.999807	-2.887976
0.999804	-2.888088
0.999801	-2.888201
0.999797	-2.888315
0.999793	-2.88843
0.999789	-2.888547
0.999786	-2.888664
0.999782	-2.888781
0.999778	-2.8889
0.999775	-2.88902
0.999772	-2.889141
0.999768	-2.889264
0.999764	-2.889386
0.99976	-2.88951
0.999756	-2.889635
0.999752	-2.889761
0.999748	-2.889889
0.999744	-2.890017
0.999741	-2.890145
0.999736	-2.890275
0.999732	-2.890406
0.999728	-2.890538
0.999724	-2.890671
0.99972	-2.890805
0.999716	-2.890939
0.999712	-2.891075
0.999707	-2.891212
0.999703	-2.89135
0.999699	-2.891489
0.999694	-2.891629
0.99969	-2.891769
0.999686	-2.891911
0.999681	-2.892054
0.999677	-2.892197
0.999673	-2.892342
0.999668	-2.892488
0.999663	-2.892634
0.999658	-2.892782
0.999654	-2.892931
0.999649	-2.89308
0.999644	-2.893231
0.99964	-2.893383
0.999635	-2.893536
0.99963	-2.893689
0.999625	-2.893844
0.999621	-2.893999
0.999616	-2.894155
0.999611	-2.894313
0.999606	-2.894471
0.999601	-2.894631
0.999596	-2.894792
0.999591	-2.894953
0.999587	-2.895115
0.999582	-2.895279
0.999577	-2.895444
0.999571	-2.895609
0.999566	-2.895776
0.99956	-2.895943
0.999555	-2.896111
0.99955	-2.89628
0.999545	-2.896451
0.99954	-2.896622
0.999535	-2.896795
0.999529	-2.896968
0.999524	-2.897143
0.999518	-2.897318
0.999513	-2.897494
0.999507	-2.897671
0.999502	-2.897849
0.999496	-2.898029
0.99949	-2.898209
0.999485	-2.89839
0.999479	-2.898573
0.999473	-2.898756
0.999468	-2.898941
0.999462	-2.899126
0.999456	-2.899312
0.99945	-2.899499
0.999444	-2.899687
0.999438	-2.899876
0.999433	-2.900067
0.999427	-2.900258
0.999421	-2.90045
0.999415	-2.900643
0.999409	-2.900837
0.999403	-2.901032
0.999397	-2.901229
0.999391	-2.901426
0.999384	-2.901624
0.999378	-2.901822
0.999372	-2.902022
0.999365	-2.902224
0.999359	-2.902426
0.999353	-2.902629
0.999346	-2.902833
0.99934	-2.903037
0.999334	-2.903244
0.999328	-2.903451
0.999321	-2.903659
0.999315	-2.903868
0.999308	-2.904078
0.999301	-2.904288
0.999294	-2.9045
0.999288	-2.904713
0.999281	-2.904927
0.999274	-2.905142
0.999268	-2.905358
0.999261	-2.905575
0.999254	-2.905793
0.999248	-2.906012
0.999241	-2.906232
0.999234	-2.906453
0.999227	-2.906675
0.99922	-2.906897
0.999213	-2.907121
0.999207	-2.907345
0.9992	-2.907571
0.999193	-2.907799
0.999186	-2.908027
0.999178	-2.908255
0.999171	-2.908485
0.999163	-2.908715
0.999156	-2.908947
0.999149	-2.90918
0.999142	-2.909414
0.999134	-2.909648
0.999127	-2.909884
0.99912	-2.910121
0.999113	-2.910358
0.999106	-2.910597
0.999098	-2.910837
0.999091	-2.911077
0.999083	-2.911319
0.999075	-2.911562
0.999067	-2.911806
0.99906	-2.91205
0.999052	-2.912296
0.999045	-2.912543
0.999038	-2.91279
0.99903	-2.913039
0.999022	-2.913289
0.999014	-2.913539
0.999006	-2.913791
0.998998	-2.914043
0.998991	-2.914297
0.998983	-2.914551
0.998975	-2.914807
0.998967	-2.915064
0.998958	-2.915321
0.99895	-2.915579
0.998942	-2.915839
0.998935	-2.9161
0.998926	-2.916361
0.998918	-2.916624
0.99891	-2.916887
0.998901	-2.917152
0.998893	-2.917418
0.998885	-2.917684
0.998877	-2.917952
0.998868	-2.91822
0.99886	-2.91849
0.998851	-2.91876
0.998843	-2.919032
0.998835	-2.919304
0.998826	-2.919578
0.998818	-2.919852
0.998809	-2.920127
0.9988	-2.920404
0.998792	-2.920681
0.998783	-2.92096
0.998775	-2.921239
0.998766	-2.921519
0.998757	-2.921801
0.998748	-2.922083
0.998739	-2.922367
0.99873	-2.922651
0.998722	-2.922936
0.998713	-2.923223
0.998704	-2.92351
0.998695	-2.923799
0.998686	-2.924088
0.998677	-2.924379
0.998668	-2.92467
0.998659	-2.924962
0.99865	-2.925256
0.99864	-2.92555
0.998631	-2.925846
0.998621	-2.926142
0.998612	-2.92644
0.998603	-2.926738
0.998594	-2.927038
0.998585	-2.927338
0.998575	-2.927639
0.998566	-2.927941
0.998556	-2.928244
0.998547	-2.928549
0.998537	-2.928854
0.998527	-2.92916
0.998518	-2.929468
0.998508	-2.929776
0.998499	-2.930085
0.998489	-2.930395
0.998479	-2.930707
0.998469	-2.931019
0.99846	-2.931333
0.998451	-2.931648
0.998441	-2.931963
0.998431	-2.932279
0.998421	-2.932596
0.99841	-2.932915
0.9984	-2.933234
0.998391	-2.933554
0.998381	-2.933876
0.998371	-2.934198
0.998361	-2.934521
0.99835	-2.934845
0.99834	-2.935171
0.99833	-2.935497
0.99832	-2.935824
0.998309	-2.936153
0.998299	-2.936482
0.998289	-2.936812
0.998279	-2.937144
0.998269	-2.937476
0.998258	-2.937809
0.998248	-2.938143
0.998238	-2.938478
0.998227	-2.938814
0.998216	-2.939152
0.998206	-2.93949
0.998195	-2.939829
0.998185	-2.94017
0.998174	-2.940511
0.998163	-2.940853
0.998153	-2.941197
0.998142	-2.941541
0.998131	-2.941886
0.99812	-2.942233
0.998109	-2.94258
0.998099	-2.942928
0.998088	-2.943278
0.998077	-2.943628
0.998066	-2.943979
0.998055	-2.944332
0.998044	-2.944685
0.998033	-2.945039
0.998022	-2.945395
0.998011	-2.945751
0.997999	-2.946108
0.997988	-2.946466
0.997977	-2.946825
0.997966	-2.947186
0.997955	-2.947547
0.997943	-2.94791
0.997932	-2.948273
0.99792	-2.948637
0.997909	-2.949003
0.997898	-2.949369
0.997886	-2.949737
0.997875	-2.950105
0.997864	-2.950474
0.997852	-2.950844
0.997841	-2.951216
0.997829	-2.951588
0.997818	-2.951961
0.997806	-2.952335
0.997794	-2.952711
0.997782	-2.953087
0.997771	-2.953465
0.997759	-2.953843
0.997747	-2.954222
0.997735	-2.954603
0.997723	-2.954984
0.997712	-2.955367
0.9977	-2.95575
0.997687	-2.956135
0.997675	-2.95652
0.997663	-2.956906
0.997651	-2.957293
0.997639	-2.957682
0.997627	-2.958071
0.997614	-2.958462
0.997602	-2.958853
0.99759	-2.959246
0.997578	-2.959639
0.997566	-2.960033
0.997553	-2.960428
0.997541	-2.960825
0.997529	-2.961222
0.997517	-2.961621
0.997504	-2.962021
0.997492	-2.962422
0.997479	-2.962823
0.997467	-2.963225
0.997454	-2.963629
0.997442	-2.964033
0.997429	-2.964439
0.997416	-2.964846
0.997403	-2.965253
0.99739	-2.965661
0.997378	-2.966071
0.997365	-2.966482
0.997352	-2.966893
0.997339	-2.967306
0.997326	-2.967719
0.997313	-2.968134
0.9973	-2.968549
0.997287	-2.968966
0.997274	-2.969383
0.997261	-2.969802
0.997249	-2.970222
0.997236	-2.970643
0.997222	-2.971064
0.997209	-2.971487
0.997196	-2.971911
0.997182	-2.972335
0.997169	-2.972761
0.997156	-2.973188
0.997142	-2.973616
0.997129	-2.974044
0.997116	-2.974474
0.997102	-2.974904
0.997089	-2.975336
0.997076	-2.975769
0.997062	-2.976203
0.997049	-2.976637
0.997035	-2.977073
0.997021	-2.977509
0.997007	-2.977947
0.996994	-2.978386
0.99698	-2.978827
0.996966	-2.979267
0.996952	-2.979709
0.996939	-2.980152
0.996925	-2.980595
0.996911	-2.98104
0.996897	-2.981486
0.996884	-2.981933
0.99687	-2.982381
0.996855	-2.98283
0.996841	-2.98328
0.996827	-2.983731
0.996813	-2.984183
0.996799	-2.984636
0.996785	-2.98509
0.996771	-2.985545
0.996756	-2.986001
0.996742	-2.986458
0.996728	-2.986916
0.996714	-2.987375
0.9967	-2.987835
0.996685	-2.988296
0.996671	-2.988758
0.996656	-2.989221
0.996642	-2.989685
0.996627	-2.99015
0.996613	-2.990616
0.996598	-2.991084
0.996584	-2.991552
0.996569	-2.992021
0.996554	-2.992491
0.99654	-2.992962
0.996525	-2.993435
0.996511	-2.993908
0.996496	-2.994382
0.996481	-2.994857
0.996466	-2.995333
0.996451	-2.995811
0.996436	-2.996289
0.996421	-2.996769
0.996406	-2.997249
0.996391	-2.997731
0.996376	-2.998213
0.996361	-2.998697
0.996346	-2.999181
0.996331	-2.999667
0.996316	-3.000153
0.996301	-3.00064
0.996286	-3.001129
0.996271	-3.001618
0.996255	-3.002109
0.99624	-3.0026
0.996225	-3.003093
0.996209	-3.003586
0.996193	-3.004081
0.996178	-3.004576
0.996162	-3.005073
0.996147	-3.005571
0.996132	-3.006069
0.996116	-3.006569
0.9961	-3.00707
0.996084	-3.007571
0.996069	-3.008074
0.996053	-3.008578
0.996037	-3.009083
0.996022	-3.009589
0.996006	-3.010096
0.99599	-3.010603
0.995975	-3.011112
0.995958	-3.011622
0.995942	-3.012133
0.995926	-3.012645
0.995911	-3.013158
0.995895	-3.013672
0.995879	-3.014187
0.995863	-3.014703
0.995847	-3.01522
0.995831	-3.015738
0.995815	-3.016257
0.995798	-3.016777
0.995782	-3.017298
0.995765	-3.01782
0.995749	-3.018344
0.995733	-3.018868
0.995717	-3.019393
0.9957	-3.019919
0.995684	-3.020446
0.995667	-3.020974
0.995651	-3.021503
0.995634	-3.022034
0.995618	-3.022565
0.995601	-3.023098
0.995584	-3.023631
0.995567	-3.024166
0.995551	-3.024702
0.995534	-3.025238
0.995518	-3.025775
0.995501	-3.026314
0.995484	-3.026853
0.995467	-3.027393
0.99545	-3.027935
0.995433	-3.028478
0.995417	-3.029022
0.9954	-3.029567
0.995383	-3.030112
0.995365	-3.030658
0.995348	-3.031206
0.995331	-3.031755
0.995314	-3.032305
0.995297	-3.032856
0.99528	-3.033407
0.995263	-3.03396
0.995245	-3.034514
0.995228	-3.035069
0.995211	-3.035625
0.995194	-3.036182
0.995176	-3.03674
0.995159	-3.037298
0.995141	-3.037858
0.995123	-3.03842
0.995106	-3.038982
0.995089	-3.039545
0.995072	-3.040109
0.995054	-3.040675
0.995036	-3.041241
0.995019	-3.041808
0.995001	-3.042376
0.994983	-3.042945
0.994965	-3.043515
0.994947	-3.044087
0.994929	-3.044659
0.994911	-3.045233
0.994894	-3.045808
0.994876	-3.046383
0.994858	-3.04696
0.994839	-3.047537
0.994821	-3.048115
0.994803	-3.048695
0.994785	-3.049276
0.994767	-3.049858
0.994749	-3.05044
0.994731	-3.051024
0.994713	-3.051609
0.994695	-3.052194
0.994676	-3.052781
0.994658	-3.053369
0.99464	-3.053958
0.994622	-3.054548
0.994603	-3.055139
0.994585	-3.055731
0.994566	-3.056324
0.994548	-3.056918
0.99453	-3.057513
0.994511	-3.058109
0.994492	-3.058706
0.994473	-3.059304
0.994455	-3.059903
0.994436	-3.060503
0.994418	-3.061105
0.994399	-3.061707
0.99438	-3.06231
0.994361	-3.062915
0.994342	-3.063521
0.994323	-3.064127
0.994304	-3.064734
0.994285	-3.065343
0.994266	-3.065952
0.994247	-3.066563
0.994228	-3.067175
0.994209	-3.067787
0.99419	-3.068401
0.994171	-3.069016
0.994152	-3.069631
0.994133	-3.070248
0.994113	-3.070866
0.994094	-3.071485
0.994075	-3.072104
0.994056	-3.072725
0.994036	-3.073348
0.994017	-3.073971
0.993997	-3.074595
0.993978	-3.07522
0.993958	-3.075846
0.993939	-3.076473
0.993919	-3.077101
0.9939	-3.07773
0.99388	-3.078361
0.99386	-3.078992
0.993841	-3.079625
0.993821	-3.080258
0.993802	-3.080893
0.993782	-3.081528
0.993762	-3.082165
0.993742	-3.082802
0.993722	-3.083441
0.993702	-3.08408
0.993682	-3.084721
0.993662	-3.085363
0.993642	-3.086006
0.993621	-3.08665
0.993601	-3.087295
0.993581	-3.087941
0.993561	-3.088587
0.993541	-3.089235
0.993521	-3.089884
0.993501	-3.090534
0.993481	-3.091185
0.993461	-3.091838
0.99344	-3.092491
0.99342	-3.093145
0.993399	-3.093801
0.993379	-3.094457
0.993359	-3.095114
0.993338	-3.095773
0.993318	-3.096432
0.993297	-3.097092
0.993276	-3.097754
0.993256	-3.098417
0.993235	-3.09908
0.993215	-3.099745
0.993194	-3.100411
0.993173	-3.101078
0.993152	-3.101746
0.993131	-3.102415
0.99311	-3.103085
0.99309	-3.103756
0.993069	-3.104427
0.993048	-3.1051
0.993026	-3.105775
0.993005	-3.10645
0.992985	-3.107126
0.992964	-3.107803
0.992943	-3.108482
0.992921	-3.109161
0.9929	-3.109842
0.992879	-3.110523
0.992858	-3.111205
0.992837	-3.111889
0.992815	-3.112573
0.992794	-3.113259
0.992772	-3.113945
0.992751	-3.114633
0.992729	-3.115322
0.992708	-3.116012
0.992687	-3.116703
0.992665	-3.117395
0.992644	-3.118088
0.992622	-3.118782
0.992601	-3.119477
0.992579	-3.120174
0.992557	-3.120871
0.992535	-3.121569
0.992513	-3.122268
0.992492	-3.122968
0.99247	-3.12367
0.992448	-3.124372
0.992426	-3.125075
0.992404	-3.12578
0.992382	-3.126486
0.99236	-3.127193
0.992338	-3.1279
0.992316	-3.128608
0.992294	-3.129318
0.992272	-3.130029
0.99225	-3.130741
0.992228	-3.131455
0.992206	-3.132168
0.992183	-3.132883
0.992161	-3.133599
0.992138	-3.134317
0.992116	-3.135035
0.992094	-3.135754
0.992071	-3.136474
0.992049	-3.137196
0.992026	-3.137918
0.992004	-3.138642
0.991982	-3.139367
0.991959	-3.140093
0.991937	-3.140819
0.991914	-3.141547
0.991891	3.14091
0.991868	3.140179
0.991845	3.139448
0.991823	3.138716
0.9918	3.137983
0.991777	3.137249
0.991754	3.136514
0.991731	3.135778
0.991708	3.135041
0.991685	3.134302
0.991662	3.133563
0.991639	3.132822
0.991617	3.132081
0.991594	3.131338
0.99157	3.130595
0.991547	3.12985
0.991524	3.129104
0.991501	3.128357
0.991477	3.127609
0.991454	3.12686
0.99143	3.12611
0.991407	3.125359
0.991384	3.124607
0.991361	3.123853
0.991337	3.123099
0.991313	3.122344
0.99129	3.121588
0.991266	3.12083
0.991243	3.120072
0.991219	3.119312
0.991196	3.118552
0.991172	3.11779
0.991148	3.117027
0.991124	3.116263
0.9911	3.115498
0.991077	3.114732
0.991053	3.113965
0.991029	3.113197
0.991005	3.112428
0.990981	3.111658
0.990957	3.110886
0.990933	3.110114
0.990909	3.10934
0.990885	3.108565
0.990861	3.10779
0.990836	3.107014
0.990812	3.106236
0.990788	3.105457
0.990764	3.104677
0.99074	3.103896
0.990716	3.103114
0.990691	3.102331
0.990667	3.101547
0.990643	3.100761
0.990618	3.099975
0.990593	3.099188
0.990569	3.0984
0.990544	3.097611
0.99052	3.09682
0.990495	3.096028
0.990471	3.095235
0.990446	3.094441
0.990421	3.093646
0.990396	3.092851
0.990372	3.092054
0.990347	3.091256
0.990322	3.090457
0.990297	3.089656
0.990273	3.088855
0.990248	3.088053
0.990223	3.087249
0.990197	3.086445
0.990172	3.085639
0.990147	3.084833
0.990122	3.084025
0.990097	3.083216
0.990072	3.082406
0.990047	3.081595
0.990021	3.080783
0.989996	3.07997
0.989971	3.079156
0.989946	3.078341
0.989921	3.077524
0.989895	3.076707
0.989869	3.075888
0.989844	3.075069
0.989818	3.074248
0.989793	3.073426
0.989767	3.072604
0.989742	3.07178
0.989716	3.070955
0.989691	3.070129
0.989665	3.069302
0.989639	3.068474
0.989613	3.067645
0.989587	3.066815
0.989561	3.065983
0.989535	3.06515
0.989509	3.064317
0.989483	3.063482
0.989458	3.062646
0.989432	3.061809
0.989406	3.060972
0.98938	3.060132
0.989354	3.059292
0.989328	3.058451
0.989301	3.057609
0.989275	3.056766
0.989249	3.055921
0.989222	3.055076
0.989196	3.054229
0.98917	3.053381
0.989143	3.052533
0.989117	3.051683
0.989091	3.050832
0.989065	3.04998
0.989038	3.049127
0.989012	3.048273
0.988985	3.047418
0.988958	3.046561
0.988932	3.045704
0.988905	3.044846
0.988878	3.043986
0.988851	3.043125
0.988825	3.042263
0.988798	3.0414
0.988771	3.040536
0.988745	3.039671
0.988718	3.038805
0.98869	3.037938
0.988663	3.03707
0.988636	3.0362
0.988609	3.035329
0.988582	3.034458
0.988555	3.033585
0.988528	3.032712
0.988501	3.031837
0.988474	3.030961
0.988447	3.030084
0.98842	3.029206
0.988392	3.028327
0.988365	3.027446
0.988337	3.026565
0.98831	3.025682
0.988282	3.024799
0.988255	3.023915
0.988227	3.023029
0.9882	3.022142
0.988172	3.021254
0.988145	3.020365
0.988117	3.019475
0.988089	3.018584
0.988061	3.017691
0.988034	3.016798
0.988006	3.015903
0.987979	3.015008
0.987951	3.014111
0.987923	3.013213
0.987895	3.012314
0.987867	3.011414
0.987838	3.010513
0.987811	3.009611
0.987783	3.008708
0.987755	3.007803
0.987726	3.006898
0.987698	3.005991
0.98767	3.005083
0.987642	3.004174
0.987614	3.003264
0.987586	3.002353
0.987558	3.001441
0.987529	3.000528
0.9875	2.999614
0.987472	2.998698
0.987444	2.997782
0.987415	2.996864
0.987387	2.995946
0.987358	2.995026
0.987329	2.994105
0.987301	2.993184
0.987272	2.992261
0.987243	2.991336
0.987215	2.990411
0.987186	2.989484
0.987157	2.988557
0.987129	2.987628
0.9871	2.986698
0.987071	2.985767
0.987042	2.984835
0.987013	2.983902
0.986984	2.982968
0.986955	2.982033
0.986925	2.981097
0.986896	2.980159
0.986867	2.979221
0.986838	2.978282
0.986809	2.977341
0.98678	2.976399
0.986751	2.975456
0.986722	2.974511
0.986692	2.973566
0.986663	2.97262
0.986633	2.971673
0.986604	2.970725
0.986574	2.969775
0.986545	2.968824
0.986516	2.967872
0.986486	2.966919
0.986457	2.965965
0.986427	2.96501
0.986397	2.964053
0.986367	2.963096
0.986338	2.962137
0.986308	2.961178
0.986279	2.960218
0.986249	2.959256
0.986219	2.958293
0.986189	2.957328
0.986158	2.956363
0.986128	2.955396
0.986099	2.954429
0.986069	2.953461
0.986039	2.952491
0.986008	2.95152
0.985978	2.950548
0.985948	2.949575
0.985918	2.948601
0.985887	2.947625
0.985857	2.946649
0.985827	2.945672
0.985797	2.944693
0.985767	2.943714
0.985736	2.942733
0.985705	2.941751
0.985675	2.940768
0.985645	2.939783
0.985614	2.938798
0.985584	2.937812
0.985553	2.936824
0.985523	2.935836
0.985492	2.934846
0.985461	2.933855
0.98543	2.932863
0.985399	2.93187
0.985368	2.930876
0.985337	2.92988
0.985306	2.928884
0.985276	2.927886
0.985245	2.926887
0.985214	2.925888
0.985183	2.924887
0.985151	2.923884
0.98512	2.922881
0.985089	2.921876
0.985058	2.920871
0.985027	2.919864
0.984996	2.918856
0.984965	2.917848
0.984934	2.916838
0.984902	2.915827
0.984871	2.914815
0.984839	2.913801
0.984808	2.912786
0.984777	2.911771
0.984745	2.910754
0.984713	2.909736
0.984682	2.908717
0.98465	2.907696
0.984618	2.906675
0.984587	2.905652
0.984555	2.904629
0.984524	2.903604
0.984492	2.902578
0.98446	2.901552
0.984428	2.900524
0.984396	2.899495
0.984364	2.898464
0.984332	2.897432
0.9843	2.8964
0.984268	2.895366
0.984236	2.894331
0.984204	2.893296
0.984172	2.892259
0.984139	2.89122
0.984107	2.890181
0.984075	2.88914
0.984043	2.888099
0.984011	2.887056
0.983978	2.886012
0.983946	2.884966
0.983913	2.88392
0.983881	2.882873
0.983849	2.881824
0.983816	2.880775
0.983784	2.879724
0.983751	2.878672
0.983719	2.877619
0.983686	2.876565
0.983653	2.875509
0.98362	2.874453
0.983587	2.873395
0.983554	2.872337
0.983522	2.871277
0.983489	2.870216
0.983456	2.869154
0.983423	2.86809
0.98339	2.867026
0.983357	2.86596
0.983324	2.864894
0.983291	2.863826
0.983258	2.862756
0.983225	2.861686
0.983192	2.860615
0.983158	2.859542
0.983125	2.858469
0.983092	2.857394
0.983059	2.856318
0.983026	2.855241
0.982992	2.854162
0.982959	2.853083
0.982926	2.852003
0.982892	2.850921
0.982858	2.849838
0.982824	2.848754
0.982791	2.847669
0.982758	2.846583
0.982724	2.845496
0.98269	2.844407
0.982657	2.843318
0.982623	2.842227
0.982589	2.841135
0.982555	2.840042
0.982521	2.838947
0.982487	2.837852
0.982453	2.836755
0.982419	2.835658
0.982385	2.834559
0.982351	2.833458
0.982317	2.832357
0.982283	2.831255
0.982249	2.830151
0.982214	2.829047
0.98218	2.827941
0.982146	2.826834
0.982112	2.825726
0.982078	2.824617
0.982044	2.823507
0.982009	2.822395
0.981974	2.821282
0.98194	2.820168
0.981905	2.819053
0.981871	2.817937
0.981836	2.816819
0.981802	2.8157
0.981767	2.814581
0.981733	2.81346
0.981698	2.812338
0.981663	2.811215
0.981628	2.81009
0.981593	2.808964
0.981558	2.807838
0.981523	2.80671
0.981488	2.805581
0.981453	2.804451
0.981418	2.803319
0.981383	2.802187
0.981348	2.801054
0.981314	2.799919
0.981279	2.798783
0.981244	2.797645
0.981208	2.796507
0.981173	2.795368
0.981138	2.794227
0.981102	2.793086
0.981067	2.791942
0.981032	2.790798
0.980996	2.789653
0.980961	2.788506
0.980926	2.787358
0.98089	2.78621
0.980854	2.78506
0.980819	2.783909
0.980783	2.782757
0.980747	2.781603
0.980711	2.780448
0.980676	2.779292
0.98064	2.778135
0.980604	2.776977
0.980569	2.775818
0.980533	2.774657
0.980497	2.773496
0.980461	2.772333
0.980425	2.771169
0.980389	2.770003
0.980353	2.768837
0.980317	2.767669
0.980281	2.766501
0.980245	2.765331
0.980208	2.76416
0.980172	2.762988
0.980135	2.761814
0.980099	2.760639
0.980063	2.759463
0.980027	2.758286
0.97999	2.757108
0.979954	2.755929
0.979917	2.754748
0.979881	2.753567
0.979844	2.752384
0.979807	2.7512
0.979771	2.750015
0.979735	2.748828
0.979698	2.74764
0.979661	2.746451
0.979624	2.745261
0.979587	2.74407
0.97955	2.742878
0.979513	2.741685
0.979476	2.74049
0.97944	2.739294
0.979403	2.738097
0.979366	2.736899
0.979329	2.735699
0.979292	2.734499
0.979254	2.733296
0.979217	2.732093
0.97918	2.730889
0.979143	2.729684
0.979106	2.728478
0.979069	2.72727
0.979031	2.726061
0.978994	2.72485
0.978956	2.723639
0.978919	2.722427
0.978881	2.721213
0.978844	2.719998
0.978806	2.718782
0.978769	2.717565
0.978731	2.716347
0.978693	2.715127
0.978655	2.713906
0.978618	2.712684
0.97858	2.71146
0.978542	2.710236
0.978505	2.70901
0.978467	2.707784
0.978429	2.706556
0.978391	2.705327
0.978353	2.704096
0.978315	2.702864
0.978277	2.701632
0.978238	2.700398
0.9782	2.699162
0.978162	2.697926
0.978124	2.696688
0.978086	2.695449
0.978048	2.694209
0.978009	2.692967
0.977971	2.691725
0.977932	2.690482
0.977894	2.689237
0.977855	2.687991
0.977817	2.686743
0.977778	2.685495
0.97774	2.684246
0.977701	2.682995
0.977663	2.681743
0.977625	2.680489
0.977586	2.679235
0.977547	2.677979
0.977508	2.676722
0.977469	2.675464
0.97743	2.674205
0.977392	2.672945
0.977353	2.671683
0.977314	2.67042
0.977275	2.669156
0.977236	2.66789
0.977196	2.666624
0.977157	2.665356
0.977118	2.664088
0.977079	2.662818
0.97704	2.661546
0.977001	2.660273
0.976962	2.658999
0.976922	2.657724
0.976882	2.656448
0.976843	2.655171
0.976804	2.653893
0.976764	2.652612
0.976725	2.651331
0.976685	2.650048
0.976645	2.648765
0.976606	2.64748
0.976566	2.646194
0.976526	2.644907
0.976487	2.643619
0.976447	2.64233
0.976407	2.641039
0.976367	2.639747
0.976327	2.638453
0.976287	2.637159
0.976248	2.635863
0.976208	2.634567
0.976168	2.633268
0.976128	2.631969
0.976088	2.630668
0.976048	2.629366
0.976007	2.628064
0.975967	2.626759
0.975927	2.625454
0.975887	2.624147
0.975847	2.622839
0.975806	2.62153
0.975766	2.620219
0.975725	2.618908
0.975685	2.617595
0.975644	2.616281
0.975604	2.614966
0.975563	2.61365
0.975523	2.612332
0.975482	2.611012
0.975441	2.609692
0.9754	2.608371
0.975359	2.607048
0.975318	2.605724
0.975278	2.604399
0.975237	2.603073
0.975196	2.601745
0.975155	2.600417
0.975114	2.599087
0.975073	2.597755
0.975032	2.596423
0.974991	2.595089
0.97495	2.593754
0.974909	2.592418
0.974867	2.591081
0.974826	2.589742
0.974785	2.588402
0.974744	2.58706
0.974703	2.585718
0.974661	2.584374
0.97462	2.583029
0.974579	2.581683
0.974537	2.580336
0.974495	2.578988
0.974454	2.577638
0.974412	2.576287
0.97437	2.574934
0.974329	2.57358
0.974287	2.572226
0.974246	2.57087
0.974204	2.569513
0.974162	2.568154
0.97412	2.566794
0.974078	2.565433
0.974036	2.564071
0.973994	2.562707
0.973952	2.561343
0.97391	2.559976
0.973868	2.558609
0.973826	2.55724
0.973784	2.55587
0.973741	2.5545
0.973699	2.553128
0.973657	2.551754
0.973614	2.55038
0.973572	2.549004
0.973529	2.547626
0.973487	2.546248
0.973445	2.544868
0.973402	2.543487
0.97336	2.542104
0.973317	2.54072
0.973274	2.539336
0.973231	2.53795
0.973189	2.536563
0.973147	2.535175
0.973104	2.533785
0.973061	2.532394
0.973018	2.531001
0.972975	2.529607
0.972932	2.528212
0.972889	2.526816
0.972846	2.525419
0.972804	2.52402
0.97276	2.52262
0.972717	2.521219
0.972674	2.519817
0.972631	2.518413
0.972588	2.517009
0.972544	2.515602
0.972501	2.514195
0.972458	2.512786
0.972414	2.511376
0.972371	2.509965
0.972327	2.508553
0.972284	2.507139
0.97224	2.505724
0.972196	2.504308
0.972153	2.50289
0.972109	2.501471
0.972066	2.500051
0.972022	2.498629
0.971979	2.497207
0.971935	2.495783
0.971891	2.494358
0.971847	2.492931
0.971803	2.491503
0.971759	2.490074
0.971715	2.488644
0.971671	2.487213
0.971627	2.485779
0.971583	2.484345
0.971539	2.48291
0.971495	2.481473
0.97145	2.480036
0.971406	2.478597
0.971362	2.477156
0.971318	2.475714
0.971274	2.47427
0.971229	2.472826
0.971185	2.47138
0.97114	2.469934
0.971095	2.468486
0.971051	2.467036
0.971007	2.465585
0.970962	2.464133
0.970917	2.46268
0.970872	2.461226
0.970827	2.45977
0.970783	2.458313
0.970738	2.456855
0.970693	2.455395
0.970648	2.453934
0.970604	2.452471
0.970559	2.451008
0.970514	2.449543
0.970469	2.448076
0.970423	2.446609
0.970378	2.44514
0.970333	2.44367
0.970288	2.442199
0.970243	2.440726
0.970198	2.439252
0.970152	2.437777
0.970106	2.4363
0.970061	2.434822
0.970016	2.433343
0.969971	2.431863
0.969925	2.430382
0.96988	2.428899
0.969834	2.427414
0.969789	2.425929
0.969743	2.424442
0.969697	2.422954
0.969651	2.421464
0.969605	2.419974
0.969559	2.418482
0.969513	2.416989
0.969468	2.415494
0.969422	2.413998
0.969376	2.4125
0.96933	2.411002
0.969284	2.409502
0.969238	2.408001
0.969192	2.406499
0.969146	2.404995
0.969099	2.40349
0.969053	2.401984
0.969007	2.400476
0.96896	2.398967
0.968914	2.397457
0.968868	2.395945
0.968821	2.394432
0.968775	2.392917
0.968729	2.391402
0.968682	2.389885
0.968636	2.388367
0.968589	2.386848
0.968542	2.385327
0.968495	2.383805
0.968449	2.382281
0.968402	2.380757
0.968355	2.379231
0.968308	2.377704
0.968261	2.376175
0.968214	2.374645
0.968167	2.373114
0.968121	2.371581
0.968074	2.370047
0.968027	2.368512
0.967979	2.366975
0.967932	2.365437
0.967884	2.363898
0.967837	2.362358
0.96779	2.360816
0.967743	2.359273
0.967695	2.357728
0.967648	2.356182
0.9676	2.354635
0.967553	2.353087
0.967505	2.351537
0.967458	2.349986
0.96741	2.348434
0.967363	2.34688
0.967315	2.345324
0.967268	2.343768
0.96722	2.34221
0.967172	2.340651
0.967124	2.339091
0.967076	2.337529
0.967028	2.335966
0.966981	2.334401
0.966933	2.332836
0.966885	2.331269
0.966836	2.3297
0.966788	2.328131
0.96674	2.32656
0.966691	2.324987
0.966643	2.323413
0.966595	2.321838
0.966547	2.320262
0.966498	2.318684
0.96645	2.317105
0.966402	2.315525
0.966353	2.313943
0.966305	2.31236
0.966257	2.310775
0.966208	2.30919
0.966159	2.307603
0.966111	2.306014
0.966062	2.304425
0.966013	2.302833
0.965964	2.301241
0.965915	2.299647
0.965866	2.298052
0.965818	2.296455
0.965769	2.294857
0.96572	2.293258
0.965671	2.291657
0.965622	2.290056
0.965572	2.288452
0.965523	2.286848
0.965474	2.285242
0.965425	2.283634
0.965376	2.282025
0.965327	2.280415
0.965277	2.278804
0.965228	2.277191
0.965178	2.275577
0.965129	2.273962
0.965079	2.272345
0.96503	2.270727
0.96498	2.269108
0.964931	2.267487
0.964881	2.265864
0.964831	2.264241
0.964781	2.262616
0.964732	2.260989
0.964682	2.259362
0.964632	2.257733
0.964582	2.256103
0.964532	2.254471
0.964482	2.252837
0.964432	2.251203
0.964382	2.249567
0.964332	2.24793
0.964282	2.246292
0.964232	2.244652
0.964181	2.24301
0.964131	2.241368
0.964081	2.239724
0.964031	2.238078
0.96398	2.236431
0.96393	2.234783
0.96388	2.233133
0.963829	2.231482
0.963779	2.22983
0.963728	2.228176
0.963677	2.226521
0.963627	2.224864
0.963576	2.223207
0.963525	2.221548
0.963475	2.219887
0.963424	2.218226
0.963373	2.216563
0.963321	2.214898
0.96327	2.213231
0.963219	2.211564
0.963168	2.209895
0.963117	2.208225
0.963066	2.206554
0.963015	2.20488
0.962964	2.203206
0.962913	2.20153
0.962862	2.199853
0.962811	2.198175
0.962759	2.196495
0.962708	2.194814
0.962657	2.193131
0.962605	2.191447
0.962554	2.189762
0.962502	2.188075
0.96245	2.186386
0.962398	2.184696
0.962347	2.183006
0.962295	2.181313
0.962244	2.17962
0.962192	2.177925
0.96214	2.176228
0.962088	2.17453
0.962036	2.17283
0.961984	2.17113
0.961932	2.169428
0.96188	2.167724
0.961828	2.166019
0.961776	2.164312
0.961724	2.162605
0.961672	2.160896
0.961619	2.159186
0.961567	2.157474
0.961515	2.15576
0.961462	2.154045
0.96141	2.152329
0.961357	2.150611
0.961305	2.148892
0.961253	2.147172
0.9612	2.14545
0.961148	2.143727
0.961095	2.142002
0.961042	2.140276
0.960989	2.138549
0.960936	2.13682
0.960883	2.135089
0.960831	2.133357
0.960778	2.131625
0.960725	2.12989
0.960672	2.128154
0.960619	2.126417
0.960566	2.124678
0.960513	2.122938
0.96046	2.121196
0.960407	2.119453
0.960353	2.117709
0.9603	2.115963
0.960246	2.114216
0.960193	2.112467
0.960139	2.110717
0.960086	2.108966
0.960033	2.107213
0.959979	2.105459
0.959926	2.103703
0.959872	2.101946
0.959819	2.100187
0.959765	2.098427
0.959711	2.096666
0.959657	2.094903
0.959603	2.093138
0.95955	2.091372
0.959496	2.089605
0.959442	2.087836
0.959387	2.086066
0.959333	2.084294
0.959279	2.082522
0.959226	2.080747
0.959172	2.078972
0.959118	2.077195
0.959063	2.075416
0.959009	2.073636
0.958954	2.071854
0.9589	2.070071
0.958846	2.068287
0.958791	2.066501
0.958737	2.064713
0.958682	2.062924
0.958628	2.061134
0.958573	2.059342
0.958518	2.05755
0.958463	2.055755
0.958408	2.053959
0.958354	2.052162
0.958299	2.050363
0.958245	2.048562
0.95819	2.04676
0.958135	2.044957
0.95808	2.043153
0.958025	2.041347
0.95797	2.039539
0.957914	2.03773
0.957859	2.035919
0.957804	2.034107
0.957748	2.032294
0.957693	2.030479
0.957638	2.028663
0.957582	2.026845
0.957527	2.025026
0.957472	2.023205
0.957416	2.021383
0.957361	2.019559
0.957305	2.017734
0.957249	2.015907
0.957194	2.014079
0.957138	2.01225
0.957083	2.010419
0.957026	2.008587
0.95697	2.006753
0.956914	2.004918
0.956859	2.003081
0.956803	2.001243
0.956747	1.999403
0.95669	1.997562
0.956634	1.995719
0.956578	1.993875
0.956522	1.992029
0.956466	1.990182
0.95641	1.988334
0.956354	1.986484
0.956297	1.984632
0.956241	1.982779
0.956185	1.980925
0.956128	1.979069
0.956072	1.977211
0.956015	1.975353
0.955958	1.973492
0.955901	1.971631
0.955844	1.969767
0.955788	1.967902
0.955731	1.966036
0.955675	1.964168
0.955618	1.962299
0.955561	1.960428
0.955504	1.958556
0.955447	1.956682
0.95539	1.954807
0.955333	1.95293
0.955275	1.951052
0.955218	1.949172
0.955161	1.947291
0.955104	1.945408
0.955047	1.943524
0.95499	1.941639
0.954932	1.939751
0.954875	1.937862
0.954817	1.935972
0.954759	1.934081
0.954702	1.932188
0.954645	1.930293
0.954587	1.928397
0.954529	1.926499
0.954472	1.9246
0.954414	1.9227
0.954356	1.920797
0.954298	1.918893
0.95424	1.916988
0.954182	1.915081
0.954124	1.913173
0.954066	1.911264
0.954009	1.909353
0.95395	1.90744
0.953892	1.905526
0.953833	1.903609
0.953775	1.901692
0.953717	1.899773
0.953659	1.897853
0.9536	1.895932
0.953542	1.894008
0.953483	1.892083
0.953425	1.890157
0.953366	1.888229
0.953308	1.886299
0.953249	1.884368
0.95319	1.882436
0.953131	1.880502
0.953073	1.878567
0.953014	1.87663
0.952956	1.874691
0.952897	1.872751
0.952837	1.87081
0.952778	1.868867
0.952719	1.866922
0.95266	1.864976
0.952601	1.863028
0.952542	1.861079
0.952483	1.859128
0.952423	1.857176
0.952364	1.855222
0.952305	1.853266
0.952245	1.851309
0.952186	1.849351
0.952127	1.847391
0.952067	1.84543
0.952008	1.843467
0.951948	1.841502
0.951888	1.839536
0.951828	1.837568
0.951769	1.835599
0.951709	1.833628
0.951649	1.831656
0.951589	1.829682
0.951529	1.827706
0.951469	1.82573
0.951409	1.823752
0.951349	1.821772
0.951289	1.81979
0.951229	1.817807
0.951169	1.815822
0.951109	1.813836
0.951048	1.811848
0.950988	1.809859
0.950928	1.807868
0.950867	1.805875
0.950807	1.803881
0.950746	1.801886
0.950686	1.799889
0.950625	1.79789
0.950565	1.79589
0.950504	1.793888
0.950443	1.791884
0.950382	1.789879
0.950321	1.787873
0.95026	1.785865
0.950199	1.783855
0.950138	1.781844
0.950078	1.779831
0.950017	1.777816
0.949956	1.775801
0.949895	1.773783
0.949833	1.771764
0.949772	1.769743
0.949711	1.767721
0.949649	1.765698
0.949588	1.763672
0.949526	1.761646
0.949465	1.759617
0.949403	1.757587
0.949342	1.755555
0.949281	1.753522
0.949219	1.751487
0.949157	1.74945
0.949096	1.747413
0.949034	1.745373
0.948972	1.743332
0.94891	1.74129
0.948848	1.739245
0.948786	1.737199
0.948724	1.735152
0.948662	1.733102
0.9486	1.731052
0.948538	1.728999
0.948476	1.726945
0.948414	1.724889
0.948351	1.722833
0.948289	1.720774
0.948226	1.718714
0.948164	1.716652
0.948101	1.714588
0.948039	1.712523
0.947977	1.710457
0.947914	1.708388
0.947851	1.706319
0.947788	1.704247
0.947726	1.702174
0.947664	1.700099
0.947601	1.698023
0.947538	1.695945
0.947474	1.693866
0.947411	1.691784
0.947349	1.689702
0.947286	1.687617
0.947223	1.685531
0.947159	1.683444
0.947096	1.681354
0.947033	1.679264
0.94697	1.677171
0.946907	1.675077
0.946843	1.672981
0.94678	1.670884
0.946716	1.668785
0.946653	1.666684
0.946589	1.664583
0.946525	1.662479
0.946462	1.660374
0.946398	1.658267
0.946335	1.656158
0.946271	1.654047
0.946207	1.651935
0.946143	1.649821
0.946079	1.647706
0.946015	1.64559
0.945951	1.643471
0.945887	1.641351
0.945823	1.639229
0.945759	1.637106
0.945695	1.634982
0.945631	1.632855
0.945566	1.630726
0.945502	1.628596
0.945437	1.626464
0.945373	1.624331
0.945308	1.622196
0.945244	1.62006
0.945179	1.617922
0.945114	1.615783
0.94505	1.613641
0.944985	1.611498
0.944921	1.609353
0.944856	1.607207
0.944791	1.605059
0.944726	1.602909
0.944661	1.600758
0.944596	1.598605
0.944531	1.59645
0.944466	1.594294
0.944401	1.592135
0.944335	1.589975
0.94427	1.587814
0.944205	1.585652
0.94414	1.583488
0.944074	1.581321
0.944009	1.579153
0.943943	1.576983
0.943877	1.574812
0.943812	1.572639
0.943746	1.570464
0.943681	1.568288
0.943615	1.56611
0.94355	1.563931
0.943484	1.561749
0.943418	1.559566
0.943352	1.557382
0.943286	1.555195
0.94322	1.553007
0.943154	1.550817
0.943088	1.548626
0.943022	1.546433
0.942956	1.544238
0.942889	1.542042
0.942823	1.539843
0.942757	1.537643
0.94269	1.535442
0.942624	1.533239
0.942558	1.531034
0.942491	1.528828
0.942425	1.526619
0.942358	1.524409
0.942291	1.522197
0.942224	1.519984
0.942157	1.517769
0.942091	1.515552
0.942024	1.513334
0.941957	1.511114
0.941891	1.508892
0.941824	1.506668
0.941757	1.504443
0.941689	1.502216
0.941622	1.499987
0.941555	1.497756
0.941488	1.495524
0.941421	1.493291
0.941353	1.491056
0.941285	1.488819
0.941218	1.48658
0.94115	1.484339
0.941083	1.482097
0.941015	1.479852
0.940948	1.477606
0.94088	1.475359
0.940813	1.47311
0.940745	1.470859
0.940677	1.468606
0.940609	1.466352
0.940541	1.464096
0.940473	1.461838
0.940405	1.459578
0.940337	1.457317
0.940269	1.455054
0.940201	1.452789
0.940133	1.450522
0.940064	1.448254
0.939996	1.445984
0.939928	1.443713
0.939859	1.441439
0.939791	1.439164
0.939723	1.436887
0.939654	1.434609
0.939585	1.432329
0.939516	1.430046
0.939448	1.427762
0.939379	1.425476
0.93931	1.423189
0.939242	1.4209
0.939173	1.418609
0.939104	1.416316
0.939034	1.414022
0.938965	1.411726
0.938896	1.409428
0.938827	1.407128
0.938758	1.404827
0.938689	1.402524
0.93862	1.400219
0.938551	1.397912
0.938481	1.395604
0.938412	1.393294
0.938342	1.390982
0.938273	1.388668
0.938203	1.386352
0.938134	1.384035
0.938064	1.381716
0.937994	1.379396
0.937924	1.377073
0.937854	1.374749
0.937784	1.372422
0.937714	1.370095
0.937644	1.367765
0.937574	1.365434
0.937505	1.3631
0.937435	1.360765
0.937364	1.358429
0.937294	1.35609
0.937224	1.35375
0.937153	1.351408
0.937083	1.349064
0.937012	1.346718
0.936942	1.34437
0.936871	1.342021
0.936801	1.33967
0.936731	1.337317
0.93666	1.334963
0.936589	1.332606
0.936518	1.330248
0.936447	1.327888
0.936376	1.325526
0.936305	1.323163
0.936234	1.320797
0.936163	1.31843
0.936092	1.316061
0.936021	1.31369
0.93595	1.311318
0.935879	1.308943
0.935808	1.306567
0.935736	1.304189
0.935665	1.301808
0.935593	1.299427
0.935522	1.297043
0.93545	1.294658
0.935379	1.292271
0.935307	1.289882
0.935236	1.287492
0.935164	1.285099
0.935092	1.282704
0.93502	1.280308
0.934948	1.27791
0.934876	1.275511
0.934804	1.273109
0.934733	1.270705
0.93466	1.2683
0.934588	1.265892
0.934516	1.263483
0.934443	1.261072
0.934371	1.258659
0.934299	1.256245
0.934227	1.253829
0.934154	1.251411
0.934082	1.248991
0.934009	1.246569
0.933936	1.244145
0.933864	1.241719
0.933791	1.239292
0.933718	1.236862
0.933645	1.234431
0.933572	1.231998
0.9335	1.229563
0.933427	1.227126
0.933354	1.224688
0.933281	1.222247
0.933207	1.219805
0.933134	1.217361
0.933061	1.214916
0.932988	1.212468
0.932915	1.210018
0.932841	1.207566
0.932768	1.205113
0.932694	1.202658
0.932621	1.2002
0.932547	1.197741
0.932473	1.19528
0.932399	1.192817
0.932325	1.190353
0.932251	1.187886
0.932178	1.185418
0.932104	1.182948
0.93203	1.180475
0.931956	1.178001
0.931882	1.175525
0.931808	1.173047
0.931734	1.170567
0.931659	1.168086
0.931585	1.165602
0.931511	1.163117
0.931437	1.16063
0.931362	1.158141
0.931288	1.15565
0.931213	1.153157
0.931139	1.150662
0.931064	1.148165
0.930989	1.145666
0.930914	1.143166
0.930839	1.140664
0.930765	1.138159
0.93069	1.135653
0.930615	1.133144
0.930541	1.130634
0.930465	1.128122
0.93039	1.125609
0.930315	1.123093
0.930239	1.120575
0.930164	1.118056
0.930089	1.115534
0.930013	1.11301
0.929938	1.110485
0.929862	1.107958
0.929787	1.105429
0.929712	1.102897
0.929636	1.100364
0.92956	1.097829
0.929485	1.095293
0.929409	1.092754
0.929333	1.090213
0.929257	1.08767
0.929181	1.085125
0.929105	1.082578
0.929029	1.080029
0.928952	1.077479
0.928876	1.074926
0.9288	1.072372
0.928724	1.069816
0.928648	1.067258
0.928571	1.064698
0.928494	1.062136
0.928418	1.059571
0.928341	1.057005
0.928265	1.054437
0.928188	1.051867
0.928112	1.049296
0.928035	1.046721
0.927958	1.044145
0.927881	1.041567
0.927804	1.038987
0.927728	1.036405
0.927651	1.033822
0.927573	1.031237
0.927496	1.028649
0.927418	1.026059
0.927341	1.023467
0.927264	1.020874
0.927186	1.018278
0.927109	1.015681
0.927032	1.013081
0.926954	1.01048
0.926877	1.007876
0.926799	1.005271
0.926721	1.002664
0.926643	1.000054
0.926566	0.997442
0.926488	0.994829
0.92641	0.992214
0.926332	0.989597
0.926254	0.986978
0.926176	0.984356
0.926098	0.981732
0.92602	0.979107
0.925942	0.976479
0.925863	0.97385
0.925785	0.971219
0.925706	0.968586
0.925628	0.96595
0.925549	0.963313
0.925471	0.960673
0.925392	0.958031
0.925313	0.955388
0.925235	0.952743
0.925156	0.950096
0.925078	0.947446
0.924999	0.944795
0.92492	0.942141
0.92484	0.939485
0.924761	0.936828
0.924682	0.934168
0.924603	0.931507
0.924524	0.928843
0.924445	0.926177
0.924366	0.923509
0.924286	0.920839
0.924206	0.918168
0.924126	0.915494
0.924047	0.912818
0.923967	0.91014
0.923887	0.90746
0.923808	0.904778
0.923728	0.902094
0.923648	0.899408
0.923569	0.89672
0.923489	0.89403
0.923409	0.891337
0.923328	0.888643
0.923248	0.885946
0.923168	0.883248
0.923088	0.880547
0.923008	0.877845
0.922927	0.87514
0.922846	0.872434
0.922766	0.869725
0.922686	0.867014
0.922605	0.864301
0.922525	0.861586
0.922444	0.858869
0.922363	0.85615
0.922282	0.853429
0.922201	0.850706
0.92212	0.847981
0.922039	0.845253
0.921959	0.842523
0.921878	0.839792
0.921796	0.837058
0.921715	0.834322
0.921634	0.831584
0.921553	0.828844
0.921471	0.826102
0.92139	0.823358
0.921308	0.820612
0.921226	0.817863
0.921144	0.815113
0.921063	0.81236
0.920981	0.809605
0.9209	0.806848
0.920818	0.804089
0.920736	0.801329
0.920654	0.798566
0.920571	0.7958
0.920489	0.793033
0.920407	0.790264
0.920325	0.787492
0.920243	0.784718
0.920161	0.781942
0.920079	0.779164
0.919996	0.776384
0.919914	0.773602
0.919831	0.770817
0.919748	0.768031
0.919666	0.765242
0.919583	0.762451
0.9195	0.759658
0.919418	0.756863
0.919335	0.754066
0.919252	0.751266
0.919169	0.748465
0.919086	0.745661
0.919003	0.742855
0.91892	0.740047
0.918837	0.737237
0.918753	0.734425
0.91867	0.73161
0.918586	0.728794
0.918502	0.725975
0.918419	0.723155
0.918335	0.720332
0.918252	0.717507
0.918168	0.714679
0.918084	0.711849
0.918001	0.709017
0.917917	0.706183
0.917833	0.703347
0.917749	0.700509
0.917665	0.697669
0.917581	0.694826
0.917496	0.691981
0.917412	0.689134
0.917328	0.686285
0.917244	0.683433
0.91716	0.68058
0.917075	0.677724
0.916991	0.674866
0.916906	0.672006
0.916821	0.669143
0.916736	0.666279
0.916651	0.663412
0.916566	0.660543
0.916482	0.657672
0.916397	0.654798
0.916312	0.651923
0.916227	0.649045
0.916141	0.646165
0.916056	0.643283
0.915971	0.640398
0.915886	0.637512
0.915801	0.634623
0.915715	0.631731
0.91563	0.628838
0.915544	0.625943
0.915458	0.623045
0.915373	0.620145
0.915287	0.617242
0.915201	0.614338
0.915115	0.611431
0.915029	0.608522
0.914943	0.605611
0.914857	0.602697
0.914771	0.599781
0.914685	0.596863
0.914599	0.593943
0.914513	0.591021
0.914426	0.588096
0.91434	0.585169
0.914254	0.582239
0.914167	0.579308
0.91408	0.576374
0.913993	0.573438
0.913907	0.5705
0.91382	0.567559
0.913733	0.564616
0.913646	0.561671
0.91356	0.558723
0.913473	0.555773
0.913385	0.552821
0.913298	0.549867
0.913211	0.54691
0.913124	0.543951
0.913037	0.54099
0.91295	0.538027
0.912862	0.535061
0.912775	0.532093
0.912687	0.529123
0.912599	0.52615
0.912511	0.523175
0.912423	0.520198
0.912336	0.517219
0.912248	0.514237
0.91216	0.511253
0.912072	0.508266
0.911984	0.505277
0.911896	0.502286
0.911808	0.499293
0.91172	0.496297
0.911632	0.493299
0.911543	0.490298
0.911454	0.487296
0.911366	0.484291
0.911277	0.481283
0.911189	0.478273
0.9111	0.475261
0.911012	0.472247
0.910922	0.46923
0.910833	0.466211
0.910744	0.46319
0.910656	0.460166
0.910567	0.457139
0.910478	0.454111
0.910388	0.45108
0.910299	0.448047
0.91021	0.445012
0.910121	0.441974
0.910032	0.438933
0.909942	0.43589
0.909852	0.432845
0.909762	0.429798
0.909672	0.426748
0.909583	0.423696
0.909493	0.420642
0.909403	0.417585
0.909314	0.414525
0.909223	0.411464
0.909133	0.4084
0.909043	0.405333
0.908952	0.402265
0.908862	0.399194
0.908772	0.39612
0.908682	0.393044
0.908591	0.389965
0.908501	0.386885
0.90841	0.383802
0.908319	0.380716
0.908228	0.377628
0.908138	0.374538
0.908047	0.371445
0.907956	0.368349
0.907866	0.365252
0.907775	0.362152
0.907684	0.359049
0.907592	0.355944
0.907501	0.352837
0.907409	0.349727
0.907318	0.346615
0.907227	0.3435
0.907136	0.340383
0.907044	0.337263
0.906952	0.334141
0.90686	0.331017
0.906769	0.32789
0.906677	0.324761
0.906585	0.321629
0.906493	0.318494
0.906401	0.315358
0.906309	0.312218
0.906217	0.309077
0.906124	0.305933
0.906032	0.302787
0.90594	0.299638
0.905848	0.296486
0.905755	0.293332
0.905663	0.290176
0.90557	0.287017
0.905477	0.283855
0.905385	0.280692
0.905292	0.277525
0.905199	0.274356
0.905106	0.271185
0.905013	0.268011
0.90492	0.264835
0.904827	0.261656
0.904734	0.258475
0.904641	0.255291
0.904547	0.252104
0.904454	0.248916
0.90436	0.245725
0.904267	0.242531
0.904174	0.239335
0.90408	0.236136
0.903986	0.232934
0.903892	0.22973
0.903798	0.226523
0.903705	0.223314
0.903611	0.220103
0.903516	0.216889
0.903422	0.213672
0.903328	0.210453
0.903234	0.207232
0.903139	0.204008
0.903045	0.200781
0.90295	0.197551
0.902856	0.194319
0.902762	0.191085
0.902667	0.187848
0.902572	0.184609
0.902477	0.181366
0.902382	0.178122
0.902287	0.174875
0.902192	0.171625
0.902097	0.168373
0.902002	0.165118
0.901907	0.16186
0.901812	0.1586
0.901716	0.155338
0.901621	0.152073
0.901525	0.148805
0.90143	0.145535
0.901334	0.142262
0.901239	0.138986
0.901143	0.135708
0.901048	0.132427
0.900952	0.129143
0.900855	0.125857
0.900759	0.122568
0.900663	0.119277
0.900567	0.115983
0.900471	0.112686
0.900374	0.109387
0.900278	0.106086
0.900182	0.102782
0.900085	0.099475
0.899989	0.096165
0.899892	0.092853
0.899795	0.089538
0.899699	0.086221
0.899602	0.082901
0.899505	0.079578
0.899408	0.076252
0.899311	0.072924
0.899214	0.069594
0.899116	0.06626
0.899019	0.062923
0.898921	0.059585
0.898824	0.056244
0.898727	0.0529
0.898629	0.049553
0.898532	0.046203
0.898434	0.042851
0.898337	0.039497
0.898239	0.036139
0.898141	0.032779
0.898042	0.029416
0.897944	0.02605
0.897846	0.022682
0.897748	0.019311
0.89765	0.015938
0.897552	0.012562
0.897453	0.009183
0.897355	0.005802
0.897256	0.002417
0.897158	-0.00097
0.897059	-0.00436
0.89696	-0.007753
0.896861	-0.011148
0.896762	-0.014546
0.896663	-0.017946
0.896564	-0.02135
0.896465	-0.024756
0.896366	-0.028165
0.896267	-0.031577
0.896167	-0.034991
0.896068	-0.038408
0.895969	-0.041828
0.895869	-0.04525
0.895769	-0.048675
0.895669	-0.052104
0.89557	-0.055535
0.89547	-0.058969
0.89537	-0.062405
0.89527	-0.065844
0.89517	-0.069286
0.89507	-0.072731
0.89497	-0.076178
0.89487	-0.079629
0.894769	-0.083082
0.894669	-0.086537
0.894568	-0.089996
0.894468	-0.093457
0.894367	-0.096922
0.894267	-0.100389
0.894166	-0.103859
0.894065	-0.107331
0.893964	-0.110807
0.893863	-0.114285
0.893762	-0.117766
0.893661	-0.12125
0.89356	-0.124737
0.893458	-0.128226
0.893357	-0.131718
0.893256	-0.135213
0.893155	-0.138711
0.893053	-0.142212
0.892951	-0.145716
0.892849	-0.149223
0.892748	-0.152732
0.892646	-0.156244
0.892544	-0.159759
0.892442	-0.163277
0.89234	-0.166798
0.892238	-0.170322
0.892135	-0.173848
0.892033	-0.177377
0.891931	-0.18091
0.891828	-0.184445
0.891726	-0.187983
0.891623	-0.191524
0.89152	-0.195068
0.891417	-0.198615
0.891314	-0.202164
0.891212	-0.205717
0.891109	-0.209272
0.891006	-0.21283
0.890902	-0.216391
0.890799	-0.219955
0.890696	-0.223522
0.890592	-0.227092
0.890489	-0.230665
0.890385	-0.234241
0.890281	-0.237819
0.890178	-0.241401
0.890074	-0.244985
0.889971	-0.248572
0.889867	-0.252163
0.889763	-0.255756
0.889659	-0.259352
0.889555	-0.262951
0.889451	-0.266553
0.889346	-0.270159
0.889242	-0.273767
0.889137	-0.277378
0.889033	-0.280992
0.888928	-0.284609
0.888824	-0.288228
0.888719	-0.291851
0.888614	-0.295477
0.888509	-0.299106
0.888404	-0.302738
0.888299	-0.306372
0.888195	-0.31001
0.888089	-0.313651
0.887983	-0.317295
0.887878	-0.320942
0.887773	-0.324591
0.887667	-0.328244
0.887562	-0.3319
0.887456	-0.335559
0.887351	-0.339221
0.887245	-0.342886
0.887138	-0.346554
0.887032	-0.350224
0.886926	-0.353898
0.88682	-0.357575
0.886714	-0.361255
0.886608	-0.364938
0.886501	-0.368624
0.886395	-0.372313
0.886288	-0.376005
0.886182	-0.3797
0.886076	-0.383399
0.885969	-0.3871
0.885862	-0.390805
0.885754	-0.394512
0.885647	-0.398223
0.885541	-0.401936
0.885434	-0.405653
0.885327	-0.409373
0.885219	-0.413096
0.885112	-0.416822
0.885004	-0.420551
0.884897	-0.424284
0.884789	-0.428019
0.884682	-0.431757
0.884574	-0.435499
0.884466	-0.439244
0.884358	-0.442991
0.88425	-0.446742
0.884142	-0.450496
0.884034	-0.454253
0.883925	-0.458013
0.883817	-0.461776
0.883708	-0.465543
0.8836	-0.469312
0.883491	-0.473085
0.883383	-0.476862
0.883274	-0.480641
0.883165	-0.484424
0.883056	-0.488209
0.882947	-0.491998
0.882838	-0.495789
0.882729	-0.499584
0.88262	-0.503382
0.88251	-0.507184
0.8824	-0.510988
0.882291	-0.514796
0.882181	-0.518607
0.882072	-0.522421
0.881962	-0.526238
0.881853	-0.530059
0.881743	-0.533883
0.881633	-0.53771
0.881523	-0.54154
0.881413	-0.545374
0.881303	-0.54921
0.881192	-0.55305
0.881081	-0.556893
0.880971	-0.560739
0.88086	-0.564589
0.88075	-0.568441
0.88064	-0.572297
0.880529	-0.576157
0.880418	-0.580019
0.880307	-0.583885
0.880195	-0.587755
0.880084	-0.591627
0.879973	-0.595502
0.879862	-0.599381
0.87975	-0.603263
0.879639	-0.607149
0.879527	-0.611038
0.879416	-0.61493
0.879304	-0.618825
0.879192	-0.622724
0.87908	-0.626626
0.878968	-0.630532
0.878857	-0.63444
0.878745	-0.638352
0.878632	-0.642267
0.87852	-0.646185
0.878407	-0.650107
0.878295	-0.654032
0.878182	-0.657961
0.878069	-0.661893
0.877957	-0.665828
0.877844	-0.669767
0.877731	-0.673709
0.877618	-0.677654
0.877506	-0.681603
0.877392	-0.685555
0.877279	-0.68951
0.877166	-0.693469
0.877052	-0.697432
0.876939	-0.701397
0.876825	-0.705366
0.876712	-0.709338
0.876598	-0.713314
0.876484	-0.717293
0.87637	-0.721276
0.876256	-0.725262
0.876142	-0.729251
0.876028	-0.733244
0.875913	-0.73724
0.875799	-0.74124
0.875684	-0.745243
0.87557	-0.749249
0.875455	-0.753259
0.87534	-0.757273
0.875226	-0.76129
0.875111	-0.76531
0.874996	-0.769334
0.874881	-0.773362
0.874765	-0.777392
0.87465	-0.781426
0.874535	-0.785464
0.87442	-0.789505
0.874304	-0.793549
0.874188	-0.797597
0.874073	-0.801649
0.873957	-0.805704
0.873842	-0.809763
0.873726	-0.813825
0.873609	-0.817891
0.873493	-0.82196
0.873377	-0.826033
0.873261	-0.830109
0.873144	-0.834189
0.873028	-0.838272
0.872911	-0.842359
0.872794	-0.84645
0.872678	-0.850543
0.872561	-0.854641
0.872445	-0.858742
0.872328	-0.862846
0.87221	-0.866954
0.872093	-0.871066
0.871975	-0.875182
0.871858	-0.879301
0.871741	-0.883424
0.871623	-0.88755
0.871506	-0.891679
0.871388	-0.895813
0.87127	-0.899949
0.871152	-0.90409
0.871034	-0.908234
0.870916	-0.912382
0.870798	-0.916533
0.87068	-0.920688
0.870562	-0.924846
0.870443	-0.929009
0.870325	-0.933175
0.870206	-0.937345
0.870087	-0.941518
0.869968	-0.945694
0.869849	-0.949875
0.86973	-0.95406
0.869611	-0.958248
0.869492	-0.962439
0.869373	-0.966634
0.869253	-0.970833
0.869133	-0.975035
0.869014	-0.979242
0.868894	-0.983452
0.868775	-0.987666
0.868655	-0.991884
0.868535	-0.996105
0.868415	-1.00033
0.868295	-1.004558
0.868175	-1.008791
0.868054	-1.013027
0.867934	-1.017267
0.867813	-1.021511
0.867693	-1.025758
0.867572	-1.030009
0.867451	-1.034264
0.86733	-1.038523
0.867209	-1.042785
0.867088	-1.047052
0.866968	-1.051322
0.866847	-1.055595
0.866725	-1.059873
0.866604	-1.064155
0.866482	-1.06844
0.86636	-1.072728
0.866239	-1.077021
0.866117	-1.081318
0.865995	-1.085619
0.865873	-1.089924
0.865751	-1.094232
0.865629	-1.098543
0.865506	-1.102859
0.865384	-1.107179
0.865261	-1.111503
0.865139	-1.11583
0.865016	-1.120161
0.864893	-1.124496
0.86477	-1.128835
0.864648	-1.133178
0.864525	-1.137525
0.864402	-1.141876
0.864278	-1.146231
0.864154	-1.15059
0.864031	-1.154952
0.863908	-1.159318
0.863784	-1.163688
0.863661	-1.168063
0.863536	-1.172441
0.863412	-1.176823
0.863288	-1.181209
0.863164	-1.185599
0.86304	-1.189993
0.862916	-1.194391
0.862792	-1.198793
0.862667	-1.203199
0.862543	-1.207609
0.862418	-1.212023
0.862293	-1.21644
0.862168	-1.220862
0.862043	-1.225288
0.861918	-1.229718
0.861792	-1.234152
0.861667	-1.23859
0.861542	-1.243032
0.861416	-1.247478
0.86129	-1.251928
0.861165	-1.256382
0.861039	-1.26084
0.860914	-1.265302
0.860787	-1.269769
0.860661	-1.274239
0.860534	-1.278713
0.860408	-1.283191
0.860282	-1.287674
0.860156	-1.292161
0.860029	-1.296651
0.859902	-1.301146
0.859775	-1.305645
0.859648	-1.310148
0.859521	-1.314655
0.859394	-1.319166
0.859267	-1.323682
0.859139	-1.328201
0.859012	-1.332725
0.858885	-1.337252
0.858757	-1.341785
0.858629	-1.346321
0.858501	-1.350861
0.858373	-1.355405
0.858245	-1.359954
0.858117	-1.364507
0.857989	-1.369064
0.857861	-1.373626
0.857733	-1.378191
0.857604	-1.382761
0.857475	-1.387335
0.857346	-1.391913
0.857218	-1.396495
0.857089	-1.401081
0.85696	-1.405672
0.85683	-1.410267
0.8567	-1.414866
0.856571	-1.41947
0.856442	-1.424077
0.856313	-1.42869
0.856183	-1.433306
0.856053	-1.437927
0.855923	-1.442552
0.855793	-1.447181
0.855663	-1.451815
0.855532	-1.456452
0.855402	-1.461094
0.855272	-1.465741
0.855141	-1.470392
0.855011	-1.475048
0.85488	-1.479707
0.854749	-1.484371
0.854618	-1.489039
0.854487	-1.493711
0.854356	-1.498389
0.854224	-1.50307
0.854093	-1.507755
0.853961	-1.512446
0.85383	-1.51714
0.853698	-1.521839
0.853567	-1.526543
0.853435	-1.53125
0.853302	-1.535962
0.85317	-1.540679
0.853038	-1.5454
0.852905	-1.550125
0.852773	-1.554855
0.852641	-1.55959
0.852508	-1.564329
0.852375	-1.569072
0.852242	-1.57382
0.852109	-1.578573
0.851976	-1.583329
0.851842	-1.588091
0.851709	-1.592856
0.851575	-1.597627
0.851442	-1.602401
0.851308	-1.607181
0.851174	-1.611965
0.85104	-1.616753
0.850907	-1.621546
0.850773	-1.626344
0.850639	-1.631146
0.850504	-1.635952
0.850369	-1.640764
0.850235	-1.645579
0.8501	-1.6504
0.849965	-1.655224
0.84983	-1.660054
0.849695	-1.664889
0.84956	-1.669728
0.849425	-1.674571
0.84929	-1.679419
0.849155	-1.684272
0.849019	-1.689129
0.848883	-1.693991
0.848748	-1.698858
0.848612	-1.70373
0.848476	-1.708606
0.848339	-1.713486
0.848203	-1.718372
0.848066	-1.723262
0.84793	-1.728156
0.847793	-1.733056
0.847656	-1.73796
0.84752	-1.742869
0.847383	-1.747783
0.847246	-1.752701
0.847108	-1.757624
0.846971	-1.762553
0.846833	-1.767485
0.846696	-1.772423
0.846559	-1.777366
0.846421	-1.782313
0.846283	-1.787264
0.846145	-1.792221
0.846007	-1.797182
0.845869	-1.802148
0.845731	-1.80712
0.845592	-1.812096
0.845453	-1.817077
0.845315	-1.822063
0.845176	-1.827053
0.845037	-1.832048
0.844898	-1.837048
0.844759	-1.842054
0.844619	-1.847064
0.84448	-1.852079
0.84434	-1.857099
0.844201	-1.862124
0.844062	-1.867153
0.843922	-1.872188
0.843782	-1.877228
0.843641	-1.882272
0.843501	-1.887322
0.843361	-1.892376
0.843221	-1.897435
0.84308	-1.902499
0.842939	-1.907569
0.842799	-1.912643
0.842658	-1.917723
0.842516	-1.922807
0.842375	-1.927896
0.842234	-1.932991
0.842092	-1.93809
0.841951	-1.943195
0.841809	-1.948305
0.841667	-1.953419
0.841525	-1.958539
0.841383	-1.963663
0.841241	-1.968793
0.841099	-1.973929
0.840957	-1.979069
0.840814	-1.984214
0.840672	-1.989364
0.840529	-1.99452
0.840386	-1.99968
0.840243	-2.004846
0.8401	-2.010016
0.839957	-2.015192
0.839813	-2.020374
0.839669	-2.02556
0.839525	-2.030752
0.839381	-2.035949
0.839238	-2.041151
0.839094	-2.046358
0.83895	-2.05157
0.838806	-2.056788
0.838661	-2.062011
0.838517	-2.067239
0.838372	-2.072473
0.838227	-2.077711
0.838082	-2.082955
0.837937	-2.088205
0.837792	-2.093459
0.837647	-2.098719
0.837502	-2.103984
0.837356	-2.109254
0.83721	-2.11453
0.837065	-2.119811
0.836919	-2.125098
0.836773	-2.13039
0.836627	-2.135687
0.836481	-2.14099
0.836334	-2.146298
0.836188	-2.151611
0.836041	-2.15693
0.835894	-2.162254
0.835747	-2.167584
0.8356	-2.172919
0.835452	-2.178259
0.835305	-2.183606
0.835158	-2.188957
0.83501	-2.194314
0.834862	-2.199676
0.834715	-2.205044
0.834567	-2.210418
0.834419	-2.215797
0.834271	-2.221181
0.834122	-2.226571
0.833974	-2.231966
0.833826	-2.237367
0.833677	-2.242774
0.833528	-2.248186
0.833378	-2.253604
0.833229	-2.259028
0.83308	-2.264457
0.832931	-2.269891
0.832781	-2.275331
0.832631	-2.280777
0.832482	-2.286228
0.832332	-2.291685
0.832181	-2.297148
0.832031	-2.302616
0.831881	-2.308091
0.83173	-2.31357
0.83158	-2.319056
0.831429	-2.324547
0.831278	-2.330044
0.831127	-2.335547
0.830976	-2.341055
0.830825	-2.346569
0.830674	-2.352089
0.830522	-2.357615
0.83037	-2.363146
0.830219	-2.368683
0.830067	-2.374227
0.829915	-2.379776
0.829762	-2.38533
0.829609	-2.39089
0.829457	-2.396457
0.829304	-2.402029
0.829152	-2.407607
0.828999	-2.413191
0.828846	-2.418781
0.828693	-2.424376
0.828539	-2.429978
0.828386	-2.435585
0.828232	-2.441199
0.828078	-2.446818
0.827924	-2.452443
0.82777	-2.458075
0.827616	-2.463713
0.827462	-2.469356
0.827307	-2.475005
0.827152	-2.48066
0.826998	-2.486321
0.826843	-2.491988
0.826688	-2.497662
0.826533	-2.503341
0.826378	-2.509027
0.826222	-2.514718
0.826066	-2.520416
0.82591	-2.52612
0.825754	-2.53183
0.825598	-2.537546
0.825442	-2.543268
0.825286	-2.548996
0.82513	-2.55473
0.824973	-2.560471
0.824816	-2.566217
0.824659	-2.57197
0.824502	-2.577729
0.824345	-2.583494
0.824188	-2.589266
0.82403	-2.595044
0.823872	-2.600828
0.823715	-2.606618
0.823557	-2.612414
0.823399	-2.618217
0.823241	-2.624027
0.823083	-2.629842
0.822924	-2.635664
0.822765	-2.641491
0.822606	-2.647326
0.822447	-2.653167
0.822288	-2.659014
0.822129	-2.664867
0.821969	-2.670727
0.82181	-2.676593
0.821651	-2.682466
0.821491	-2.688345
0.821331	-2.694231
0.82117	-2.700123
0.82101	-2.706021
0.82085	-2.711926
0.820689	-2.717837
0.820529	-2.723755
0.820367	-2.72968
0.820206	-2.73561
0.820046	-2.741548
0.819884	-2.747492
0.819723	-2.753442
0.819561	-2.759399
0.819399	-2.765363
0.819236	-2.771334
0.819074	-2.777311
0.818912	-2.783294
0.81875	-2.789285
0.818588	-2.795282
0.818425	-2.801285
0.818261	-2.807296
0.818099	-2.813312
0.817936	-2.819336
0.817772	-2.825366
0.817609	-2.831403
0.817445	-2.837447
0.817281	-2.843498
0.817117	-2.849555
0.816953	-2.855619
0.816789	-2.86169
0.816624	-2.867767
0.81646	-2.873852
0.816295	-2.879943
0.81613	-2.886041
0.815965	-2.892147
0.8158	-2.898259
0.815634	-2.904378
0.815468	-2.910503
0.815303	-2.916636
0.815137	-2.922775
0.814971	-2.928922
0.814805	-2.935076
0.814639	-2.941236
0.814472	-2.947404
0.814305	-2.953579
0.814138	-2.95976
0.813971	-2.965949
0.813804	-2.972144
0.813637	-2.978347
0.813469	-2.984557
0.813301	-2.990774
0.813134	-2.996998
0.812966	-3.003229
0.812797	-3.009467
0.812629	-3.015712
0.812461	-3.021964
0.812292	-3.028224
0.812123	-3.034492
0.811954	-3.040766
0.811785	-3.047047
0.811616	-3.053335
0.811447	-3.059631
0.811277	-3.065934
0.811107	-3.072245
0.810937	-3.078562
0.810767	-3.084887
0.810596	-3.091219
0.810426	-3.097559
0.810255	-3.103906
0.810085	-3.110261
0.809913	-3.116622
0.809742	-3.122991
0.809571	-3.129368
0.8094	-3.135751
0.809228	3.141042
0.809056	3.134643
0.808884	3.128237
0.808712	3.121823
0.808539	3.115402
0.808367	3.108973
0.808194	3.102536
0.808021	3.096092
0.807848	3.089641
0.807675	3.083182
0.807502	3.076715
0.807328	3.070241
0.807155	3.063759
0.806981	3.057269
0.806807	3.050771
0.806633	3.044266
0.806458	3.037753
0.806283	3.031233
0.806108	3.024705
0.805934	3.018169
0.805759	3.011625
0.805583	3.005074
0.805408	2.998515
0.805232	2.991947
0.805056	2.985372
0.80488	2.978789
0.804704	2.972199
0.804528	2.9656
0.804351	2.958993
0.804174	2.952379
0.803997	2.945757
0.80382	2.939126
0.803642	2.932488
0.803465	2.925842
0.803287	2.919187
0.803109	2.912525
0.802931	2.905855
0.802754	2.899177
0.802575	2.89249
0.802397	2.885795
0.802218	2.879092
0.802039	2.872381
0.801859	2.865662
0.80168	2.858935
0.8015	2.8522
0.801321	2.845456
0.801141	2.838705
0.800961	2.831945
0.80078	2.825177
0.8006	2.8184
0.80042	2.811616
0.800239	2.804823
0.800059	2.798021
0.799877	2.791211
0.799695	2.784393
0.799514	2.777566
0.799332	2.770731
0.79915	2.763887
0.798968	2.757035
0.798786	2.750175
0.798603	2.743307
0.79842	2.73643
0.798237	2.729544
0.798054	2.72265
0.797871	2.715747
0.797688	2.708835
0.797504	2.701915
0.797321	2.694986
0.797137	2.688049
0.796952	2.681103
0.796768	2.674148
0.796583	2.667185
0.796398	2.660212
0.796213	2.653232
0.796028	2.646242
0.795843	2.639244
0.795657	2.632237
0.795471	2.62522
0.795285	2.618196
0.795099	2.611162
0.794912	2.60412
0.794725	2.597069
0.794539	2.590008
0.794352	2.582939
0.794165	2.57586
0.793977	2.568773
0.79379	2.561677
0.793602	2.554572
0.793414	2.547458
0.793226	2.540334
0.793037	2.533202
0.792849	2.52606
0.79266	2.51891
0.79247	2.51175
0.792281	2.504581
0.792092	2.497403
0.791903	2.490215
0.791712	2.483018
0.791522	2.475812
0.791331	2.468597
0.791141	2.461373
0.790951	2.454139
0.79076	2.446896
0.790568	2.439644
0.790377	2.432382
0.790185	2.42511
0.789994	2.41783
0.789802	2.410539
0.78961	2.40324
0.789418	2.39593
0.789225	2.388612
0.789032	2.381283
0.788839	2.373946
0.788646	2.366599
0.788452	2.359242
0.788258	2.351875
0.788065	2.344499
0.787871	2.337112
0.787677	2.329717
0.787482	2.322312
0.787287	2.314896
0.787092	2.307471
0.786897	2.300036
0.786701	2.292592
0.786506	2.285137
0.78631	2.277673
0.786114	2.270199
0.785918	2.262714
0.785721	2.25522
0.785524	2.247716
0.785327	2.240202
0.78513	2.232678
0.784933	2.225143
0.784736	2.217599
0.784538	2.210045
0.78434	2.20248
0.784142	2.194906
0.783943	2.187321
0.783745	2.179726
0.783545	2.172121
0.783346	2.164505
0.783147	2.156879
0.782947	2.149243
0.782747	2.141597
0.782548	2.133941
0.782347	2.126274
0.782147	2.118596
0.781946	2.110908
0.781745	2.10321
0.781543	2.095501
0.781342	2.087781
0.78114	2.080051
0.780938	2.07231
0.780736	2.064559
0.780534	2.056797
0.780331	2.049025
0.780129	2.041242
0.779925	2.033448
0.779722	2.025644
0.779518	2.017829
0.779314	2.010003
0.77911	2.002166
0.778906	1.994318
0.778701	1.98646
0.778496	1.97859
0.778291	1.97071
0.778086	1.962819
0.77788	1.954917
0.777675	1.947004
0.777469	1.93908
0.777263	1.931144
0.777057	1.923198
0.77685	1.91524
0.776643	1.907271
0.776435	1.899291
0.776228	1.8913
0.77602	1.883297
0.775813	1.875284
0.775605	1.867259
0.775396	1.859223
0.775188	1.851175
0.774979	1.843116
0.774769	1.835045
0.77456	1.826963
0.77435	1.81887
0.774141	1.810765
0.773931	1.802649
0.77372	1.794521
0.773509	1.786381
0.773298	1.77823
0.773087	1.770067
0.772875	1.761893
0.772664	1.753707
0.772452	1.745509
0.77224	1.737299
0.772027	1.729077
0.771815	1.720844
0.771601	1.712598
0.771388	1.704341
0.771175	1.696071
0.770961	1.68779
0.770747	1.679496
0.770533	1.671191
0.770318	1.662874
0.770103	1.654545
0.769888	1.646203
0.769673	1.637849
0.769457	1.629483
0.769242	1.621104
0.769026	1.612713
0.768809	1.60431
0.768593	1.595895
0.768376	1.587468
0.768158	1.579028
0.767941	1.570575
0.767723	1.56211
0.767505	1.553633
0.767287	1.545142
0.767068	1.536639
0.766849	1.528124
0.76663	1.519597
0.76641	1.511056
0.76619	1.502502
0.76597	1.493936
0.76575	1.485357
0.76553	1.476765
0.76531	1.46816
0.765089	1.459543
0.764867	1.450912
0.764645	1.442269
0.764424	1.433612
0.764202	1.424942
0.76398	1.416259
0.763757	1.407564
0.763534	1.398855
0.76331	1.390132
0.763086	1.381396
0.762862	1.372648
0.762639	1.363886
0.762414	1.35511
0.76219	1.346321
0.761965	1.337519
0.761739	1.328702
0.761513	1.319873
0.761287	1.31103
0.761061	1.302174
0.760835	1.293304
0.760608	1.28442
0.760381	1.275522
0.760154	1.266611
0.759926	1.257685
0.759698	1.248746
0.75947	1.239793
0.759241	1.230827
0.759012	1.221846
0.758783	1.212852
0.758554	1.203843
0.758324	1.19482
0.758094	1.185783
0.757864	1.176732
0.757633	1.167666
0.757402	1.158586
0.757171	1.149492
0.756939	1.140384
0.756707	1.131261
0.756475	1.122124
0.756242	1.112973
0.756009	1.103806
0.755776	1.094625
0.755543	1.08543
0.755309	1.07622
0.755075	1.066996
0.754841	1.057757
0.754607	1.048502
0.754372	1.039233
0.754136	1.029949
0.7539	1.02065
0.753664	1.011337
0.753428	1.002008
0.753192	0.992664
0.752955	0.983306
0.752717	0.973931
0.752479	0.964542
0.752242	0.955137
0.752004	0.945718
0.751765	0.936283
0.751526	0.926833
0.751287	0.917367
0.751047	0.907885
0.750808	0.898388
0.750567	0.888875
0.750327	0.879347
0.750086	0.869803
0.749845	0.860244
0.749603	0.850669
0.749362	0.841078
0.749119	0.831471
0.748877	0.821848
0.748634	0.812209
0.748392	0.802554
0.748148	0.792883
0.747904	0.783196
0.74766	0.773493
0.747415	0.763773
0.74717	0.754037
0.746925	0.744285
0.74668	0.734516
0.746434	0.724731
0.746187	0.71493
0.74594	0.705112
0.745693	0.695278
0.745446	0.685426
0.745199	0.675558
0.744951	0.665674
0.744703	0.655772
0.744454	0.645854
0.744204	0.635919
0.743955	0.625966
0.743705	0.615997
0.743455	0.60601
0.743205	0.596007
0.742954	0.585986
0.742703	0.575947
0.742451	0.565892
0.742199	0.555819
0.741946	0.545729
0.741693	0.535621
0.74144	0.525496
0.741187	0.515353
0.740934	0.505192
0.74068	0.495014
0.740425	0.484818
0.74017	0.474604
0.739914	0.464372
0.739658	0.454122
0.739402	0.443855
0.739146	0.433569
0.738889	0.423265
0.738632	0.412943
0.738375	0.402602
0.738117	0.392243
0.737858	0.381866
0.737599	0.37147
0.73734	0.361056
0.73708	0.350623
0.73682	0.340171
0.73656	0.329701
0.7363	0.319212
0.736039	0.308704
0.735778	0.298177
0.735516	0.287632
0.735253	0.277067
0.734991	0.266483
0.734727	0.25588
0.734464	0.245257
0.7342	0.234615
0.733936	0.223954
0.733671	0.213274
0.733406	0.202575
0.733141	0.191855
0.732875	0.181115
0.732609	0.170356
0.732342	0.159577
0.732075	0.148779
0.731808	0.137961
0.73154	0.127122
0.731271	0.116263
0.731002	0.105384
0.730733	0.094485
0.730463	0.083566
0.730193	0.072626
0.729923	0.061666
0.729652	0.050685
0.729381	0.039684
0.729109	0.028662
0.728837	0.01762
0.728565	0.006557
0.728292	-0.004528
0.728018	-0.015633
0.727744	-0.026759
0.72747	-0.037907
0.727195	-0.049075
0.72692	-0.060265
0.726644	-0.071477
0.726368	-0.08271
0.726091	-0.093964
0.725814	-0.10524
0.725537	-0.116538
0.725259	-0.127857
0.724981	-0.139197
0.724702	-0.15056
0.724423	-0.161945
0.724143	-0.173353
0.723863	-0.184782
0.723583	-0.196234
0.723302	-0.207708
0.723021	-0.219204
0.722739	-0.230722
0.722456	-0.242264
0.722173	-0.253828
0.72189	-0.265415
0.721606	-0.277025
0.721322	-0.288657
0.721037	-0.300313
0.720752	-0.311992
0.720466	-0.323694
0.72018	-0.335419
0.719893	-0.347167
0.719606	-0.358939
0.719318	-0.370735
0.71903	-0.382554
0.718742	-0.394398
0.718453	-0.406265
0.718163	-0.418155
0.717873	-0.43007
0.717582	-0.442009
0.717291	-0.453972
0.717	-0.46596
0.716708	-0.477972
0.716416	-0.490008
0.716123	-0.502069
0.715829	-0.514155
0.715535	-0.526265
0.71524	-0.538401
0.714945	-0.550561
0.714649	-0.562746
0.714353	-0.574957
0.714057	-0.587193
0.71376	-0.599455
0.713463	-0.611742
0.713165	-0.624054
0.712866	-0.636392
0.712566	-0.648756
0.712266	-0.661146
0.711966	-0.673562
0.711665	-0.686004
0.711364	-0.698473
0.711062	-0.710967
0.71076	-0.723488
0.710457	-0.736036
0.710154	-0.748611
0.70985	-0.761212
0.709545	-0.77384
0.70924	-0.786495
0.708935	-0.799177
0.708628	-0.811887
0.708322	-0.824623
0.708015	-0.837388
0.707707	-0.85018
0.707399	-0.862999
0.70709	-0.875847
0.70678	-0.888722
0.70647	-0.901625
0.706159	-0.914556
0.705848	-0.927516
0.705536	-0.940504
0.705224	-0.953521
0.704911	-0.966567
0.704598	-0.979641
0.704284	-0.992744
0.703969	-1.005876
0.703653	-1.019037
0.703337	-1.032228
0.703021	-1.045448
0.702704	-1.058698
0.702387	-1.071977
0.702068	-1.085286
0.701749	-1.098625
0.70143	-1.111994
0.70111	-1.125393
0.700789	-1.138822
0.700468	-1.152282
0.700146	-1.165773
0.699824	-1.179294
0.699501	-1.192846
0.699177	-1.206429
0.698853	-1.220044
0.698528	-1.233689
0.698202	-1.247366
0.697876	-1.261075
0.697549	-1.274815
0.697222	-1.288587
0.696893	-1.302391
0.696564	-1.316227
0.696235	-1.330096
0.695905	-1.343997
0.695575	-1.357931
0.695244	-1.371897
0.694912	-1.385896
0.694579	-1.399928
0.694246	-1.413993
0.693912	-1.428092
0.693577	-1.442225
0.693242	-1.456391
0.692905	-1.470591
0.692569	-1.484824
0.692231	-1.499092
0.691893	-1.513395
0.691555	-1.527731
0.691215	-1.542102
0.690875	-1.556508
0.690534	-1.570949
0.690193	-1.585424
0.689851	-1.599936
0.689508	-1.614483
0.689165	-1.629066
0.68882	-1.643684
0.688475	-1.658338
0.688129	-1.673028
0.687783	-1.687755
0.687435	-1.702518
0.687088	-1.717317
0.686739	-1.732154
0.68639	-1.747027
0.686041	-1.761938
0.68569	-1.776887
0.685338	-1.791873
0.684985	-1.806897
0.684632	-1.821958
0.684278	-1.837057
0.683924	-1.852195
0.683569	-1.867371
0.683213	-1.882587
0.682856	-1.897841
0.682499	-1.913134
0.68214	-1.928466
0.681781	-1.943838
0.681421	-1.95925
0.68106	-1.974702
0.680699	-1.990194
0.680337	-2.005726
0.679974	-2.021298
0.67961	-2.036911
0.679245	-2.052565
0.67888	-2.06826
0.678513	-2.083997
0.678146	-2.099775
0.677778	-2.115595
0.67741	-2.131458
0.67704	-2.147362
0.67667	-2.163308
0.676299	-2.179298
0.675926	-2.19533
0.675554	-2.211405
0.67518	-2.227523
0.674805	-2.243686
0.67443	-2.259891
0.674053	-2.276141
0.673676	-2.292436
0.673298	-2.308775
0.672919	-2.325159
0.67254	-2.341587
0.672159	-2.358061
0.671777	-2.37458
0.671395	-2.391145
0.671011	-2.407756
0.670627	-2.424413
0.670242	-2.441117
0.669856	-2.457868
0.669469	-2.474665
0.669081	-2.49151
0.668692	-2.508403
0.668303	-2.525342
0.667912	-2.54233
0.667521	-2.559367
0.667128	-2.576451
0.666735	-2.593585
0.66634	-2.610768
0.665945	-2.628001
0.665548	-2.645283
0.665151	-2.662616
0.664752	-2.679998
0.664353	-2.697431
0.663953	-2.714915
0.663552	-2.73245
0.66315	-2.750036
0.662747	-2.767674
0.662343	-2.785364
0.661937	-2.803106
0.661531	-2.820901
0.661123	-2.838749
0.660715	-2.856651
0.660306	-2.874606
0.659895	-2.892615
0.659484	-2.910678
0.659071	-2.928796
0.658658	-2.946968
0.658243	-2.965195
0.657827	-2.983478
0.657411	-3.001817
0.656994	-3.020212
0.656575	-3.038664
0.656155	-3.057173
0.655733	-3.075738
0.655311	-3.094361
0.654888	-3.113042
0.654464	-3.131782
0.654038	3.132605
0.653611	3.113748
0.653183	3.094832
0.652754	3.075856
0.652324	3.05682
0.651893	3.037723
0.651461	3.018565
0.651027	2.999346
0.650592	2.980065
0.650156	2.960723
0.649719	2.941318
0.649281	2.92185
0.648841	2.902319
0.648401	2.882724
0.647959	2.863065
0.647516	2.843342
0.647071	2.823554
0.646625	2.803701
0.646178	2.783782
0.64573	2.763796
0.64528	2.743745
0.64483	2.723626
0.644378	2.70344
0.643924	2.683186
0.64347	2.662863
0.643014	2.642472
0.642557	2.622011
0.642098	2.601481
0.641638	2.580881
0.641177	2.56021
0.640714	2.539467
0.64025	2.518653
0.639785	2.497767
0.639318	2.476808
0.63885	2.455776
0.638381	2.43467
0.63791	2.413491
0.637437	2.392236
0.636963	2.370906
0.636488	2.349501
0.636011	2.328019
0.635534	2.306461
0.635054	2.284826
0.634573	2.263112
0.63409	2.24132
0.633606	2.219448
0.633121	2.197498
0.632634	2.175467
0.632145	2.153355
0.631655	2.131163
0.631163	2.108888
0.63067	2.086531
0.630176	2.06409
0.629679	2.041567
0.629181	2.018959
0.628682	1.996265
0.62818	1.973487
0.627678	1.950622
0.627174	1.92767
0.626668	1.90463
0.62616	1.881502
0.625651	1.858286
0.625139	1.834979
0.624627	1.811583
0.624112	1.788096
0.623596	1.764517
0.623078	1.740846
0.622559	1.717082
0.622037	1.693224
0.621514	1.669272
0.620989	1.645225
0.620463	1.621081
0.619934	1.596841
0.619404	1.572503
0.618871	1.548067
0.618337	1.523531
0.617801	1.498896
0.617263	1.47416
0.616723	1.449323
0.616182	1.424384
0.615638	1.399341
0.615093	1.374194
0.614546	1.348942
0.613996	1.323585
0.613444	1.298121
0.612891	1.272549
0.612336	1.24687
0.611778	1.221081
0.611219	1.195182
0.610656	1.169171
0.610092	1.143049
0.609527	1.116813
0.608959	1.090464
0.608389	1.063999
0.607817	1.037419
0.607242	1.010721
0.606665	0.983906
0.606086	0.956971
0.605505	0.929916
0.604922	0.90274
0.604336	0.875442
0.603748	0.84802
0.603158	0.820474
0.602565	0.792803
0.60197	0.765005
0.601373	0.737079
0.600773	0.709023
0.60017	0.680838
0.599566	0.652521
0.598959	0.624072
0.598349	0.59549
0.597737	0.566772
0.597122	0.537917
0.596505	0.508925
0.595885	0.479793
0.595263	0.450522
0.594637	0.421109
0.594009	0.391554
0.593379	0.361854
0.592746	0.332008
0.59211	0.302015
0.591472	0.271873
0.59083	0.241581
0.590186	0.211138
0.589539	0.180542
0.588889	0.149792
0.588237	0.118885
0.587581	0.08782
0.586922	0.056596
0.58626	0.025212
0.585595	-0.006335
0.584927	-0.038045
0.584256	-0.069923
0.583582	-0.101967
0.582906	-0.134181
0.582226	-0.166567
0.581542	-0.199124
0.580856	-0.231857
0.580165	-0.264766
0.579472	-0.297853
0.578775	-0.331122
0.578074	-0.364572
0.577371	-0.398207
0.576664	-0.432028
0.575954	-0.466037
0.57524	-0.500236
0.574522	-0.534629
0.5738	-0.569216
0.573076	-0.604
0.572347	-0.638983
0.571615	-0.674167
0.570879	-0.709554
0.570139	-0.745149
0.569395	-0.780951
0.568647	-0.816964
0.567895	-0.85319
0.56714	-0.889632
0.56638	-0.926292
0.565616	-0.963173
0.564848	-1.000278
0.564075	-1.037609
0.563298	-1.075168
0.562518	-1.112959
0.561733	-1.150985
0.560943	-1.189248
0.560149	-1.227751
0.55935	-1.266498
0.558547	-1.305491
0.557738	-1.344733
0.556926	-1.384228
0.556108	-1.423979
0.555286	-1.463988
0.554458	-1.50426
0.553626	-1.544797
0.552789	-1.585604
0.551946	-1.626683
0.551098	-1.668039
0.550245	-1.709675
0.549386	-1.751595
0.548523	-1.793802
0.547654	-1.836301
0.546779	-1.879096
0.545899	-1.922189
0.545013	-1.965587
0.544121	-2.009291
0.543223	-2.053309
0.542319	-2.097642
0.541409	-2.142297
0.540493	-2.187278
0.539571	-2.232589
0.538642	-2.278235
0.537706	-2.324221
0.536765	-2.370551
0.535816	-2.417232
0.534861	-2.464267
0.533899	-2.511664
0.532929	-2.559427
0.531953	-2.60756
0.530969	-2.656072
0.529979	-2.704966
0.52898	-2.754249
0.527974	-2.803928
0.526961	-2.854007
0.525939	-2.904495
0.52491	-2.955396
0.523872	-3.006717
0.522826	-3.058467
0.521771	-3.110651
0.520708	3.119908
0.519636	3.066833
0.518555	3.013301
0.517465	2.959304
0.516367	2.904836
0.515258	2.849887
0.514139	2.79445
0.513011	2.738516
0.511872	2.682075
0.510725	2.62512
0.509565	2.567642
0.508396	2.50963
0.507216	2.451076
0.506024	2.391967
0.504821	2.332296
0.503607	2.272052
0.50238	2.211223
0.501142	2.149801
0.499891	2.087769
0.498628	2.025121
0.497352	1.961843
0.496062	1.897921
0.494759	1.833347
0.493441	1.768102
0.49211	1.702176
0.490764	1.635556
0.489403	1.568225
0.488027	1.500172
0.486635	1.431378
0.485227	1.36183
0.483803	1.291514
0.482361	1.220407
0.480903	1.148501
0.479425	1.075771
0.47793	1.002201
0.476416	0.927778
0.474881	0.852472
0.473328	0.776275
0.471752	0.699158
0.470156	0.621104
0.468539	0.542094
0.466897	0.462096
0.465235	0.381099
0.463546	0.299071
0.461832	0.215988
0.460095	0.131833
0.458327	0.046565
0.456535	-0.039831
0.454713	-0.127385
0.45286	-0.216134
0.45098	-0.306093
0.449063	-0.397309
0.447116	-0.489804
0.445135	-0.58361
0.443114	-0.678774
0.441062	-0.77531
0.438964	-0.873276
0.436828	-0.972697
0.434652	-1.073607
0.432425	-1.176067
0.43016	-1.280091
0.427839	-1.385743
0.425469	-1.49306
0.423049	-1.602071
0.420562	-1.712859
0.418027	-1.825431
0.41542	-1.939859
0.412747	-2.056195
0.410012	-2.174458
0.407185	-2.29475
0.404293	-2.417076
0.401308	-2.541506
0.398228	-2.668112
0.395067	-2.796893
0.391776	-2.927967
0.388392	-3.061333
0.384879	3.086146
0.38122	2.948006
0.377445	2.807477
0.373475	2.664445
0.369355	2.518927
0.365043	2.370945
0.360488	2.220405
0.355739	2.067439
0.350675	1.912023
0.345325	1.754234
0.339631	1.594287
0.333463	1.432209
0.3269	1.268381
0.319722	1.103201
0.311836	0.937026
0.303039	0.770482
0.292953	0.604303
0.281513	0.440885
0.267887	0.283628
0.250304	0.135512
0.226235	-0.002
