98,116,1
97,120,2
95,121,3
93,123,4
91,123,5
88,123,6
85,121,7
85,123,8
81,115,9
81,119,10
80,117,11
79,117,12
78,111,13
77,110,14
77,106,15
76,105,16
76,101,17
78,97,18
77,97,19
77,95,20
78,92,21
84,86,22
83,85,23
83,84,24
87,81,25
86,81,26
93,78,27
94,77,28
94,76,29
105,76,30
105,75,31
106,75,32
108,75,33
114,77,34
115,77,35
116,77,36
123,82,37
124,82,38
129,89,39
131,90,40
129,86,41
135,97,42
136,99,43
136,96,44
139,109,45
140,111,46
140,105,47
141,120,48
141,121,49
140,131,50
140,132,51
140,135,52
136,144,53
137,144,54
136,147,55
131,155,56
131,156,57
123,164,58
118,168,59
124,165,60
113,172,61
118,170,62
103,176,63
105,176,64
95,178,65
91,178,66
91,179,67
82,178,68
79,178,69
73,176,70
74,177,71
67,174,72
60,170,73
56,167,74
51,163,75
53,166,76
43,153,77
39,146,78
44,157,79
34,136,80
32,132,81
34,140,82
29,118,83
28,114,84
28,122,85
28,97,86
27,102,87
29,87,88
29,84,89
31,78,90
32,73,91
33,70,92
38,60,93
37,60,94
43,51,95
59,35,96
54,38,97
58,34,98
69,27,99
68,27,100
77,23,101
80,21,102
84,20,103
100,18,104
94,17,105
111,18,106
115,18,107
114,17,108
128,21,109
137,25,110
134,23,111
146,30,112
152,35,113
157,39,114
161,42,115
170,55,116
174,60,117
176,64,118
180,71,119
184,81,120
183,77,121
189,104,122
188,93,123
190,109,124
191,118,125
190,133,126
191,131,127
93,110,128
92,107,129
93,105,130
93,102,131
95,100,132
95,99,133
98,98,134
98,96,135
106,98,136
105,96,137
106,96,138
106,95,139
112,100,140
113,99,141
115,102,142
117,104,143
117,103,144
119,108,145
120,108,146
121,111,147
122,114,148
122,121,149
122,123,150
123,121,151
122,128,152
123,126,153
118,137,154
119,137,155
121,135,156
111,146,157
114,145,158
111,148,159
110,149,160
102,153,161
105,153,162
99,155,163
96,156,164
94,157,165
84,155,166
86,157,167
82,156,168
81,156,169
74,153,170
70,151,171
68,150,172
67,150,173
66,150,174
57,137,175
58,140,176
56,139,177
51,126,178
52,131,179
49,123,180
48,117,181
47,115,182
47,105,183
46,108,184
47,96,185
49,87,186
46,95,187
49,84,188
49,82,189
57,68,190
54,71,191
61,62,192
55,68,193
64,57,194
71,52,195
68,53,196
77,47,197
80,45,198
85,43,199
92,41,200
95,40,201
99,40,202
101,39,203
110,40,204
118,42,205
116,40,206
126,44,207
130,46,208
132,46,209
141,53,210
145,56,211
141,51,212
159,76,213
156,69,214
157,70,215
162,79,216
164,83,217
168,96,218
169,99,219
170,101,220
171,113,221
172,116,222
169,139,223
171,135,224
170,141,225
167,151,226
168,150,227
161,166,228
163,164,229
160,170,230
144,189,231
158,175,232
145,190,233
138,196,234
138,197,235
131,202,236
122,207,237
116,210,238
107,212,239
99,214,240
85,214,241
92,215,242
75,213,243
73,213,244
66,211,245
64,211,246
51,205,247
47,203,248
36,194,249
38,197,250
26,185,251
21,179,252
20,178,253
15,171,254
97,112,255
102,112,256
103,116,257
105,116,258
104,122,259
106,120,260
102,127,261
105,125,262
100,130,263
101,131,264
98,132,265
97,134,266
94,134,267
92,135,268
87,134,269
89,136,270
85,135,271
83,134,272
81,134,273
78,132,274
77,131,275
73,126,276
74,130,277
71,125,278
68,118,279
68,120,280
67,108,281
66,112,282
65,111,283
67,97,284
66,97,285
64,103,286
65,97,287
70,86,288
66,90,289
69,85,290
73,79,291
73,78,292
78,73,293
81,70,294
79,71,295
86,67,296
89,65,297
89,64,298
96,63,299
98,62,300
98,61,301
107,62,302
113,63,303
113,62,304
121,66,305
118,63,306
123,66,307
130,71,308
131,71,309
136,76,310
140,82,311
140,81,312
143,86,313
147,94,314
148,96,315
149,96,316
151,110,317
152,111,318
152,121,319
153,117,320
153,122,321
150,139,322
152,134,323
149,144,324
147,150,325
147,152,326
142,160,327
142,161,328
142,162,329
132,173,330
128,177,331
126,179,332
124,181,333
115,186,334
110,188,335
113,188,336
100,191,337
94,192,338
96,193,339
73,189,340
76,191,341
74,191,342
68,189,343
58,184,344
53,181,345
54,182,346
48,178,347
38,167,348
35,164,349
31,158,350
28,152,351
29,156,352
22,140,353
21,137,354
18,126,355
17,123,356
16,115,357
17,94,358
15,110,359
16,92,360
18,82,361
16,86,362
20,72,363
26,57,364
23,61,365
34,43,366
35,41,367
36,39,368
44,30,369
58,19,370
58,18,371
59,17,372
68,12,373
78,8,374
79,7,375
88,5,376
95,4,377
101,3,378
112,4,379
121,5,380
118,4,381
95,116,382
92,117,383
89,116,384
87,115,385
86,113,386
84,112,387
84,109,388
83,108,389
85,101,390
82,105,391
84,99,392
84,98,393
86,94,394
86,93,395
91,89,396
89,89,397
90,88,398
94,86,399
96,85,400
98,84,401
100,83,402
106,84,403
107,83,404
108,83,405
113,85,406
114,85,407
118,88,408
121,91,409
121,89,410
126,97,411
125,94,412
129,102,413
129,100,414
131,104,415
132,109,416
133,112,417
133,120,418
134,120,419
133,126,420
134,126,421
132,134,422
131,138,423
128,144,424
131,140,425
127,147,426
124,152,427
124,153,428
118,158,429
115,161,430
116,161,431
106,166,432
108,166,433
103,168,434
98,169,435
96,170,436
87,170,437
85,170,438
79,169,439
75,168,440
74,168,441
69,166,442
64,163,443
60,160,444
57,158,445
54,155,446
48,147,447
47,146,448
45,143,449
42,137,450
40,133,451
38,127,452
36,119,453
35,112,454
35,108,455
34,107,456
35,96,457
36,89,458
38,80,459
38,79,460
40,73,461
45,63,462
43,65,463
50,55,464
53,51,465
53,50,466
58,45,467
64,40,468
70,36,469
77,32,470
81,30,471
87,28,472
92,27,473
97,26,474
107,26,475
110,26,476
120,28,477
121,28,478
126,29,479
135,33,480
138,35,481
146,40,482
151,44,483
153,46,484
161,55,485
163,57,486
168,65,487
169,66,488
175,79,489
176,80,490
179,90,491
181,97,492
183,112,493
183,118,494
184,119,495
182,139,496
181,144,497
181,147,498
179,154,499
176,163,500
172,173,501
171,175,502
165,185,503
160,192,504
154,199,505
149,204,506
146,207,507
141,211,508
96,108,509
98,105,510
100,104,511
101,103,512
105,104,513
105,103,514
108,106,515
108,103,516
112,111,517
113,110,518
114,112,519
114,110,520
115,118,521
115,120,522
116,121,523
116,122,524
115,127,525
112,133,526
114,131,527
112,135,528
111,137,529
106,141,530
108,141,531
104,144,532
102,145,533
98,147,534
94,147,535
93,148,536
93,149,537
84,147,538
84,148,539
83,148,540
77,146,541
72,142,542
74,145,543
70,142,544
67,139,545
63,134,546
60,127,547
60,130,548
58,126,549
56,119,550
55,115,551
55,120,552
54,110,553
53,108,554
53,103,555
54,96,556
55,91,557
56,86,558
57,83,559
57,82,560
63,72,561
60,75,562
64,69,563
71,62,564
71,61,565
79,56,566
82,54,567
80,54,568
85,52,569
82,52,570
98,49,571
98,48,572
105,48,573
108,48,574
111,48,575
121,51,576
120,50,577
131,56,578
131,55,579
135,58,580
144,67,581
146,69,582
148,71,583
149,71,584
157,88,585
158,90,586
157,84,587
162,104,588
162,102,589
163,101,590
164,116,591
164,126,592
165,121,593
162,141,594
162,143,595
160,149,596
158,155,597
157,158,598
153,166,599
153,167,600
144,179,601
145,179,602
138,186,603
123,196,604
126,195,605
124,197,606
114,201,607
110,203,608
100,205,609
98,206,610
92,206,611
79,205,612
86,207,613
68,203,614
67,203,615
61,201,616
57,199,617
47,193,618
45,192,619
36,184,620
28,175,621
29,177,622
22,168,623
13,148,624
14,152,625
12,148,626
7,131,627
7,133,628
5,123,629
4,111,630
4,98,631
4,93,632
5,84,633
7,76,634
6,76,635
100,116,636
100,119,637
98,122,638
98,124,639
96,125,640
96,126,641
92,127,642
92,128,643
87,126,644
87,128,645
85,127,646
83,127,647
79,122,648
79,123,649
77,119,650
76,119,651
75,118,652
73,112,653
73,109,654
72,109,655
71,108,656
73,98,657
74,95,658
72,97,659
73,94,660
73,92,661
80,83,662
79,83,663
77,84,664
88,76,665
84,77,666
87,75,667
87,74,668
96,72,669
95,71,670
99,70,671
103,70,672
108,70,673
115,73,674
113,71,675
117,72,676
121,75,677
122,75,678
125,77,679
131,83,680
131,82,681
131,80,682
140,99,683
138,92,684
140,94,685
143,107,686
143,104,687
144,118,688
145,114,689
146,116,690
145,126,691
146,124,692
142,140,693
139,148,694
144,139,695
139,150,696
140,150,697
130,163,698
133,161,699
123,170,700
130,166,701
122,172,702
112,178,703
111,179,704
108,180,705
107,181,706
99,183,707
93,184,708
89,184,709
85,184,710
81,184,711
72,181,712
62,176,713
66,180,714
55,172,715
52,170,716
54,173,717
43,161,718
40,157,719
46,167,720
31,140,721
30,140,722
30,141,723
26,128,724
25,126,725
24,115,726
23,112,727
23,104,728
22,102,729
23,94,730
30,69,731
25,81,732
29,68,733
34,58,734
32,60,735
40,48,736
39,48,737
45,40,738
63,26,739
45,38,740
64,24,741
71,20,742
70,20,743
80,16,744
86,14,745
90,13,746
101,12,747
107,12,748
116,13,749
114,12,750
133,18,751
132,17,752
148,26,753
143,22,754
153,29,755
155,30,756
167,43,757
164,38,758
174,51,759
183,68,760
180,60,761
187,76,762
93,113,763
90,110,764
90,107,765
89,107,766
90,102,767
88,103,768
92,98,769
89,99,770
97,95,771
94,94,772
97,93,773
98,92,774
103,92,775
104,91,776
107,92,777
107,91,778
110,92,779
112,93,780
114,94,781
117,97,782
120,100,783
122,106,784
122,101,785
124,108,786
125,110,787
126,111,788
126,120,789
127,118,790
128,117,791
122,136,792
125,132,793
126,131,794
123,138,795
120,143,796
122,142,797
119,146,798
115,150,799
112,153,800
109,155,801
107,157,802
105,158,803
103,159,804
96,161,805
100,161,806
91,162,807
88,162,808
89,163,809
77,159,810
75,159,811
77,161,812
65,153,813
68,157,814
62,151,815
59,149,816
57,147,817
53,142,818
49,134,819
48,132,820
47,130,821
44,121,822
43,116,823
43,121,824
42,107,825
41,108,826
43,93,827
41,101,828
43,88,829
48,75,830
46,78,831
50,69,832
52,66,833
52,65,834
59,56,835
60,54,836
70,46,837
61,52,838
78,41,839
82,39,840
80,39,841
92,36,842
96,35,843
96,34,844
110,35,845
107,34,846
107,33,847
131,42,848
130,40,849
129,39,850
133,41,851
144,49,852
147,51,853
149,53,854
155,59,855
163,72,856
162,69,857
166,77,858
170,88,859
169,82,860
174,101,861
175,106,862
176,114,863
176,118,864
177,120,865
173,143,866
177,128,867
174,144,868
169,159,869
171,157,870
167,166,871
157,182,872
165,172,873
149,192,874
146,196,875
147,196,876
138,203,877
121,212,878
121,213,879
117,215,880
105,218,881
102,219,882
97,220,883
80,219,884
89,221,885
76,219,886
64,216,887
58,214,888
59,215,889
98,110,890
102,109,891
104,111,892
106,111,893
107,115,894
108,115,895
108,119,896
109,119,897
107,126,898
109,125,899
106,129,900
106,131,901
103,133,902
102,135,903
103,135,904
100,137,905
97,139,906
93,139,907
93,140,908
91,141,909
88,141,910
83,139,911
82,139,912
81,139,913
76,136,914
74,135,915
72,133,916
71,132,917
68,129,918
65,121,919
65,124,920
63,118,921
62,116,922
62,104,923
61,113,924
60,108,925
62,96,926
61,96,927
63,90,928
62,91,929
66,82,930
64,84,931
69,77,932
68,76,933
73,71,934
77,67,935
76,67,936
84,62,937
83,62,938
90,59,939
94,58,940
91,58,941
103,57,942
102,56,943
107,56,944
112,57,945
118,59,946
121,60,947
126,62,948
128,63,949
131,65,950
136,69,951
140,74,952
142,76,953
146,82,954
147,83,955
150,89,956
152,93,957
155,105,958
155,104,959
156,107,960
157,114,961
157,122,962
157,127,963
157,131,964
153,146,965
152,149,966
151,153,967
147,161,968
148,160,969
143,168,970
142,170,971
133,179,972
129,183,973
127,185,974
120,189,975
121,189,976
112,193,977
106,195,978
99,197,979
91,197,980
92,198,981
87,198,982
79,197,983
68,194,984
63,192,985
55,188,986
57,190,987
51,186,988
42,179,989
40,177,990
33,169,991
29,164,992
25,157,993
24,156,994
18,142,995
17,141,996
15,133,997
13,126,998
12,119,999
11,112,1000
12,91,1001
12,88,1002
12,85,1003
16,70,1004
19,62,1005
18,63,1006
21,56,1007
28,43,1008
32,37,1009
35,33,1010
40,27,1011
45,22,1012
55,14,1013
59,11,1014
65,8,1015
66,7,1016
97,115,1017
94,120,1018
91,120,1019
90,121,1020
88,120,1021
87,120,1022
84,116,1023
84,119,1024
81,110,1025
80,114,1026
80,109,1027
79,106,1028
79,103,1029
79,101,1030
80,98,1031
79,98,1032
80,95,1033
82,92,1034
83,89,1035
85,87,1036
86,85,1037
93,82,1038
92,81,1039
93,80,1040
96,79,1041
98,78,1042
106,79,1043
104,78,1044
105,77,1045
117,83,1046
115,81,1047
116,81,1048
116,80,1049
123,86,1050
125,87,1051
127,89,1052
130,93,1053
131,95,1054
135,107,1055
135,103,1056
136,104,1057
137,112,1058
138,116,1059
138,119,1060
138,125,1061
138,127,1062
138,129,1063
135,139,1064
135,141,1065
133,146,1066
130,151,1067
129,153,1068
125,158,1069
126,158,1070
123,161,1071
115,167,1072
116,167,1073
110,170,1074
102,173,1075
102,174,1076
97,175,1077
92,175,1078
84,175,1079
87,176,1080
78,174,1081
74,173,1082
70,172,1083
66,170,1084
64,169,1085
55,162,1086
55,163,1087
52,160,1088
46,153,1089
41,145,1090
40,143,1091
41,147,1092
34,127,1093
33,123,1094
33,130,1095
31,113,1096
30,110,1097
30,105,1098
30,98,1099
32,86,1100
31,87,1101
36,72,1102
36,71,1103
38,66,1104
43,57,1105
46,52,1106
49,48,1107
52,44,1108
60,37,1109
62,35,1110
66,32,1111
83,25,1112
78,26,1113
78,25,1114
92,22,1115
96,21,1116
109,21,1117
113,21,1118
114,21,1119
122,23,1120
122,22,1121
136,28,1122
140,30,1123
144,32,1124
154,41,1125
154,40,1126
164,51,1127
168,56,1128
173,64,1129
177,72,1130
175,66,1131
184,95,1132
184,91,1133
185,94,1134
187,108,1135
188,114,1136
188,119,1137
187,136,1138
187,137,1139
185,149,1140
182,160,1141
180,165,1142
179,169,1143
94,109,1144
94,106,1145
96,103,1146
97,101,1147
99,101,1148
99,99,1149
103,99,1150
104,98,1151
109,102,1152
109,100,1153
110,101,1154
110,99,1155
115,107,1156
116,107,1157
117,110,1158
118,111,1159
119,113,1160
119,119,1161
120,120,1162
121,119,1163
120,124,1164
117,132,1165
117,133,1166
118,133,1167
117,136,1168
116,138,1169
110,144,1170
110,145,1171
111,145,1172
100,150,1173
100,151,1174
99,152,1175
96,153,1176
91,153,1177
93,154,1178
88,154,1179
84,153,1180
82,153,1181
72,147,1182
75,151,1183
70,148,1184
66,144,1185
63,141,1186
63,142,1187
59,136,1188
58,135,1189
57,136,1190
53,123,1191
52,121,1192
52,125,1193
50,111,1194
49,112,1195
50,98,1196
48,104,1197
49,97,1198
51,89,1199
50,88,1200
55,77,1201
58,72,1202
54,76,1203
60,67,1204
57,70,1205
74,54,1206
66,59,1207
76,52,1208
73,52,1209
82,48,1210
91,45,1211
92,44,1212
97,43,1213
102,43,1214
102,42,1215
110,43,1216
119,45,1217
117,44,1218
119,44,1219
132,51,1220
140,57,1221
132,49,1222
146,62,1223
150,66,1224
146,60,1225
157,77,1226
158,78,1227
156,72,1228
165,99,1229
165,95,1230
166,97,1231
168,109,1232
168,125,1233
169,120,1234
169,126,1235
167,140,1236
168,137,1237
165,150,1238
156,168,1239
161,161,1240
157,169,1241
152,176,1242
151,179,1243
141,189,1244
144,187,1245
138,193,1246
122,202,1247
133,198,1248
119,205,1249
110,208,1250
108,209,1251
99,211,1252
90,211,1253
87,212,1254
74,210,1255
69,209,1256
64,207,1257
64,208,1258
45,197,1259
44,197,1260
36,190,1261
36,191,1262
28,183,1263
26,181,1264
15,164,1265
15,166,1266
11,157,1267
7,147,1268
7,149,1269
2,130,1270
101,113,1271
102,115,1272
102,120,1273
103,121,1274
102,123,1275
102,125,1276
98,128,1277
100,129,1278
94,130,1279
96,131,1280
92,132,1281
92,133,1282
88,132,1283
84,131,1284
82,130,1285
82,131,1286
79,129,1287
78,128,1288
76,127,1289
73,122,1290
72,122,1291
70,115,1292
70,119,1293
69,114,1294
68,111,1295
67,109,1296
69,99,1297
67,103,1298
67,99,1299
73,87,1300
70,90,1301
70,88,1302
73,83,1303
79,77,1304
74,80,1305
82,73,1306
85,71,1307
85,70,1308
91,68,1309
93,67,1310
95,66,1311
99,65,1312
105,65,1313
108,65,1314
109,65,1315
114,66,1316
110,64,1317
125,72,1318
126,72,1319
123,69,1320
133,78,1321
131,75,1322
134,78,1323
139,85,1324
142,90,1325
143,90,1326
147,104,1327
147,103,1328
148,106,1329
149,110,1330
150,115,1331
150,121,1332
150,124,1333
149,133,1334
146,143,1335
148,140,1336
146,146,1337
140,157,1338
142,155,1339
138,162,1340
132,169,1341
133,169,1342
123,177,1343
123,178,1344
122,179,1345
112,184,1346
102,187,1347
103,187,1348
104,188,1349
92,189,1350
86,189,1351
89,190,1352
71,186,1353
70,186,1354
72,188,1355
52,175,1356
55,179,1357
52,177,1358
48,174,1359
39,164,1360
36,160,1361
32,154,1362
32,155,1363
27,144,1364
25,140,1365
23,134,1366
21,126,1367
20,124,1368
19,106,1369
18,108,1370
19,95,1371
19,89,1372
19,88,1373
26,66,1374
19,82,1375
29,57,1376
30,55,1377
32,50,1378
35,45,1379
44,35,1380
45,33,1381
60,21,1382
58,22,1383
61,19,1384
74,13,1385
85,10,1386
85,9,1387
89,8,1388
98,7,1389
103,6,1390
114,7,1391
122,9,1392
122,8,1393
138,14,1394
147,19,1395
152,22,1396
150,20,1397
94,115,1398
92,115,1399
88,112,1400
87,111,1401
86,108,1402
85,108,1403
86,103,1404
85,102,1405
89,97,1406
85,100,1407
89,94,1408
89,93,1409
93,91,1410
93,90,1411
97,88,1412
96,87,1413
99,87,1414
105,87,1415
105,86,1416
107,86,1417
108,86,1418
114,90,1419
114,88,1420
117,91,1421
120,93,1422
121,94,1423
124,98,1424
126,102,1425
126,99,1426
129,112,1427
129,107,1428
130,113,1429
131,114,1430
130,124,1431
132,119,1432
131,127,1433
129,133,1434
130,133,1435
126,142,1436
128,140,1437
124,146,1438
121,150,1439
118,154,1440
121,152,1441
115,157,1442
113,159,1443
111,161,1444
102,164,1445
101,165,1446
100,166,1447
92,167,1448
93,168,1449
82,166,1450
83,167,1451
78,166,1452
74,165,1453
66,160,1454
64,159,1455
62,158,1456
58,155,1457
53,149,1458
54,151,1459
47,139,1460
47,141,1461
44,135,1462
41,126,1463
41,128,1464
39,119,1465
38,114,1466
37,109,1467
38,96,1468
37,99,1469
39,89,1470
39,85,1471
39,84,1472
43,74,1473
47,66,1474
48,63,1475
51,58,1476
54,54,1477
62,46,1478
61,46,1479
71,39,1480
73,38,1481
75,36,1482
86,32,1483
88,31,1484
94,30,1485
98,29,1486
104,29,1487
114,30,1488
113,29,1489
124,32,1490
129,34,1491
137,38,1492
143,42,1493
149,47,1494
146,43,1495
152,49,1496
158,56,1497
162,61,1498
166,67,1499
170,74,1500
174,84,1501
176,89,1502
178,98,1503
179,101,1504
180,110,1505
181,115,1506
180,132,1507
181,130,1508
177,149,1509
177,150,1510
177,152,1511
173,163,1512
164,180,1513
165,180,1514
163,183,1515
153,195,1516
152,197,1517
147,202,1518
138,209,1519
132,213,1520
127,216,1521
120,219,1522
112,222,1523
109,223,1524
97,108,1525
100,106,1526
103,106,1527
104,106,1528
106,107,1529
107,107,1530
109,110,1531
110,109,1532
111,115,1533
113,115,1534
112,122,1535
113,122,1536
112,126,1537
112,127,1538
111,130,1539
111,131,1540
109,134,1541
108,136,1542
105,139,1543
104,140,1544
103,141,1545
97,143,1546
97,144,1547
95,145,1548
91,145,1549
87,145,1550
86,145,1551
83,145,1552
82,145,1553
74,140,1554
73,140,1555
72,139,1556
70,138,1557
65,131,1558
66,134,1559
63,129,1560
61,126,1561
59,121,1562
58,113,1563
57,114,1564
57,107,1565
56,108,1566
56,101,1567
57,97,1568
57,94,1569
58,89,1570
59,85,1571
61,81,1572
62,78,1573
65,73,1574
67,70,1575
70,67,1576
73,64,1577
73,63,1578
79,59,1579
84,56,1580
88,54,1581
92,53,1582
98,52,1583
98,51,1584
105,51,1585
107,51,1586
113,52,1587
118,53,1588
123,55,1589
130,59,1590
132,60,1591
136,63,1592
137,63,1593
143,70,1594
146,73,1595
150,79,1596
154,87,1597
156,92,1598
157,94,1599
157,92,1600
160,110,1601
161,113,1602
161,105,1603
162,121,1604
161,132,1605
161,133,1606
159,143,1607
157,150,1608
157,151,1609
152,162,1610
147,170,1611
146,172,1612
142,177,1613
140,180,1614
133,186,1615
130,189,1616
122,194,1617
116,197,1618
117,197,1619
100,201,1620
99,202,1621
97,203,1622
90,203,1623
83,203,1624
78,202,1625
69,200,1626
68,200,1627
57,195,1628
57,196,1629
44,187,1630
40,184,1631
38,182,1632
30,173,1633
27,170,1634
20,158,1635
17,152,1636
16,150,1637
12,139,1638
12,142,1639
8,115,1640
7,115,1641
7,101,1642
6,105,1643
7,91,1644
8,83,1645
9,78,1646
11,70,1647
14,61,1648
18,51,1649
23,42,1650
24,40,1651
97,113,1652
98,120,1653
95,122,1654
96,123,1655
92,124,1656
91,125,1657
88,124,1658
87,125,1659
82,119,1660
83,123,1661
81,121,1662
80,121,1663
78,115,1664
77,114,1665
76,111,1666
75,110,1667
75,107,1668
76,99,1669
75,100,1670
75,98,1671
74,99,1672
78,91,1673
78,90,1674
78,88,1675
80,85,1676
81,84,1677
88,79,1678
88,78,1679
86,78,1680
97,75,1681
97,74,1682
99,73,1683
103,73,1684
105,73,1685
104,72,1686
110,73,1687
117,76,1688
116,75,1689
126,83,1690
125,81,1691
124,79,1692
132,89,1693
134,92,1694
134,90,1695
138,100,1696
139,101,1697
138,95,1698
141,113,1699
142,112,1700
142,119,1701
143,120,1702
143,123,1703
140,137,1704
142,132,1705
141,138,1706
138,145,1707
138,147,1708
132,156,1709
127,162,1710
132,158,1711
126,164,1712
127,165,1713
112,174,1714
116,173,1715
106,177,1716
110,177,1717
100,179,1718
95,180,1719
94,181,1720
89,181,1721
80,180,1722
82,181,1723
72,178,1724
65,175,1725
60,172,1726
63,175,1727
51,165,1728
46,159,1729
51,167,1730
39,150,1731
38,149,1732
38,151,1733
31,133,1734
31,134,1735
31,138,1736
27,114,1737
26,115,1738
26,106,1739
25,106,1740
27,90,1741
26,92,1742
28,81,1743
30,75,1744
30,72,1745
37,58,1746
45,47,1747
40,52,1748
44,46,1749
53,37,1750
53,36,1751
66,27,1752
60,30,1753
68,25,1754
85,19,1755
71,22,1756
87,17,1757
98,16,1758
98,15,1759
106,15,1760
119,17,1761
119,16,1762
128,19,1763
135,22,1764
143,26,1765
146,27,1766
159,39,1767
160,39,1768
167,47,1769
166,45,1770
174,56,1771
177,60,1772
184,78,1773
184,75,1774
187,85,1775
190,98,1776
191,99,1777
192,111,1778
92,111,1779
92,110,1780
92,104,1781
91,104,1782
93,101,1783
92,100,1784
95,98,1785
95,96,1786
102,96,1787
100,94,1788
103,94,1789
104,93,1790
110,97,1791
109,95,1792
112,97,1793
115,99,1794
117,101,1795
118,102,1796
119,103,1797
121,107,1798
122,109,1799
123,115,1800
123,117,1801
124,116,1802
124,120,1803
124,125,1804
122,131,1805
124,128,1806
124,130,1807
116,142,1808
119,141,1809
118,143,1810
115,146,1811
109,151,1812
112,150,1813
106,154,1814
103,155,1815
99,157,1816
91,157,1817
96,158,1818
92,159,1819
89,159,1820
80,157,1821
81,158,1822
78,157,1823
75,156,1824
75,157,1825
64,148,1826
62,147,1827
63,150,1828
55,138,1829
55,140,1830
54,138,1831
50,129,1832
49,128,1833
47,123,1834
46,117,1835
45,110,1836
45,103,1837
44,108,1838
45,95,1839
45,93,1840
47,86,1841
47,84,1842
53,71,1843
48,79,1844
54,68,1845
61,59,1846
59,60,1847
63,55,1848
71,49,1849
70,49,1850
81,43,1851
79,43,1852
81,42,1853
91,39,1854
99,38,1855
103,38,1856
103,37,1857
112,38,1858
117,39,1859
120,39,1860
129,43,1861
136,47,1862
126,40,1863
147,57,1864
146,54,1865
153,62,1866
151,59,1867
160,72,1868
162,76,1869
164,79,1870
166,83,1871
171,102,1872
171,100,1873
172,124,1874
173,115,1875
174,116,1876
172,136,1877
173,133,1878
170,146,1879
171,145,1880
169,153,1881
158,174,1882
167,161,1883
158,176,1884
154,182,1885
150,188,1886
146,192,1887
138,199,1888
136,201,1889
123,208,1890
117,211,1891
117,212,1892
105,215,1893
93,216,1894
93,217,1895
81,216,1896
84,217,1897
75,216,1898
65,213,1899
53,208,1900
53,209,1901
41,201,1902
36,197,1903
30,192,1904
29,192,1905
101,111,1906
103,111,1907
104,115,1908
106,116,1909
106,119,1910
107,119,1911
105,124,1912
107,123,1913
103,129,1914
105,128,1915
101,132,1916
102,133,1917
98,134,1918
96,136,1919
93,136,1920
92,137,1921
90,137,1922
87,137,1923
85,137,1924
84,137,1925
81,136,1926
76,132,1927
77,134,1928
74,131,1929
72,129,1930
70,126,1931
68,123,1932
66,118,1933
65,117,1934
65,106,1935
64,107,1936
63,108,1937
63,102,1938
66,92,1939
62,102,1940
65,91,1941
67,86,1942
67,85,1943
72,78,1944
72,77,1945
74,74,1946
77,71,1947
79,69,1948
76,70,1949
90,63,1950
91,62,1951
86,63,1952
101,61,1953
102,60,1954
101,59,1955
108,60,1956
108,59,1957
118,62,1958
120,63,1959
125,65,1960
124,64,1961
132,70,1962
137,75,1963
136,73,1964
142,81,1965
144,84,1966
143,81,1967
150,98,1968
150,96,1969
152,103,1970
153,107,1971
154,113,1972
154,122,1973
155,119,1974
153,134,1975
153,136,1976
153,138,1977
149,149,1978
149,151,1979
148,154,1980
141,165,1981
138,169,1982
137,171,1983
134,175,1984
125,182,1985
124,183,1986
125,183,1987
113,189,1988
104,192,1989
108,192,1990
86,193,1991
91,194,1992
90,195,1993
87,195,1994
73,192,1995
66,190,1996
65,190,1997
60,188,1998
50,181,1999
52,183,2000
43,175,2001
38,170,2002
37,170,2003
30,160,2004
27,155,2005
24,149,2006
22,145,2007
19,137,2008
16,125,2009
15,123,2010
14,111,2011
14,104,2012
13,106,2013
15,86,2014
17,77,2015
15,82,2016
23,60,2017
24,56,2018
27,50,2019
32,42,2020
40,33,2021
38,34,2022
43,28,2023
54,19,2024
56,17,2025
60,14,2026
70,9,2027
75,7,2028
80,5,2029
94,2,2030
100,2,2031
101,1,2032
95,117,2033
93,118,2034
91,118,2035
88,117,2036
87,117,2037
85,115,2038
83,111,2039
82,113,2040
83,105,2041
81,108,2042
82,101,2043
82,100,2044
82,99,2045
83,95,2046
85,93,2047
86,91,2048
86,90,2049
91,86,2050
90,86,2051
93,84,2052
95,83,2053
101,82,2054
100,81,2055
103,81,2056
105,81,2057
107,81,2058
113,83,2059
115,84,2060
115,83,2061
121,88,2062
123,89,2063
127,95,2064
126,92,2065
128,95,2066
131,101,2067
132,103,2068
133,106,2069
134,109,2070
135,118,2071
136,116,2072
135,126,2073
135,127,2074
134,133,2075
134,135,2076
132,140,2077
131,143,2078
130,146,2079
125,153,2080
125,154,2081
123,156,2082
118,161,2083
117,162,2084
113,165,2085
108,168,2086
103,170,2087
100,171,2088
97,172,2089
88,172,2090
85,172,2091
88,173,2092
82,172,2093
72,169,2094
69,168,2095
67,167,2096
62,164,2097
56,159,2098
52,155,2099
51,154,2100
48,151,2101
43,143,2102
42,141,2103
40,137,2104
37,129,2105
35,123,2106
34,117,2107
34,121,2108
33,105,2109
33,101,2110
33,96,2111
34,88,2112
36,80,2113
36,79,2114
40,69,2115
44,61,2116
41,65,2117
49,53,2118
52,49,2119
58,43,2120
61,40,2121
66,36,2122
69,34,2123
79,29,2124
81,28,2125
83,27,2126
90,25,2127
103,24,2128
108,24,2129
112,24,2130
117,25,2131
119,25,2132
128,28,2133
135,31,2134
139,33,2135
145,37,2136
146,37,2137
155,45,2138
162,53,2139
166,58,2140
171,66,2141
175,74,2142
176,76,2143
179,84,2144
182,95,2145
184,105,2146
184,100,2147
185,120,2148
185,128,2149
184,138,2150
183,145,2151
182,150,2152
180,157,2153
175,170,2154
173,175,2155
170,180,2156
163,191,2157
160,195,2158
156,200,2159
95,108,2160
96,106,2161
99,103,2162
99,102,2163
103,102,2164
103,101,2165
108,104,2166
110,106,2167
107,101,2168
112,106,2169
113,107,2170
113,105,2171
115,114,2172
116,114,2173
117,117,2174
117,120,2175
118,121,2176
115,129,2177
116,128,2178
117,128,2179
116,131,2180
113,137,2181
109,140,2182
110,141,2183
108,143,2184
106,145,2185
101,147,2186
101,148,2187
99,149,2188
88,149,2189
91,150,2190
89,151,2191
85,150,2192
79,148,2193
83,151,2194
77,148,2195
72,145,2196
70,144,2197
63,135,2198
63,137,2199
63,138,2200
59,131,2201
58,129,2202
56,127,2203
54,118,2204
53,116,2205
53,120,2206
52,108,2207
52,102,2208
52,99,2209
52,97,2210
52,93,2211
56,83,2212
55,82,2213
56,80,2214
60,73,2215
59,73,2216
67,63,2217
71,60,2218
68,61,2219
76,55,2220
74,55,2221
87,50,2222
87,49,2223
95,47,2224
90,47,2225
101,46,2226
106,46,2227
111,46,2228
117,48,2229
120,48,2230
123,49,2231
130,53,2232
135,56,2233
140,60,2234
138,57,2235
149,70,2236
155,80,2237
147,65,2238
157,83,2239
159,87,2240
158,82,2241
164,105,2242
165,108,2243
165,102,2244
166,120,2245
166,123,2246
166,128,2247
165,137,2248
162,148,2249
162,150,2250
160,156,2251
154,167,2252
155,167,2253
149,176,2254
139,186,2255
143,184,2256
140,187,2257
126,197,2258
132,194,2259
114,203,2260
116,203,2261
111,205,2262
95,207,2263
105,207,2264
88,208,2265
83,208,2266
86,209,2267
67,205,2268
60,202,2269
60,203,2270
48,196,2271
43,192,2272
39,189,2273
37,188,2274
24,172,2275
24,173,2276
17,162,2277
16,161,2278
13,155,2279
10,148,2280
5,129,2281
5,134,2282
3,118,2283
2,111,2284
3,91,2285
1,104,2286
100,115,2287
101,117,2288
100,121,2289
100,123,2290
99,124,2291
98,126,2292
94,128,2293
95,129,2294
87,127,2295
91,130,2296
89,130,2297
87,130,2298
82,126,2299
81,127,2300
78,123,2301
77,123,2302
75,121,2303
74,119,2304
73,118,2305
72,113,2306
71,113,2307
71,106,2308
71,103,2309
70,102,2310
70,101,2311
70,98,2312
75,88,2313
73,89,2314
72,89,2315
81,80,2316
79,80,2317
80,78,2318
82,76,2319
90,72,2320
88,72,2321
90,71,2322
96,69,2323
105,69,2324
98,68,2325
107,68,2326
109,68,2327
113,69,2328
118,71,2329
120,72,2330
122,73,2331
125,74,2332
122,71,2333
135,86,2334
136,86,2335
135,83,2336
140,93,2337
142,96,2338
142,95,2339
145,106,2340
146,108,2341
146,118,2342
147,116,2343
147,122,2344
145,135,2345
148,124,2346
145,139,2347
145,140,2348
139,153,2349
142,149,2350
133,162,2351
139,156,2352
131,166,2353
124,172,2354
124,173,2355
120,176,2356
115,179,2357
112,181,2358
105,183,2359
104,184,2360
100,185,2361
94,186,2362
81,185,2363
77,184,2364
81,186,2365
71,183,2366
64,180,2367
64,181,2368
54,174,2369
49,170,2370
57,178,2371
36,153,2372
40,161,2373
37,157,2374
32,149,2375
30,145,2376
26,133,2377
25,131,2378
23,125,2379
22,116,2380
21,110,2381
23,91,2382
21,97,2383
21,95,2384
24,80,2385
25,74,2386
30,62,2387
29,63,2388
31,58,2389
46,38,2390
32,54,2391
51,32,2392
57,27,2393
53,29,2394
63,22,2395
70,18,2396
71,17,2397
89,12,2398
92,11,2399
88,11,2400
100,10,2401
114,11,2402
117,11,2403
128,14,2404
124,12,2405
137,17,2406
140,18,2407
155,29,2408
153,26,2409
162,34,2410
169,42,2411
173,46,2412
175,49,2413
93,114,2414
90,112,2415
89,108,2416
88,109,2417
88,105,2418
87,104,2419
91,98,2420
88,99,2421
93,95,2422
90,95,2423
96,92,2424
94,92,2425
99,91,2426
100,90,2427
104,90,2428
104,89,2429
106,89,2430
110,91,2431
112,91,2432
114,92,2433
116,93,2434
120,99,2435
118,94,2436
122,100,2437
124,104,2438
125,104,2439
126,108,2440
127,112,2441
128,111,2442
127,124,2443
128,123,2444
129,122,2445
128,129,2446
126,134,2447
128,132,2448
124,141,2449
122,144,2450
120,147,2451
114,153,2452
117,152,2453
114,154,2454
110,157,2455
105,160,2456
109,159,2457
99,162,2458
97,163,2459
97,164,2460
85,163,2461
82,163,2462
88,165,2463
74,160,2464
77,163,2465
68,158,2466
65,156,2467
64,156,2468
60,153,2469
57,149,2470
52,143,2471
50,140,2472
47,134,2473
45,130,2474
46,134,2475
42,116,2476
41,117,2477
41,105,2478
40,109,2479
40,101,2480
42,90,2481
40,94,2482
44,80,2483
44,79,2484
43,80,2485
49,68,2486
50,65,2487
52,61,2488
60,52,2489
66,47,2490
64,48,2491
67,45,2492
77,39,2493
82,37,2494
82,36,2495
91,34,2496
97,33,2497
95,32,2498
118,35,2499
113,33,2500
116,33,2501
120,34,2502
132,39,2503
136,41,2504
141,44,2505
143,45,2506
150,52,2507
151,52,2508
161,65,2509
165,73,2510
164,68,2511
170,82,2512
171,84,2513
175,98,2514
175,96,2515
177,107,2516
177,122,2517
178,114,2518
178,126,2519
175,144,2520
178,133,2521
174,151,2522
170,162,2523
172,160,2524
160,181,2525
161,180,2526
159,184,2527
151,193,2528
141,202,2529
141,203,2530
139,205,2531
127,212,2532
124,214,2533
118,217,2534
106,220,2535
102,221,2536
94,222,2537
88,222,2538
77,221,2539
79,222,2540
98,109,2541
102,108,2542
103,108,2543
105,109,2544
107,111,2545
109,113,2546
109,115,2547
110,116,2548
110,121,2549
111,120,2550
110,124,2551
109,128,2552
107,131,2553
107,132,2554
106,134,2555
104,136,2556
103,137,2557
100,139,2558
98,140,2559
96,141,2560
94,142,2561
89,142,2562
89,143,2563
88,143,2564
82,141,2565
81,141,2566
77,139,2567
74,137,2568
72,135,2569
68,130,2570
68,131,2571
65,126,2572
63,123,2573
62,120,2574
61,119,2575
60,114,2576
60,106,2577
59,107,2578
60,97,2579
59,99,2580
60,94,2581
60,92,2582
63,84,2583
61,87,2584
67,76,2585
68,74,2586
69,72,2587
73,68,2588
75,66,2589
77,64,2590
82,61,2591
87,58,2592
89,57,2593
92,56,2594
96,55,2595
100,54,2596
104,54,2597
111,55,2598
116,56,2599
118,56,2600
120,57,2601
128,61,2602
132,64,2603
135,66,2604
138,69,2605
141,72,2606
145,77,2607
149,83,2608
151,87,2609
152,89,2610
155,96,2611
157,105,2612
158,110,2613
158,116,2614
159,115,2615
158,130,2616
158,132,2617
157,139,2618
156,143,2619
154,150,2620
151,157,2621
152,156,2622
146,166,2623
143,171,2624
141,174,2625
134,181,2626
131,184,2627
122,190,2628
119,192,2629
118,193,2630
113,195,2631
107,197,2632
99,199,2633
95,200,2634
82,199,2635
76,198,2636
74,198,2637
70,197,2638
64,195,2639
56,191,2640
48,186,2641
45,184,2642
41,181,2643
35,174,2644
35,175,2645
25,161,2646
26,163,2647
21,154,2648
17,146,2649
15,140,2650
12,129,2651
11,123,2652
10,109,2653
9,109,2654
10,93,2655
11,85,2656
11,82,2657
14,70,2658
16,64,2659
19,56,2660
24,46,2661
25,44,2662
31,35,2663
35,30,2664
40,24,2665
42,22,2666
50,15,2667
97,117,2668
96,120,2669
93,121,2670
92,122,2671
89,122,2672
88,122,2673
85,119,2674
85,122,2675
82,115,2676
81,118,2677
79,114,2678
79,115,2679
78,108,2680
77,107,2681
78,101,2682
77,102,2683
77,99,2684
80,94,2685
79,93,2686
80,91,2687
81,89,2688
88,83,2689
86,83,2690
87,82,2691
90,80,2692
91,79,2693
97,77,2694
101,77,2695
98,76,2696
110,78,2697
110,77,2698
113,78,2699
112,77,2700
117,79,2701
120,81,2702
121,81,2703
127,87,2704
128,88,2705
132,95,2706
132,93,2707
133,94,2708
136,102,2709
137,105,2710
138,104,2711
139,114,2712
140,115,2713
140,120,2714
139,129,2715
139,132,2716
138,136,2717
137,140,2718
137,141,2719
131,152,2720
132,152,2721
131,154,2722
126,160,2723
126,161,2724
119,166,2725
113,170,2726
117,169,2727
109,173,2728
109,174,2729
97,176,2730
97,177,2731
87,177,2732
84,177,2733
86,178,2734
74,175,2735
72,175,2736
63,170,2737
67,173,2738
59,168,2739
54,164,2740
51,161,2741
48,158,2742
46,157,2743
39,144,2744
36,138,2745
38,146,2746
32,127,2747
31,124,2748
30,125,2749
29,111,2750
29,98,2751
28,101,2752
30,88,2753
29,90,2754
33,75,2755
32,77,2756
35,69,2757
39,60,2758
41,56,2759
46,49,2760
46,48,2761
56,38,2762
68,30,2763
62,33,2764
65,30,2765
76,25,2766
77,24,2767
91,20,2768
88,20,2769
99,19,2770
109,19,2771
102,17,2772
122,21,2773
123,21,2774
126,21,2775
137,26,2776
145,31,2777
143,29,2778
155,39,2779
163,47,2780
166,50,2781
168,52,2782
177,69,2783
178,69,2784
182,79,2785
185,88,2786
186,91,2787
187,94,2788
189,113,2789
190,114,2790
190,120,2791
189,134,2792
186,151,2793
188,146,2794
94,111,2795
93,106,2796
94,104,2797
94,102,2798
98,100,2799
96,99,2800
100,98,2801
100,97,2802
107,99,2803
105,97,2804
108,98,2805
107,96,2806
114,103,2807
115,103,2808
117,107,2809
117,106,2810
119,109,2811
120,113,2812
120,115,2813
121,115,2814
122,117,2815
120,127,2816
120,129,2817
121,128,2818
121,129,2819
120,133,2820
115,140,2821
115,141,2822
117,140,2823
107,148,2824
109,148,2825
107,150,2826
104,152,2827
98,153,2828
100,154,2829
95,155,2830
91,155,2831
85,155,2832
80,153,2833
85,156,2834
76,153,2835
75,153,2836
71,150,2837
67,148,2838
64,145,2839
61,142,2840
63,146,2841
54,129,2842
54,132,2843
55,135,2844
50,119,2845
50,123,2846
49,118,2847
48,112,2848
47,110,2849
48,99,2850
47,98,2851
50,87,2852
52,81,2853
48,89,2854
53,77,2855
51,79,2856
62,63,2857
58,66,2858
67,57,2859
62,60,2860
72,52,2861
79,48,2862
77,48,2863
84,45,2864
88,43,2865
92,42,2866
98,41,2867
103,41,2868
104,40,2869
106,40,2870
124,45,2871
128,47,2872
125,44,2873
133,49,2874
139,53,2875
138,51,2876
146,59,2877
149,62,2878
146,57,2879
161,82,2880
161,80,2881
163,83,2882
166,92,2883
166,91,2884
169,107,2885
170,110,2886
170,124,2887
171,123,2888
171,125,2889
165,151,2890
169,141,2891
167,149,2892
161,163,2893
164,159,2894
151,180,2895
156,175,2896
150,183,2897
132,198,2898
149,186,2899
134,198,2900
128,202,2901
124,205,2902
119,207,2903
112,210,2904
105,212,2905
94,213,2906
91,214,2907
83,213,2908
84,214,2909
62,208,2910
63,209,2911
49,202,2912
51,204,2913
43,199,2914
37,194,2915
28,185,2916
30,189,2917
18,173,2918
14,166,2919
15,169,2920
7,153,2921
100,112,2922
103,114,2923
103,118,2924
105,118,2925
103,123,2926
105,122,2927
101,127,2928
104,126,2929
97,130,2930
100,131,2931
96,132,2932
96,134,2933
91,134,2934
89,134,2935
85,133,2936
85,134,2937
84,134,2938
80,132,2939
78,131,2940
76,128,2941
74,127,2942
71,121,2943
71,124,2944
70,121,2945
68,116,2946
67,114,2947
67,105,2948
66,108,2949
65,108,2950
70,91,2951
67,96,2952
66,96,2953
68,90,2954
71,85,2955
69,86,2956
73,80,2957
77,76,2958
77,75,2959
82,71,2960
86,68,2961
87,67,2962
90,66,2963
95,64,2964
92,64,2965
101,63,2966
102,62,2967
103,62,2968
117,66,2969
117,65,2970
116,64,2971
123,68,2972
122,66,2973
130,72,2974
133,75,2975
137,79,2976
139,81,2977
143,89,2978
145,92,2979
146,94,2980
148,100,2981
150,107,2982
149,99,2983
151,116,2984
152,116,2985
150,133,2986
152,127,2987
151,132,2988
147,146,2989
148,145,2990
146,150,2991
142,158,2992
144,156,2993
135,168,2994
135,169,2995
134,171,2996
125,178,2997
119,182,2998
116,184,2999
118,184,3000
103,189,3001
100,190,3002
99,191,3003
88,191,3004
84,191,3005
84,192,3006
64,184,3007
67,187,3008
68,188,3009
61,185,3010
51,178,3011
47,175,3012
42,170,3013
42,171,3014
32,157,3015
32,158,3016
27,149,3017
24,141,3018
23,141,3019
20,130,3020
19,126,3021
17,113,3022
17,109,3023
16,107,3024
20,81,3025
15,103,3026
19,80,3027
24,65,3028
19,76,3029
24,63,3030
34,45,3031
29,51,3032
42,35,3033
44,32,3034
47,28,3035
52,24,3036
67,15,3037
63,16,3038
73,11,3039
82,8,3040
90,6,3041
93,5,3042
105,5,3043
103,4,3044
113,5,3045
126,8,3046
128,8,3047
135,10,3048
94,116,3049
92,116,3050
89,115,3051
87,114,3052
86,111,3053
85,111,3054
84,107,3055
83,106,3056
86,100,3057
83,103,3058
85,98,3059
87,94,3060
89,92,3061
88,92,3062
92,89,3063
92,88,3064
94,87,3065
99,86,3066
99,85,3067
101,84,3068
103,84,3069
110,86,3070
108,84,3071
112,86,3072
116,88,3073
117,88,3074
120,91,3075
124,96,3076
122,91,3077
127,101,3078
128,100,3079
130,107,3080
131,108,3081
131,118,3082
132,113,3083
133,116,3084
132,125,3085
133,123,3086
130,135,3087
132,133,3088
129,139,3089
129,141,3090
123,150,3091
128,145,3092
122,152,3093
119,156,3094
119,157,3095
111,162,3096
112,162,3097
109,164,3098
100,167,3099
103,167,3100
91,168,3101
92,169,3102
91,170,3103
85,169,3104
76,167,3105
74,166,3106
70,165,3107
66,163,3108
63,161,3109
59,158,3110
56,155,3111
53,152,3112
49,147,3113
47,144,3114
43,137,3115
42,135,3116
39,126,3117
38,123,3118
37,119,3119
36,113,3120
36,104,3121
35,103,3122
35,101,3123
38,84,3124
39,81,3125
41,74,3126
43,69,3127
44,66,3128
49,58,3129
50,56,3130
57,48,3131
59,46,3132
58,46,3133
69,38,3134
70,37,3135
80,32,3136
86,30,3137
88,29,3138
93,28,3139
99,27,3140
108,27,3141
116,28,3142
120,29,3143
129,32,3144
135,35,3145
133,33,3146
141,38,3147
149,44,3148
156,51,3149
158,53,3150
160,55,3151
168,67,3152
169,68,3153
173,77,3154
174,78,3155
178,91,3156
179,93,3157
181,103,3158
182,110,3159
182,124,3160
182,131,3161
182,134,3162
179,149,3163
176,159,3164
175,163,3165
172,170,3166
170,174,3167
165,183,3168
161,189,3169
154,197,3170
151,201,3171
145,206,3172
140,210,3173
131,216,3174
128,218,3175
96,111,3176
98,106,3177
100,105,3178
102,104,3179
106,105,3180
107,105,3181
110,110,3182
109,105,3183
112,112,3184
113,111,3185
113,116,3186
114,117,3187
114,122,3188
115,121,3189
114,126,3190
114,127,3191
113,130,3192
110,135,3193
111,135,3194
109,137,3195
108,139,3196
101,143,3197
101,144,3198
102,144,3199
98,146,3200
96,147,3201
90,147,3202
87,147,3203
88,148,3204
81,145,3205
79,145,3206
78,145,3207
77,145,3208
70,139,3209
70,141,3210
67,138,3211
65,135,3212
61,129,3213
59,122,3214
58,123,3215
58,124,3216
56,115,3217
55,110,3218
55,106,3219
54,106,3220
54,103,3221
55,96,3222
56,90,3223
58,84,3224
58,83,3225
60,78,3226
63,73,3227
67,68,3228
65,69,3229
69,65,3230
76,59,3231
76,58,3232
84,54,3233
90,52,3234
87,52,3235
94,50,3236
91,50,3237
104,49,3238
107,49,3239
113,50,3240
117,51,3241
121,52,3242
125,54,3243
130,56,3244
137,62,3245
136,60,3246
143,67,3247
144,68,3248
151,78,3249
153,81,3250
150,74,3251
159,97,3252
160,100,3253
162,111,3254
160,94,3255
163,113,3256
163,119,3257
163,129,3258
162,136,3259
163,133,3260
160,145,3261
159,150,3262
157,155,3263
151,167,3264
150,169,3265
146,175,3266
145,177,3267
138,184,3268
133,189,3269
129,192,3270
114,199,3271
116,199,3272
118,199,3273
104,203,3274
99,204,3275
92,205,3276
90,205,3277
83,205,3278
67,201,3279
73,204,3280
63,200,3281
58,198,3282
50,194,3283
41,187,3284
43,189,3285
33,179,3286
29,175,3287
24,168,3288
19,160,3289
20,163,3290
10,135,3291
11,142,3292
9,136,3293
6,119,3294
5,115,3295
5,106,3296
5,94,3297
6,86,3298
7,79,3299
8,74,3300
14,57,3301
10,65,3302
99,116,3303
99,120,3304
97,122,3305
97,124,3306
94,125,3307
94,126,3308
91,126,3309
89,127,3310
84,123,3311
85,126,3312
82,124,3313
82,125,3314
79,120,3315
78,120,3316
76,115,3317
75,115,3318
74,113,3319
74,107,3320
73,106,3321
72,106,3322
72,104,3323
74,97,3324
76,92,3325
74,93,3326
75,91,3327
76,88,3328
83,81,3329
83,80,3330
83,79,3331
92,75,3332
89,75,3333
94,73,3334
91,73,3335
100,72,3336
99,71,3337
103,71,3338
107,71,3339
109,71,3340
119,76,3341
118,74,3342
119,74,3343
127,81,3344
127,80,3345
131,84,3346
133,87,3347
136,91,3348
133,84,3349
140,102,3350
141,101,3351
142,102,3352
143,112,3353
144,112,3354
144,122,3355
145,120,3356
145,122,3357
143,134,3358
144,133,3359
139,146,3360
136,152,3361
141,145,3362
134,157,3363
135,157,3364
126,166,3365
128,166,3366
116,174,3367
123,171,3368
112,177,3369
103,180,3370
105,180,3371
102,181,3372
92,182,3373
93,183,3374
88,183,3375
77,181,3376
72,180,3377
76,182,3378
62,175,3379
55,170,3380
64,178,3381
49,166,3382
47,164,3383
45,163,3384
38,152,3385
36,149,3386
40,158,3387
29,131,3388
28,131,3389
26,124,3390
25,118,3391
24,112,3392
24,107,3393
24,97,3394
25,90,3395
24,91,3396
28,75,3397
33,64,3398
28,73,3399
32,63,3400
40,50,3401
37,53,3402
49,39,3403
47,39,3404
56,31,3405
72,22,3406
53,32,3407
71,21,3408
79,18,3409
83,16,3410
93,14,3411
108,14,3412
101,13,3413
115,14,3414
116,14,3415
130,18,3416
127,16,3417
144,25,3418
145,25,3419
154,32,3420
155,32,3421
162,38,3422
166,42,3423
174,54,3424
173,51,3425
180,63,3426
187,80,3427
184,70,3428
190,89,3429
95,113,3430
91,110,3431
91,107,3432
89,105,3433
91,102,3434
90,101,3435
95,97,3436
92,97,3437
99,95,3438
96,94,3439
99,93,3440
100,92,3441
106,93,3442
107,93,3443
110,94,3444
111,94,3445
113,95,3446
115,96,3447
116,97,3448
118,99,3449
121,103,3450
123,110,3451
122,103,3452
124,111,3453
125,113,3454
126,115,3455
125,123,3456
126,123,3457
127,122,3458
120,138,3459
123,136,3460
124,135,3461
120,142,3462
117,146,3463
119,145,3464
115,149,3465
110,153,3466
108,155,3467
103,157,3468
105,157,3469
99,159,3470
96,160,3471
88,160,3472
89,161,3473
88,161,3474
81,160,3475
82,161,3476
69,154,3477
68,154,3478
69,156,3479
60,147,3480
64,153,3481
58,146,3482
54,141,3483
53,139,3484
50,135,3485
48,129,3486
46,123,3487
45,121,3488
44,117,3489
43,111,3490
43,101,3491
43,100,3492
43,96,3493
46,84,3494
44,88,3495
46,81,3496
54,66,3497
50,71,3498
53,66,3499
59,58,3500
59,57,3501
68,49,3502
67,49,3503
69,47,3504
80,41,3505
87,39,3506
89,38,3507
88,37,3508
98,36,3509
102,35,3510
103,35,3511
117,37,3512
121,38,3513
115,35,3514
139,48,3515
132,42,3516
140,47,3517
143,49,3518
149,55,3519
152,58,3520
159,67,3521
159,66,3522
167,83,3523
167,81,3524
169,87,3525
173,104,3526
173,99,3527
174,118,3528
175,114,3529
174,133,3530
175,130,3531
175,132,3532
167,160,3533
174,143,3534
168,160,3535
161,174,3536
165,168,3537
159,179,3538
154,185,3539
155,185,3540
139,200,3541
134,204,3542
134,205,3543
120,212,3544
113,214,3545
113,215,3546
110,216,3547
97,218,3548
93,219,3549
88,219,3550
74,217,3551
74,218,3552
59,213,3553
52,210,3554
47,207,3555
47,208,3556
99,110,3557
103,110,3558
105,113,3559
105,111,3560
107,117,3561
108,117,3562
108,121,3563
109,121,3564
106,126,3565
108,125,3566
104,131,3567
106,130,3568
101,134,3569
100,135,3570
99,136,3571
96,138,3572
95,138,3573
90,138,3574
90,139,3575
89,140,3576
87,140,3577
81,137,3578
78,136,3579
77,136,3580
74,133,3581
71,130,3582
72,132,3583
68,126,3584
67,125,3585
64,115,3586
64,119,3587
63,114,3588
62,112,3589
63,101,3590
61,109,3591
61,103,3592
64,91,3593
62,95,3594
66,85,3595
65,85,3596
70,77,3597
68,79,3598
73,73,3599
68,77,3600
79,67,3601
81,65,3602
80,65,3603
89,61,3604
90,60,3605
93,59,3606
99,58,3607
99,57,3608
107,58,3609
106,57,3610
112,58,3611
116,59,3612
126,64,3613
125,63,3614
129,65,3615
134,69,3616
136,71,3617
141,76,3618
146,85,3619
144,80,3620
150,92,3621
151,94,3622
153,100,3623
154,103,3624
155,110,3625
156,115,3626
156,123,3627
157,120,3628
154,138,3629
155,135,3630
155,138,3631
149,154,3632
148,156,3633
146,161,3634
143,166,3635
140,170,3636
136,175,3637
136,176,3638
128,182,3639
121,187,3640
122,187,3641
111,192,3642
110,193,3643
101,195,3644
97,196,3645
86,196,3646
84,196,3647
79,196,3648
71,194,3649
67,193,3650
61,190,3651
54,186,3652
48,182,3653
51,185,3654
38,173,3655
33,167,3656
31,165,3657
26,157,3658
25,155,3659
22,149,3660
20,146,3661
16,132,3662
14,126,3663
13,119,3664
12,112,3665
12,102,3666
11,103,3667
14,84,3668
15,78,3669
15,75,3670
21,59,3671
27,48,3672
25,50,3673
29,43,3674
36,34,3675
40,29,3676
43,25,3677
53,17,3678
54,16,3679
62,11,3680
67,8,3681
80,3,3682
79,3,3683
96,117,3684
94,119,3685
90,119,3686
89,119,3687
88,119,3688
85,118,3689
83,113,3690
83,117,3691
82,109,3692
80,112,3693
80,106,3694
80,103,3695
80,101,3696
80,100,3697
82,95,3698
81,95,3699
83,92,3700
85,89,3701
86,87,3702
87,86,3703
91,83,3704
96,82,3705
94,81,3706
97,80,3707
101,80,3708
102,79,3709
108,80,3710
109,80,3711
107,78,3712
116,83,3713
116,82,3714
122,87,3715
121,85,3716
125,89,3717
127,91,3718
130,95,3719
131,97,3720
134,104,3721
135,111,3722
135,106,3723
136,108,3724
137,117,3725
137,122,3726
137,127,3727
136,132,3728
136,134,3729
135,138,3730
132,144,3731
132,145,3732
131,148,3733
126,155,3734
125,157,3735
118,163,3736
119,163,3737
115,166,3738
110,169,3739
106,171,3740
102,172,3741
96,173,3742
97,174,3743
87,174,3744
85,174,3745
83,174,3746
77,173,3747
74,172,3748
64,167,3749
63,167,3750
59,164,3751
56,162,3752
52,158,3753
48,154,3754
44,148,3755
41,143,3756
39,139,3757
36,132,3758
37,137,3759
33,118,3760
32,113,3761
32,122,3762
31,106,3763
31,101,3764
31,97,3765
33,85,3766
35,78,3767
33,82,3768
40,65,3769
43,59,3770
44,57,3771
49,50,3772
52,46,3773
55,43,3774
59,39,3775
67,33,3776
72,30,3777
73,29,3778
90,24,3779
92,23,3780
88,23,3781
106,22,3782
103,21,3783
117,23,3784
122,24,3785
126,25,3786
133,28,3787
138,30,3788
148,37,3789
151,39,3790
148,36,3791
160,48,3792
164,52,3793
171,63,3794
174,68,3795
177,74,3796
180,82,3797
179,77,3798
185,107,3799
185,100,3800
186,127,3801
187,117,3802
187,124,3803
186,138,3804
184,148,3805
182,156,3806
180,162,3807
177,170,3808
175,175,3809
172,181,3810
95,111,3811
95,105,3812
97,103,3813
98,101,3814
101,101,3815
101,100,3816
103,100,3817
104,99,3818
110,104,3819
110,102,3820
112,103,3821
112,102,3822
115,109,3823
116,110,3824
117,113,3825
118,114,3826
119,116,3827
118,122,3828
119,121,3829
119,125,3830
119,126,3831
115,134,3832
115,136,3833
115,137,3834
114,139,3835
112,141,3836
106,146,3837
107,146,3838
107,147,3839
96,150,3840
98,151,3841
96,152,3842
90,152,3843
84,151,3844
88,153,3845
82,152,3846
78,150,3847
76,150,3848
68,143,3849
71,147,3850
69,146,3851
62,138,3852
60,135,3853
61,138,3854
56,129,3855
55,127,3856
56,132,3857
52,115,3858
51,114,3859
51,118,3860
50,107,3861
50,100,3862
52,92,3863
50,96,3864
51,90,3865
54,82,3866
53,82,3867
58,73,3868
64,65,3869
59,69,3870
66,61,3871
63,63,3872
79,52,3873
75,53,3874
86,48,3875
80,49,3876
91,46,3877
97,45,3878
96,44,3879
105,44,3880
107,44,3881
106,43,3882
118,46,3883
124,48,3884
129,50,3885
127,48,3886
141,59,3887
144,62,3888
140,56,3889
151,70,3890
153,72,3891
154,72,3892
160,86,3893
161,87,3894
161,84,3895
166,109,3896
167,109,3897
167,108,3898
168,117,3899
167,130,3900
167,135,3901
167,136,3902
164,148,3903
164,150,3904
160,160,3905
152,173,3906
154,172,3907
150,178,3908
143,185,3909
145,185,3910
132,195,3911
135,194,3912
128,199,3913
110,206,3914
120,204,3915
111,207,3916
100,209,3917
97,210,3918
91,211,3919
77,209,3920
78,210,3921
64,206,3922
59,204,3923
51,200,3924
50,200,3925
37,189,3926
35,188,3927
31,184,3928
25,178,3929
22,174,3930
16,165,3931
11,153,3932
12,158,3933
6,141,3934
4,134,3935
2,127,3936
1,118,3937
101,114,3938
102,117,3939
101,121,3940
102,122,3941
100,125,3942
101,125,3943
98,127,3944
99,129,3945
91,129,3946
94,131,3947
91,131,3948
89,132,3949
85,130,3950
84,130,3951
80,127,3952
80,128,3953
77,126,3954
76,125,3955
75,124,3956
72,118,3957
72,120,3958
70,112,3959
70,107,3960
69,111,3961
68,107,3962
68,104,3963
71,94,3964
69,97,3965
68,97,3966
75,85,3967
74,84,3968
74,83,3969
76,80,3970
84,74,3971
79,76,3972
85,72,3973
89,70,3974
89,69,3975
101,68,3976
97,67,3977
99,66,3978
103,66,3979
111,67,3980
113,67,3981
116,68,3982
117,68,3983
117,67,3984
128,76,3985
130,77,3986
130,75,3987
137,85,3988
136,82,3989
139,86,3990
143,95,3991
143,94,3992
145,97,3993
147,108,3994
148,113,3995
148,123,3996
149,116,3997
149,122,3998
149,126,3999
147,137,4000
146,142,4001
141,152,4002
144,149,4003
142,153,4004
134,164,4005
135,164,4006
132,168,4007
125,174,4008
125,175,4009
116,180,4010
116,181,4011
113,183,4012
103,186,4013
96,187,4014
86,187,4015
91,188,4016
86,188,4017
79,187,4018
76,187,4019
68,184,4020
60,180,4021
66,185,4022
44,166,4023
49,173,4024
43,167,4025
40,164,4026
34,155,4027
29,145,4028
29,147,4029
28,145,4030
23,130,4031
22,126,4032
21,121,4033
20,113,4034
19,111,4035
20,95,4036
19,99,4037
22,81,4038
21,83,4039
24,71,4040
34,52,4041
22,74,4042
35,49,4043
38,44,4044
41,39,4045
46,34,4046
51,29,4047
54,26,4048
67,18,4049
70,16,4050
70,15,4051
83,11,4052
97,9,4053
97,8,4054
104,8,4055
112,8,4056
119,9,4057
127,11,4058
136,15,4059
136,14,4060
145,19,4061
155,26,4062
158,28,4063
161,30,4064
95,114,4065
91,114,4066
89,112,4067
87,109,4068
87,107,4069
86,107,4070
87,102,4071
86,101,4072
90,97,4073
87,97,4074
91,94,4075
92,92,4076
94,91,4077
94,90,4078
99,89,4079
100,88,4080
102,87,4081
106,88,4082
106,87,4083
110,88,4084
111,88,4085
117,94,4086
119,94,4087
116,90,4088
122,97,4089
123,98,4090
125,101,4091
127,107,4092
127,104,4093
129,115,4094
129,117,4095
130,116,4096
130,120,4097
128,131,4098
131,123,4099
129,132,4100
127,137,4101
126,140,4102
122,146,4103
124,145,4104
120,150,4105
115,155,4106
113,157,4107
116,156,4108
107,161,4109
105,162,4110
105,163,4111
95,165,4112
93,165,4113
95,166,4114
84,165,4115
89,167,4116
78,164,4117
74,163,4118
73,163,4119
67,160,4120
62,156,4121
59,153,4122
56,151,4123
52,146,4124
51,145,4125
48,141,4126
44,130,4127
44,133,4128
41,123,4129
40,118,4130
39,115,4131
39,104,4132
38,108,4133
39,96,4134
39,94,4135
39,90,4136
43,77,4137
43,76,4138
44,73,4139
49,64,4140
53,58,4141
54,56,4142
57,52,4143
60,49,4144
67,43,4145
69,41,4146
77,37,4147
84,34,4148
84,33,4149
97,31,4150
100,31,4151
101,30,4152
108,30,4153
117,32,4154
119,32,4155
124,33,4156
129,35,4157
142,43,4158
140,41,4159
148,47,4160
156,56,4161
152,50,4162
162,63,4163
166,69,4164
169,75,4165
170,77,4166
173,84,4167
176,94,4168
177,97,4169
179,110,4170
179,120,4171
180,118,4172
179,133,4173
177,145,4174
179,139,4175
172,161,4176
171,165,4177
170,168,4178
164,179,4179
156,189,4180
158,188,4181
153,194,4182
142,204,4183
143,204,4184
138,208,4185
126,215,4186
122,217,4187
114,220,4188
106,222,4189
102,223,4190
96,224,4191
98,108,4192
100,107,4193
103,107,4194
104,107,4195
106,108,4196
108,110,4197
110,113,4198
111,113,4199
111,118,4200
112,118,4201
112,121,4202
112,124,4203
111,127,4204
110,130,4205
110,131,4206
108,134,4207
107,135,4208
105,138,4209
102,140,4210
101,141,4211
99,142,4212
94,143,4213
94,144,4214
91,144,4215
87,144,4216
86,144,4217
82,143,4218
80,143,4219
77,141,4220
73,138,4221
70,136,4222
69,135,4223
67,133,4224
64,128,4225
63,127,4226
61,122,4227
60,120,4228
59,118,4229
58,109,4230
57,110,4231
57,103,4232
57,101,4233
58,95,4234
58,93,4235
60,86,4236
61,83,4237
62,81,4238
66,74,4239
66,73,4240
70,69,4241
73,65,4242
77,62,4243
81,59,4244
82,58,4245
87,56,4246
92,54,4247
95,53,4248
102,53,4249
104,52,4250
106,52,4251
112,53,4252
116,54,4253
122,56,4254
128,59,4255
127,58,4256
134,63,4257
137,65,4258
139,67,4259
144,72,4260
149,80,4261
149,79,4262
152,85,4263
154,89,4264
157,98,4265
158,101,4266
159,102,4267
160,118,4268
160,127,4269
160,130,4270
160,132,4271
159,138,4272
158,143,4273
155,152,4274
153,157,4275
152,160,4276
146,170,4277
142,175,4278
139,179,4279
137,181,4280
129,188,4281
126,190,4282
120,194,4283
113,197,4284
111,198,4285
105,200,4286
93,201,4287
92,202,4288
88,202,4289
79,201,4290
73,200,4291
64,197,4292
59,195,4293
57,194,4294
45,186,4295
48,189,4296
39,181,4297
33,175,4298
31,173,4299
23,161,4300
20,156,4301
16,147,4302
14,142,4303
12,135,4304
10,127,4305
10,131,4306
8,106,4307
7,106,4308
8,95,4309
8,89,4310
10,78,4311
13,67,4312
15,61,4313
17,56,4314
23,44,4315
26,39,4316
28,36,4317
34,28,4318
98,117,4319
98,118,4320
94,122,4321
94,123,4322
92,123,4323
90,124,4324
86,122,4325
86,124,4326
82,117,4327
83,122,4328
81,120,4329
80,120,4330
78,113,4331
77,112,4332
76,108,4333
75,108,4334
75,105,4335
78,96,4336
77,96,4337
76,97,4338
76,95,4339
82,87,4340
81,87,4341
81,86,4342
84,83,4343
84,82,4344
92,78,4345
92,77,4346
92,76,4347
101,75,4348
102,75,4349
104,74,4350
105,74,4351
110,75,4352
110,74,4353
115,76,4354
120,79,4355
121,79,4356
129,88,4357
127,84,4358
129,85,4359
133,92,4360
136,97,4361
135,93,4362
139,107,4363
140,108,4364
139,100,4365
141,118,4366
142,117,4367
141,127,4368
141,129,4369
142,127,4370
137,143,4371
138,143,4372
138,144,4373
134,151,4374
133,154,4375
127,161,4376
120,167,4377
127,163,4378
119,169,4379
122,168,4380
107,175,4381
110,175,4382
99,178,4383
105,178,4384
95,179,4385
85,179,4386
89,180,4387
77,178,4388
75,178,4389
72,177,4390
64,173,4391
62,172,4392
54,166,4393
57,170,4394
46,158,4395
42,152,4396
44,158,4397
35,140,4398
35,141,4399
35,144,4400
30,126,4401
29,123,4402
29,129,4403
27,107,4404
27,98,4405
27,96,4406
27,93,4407
30,79,4408
30,77,4409
31,74,4410
38,59,4411
33,67,4412
41,53,4413
56,37,4414
47,44,4415
51,40,4416
62,31,4417
59,32,4418
73,24,4419
74,23,4420
76,22,4421
95,18,4422
86,18,4423
103,17,4424
112,17,4425
110,16,4426
119,18,4427
127,20,4428
131,21,4429
137,24,4430
147,30,4431
152,34,4432
153,34,4433
168,51,4434
165,46,4435
174,59,4436
174,58,4437
179,67,4438
179,66,4439
188,95,4440
188,90,4441
190,103,4442
191,113,4443
191,124,4444
192,124,4445
93,111,4446
92,108,4447
92,106,4448
92,103,4449
94,101,4450
94,99,4451
99,97,4452
97,96,4453
103,97,4454
103,95,4455
104,95,4456
105,94,4457
112,99,4458
112,98,4459
114,100,4460
115,100,4461
118,104,4462
119,106,4463
120,106,4464
121,110,4465
122,112,4466
122,119,4467
123,120,4468
123,123,4469
123,125,4470
123,128,4471
120,134,4472
121,134,4473
122,134,4474
113,145,4475
116,143,4476
114,146,4477
111,149,4478
105,152,4479
106,153,4480
101,155,4481
98,156,4482
96,157,4483
87,156,4484
92,158,4485
89,158,4486
82,157,4487
77,155,4488
74,154,4489
72,153,4490
69,152,4491
71,154,4492
59,141,4493
58,141,4494
59,144,4495
52,130,4496
53,134,4497
50,128,4498
48,120,4499
48,122,4500
47,119,4501
46,111,4502
46,101,4503
47,94,4504
45,98,4505
47,90,4506
48,84,4507
52,75,4508
50,78,4509
58,65,4510
52,72,4511
60,61,4512
70,52,4513
66,54,4514
71,50,4515
74,48,4516
79,45,4517
86,42,4518
87,41,4519
91,40,4520
97,39,4521
106,39,4522
113,40,4523
114,39,4524
120,41,4525
127,44,4526
125,42,4527
137,49,4528
141,52,4529
135,46,4530
154,67,4531
154,65,4532
157,69,4533
159,72,4534
164,82,4535
166,88,4536
167,89,4537
168,91,4538
171,109,4539
172,111,4540
171,129,4541
172,129,4542
172,132,4543
169,146,4544
170,144,4545
164,161,4546
167,156,4547
164,163,4548
149,185,4549
161,171,4550
149,187,4551
139,196,4552
139,197,4553
132,202,4554
129,204,4555
126,206,4556
113,211,4557
107,213,4558
110,213,4559
97,215,4560
85,215,4561
81,215,4562
70,213,4563
68,213,4564
64,212,4565
55,208,4566
41,199,4567
45,203,4568
33,193,4569
26,186,4570
24,184,4571
21,181,4572
100,111,4573
103,112,4574
104,117,4575
105,115,4576
105,119,4577
106,121,4578
103,126,4579
106,124,4580
101,129,4581
103,130,4582
97,133,4583
100,133,4584
95,135,4585
93,135,4586
90,135,4587
90,136,4588
86,136,4589
84,135,4590
82,135,4591
80,134,4592
78,133,4593
73,127,4594
75,131,4595
71,126,4596
69,122,4597
69,123,4598
67,118,4599
66,114,4600
65,114,4601
66,100,4602
65,101,4603
64,101,4604
64,100,4605
67,91,4606
65,92,4607
68,86,4608
70,82,4609
71,80,4610
76,74,4611
76,73,4612
81,69,4613
84,67,4614
85,66,4615
85,65,4616
93,63,4617
95,62,4618
95,61,4619
104,61,4620
106,61,4621
105,60,4622
118,64,4623
113,61,4624
124,66,4625
127,68,4626
128,68,4627
131,70,4628
137,77,4629
140,80,4630
141,81,4631
145,88,4632
147,92,4633
147,90,4634
151,107,4635
151,103,4636
152,119,4637
153,113,4638
153,125,4639
152,131,4640
153,132,4641
151,139,4642
150,144,4643
150,146,4644
143,159,4645
144,159,4646
145,158,4647
134,172,4648
130,176,4649
127,179,4650
129,178,4651
120,184,4652
112,188,4653
115,188,4654
108,190,4655
98,192,4656
100,193,4657
78,191,4658
84,193,4659
80,193,4660
75,192,4661
67,189,4662
62,187,4663
53,182,4664
52,182,4665
40,170,4666
41,172,4667
35,165,4668
30,157,4669
30,159,4670
26,151,4671
21,139,4672
20,136,4673
18,130,4674
17,125,4675
16,102,4676
15,115,4677
15,98,4678
17,84,4679
15,89,4680
19,73,4681
21,67,4682
20,67,4683
29,50,4684
29,49,4685
31,45,4686
39,35,4687
48,26,4688
48,25,4689
51,22,4690
60,16,4691
71,10,4692
72,9,4693
78,7,4694
89,4,4695
96,3,4696
107,3,4697
112,3,4698
116,3,4699
94,117,4700
93,117,4701
90,117,4702
88,116,4703
86,115,4704
85,114,4705
84,110,4706
82,111,4707
84,102,4708
82,103,4709
83,100,4710
84,97,4711
84,96,4712
84,95,4713
88,91,4714
88,89,4715
89,88,4716
93,86,4717
94,85,4718
96,84,4719
98,83,4720
104,83,4721
103,82,4722
106,82,4723
109,83,4724
113,84,4725
115,85,4726
119,88,4727
118,86,4728
124,93,4729
124,92,4730
128,99,4731
129,99,4732
130,100,4733
132,106,4734
133,109,4735
134,114,4736
134,117,4737
133,128,4738
135,121,4739
134,128,4740
133,133,4741
130,141,4742
132,139,4743
128,146,4744
126,150,4745
126,151,4746
120,157,4747
120,158,4748
118,160,4749
110,165,4750
111,165,4751
105,168,4752
101,169,4753
99,170,4754
94,171,4755
88,171,4756
81,170,4757
80,170,4758
77,170,4759
70,167,4760
66,165,4761
64,164,4762
60,161,4763
57,159,4764
51,152,4765
47,147,4766
45,144,4767
43,141,4768
42,139,4769
39,132,4770
37,126,4771
36,121,4772
35,118,4773
34,111,4774
34,104,4775
34,99,4776
35,91,4777
36,84,4778
37,80,4779
40,72,4780
41,68,4781
46,60,4782
47,58,4783
49,54,4784
56,46,4785
57,45,4786
66,38,4787
70,35,4788
71,34,4789
79,30,4790
89,27,4791
92,26,4792
97,25,4793
103,25,4794
114,26,4795
120,27,4796
118,26,4797
130,30,4798
136,33,4799
140,35,4800
147,40,4801
145,38,4802
155,47,4803
160,52,4804
165,59,4805
166,60,4806
173,73,4807
175,76,4808
177,82,4809
179,87,4810
182,99,4811
183,107,4812
184,113,4813
184,122,4814
183,136,4815
183,139,4816
181,149,4817
178,159,4818
178,160,4819
175,168,4820
167,183,4821
166,185,4822
160,193,4823
155,199,4824
148,206,4825
146,208,4826
96,107,4827
97,105,4828
99,104,4829
100,103,4830
103,103,4831
104,102,4832
108,105,4833
107,102,4834
111,109,4835
112,107,4836
114,111,4837
114,109,4838
115,116,4839
116,117,4840
116,120,4841
116,124,4842
116,126,4843
113,132,4844
114,132,4845
114,133,4846
113,135,4847
107,141,4848
110,140,4849
108,142,4850
105,144,4851
102,146,4852
99,147,4853
95,148,4854
95,149,4855
86,148,4856
86,149,4857
85,149,4858
81,148,4859
75,145,4860
76,147,4861
72,144,4862
68,141,4863
66,139,4864
61,130,4865
61,133,4866
60,132,4867
58,127,4868
56,120,4869
55,122,4870
54,113,4871
53,111,4872
53,106,4873
53,100,4874
54,93,4875
54,91,4876
55,87,4877
55,85,4878
60,76,4879
58,77,4880
60,74,4881
66,66,4882
66,65,4883
72,60,4884
79,55,4885
77,55,4886
83,52,4887
79,53,4888
95,49,4889
95,48,4890
101,47,4891
104,47,4892
108,47,4893
117,49,4894
119,49,4895
127,53,4896
125,51,4897
132,55,4898
138,60,4899
144,66,4900
143,64,4901
144,64,4902
155,82,4903
157,86,4904
153,75,4905
161,97,4906
162,99,4907
161,92,4908
164,112,4909
165,115,4910
165,118,4911
164,132,4912
164,135,4913
163,141,4914
162,146,4915
158,157,4916
156,161,4917
157,161,4918
150,172,4919
148,176,4920
143,182,4921
129,193,4922
132,192,4923
131,193,4924
118,200,4925
117,201,4926
107,204,4927
107,205,4928
101,206,4929
83,206,4930
93,208,4931
78,206,4932
72,205,4933
70,205,4934
62,202,4935
54,198,4936
51,197,4937
40,188,4938
33,182,4939
30,179,4940
27,176,4941
16,157,4942
17,160,4943
14,154,4944
10,145,4945
8,139,4946
6,131,4947
4,116,4948
4,123,4949
3,106,4950
3,98,4951
5,83,4952
3,90,4953
99,114,4954
100,117,4955
99,122,4956
99,123,4957
97,125,4958
97,126,4959
93,127,4960
93,129,4961
86,126,4962
89,129,4963
86,128,4964
86,129,4965
80,124,4966
79,124,4967
76,118,4968
76,120,4969
75,119,4970
73,114,4971
73,115,4972
72,110,4973
71,110,4974
72,101,4975
73,96,4976
71,99,4977
72,95,4978
71,96,4979
78,85,4980
77,85,4981
75,86,4982
84,78,4983
81,79,4984
86,75,4985
86,74,4986
94,72,4987
93,71,4988
96,70,4989
100,69,4990
103,69,4991
114,72,4992
108,69,4993
110,69,4994
118,72,4995
121,74,4996
125,76,4997
128,79,4998
129,79,4999
128,77,5000
139,96,5001
137,89,5002
139,91,5003
142,101,5004
143,101,5005
144,104,5006
145,111,5007
146,113,5008
146,122,5009
146,127,5010
144,136,5011
143,139,5012
146,133,5013
141,147,5014
141,149,5015
134,159,5016
136,158,5017
127,167,5018
133,163,5019
123,172,5020
117,176,5021
118,176,5022
110,180,5023
111,180,5024
102,183,5025
97,184,5026
86,184,5027
88,185,5028
85,185,5029
73,182,5030
66,179,5031
73,183,5032
58,175,5033
59,176,5034
57,176,5035
45,164,5036
43,162,5037
47,169,5038
32,144,5039
33,148,5040
32,147,5041
29,139,5042
26,132,5043
24,120,5044
23,117,5045
23,99,5046
22,108,5047
22,99,5048
27,76,5049
23,87,5050
26,75,5051
30,65,5052
30,63,5053
36,53,5054
34,55,5055
39,47,5056
53,33,5057
39,45,5058
56,29,5059
66,22,5060
63,23,5061
71,19,5062
80,15,5063
83,14,5064
96,12,5065
100,11,5066
104,11,5067
111,11,5068
123,14,5069
131,16,5070
137,19,5071
137,18,5072
144,22,5073
151,26,5074
166,41,5075
162,35,5076
172,47,5077
177,55,5078
179,57,5079
182,63,5080
92,113,5081
91,112,5082
90,108,5083
88,107,5084
89,104,5085
88,102,5086
91,99,5087
89,98,5088
95,95,5089
92,94,5090
97,92,5091
95,92,5092
101,91,5093
102,90,5094
108,92,5095
108,91,5096
109,91,5097
113,93,5098
114,93,5099
116,95,5100
119,98,5101
122,104,5102
120,97,5103
123,104,5104
125,108,5105
126,109,5106
126,118,5107
127,116,5108
128,115,5109
124,132,5110
127,126,5111
127,130,5112
125,135,5113
122,141,5114
125,138,5115
121,144,5116
117,149,5117
116,150,5118
113,153,5119
113,154,5120
108,157,5121
104,159,5122
98,161,5123
102,161,5124
94,162,5125
92,163,5126
87,163,5127
78,160,5128
79,161,5129
78,162,5130
70,157,5131
72,160,5132
64,154,5133
61,151,5134
58,149,5135
57,148,5136
50,137,5137
50,138,5138
47,132,5139
45,127,5140
44,124,5141
44,127,5142
42,110,5143
41,111,5144
42,98,5145
41,98,5146
42,91,5147
45,82,5148
43,84,5149
46,77,5150
50,68,5151
50,67,5152
55,60,5153
56,58,5154
57,56,5155
65,49,5156
73,43,5157
76,41,5158
76,40,5159
85,37,5160
88,36,5161
88,35,5162
106,34,5163
104,33,5164
102,32,5165
128,40,5166
124,37,5167
126,37,5168
134,41,5169
141,46,5170
143,47,5171
147,50,5172
152,55,5173
159,65,5174
159,63,5175
163,70,5176
168,81,5177
168,78,5178
173,94,5179
174,97,5180
175,103,5181
176,107,5182
177,115,5183
174,141,5184
178,121,5185
175,142,5186
170,158,5187
174,150,5188
168,165,5189
163,174,5190
169,165,5191
154,187,5192
151,191,5193
151,192,5194
145,198,5195
127,210,5196
129,210,5197
121,214,5198
112,217,5199
113,217,5200
107,219,5201
86,220,5202
93,221,5203
86,221,5204
73,219,5205
64,217,5206
66,218,5207
99,109,5208
103,109,5209
104,110,5210
105,110,5211
107,113,5212
108,113,5213
109,118,5214
110,119,5215
108,124,5216
110,122,5217
108,127,5218
108,129,5219
105,132,5220
105,133,5221
104,135,5222
101,137,5223
99,138,5224
95,139,5225
95,140,5226
93,141,5227
91,142,5228
84,140,5229
85,141,5230
82,140,5231
78,138,5232
76,137,5233
73,135,5234
71,133,5235
69,131,5236
66,125,5237
66,127,5238
64,122,5239
63,120,5240
62,106,5241
61,115,5242
60,110,5243
61,99,5244
60,100,5245
61,95,5246
61,92,5247
64,86,5248
62,88,5249
69,76,5250
65,80,5251
70,73,5252
72,71,5253
73,69,5254
78,65,5255
82,62,5256
84,61,5257
89,59,5258
93,57,5259
97,56,5260
99,56,5261
101,55,5262
110,56,5263
111,56,5264
118,58,5265
121,59,5266
124,60,5267
126,61,5268
132,65,5269
139,72,5270
138,70,5271
143,76,5272
147,82,5273
149,86,5274
150,87,5275
153,95,5276
155,101,5277
156,103,5278
157,110,5279
157,125,5280
158,122,5281
158,126,5282
156,137,5283
155,142,5284
154,146,5285
152,152,5286
151,155,5287
148,161,5288
145,167,5289
138,175,5290
132,181,5291
134,180,5292
129,184,5293
122,189,5294
118,191,5295
109,195,5296
107,196,5297
101,197,5298
96,198,5299
91,199,5300
81,198,5301
76,197,5302
66,194,5303
63,193,5304
64,194,5305
53,188,5306
46,183,5307
43,181,5308
39,177,5309
36,174,5310
26,160,5311
26,161,5312
21,151,5313
19,148,5314
16,139,5315
14,133,5316
12,124,5317
11,117,5318
11,98,5319
10,104,5320
10,97,5321
12,84,5322
15,72,5323
15,70,5324
17,64,5325
22,52,5326
27,43,5327
31,37,5328
34,33,5329
39,27,5330
44,22,5331
51,16,5332
55,13,5333
61,9,5334
97,114,5335
95,120,5336
93,120,5337
91,121,5338
88,121,5339
86,120,5340
84,117,5341
84,120,5342
81,112,5343
80,115,5344
79,111,5345
79,108,5346
78,106,5347
78,103,5348
79,99,5349
78,100,5350
79,96,5351
81,93,5352
81,91,5353
83,88,5354
85,86,5355
90,83,5356
89,82,5357
90,81,5358
92,80,5359
96,78,5360
102,78,5361
106,78,5362
101,76,5363
112,80,5364
113,79,5365
117,81,5366
117,80,5367
121,83,5368
123,85,5369
124,85,5370
129,91,5371
131,94,5372
133,99,5373
134,99,5374
135,100,5375
137,110,5376
138,113,5377
138,108,5378
139,118,5379
139,121,5380
139,125,5381
137,135,5382
137,136,5383
136,140,5384
134,145,5385
133,148,5386
128,155,5387
129,155,5388
126,159,5389
121,163,5390
120,165,5391
111,170,5392
104,173,5393
107,173,5394
103,174,5395
103,175,5396
91,176,5397
91,177,5398
84,176,5399
75,174,5400
77,175,5401
69,172,5402
66,171,5403
59,166,5404
59,167,5405
53,162,5406
47,155,5407
45,152,5408
42,148,5409
42,150,5410
34,129,5411
33,126,5412
34,135,5413
31,117,5414
30,114,5415
30,119,5416
29,104,5417
30,95,5418
29,97,5419
33,79,5420
33,77,5421
35,72,5422
40,61,5423
42,57,5424
45,52,5425
47,49,5426
57,39,5427
53,42,5428
62,34,5429
76,27,5430
72,28,5431
72,27,5432
84,23,5433
91,21,5434
98,20,5435
107,20,5436
112,20,5437
121,22,5438
117,20,5439
128,24,5440
136,27,5441
137,27,5442
151,37,5443
153,38,5444
159,44,5445
161,46,5446
170,58,5447
172,61,5448
174,63,5449
183,88,5450
183,85,5451
185,91,5452
187,103,5453
187,101,5454
188,106,5455
189,122,5456
188,133,5457
188,136,5458
185,152,5459
183,158,5460
184,157,5461
94,110,5462
94,105,5463
95,104,5464
95,102,5465
100,100,5466
98,99,5467
102,98,5468
102,97,5469
108,101,5470
108,99,5471
110,100,5472
109,98,5473
115,106,5474
115,105,5475
117,108,5476
118,110,5477
119,111,5478
119,117,5479
120,118,5480
121,118,5481
121,121,5482
119,128,5483
118,132,5484
119,132,5485
118,135,5486
118,136,5487
112,142,5488
112,144,5489
114,143,5490
103,149,5491
104,150,5492
103,151,5493
102,152,5494
93,153,5495
96,154,5496
87,154,5497
85,154,5498
84,154,5499
75,150,5500
78,153,5501
74,151,5502
68,146,5503
67,146,5504
65,145,5505
61,140,5506
59,138,5507
60,141,5508
53,125,5509
52,124,5510
53,129,5511
50,115,5512
49,115,5513
49,104,5514
48,107,5515
48,101,5516
50,91,5517
48,95,5518
52,83,5519
56,74,5520
51,82,5521
58,69,5522
54,74,5523
68,58,5524
64,60,5525
75,52,5526
67,56,5527
79,49,5528
83,47,5529
86,45,5530
90,44,5531
93,43,5532
98,42,5533
106,42,5534
114,43,5535
115,43,5536
114,42,5537
128,48,5538
136,53,5539
130,47,5540
142,57,5541
148,63,5542
145,58,5543
155,72,5544
157,75,5545
154,68,5546
164,93,5547
165,93,5548
165,91,5549
168,105,5550
168,103,5551
169,116,5552
170,117,5553
169,129,5554
169,135,5555
168,140,5556
162,157,5557
164,155,5558
163,158,5559
154,174,5560
157,171,5561
146,185,5562
152,179,5563
141,191,5564
127,200,5565
139,194,5566
126,202,5567
118,206,5568
111,209,5569
102,211,5570
97,212,5571
95,212,5572
84,212,5573
75,211,5574
71,210,5575
72,211,5576
55,204,5577
49,201,5578
42,196,5579
41,196,5580
35,191,5581
28,184,5582
22,176,5583
20,175,5584
13,163,5585
10,156,5586
8,153,5587
3,137,5588
98,112,5589
103,115,5590
102,118,5591
104,119,5592
102,124,5593
104,123,5594
99,128,5595
101,128,5596
95,130,5597
98,131,5598
94,132,5599
93,133,5600
89,133,5601
86,132,5602
85,132,5603
83,132,5604
81,131,5605
79,130,5606
77,129,5607
75,126,5608
74,126,5609
71,122,5610
70,116,5611
69,116,5612
68,113,5613
67,111,5614
68,102,5615
67,101,5616
66,104,5617
72,88,5618
70,89,5619
68,92,5620
71,86,5621
76,79,5622
72,82,5623
77,77,5624
80,74,5625
80,73,5626
89,68,5627
91,67,5628
92,66,5629
96,65,5630
99,64,5631
103,64,5632
106,64,5633
108,64,5634
107,63,5635
121,69,5636
124,70,5637
124,69,5638
130,74,5639
128,71,5640
133,76,5641
137,81,5642
140,85,5643
140,84,5644
146,98,5645
147,100,5646
147,99,5647
149,107,5648
150,112,5649
150,118,5650
150,127,5651
150,130,5652
148,138,5653
150,135,5654
148,141,5655
143,153,5656
142,156,5657
140,160,5658
136,165,5659
137,165,5660
130,172,5661
131,172,5662
127,176,5663
117,182,5664
108,186,5665
106,187,5666
109,187,5667
96,189,5668
93,190,5669
86,190,5670
80,189,5671
74,188,5672
82,191,5673
55,178,5674
60,183,5675
57,181,5676
52,178,5677
42,168,5678
39,165,5679
35,160,5680
35,161,5681
29,150,5682
26,144,5683
24,139,5684
21,128,5685
21,131,5686
19,120,5687
18,113,5688
18,102,5689
17,103,5690
18,91,5691
25,67,5692
17,91,5693
24,67,5694
28,58,5695
27,58,5696
29,54,5697
42,36,5698
35,43,5699
50,28,5700
54,24,5701
52,25,5702
64,17,5703
79,11,5704
76,11,5705
82,9,5706
92,7,5707
98,6,5708
115,7,5709
101,5,5710
114,6,5711
130,10,5712
139,14,5713
140,14,5714
141,14,5715
93,116,5716
90,115,5717
88,113,5718
88,114,5719
86,109,5720
85,109,5721
85,105,5722
84,105,5723
87,99,5724
84,101,5725
88,95,5726
87,95,5727
91,91,5728
90,91,5729
94,89,5730
94,88,5731
97,86,5732
102,86,5733
102,85,5734
105,85,5735
107,85,5736
112,88,5737
113,87,5738
116,89,5739
118,91,5740
120,92,5741
122,94,5742
125,99,5743
124,95,5744
129,110,5745
129,105,5746
130,110,5747
131,112,5748
130,126,5749
132,117,5750
132,121,5751
130,132,5752
131,131,5753
128,138,5754
130,136,5755
125,145,5756
126,145,5757
121,151,5758
123,151,5759
117,156,5760
114,159,5761
115,159,5762
107,163,5763
106,164,5764
105,165,5765
95,167,5766
96,168,5767
85,167,5768
86,168,5769
83,168,5770
79,167,5771
72,164,5772
66,161,5773
65,161,5774
62,159,5775
58,156,5776
56,154,5777
49,144,5778
47,142,5779
46,140,5780
43,134,5781
40,126,5782
39,123,5783
38,117,5784
37,113,5785
37,105,5786
36,107,5787
38,92,5788
37,94,5789
37,91,5790
42,75,5791
47,65,5792
44,69,5793
49,60,5794
50,58,5795
55,52,5796
56,50,5797
66,42,5798
68,40,5799
70,38,5800
81,33,5801
80,33,5802
90,30,5803
94,29,5804
99,28,5805
104,28,5806
109,28,5807
119,30,5808
120,30,5809
131,34,5810
133,35,5811
141,40,5812
140,38,5813
150,46,5814
158,55,5815
160,57,5816
165,64,5817
167,67,5818
170,73,5819
171,74,5820
176,88,5821
177,90,5822
180,104,5823
181,110,5824
181,124,5825
182,118,5826
179,143,5827
179,145,5828
179,147,5829
175,159,5830
170,170,5831
169,174,5832
168,176,5833
159,189,5834
157,192,5835
153,197,5836
143,206,5837
141,208,5838
135,212,5839
124,218,5840
117,221,5841
118,221,5842
97,107,5843
98,107,5844
102,105,5845
104,105,5846
106,106,5847
108,107,5848
110,111,5849
110,108,5850
112,115,5851
113,114,5852
113,118,5853
114,119,5854
113,124,5855
113,126,5856
112,129,5857
112,130,5858
110,133,5859
110,134,5860
108,137,5861
105,140,5862
106,140,5863
99,143,5864
99,144,5865
97,145,5866
94,146,5867
92,146,5868
89,146,5869
85,146,5870
83,146,5871
75,141,5872
77,143,5873
74,142,5874
72,141,5875
68,136,5876
66,135,5877
64,132,5878
62,129,5879
61,127,5880
58,115,5881
57,116,5882
57,118,5883
56,111,5884
56,102,5885
56,98,5886
56,96,5887
56,95,5888
58,87,5889
59,84,5890
60,81,5891
62,77,5892
64,73,5893
67,69,5894
72,64,5895
72,63,5896
75,61,5897
79,58,5898
82,56,5899
89,53,5900
95,52,5901
95,51,5902
100,50,5903
104,50,5904
112,51,5905
114,51,5906
120,53,5907
124,55,5908
127,56,5909
133,60,5910
134,60,5911
140,66,5912
142,67,5913
146,72,5914
150,78,5915
154,85,5916
155,87,5917
155,85,5918
160,106,5919
161,109,5920
161,101,5921
162,117,5922
162,126,5923
162,129,5924
161,137,5925
159,145,5926
159,147,5927
155,157,5928
152,163,5929
150,167,5930
148,170,5931
144,176,5932
136,184,5933
137,184,5934
128,191,5935
127,192,5936
124,194,5937
104,201,5938
107,201,5939
106,202,5940
92,203,5941
91,204,5942
80,203,5943
78,203,5944
69,201,5945
62,198,5946
62,199,5947
50,192,5948
43,187,5949
42,187,5950
31,175,5951
31,176,5952
23,164,5953
22,163,5954
17,154,5955
13,144,5956
15,151,5957
8,121,5958
8,126,5959
7,122,5960
6,110,5961
6,98,5962
6,95,5963
7,86,5964
9,75,5965
11,68,5966
13,61,5967
20,46,5968
19,47,5969
98,114,5970
99,118,5971
96,122,5972
97,123,5973
94,124,5974
92,126,5975
89,125,5976
88,126,5977
83,121,5978
85,125,5979
82,123,5980
81,123,5981
78,117,5982
77,116,5983
76,112,5984
75,112,5985
74,110,5986
75,102,5987
74,103,5988
74,100,5989
73,102,5990
76,94,5991
78,89,5992
76,90,5993
78,87,5994
79,85,5995
87,79,5996
87,78,5997
84,79,5998
95,75,5999
95,74,6000
97,73,6001
101,73,6002
107,73,6003
106,72,6004
107,72,6005
113,74,6006
115,74,6007
124,81,6008
123,79,6009
121,76,6010
128,83,6011
131,86,6012
131,85,6013
136,94,6014
138,97,6015
136,90,6016
141,110,6017
142,109,6018
142,106,6019
143,117,6020
144,117,6021
142,130,6022
143,130,6023
143,131,6024
139,144,6025
141,141,6026
134,154,6027
131,158,6028
135,155,6029
129,162,6030
131,161,6031
118,171,6032
120,171,6033
112,175,6034
117,174,6035
104,179,6036
98,180,6037
97,181,6038
87,181,6039
84,181,6040
86,182,6041
76,180,6042
73,179,6043
68,177,6044
70,179,6045
55,169,6046
47,161,6047
55,171,6048
43,157,6049
41,155,6050
42,158,6051
34,142,6052
31,136,6053
34,146,6054
27,118,6055
27,124,6056
26,118,6057
25,111,6058
26,93,6059
25,96,6060
25,94,6061
28,79,6062
27,80,6063
32,67,6064
39,55,6065
35,59,6066
39,52,6067
48,41,6068
46,42,6069
59,31,6070
54,34,6071
63,27,6072
77,21,6073
66,24,6074
81,18,6075
91,16,6076
92,15,6077
100,14,6078
111,15,6079
110,14,6080
124,17,6081
130,19,6082
137,22,6083
154,34,6084
142,24,6085
155,34,6086
165,44,6087
164,42,6088
172,52,6089
172,51,6090
181,69,6091
182,69,6092
185,77,6093
189,90,6094
189,87,6095
192,105,6096
93,112,6097
91,108,6098
91,106,6099
90,105,6100
93,100,6101
92,99,6102
96,97,6103
93,97,6104
101,96,6105
99,94,6106
102,94,6107
102,93,6108
108,95,6109
108,94,6110
111,96,6111
113,97,6112
115,98,6113
117,99,6114
119,102,6115
120,104,6116
121,105,6117
123,113,6118
123,107,6119
124,114,6120
125,117,6121
125,121,6122
123,130,6123
125,126,6124
125,129,6125
117,142,6126
121,138,6127
121,139,6128
117,145,6129
113,149,6130
114,149,6131
110,152,6132
107,154,6133
104,156,6134
100,157,6135
98,158,6136
95,159,6137
92,160,6138
87,159,6139
83,159,6140
79,158,6141
78,158,6142
78,159,6143
66,151,6144
64,150,6145
66,153,6146
58,143,6147
58,145,6148
56,142,6149
52,135,6150
51,134,6151
48,128,6152
46,120,6153
45,114,6154
45,105,6155
44,111,6156
44,101,6157
44,97,6158
45,92,6159
45,89,6160
51,74,6161
48,78,6162
52,70,6163
57,63,6164
56,63,6165
60,58,6166
64,54,6167
64,53,6168
74,46,6169
73,46,6170
76,44,6171
89,39,6172
95,38,6173
98,37,6174
100,37,6175
109,37,6176
110,37,6177
114,37,6178
126,41,6179
132,44,6180
125,39,6181
146,55,6182
142,50,6183
146,53,6184
148,55,6185
156,65,6186
160,71,6187
161,72,6188
165,79,6189
169,91,6190
170,93,6191
172,102,6192
173,110,6193
174,111,6194
174,122,6195
174,129,6196
172,140,6197
173,138,6198
172,144,6199
161,170,6200
171,151,6201
160,174,6202
156,180,6203
156,181,6204
151,188,6205
140,198,6206
142,197,6207
132,204,6208
121,210,6209
127,208,6210
112,214,6211
99,216,6212
99,217,6213
91,217,6214
88,218,6215
86,218,6216
69,215,6217
58,211,6218
63,214,6219
51,208,6220
44,204,6221
36,198,6222
35,198,6223
98,111,6224
101,110,6225
104,113,6226
106,115,6227
106,118,6228
107,118,6229
107,121,6230
107,124,6231
104,128,6232
106,128,6233
102,131,6234
103,132,6235
99,134,6236
99,135,6237
94,136,6238
94,137,6239
92,138,6240
89,138,6241
86,138,6242
85,138,6243
84,138,6244
77,133,6245
79,136,6246
75,133,6247
73,131,6248
70,127,6249
69,126,6250
67,122,6251
65,118,6252
64,111,6253
64,109,6254
63,111,6255
62,108,6256
65,94,6257
61,105,6258
63,96,6259
65,90,6260
64,90,6261
69,81,6262
70,79,6263
72,76,6264
74,73,6265
77,70,6266
75,70,6267
84,65,6268
85,64,6269
85,63,6270
96,60,6271
99,60,6272
98,59,6273
104,59,6274
105,58,6275
113,60,6276
115,60,6277
118,61,6278
121,62,6279
129,67,6280
132,69,6281
135,71,6282
138,75,6283
141,78,6284
142,79,6285
149,94,6286
148,89,6287
151,97,6288
152,101,6289
154,109,6290
154,119,6291
155,116,6292
155,122,6293
155,126,6294
155,131,6295
151,145,6296
152,144,6297
152,146,6298
146,158,6299
143,163,6300
141,167,6301
138,171,6302
132,177,6303
129,180,6304
130,180,6305
117,188,6306
110,191,6307
112,191,6308
98,194,6309
101,194,6310
94,195,6311
90,196,6312
78,194,6313
70,192,6314
71,193,6315
68,192,6316
58,187,6317
51,183,6318
46,179,6319
42,175,6320
39,173,6321
35,168,6322
28,158,6323
25,153,6324
24,151,6325
19,139,6326
17,132,6327
16,131,6328
14,116,6329
14,99,6330
13,111,6331
13,101,6332
14,90,6333
13,92,6334
18,71,6335
21,62,6336
20,63,6337
27,49,6338
34,39,6339
31,42,6340
37,34,6341
48,23,6342
51,20,6343
53,18,6344
59,14,6345
68,9,6346
78,5,6347
84,3,6348
88,2,6349
95,1,6350
96,116,6351
94,118,6352
90,118,6353
89,118,6354
86,117,6355
85,117,6356
83,112,6357
82,114,6358
82,107,6359
81,109,6360
81,105,6361
81,102,6362
81,100,6363
82,97,6364
84,93,6365
84,92,6366
85,90,6367
88,87,6368
89,86,6369
90,85,6370
93,83,6371
99,82,6372
98,81,6373
100,80,6374
104,80,6375
105,80,6376
112,82,6377
113,82,6378
113,81,6379
119,86,6380
121,87,6381
126,93,6382
125,90,6383
128,94,6384
130,98,6385
131,99,6386
132,101,6387
134,107,6388
135,115,6389
136,114,6390
136,121,6391
136,124,6392
135,131,6393
136,129,6394
134,136,6395
133,140,6396
132,143,6397
127,151,6398
129,149,6399
126,154,6400
122,158,6401
118,162,6402
114,165,6403
113,166,6404
107,169,6405
105,170,6406
103,171,6407
92,172,6408
91,173,6409
92,174,6410
85,173,6411
79,172,6412
74,171,6413
70,169,6414
67,168,6415
59,162,6416
58,162,6417
52,156,6418
53,158,6419
47,150,6420
45,148,6421
41,141,6422
38,134,6423
36,129,6424
34,120,6425
35,128,6426
33,109,6427
32,106,6428
32,104,6429
32,98,6430
33,91,6431
34,85,6432
38,72,6433
39,70,6434
39,68,6435
45,58,6436
46,56,6437
51,49,6438
58,42,6439
61,39,6440
66,35,6441
73,31,6442
74,30,6443
79,28,6444
87,25,6445
98,24,6446
99,23,6447
107,23,6448
109,23,6449
118,24,6450
124,26,6451
130,28,6452
137,31,6453
143,35,6454
144,35,6455
153,42,6456
156,45,6457
159,48,6458
168,60,6459
170,63,6460
175,72,6461
177,77,6462
180,85,6463
183,96,6464
182,89,6465
185,116,6466
186,115,6467
185,133,6468
186,129,6469
185,137,6470
182,152,6471
180,159,6472
177,168,6473
174,174,6474
168,185,6475
164,191,6476
162,194,6477
95,110,6478
95,107,6479
97,104,6480
98,102,6481
101,102,6482
104,101,6483
106,102,6484
105,100,6485
111,107,6486
110,103,6487
112,105,6488
113,104,6489
115,112,6490
116,113,6491
117,115,6492
118,117,6493
118,120,6494
117,124,6495
117,127,6496
118,126,6497
117,130,6498
111,138,6499
113,138,6500
112,139,6501
110,142,6502
108,144,6503
104,146,6504
104,147,6505
101,149,6506
93,150,6507
94,151,6508
91,151,6509
87,151,6510
86,152,6511
80,149,6512
80,150,6513
74,147,6514
73,147,6515
66,140,6516
65,140,6517
64,140,6518
60,134,6519
58,130,6520
59,134,6521
55,123,6522
54,122,6523
54,125,6524
52,110,6525
51,109,6526
51,104,6527
51,101,6528
51,96,6529
55,84,6530
53,86,6531
54,83,6532
58,75,6533
57,75,6534
64,66,6535
70,60,6536
65,63,6537
72,57,6538
68,59,6539
83,51,6540
82,50,6541
93,47,6542
85,48,6543
97,46,6544
103,45,6545
107,45,6546
112,46,6547
114,46,6548
120,47,6549
128,51,6550
130,52,6551
136,56,6552
132,52,6553
144,63,6554
152,74,6555
145,62,6556
155,78,6557
157,81,6558
156,77,6559
163,98,6560
164,99,6561
164,95,6562
166,116,6563
167,116,6564
167,121,6565
167,125,6566
165,138,6567
165,141,6568
163,149,6569
158,161,6570
160,158,6571
155,168,6572
144,182,6573
147,180,6574
144,184,6575
133,193,6576
137,191,6577
122,200,6578
124,200,6579
120,202,6580
100,207,6581
108,207,6582
96,209,6583
90,209,6584
89,210,6585
76,208,6586
72,207,6587
66,206,6588
52,199,6589
50,198,6590
44,194,6591
42,193,6592
26,176,6593
27,178,6594
21,170,6595
18,166,6596
16,162,6597
14,159,6598
6,136,6599
8,146,6600
4,129,6601
2,116,6602
2,99,6603
1,108,6604
100,114,6605
101,115,6606
101,119,6607
101,122,6608
100,124,6609
99,126,6610
95,128,6611
96,129,6612
90,128,6613
92,130,6614
88,130,6615
88,131,6616
82,127,6617
82,128,6618
79,125,6619
77,124,6620
76,123,6621
75,122,6622
74,121,6623
72,115,6624
71,115,6625
70,109,6626
71,101,6627
69,107,6628
69,104,6629
69,102,6630
73,91,6631
71,93,6632
70,93,6633
79,81,6634
76,82,6635
78,80,6636
79,78,6637
85,74,6638
83,74,6639
89,71,6640
91,70,6641
95,68,6642
107,69,6643
102,67,6644
106,67,6645
107,67,6646
114,69,6647
118,70,6648
123,73,6649
121,71,6650
123,71,6651
132,81,6652
132,80,6653
132,78,6654
139,90,6655
140,90,6656
142,94,6657
145,104,6658
145,102,6659
146,104,6660
147,113,6661
147,125,6662
146,132,6663
149,121,6664
147,132,6665
146,138,6666
143,146,6667
143,148,6668
136,159,6669
141,154,6670
135,162,6671
127,170,6672
126,172,6673
124,174,6674
118,178,6675
117,179,6676
110,182,6677
107,184,6678
103,185,6679
98,186,6680
85,186,6681
84,186,6682
84,187,6683
72,184,6684
67,182,6685
72,185,6686
57,177,6687
53,174,6688
59,180,6689
41,161,6690
45,168,6691
37,158,6692
36,157,6693
32,150,6694
26,135,6695
26,137,6696
25,135,6697
22,120,6698
21,115,6699
22,94,6700
20,105,6701
20,101,6702
22,87,6703
22,84,6704
26,70,6705
27,66,6706
29,61,6707
42,42,6708
28,61,6709
40,43,6710
48,34,6711
50,31,6712
55,27,6713
59,24,6714
66,19,6715
79,14,6716
81,13,6717
81,12,6718
94,10,6719
110,10,6720
106,9,6721
120,11,6722
123,11,6723
132,14,6724
137,16,6725
151,25,6726
147,21,6727
156,28,6728
164,35,6729
166,37,6730
169,40,6731
94,114,6732
91,113,6733
89,110,6734
88,110,6735
88,106,6736
86,105,6737
89,100,6738
87,100,6739
92,96,6740
88,97,6741
93,93,6742
93,92,6743
98,90,6744
98,89,6745
102,89,6746
103,89,6747
104,88,6748
109,90,6749
109,89,6750
112,90,6751
114,91,6752
120,98,6753
117,92,6754
122,99,6755
123,101,6756
125,103,6757
126,105,6758
127,110,6759
128,109,6760
128,122,6761
129,120,6762
129,124,6763
129,126,6764
126,135,6765
129,130,6766
126,138,6767
124,142,6768
122,145,6769
118,150,6770
119,150,6771
115,154,6772
112,156,6773
108,159,6774
112,158,6775
102,162,6776
100,163,6777
99,164,6778
88,164,6779
85,164,6780
90,166,6781
77,162,6782
82,165,6783
73,161,6784
70,160,6785
69,160,6786
63,156,6787
58,151,6788
56,149,6789
54,147,6790
50,141,6791
47,136,6792
46,136,6793
42,119,6794
42,124,6795
41,119,6796
40,113,6797
39,109,6798
41,92,6799
39,99,6800
42,85,6801
42,84,6802
41,85,6803
47,71,6804
46,71,6805
49,65,6806
56,56,6807
60,51,6808
62,49,6809
66,45,6810
72,41,6811
76,39,6812
74,39,6813
87,34,6814
93,33,6815
92,32,6816
112,33,6817
111,32,6818
107,31,6819
116,32,6820
124,35,6821
130,37,6822
136,40,6823
138,41,6824
148,49,6825
149,49,6826
155,56,6827
162,66,6828
162,64,6829
168,76,6830
170,80,6831
173,88,6832
173,87,6833
176,98,6834
177,126,6835
178,109,6836
179,118,6837
177,136,6838
179,128,6839
176,146,6840
174,153,6841
175,153,6842
167,170,6843
166,173,6844
163,179,6845
156,188,6846
148,197,6847
149,197,6848
147,199,6849
130,211,6850
131,211,6851
128,213,6852
112,219,6853
110,220,6854
100,222,6855
94,223,6856
89,223,6857
82,223,6858
99,108,6859
100,108,6860
104,108,6861
106,109,6862
107,110,6863
108,111,6864
109,114,6865
110,115,6866
110,120,6867
111,122,6868
110,125,6869
110,127,6870
109,129,6871
109,130,6872
108,132,6873
105,136,6874
104,137,6875
103,138,6876
100,140,6877
98,141,6878
96,142,6879
90,142,6880
91,143,6881
86,143,6882
83,142,6883
82,142,6884
79,141,6885
77,140,6886
74,138,6887
71,135,6888
68,132,6889
67,131,6890
66,130,6891
63,125,6892
61,120,6893
60,116,6894
59,112,6895
59,109,6896
59,102,6897
58,103,6898
59,97,6899
59,95,6900
61,88,6901
61,86,6902
63,82,6903
65,78,6904
67,74,6905
70,70,6906
72,68,6907
75,65,6908
79,62,6909
80,61,6910
85,58,6911
87,57,6912
93,55,6913
97,54,6914
106,54,6915
108,54,6916
110,54,6917
112,54,6918
119,56,6919
122,57,6920
126,59,6921
131,62,6922
135,65,6923
140,70,6924
142,72,6925
146,77,6926
148,80,6927
151,85,6928
152,87,6929
156,98,6930
157,101,6931
158,106,6932
159,111,6933
159,124,6934
159,128,6935
159,131,6936
158,137,6937
157,142,6938
155,149,6939
153,155,6940
148,164,6941
147,166,6942
144,171,6943
140,176,6944
137,179,6945
129,186,6946
128,187,6947
121,192,6948
117,194,6949
112,196,6950
106,198,6951
98,200,6952
91,200,6953
85,200,6954
82,200,6955
74,199,6956
67,197,6957
60,194,6958
56,192,6959
51,189,6960
45,185,6961
39,179,6962
39,180,6963
32,172,6964
28,167,6965
23,159,6966
19,152,6967
17,147,6968
14,139,6969
12,132,6970
10,121,6971
9,115,6972
9,100,6973
9,96,6974
9,92,6975
11,79,6976
13,71,6977
15,64,6978
16,61,6979
20,52,6980
25,43,6981
28,38,6982
35,29,6983
40,23,6984
42,21,6985
97,118,6986
97,119,6987
94,121,6988
93,122,6989
90,123,6990
89,123,6991
86,121,6992
86,123,6993
82,116,6994
81,119,6995
80,116,6996
79,116,6997
78,110,6998
77,109,6999
77,105,7000
76,104,7001
76,102,7002
79,95,7003
78,95,7004
78,93,7005
80,90,7006
85,85,7007
84,84,7008
86,82,7009
89,80,7010
88,80,7011
96,77,7012
98,77,7013
96,76,7014
108,77,7015
104,75,7016
108,76,7017
110,76,7018
116,78,7019
117,78,7020
119,79,7021
124,83,7022
125,83,7023
131,92,7024
132,92,7025
131,89,7026
135,98,7027
137,103,7028
137,100,7029
139,111,7030
140,112,7031
140,107,7032
140,125,7033
141,122,7034
140,129,7035
139,135,7036
139,137,7037
134,148,7038
135,148,7039
134,150,7040
129,157,7041
129,158,7042
120,166,7043
116,169,7044
122,166,7045
112,172,7046
116,171,7047
100,176,7048
100,177,7049
93,178,7050
90,178,7051
88,179,7052
79,177,7053
77,177,7054
69,174,7055
70,175,7056
64,172,7057
57,167,7058
53,164,7059
51,162,7060
51,164,7061
41,149,7062
37,142,7063
40,151,7064
32,129,7065
32,131,7066
32,134,7067
29,115,7068
28,111,7069
28,119,7070
28,100,7071
28,94,7072
30,83,7073
29,86,7074
34,70,7075
34,69,7076
36,64,7077
42,54,7078
41,54,7079
48,45,7080
61,34,7081
58,35,7082
61,32,7083
70,27,7084
75,24,7085
84,21,7086
82,21,7087
90,19,7088
103,18,7089
97,17,7090
116,19,7091
118,19,7092
117,18,7093
132,23,7094
136,25,7095
141,27,7096
149,33,7097
156,39,7098
159,41,7099
164,46,7100
175,64,7101
173,59,7102
178,68,7103
180,72,7104
185,85,7105
186,87,7106
189,107,7107
189,101,7108
190,117,7109
190,129,7110
189,138,7111
190,137,7112
95,112,7113
93,108,7114
93,105,7115
93,103,7116
96,100,7117
97,98,7118
99,98,7119
99,96,7120
105,98,7121
104,96,7122
108,97,7123
108,96,7124
113,101,7125
113,100,7126
116,104,7127
116,103,7128
118,105,7129
120,111,7130
120,109,7131
121,113,7132
122,115,7133
121,124,7134
121,126,7135
122,126,7136
122,127,7137
122,129,7138
117,138,7139
118,138,7140
119,138,7141
108,148,7142
112,146,7143
109,149,7144
107,151,7145
100,153,7146
104,153,7147
98,155,7148
94,156,7149
91,156,7150
81,154,7151
88,157,7152
83,156,7153
79,155,7154
70,150,7155
69,150,7156
67,149,7157
65,147,7158
66,149,7159
55,133,7160
57,138,7161
56,138,7162
51,125,7163
50,125,7164
49,122,7165
48,115,7166
47,113,7167
47,104,7168
46,106,7169
48,92,7170
50,85,7171
47,91,7172
50,82,7173
51,78,7174
58,67,7175
56,68,7176
64,59,7177
58,64,7178
65,57,7179
73,51,7180
71,51,7181
78,47,7182
81,45,7183
89,42,7184
95,41,7185
97,40,7186
101,40,7187
104,39,7188
117,42,7189
123,44,7190
118,41,7191
131,47,7192
133,48,7193
133,47,7194
144,56,7195
146,58,7196
144,54,7197
158,75,7198
159,75,7199
159,74,7200
163,82,7201
165,87,7202
168,98,7203
170,106,7204
170,104,7205
171,116,7206
172,119,7207
168,142,7208
171,132,7209
169,144,7210
166,153,7211
165,158,7212
156,174,7213
159,171,7214
157,174,7215
138,194,7216
152,183,7217
139,195,7218
135,198,7219
132,201,7220
127,204,7221
121,207,7222
112,211,7223
99,213,7224
96,214,7225
90,214,7226
88,215,7227
72,212,7228
67,211,7229
57,207,7230
62,210,7231
48,203,7232
42,199,7233
33,191,7234
34,193,7235
24,182,7236
20,177,7237
15,170,7238
11,163,7239
101,112,7240
103,113,7241
103,117,7242
105,117,7243
104,122,7244
105,123,7245
103,125,7246
104,127,7247
99,130,7248
101,130,7249
96,133,7250
97,134,7251
93,134,7252
91,135,7253
88,134,7254
87,135,7255
86,135,7256
81,133,7257
79,132,7258
77,130,7259
76,130,7260
72,124,7261
73,128,7262
70,122,7263
69,120,7264
68,119,7265
67,107,7266
66,111,7267
65,110,7268
67,98,7269
66,99,7270
65,98,7271
66,95,7272
71,84,7273
66,91,7274
71,82,7275
74,78,7276
75,76,7277
81,71,7278
82,70,7279
84,68,7280
88,66,7281
90,65,7282
87,65,7283
98,63,7284
99,62,7285
100,61,7286
110,63,7287
115,64,7288
115,63,7289
124,68,7290
119,64,7291
127,69,7292
132,73,7293
133,74,7294
135,75,7295
142,86,7296
141,83,7297
145,90,7298
147,95,7299
149,100,7300
149,97,7301
151,113,7302
152,113,7303
151,129,7304
153,119,7305
152,129,7306
149,141,7307
151,137,7308
148,146,7309
145,154,7310
146,153,7311
139,164,7312
139,165,7313
138,167,7314
126,178,7315
122,181,7316
121,182,7317
119,184,7318
111,187,7319
106,189,7320
109,189,7321
92,191,7322
91,192,7323
93,193,7324
69,187,7325
74,190,7326
75,191,7327
62,186,7328
54,181,7329
51,179,7330
48,177,7331
45,175,7332
36,164,7333
37,166,7334
29,154,7335
25,145,7336
26,150,7337
21,136,7338
20,132,7339
18,124,7340
17,120,7341
16,112,7342
18,89,7343
15,107,7344
17,87,7345
21,72,7346
17,82,7347
22,67,7348
27,56,7349
25,57,7350
37,40,7351
38,38,7352
40,35,7353
51,24,7354
62,17,7355
60,17,7356
65,14,7357
74,10,7358
79,8,7359
81,7,7360
91,5,7361
99,4,7362
110,4,7363
116,5,7364
119,5,7365
128,7,7366
96,114,7367
92,117,7368
90,116,7369
88,115,7370
86,112,7371
85,113,7372
84,108,7373
83,108,7374
85,101,7375
82,104,7376
85,97,7377
85,96,7378
87,93,7379
87,92,7380
90,90,7381
91,88,7382
92,87,7383
95,86,7384
97,85,7385
99,84,7386
101,83,7387
109,85,7388
106,83,7389
111,85,7390
114,86,7391
115,86,7392
119,89,7393
122,92,7394
121,90,7395
127,100,7396
126,96,7397
129,103,7398
130,104,7399
131,106,7400
132,110,7401
133,113,7402
133,122,7403
134,121,7404
132,130,7405
133,130,7406
130,138,7407
130,140,7408
126,146,7409
129,144,7410
126,148,7411
122,153,7412
122,154,7413
115,160,7414
113,162,7415
114,162,7416
105,166,7417
107,166,7418
101,168,7419
95,169,7420
94,170,7421
89,170,7422
81,169,7423
77,168,7424
76,168,7425
70,166,7426
68,165,7427
62,161,7428
58,158,7429
54,154,7430
52,152,7431
47,145,7432
45,142,7433
43,139,7434
41,134,7435
38,125,7436
38,126,7437
36,117,7438
35,110,7439
35,105,7440
34,105,7441
36,91,7442
37,86,7443
38,81,7444
39,77,7445
42,69,7446
44,65,7447
46,61,7448
53,52,7449
56,48,7450
55,48,7451
61,43,7452
66,39,7453
76,33,7454
78,32,7455
85,29,7456
88,28,7457
95,27,7458
100,26,7459
105,26,7460
114,27,7461
122,29,7462
126,30,7463
130,31,7464
139,36,7465
142,38,7466
148,42,7467
156,50,7468
159,53,7469
162,57,7470
164,59,7471
171,71,7472
171,70,7473
178,89,7474
178,87,7475
180,95,7476
182,104,7477
183,115,7478
183,120,7479
183,130,7480
182,136,7481
178,154,7482
179,153,7483
176,162,7484
172,171,7485
172,172,7486
166,183,7487
160,191,7488
156,196,7489
151,202,7490
146,206,7491
143,209,7492
136,214,7493
96,109,7494
98,105,7495
101,104,7496
102,103,7497
104,104,7498
106,104,7499
109,107,7500
111,110,7501
109,104,7502
112,109,7503
114,113,7504
114,115,7505
115,119,7506
115,122,7507
115,124,7508
115,126,7509
114,129,7510
111,134,7511
112,134,7512
111,136,7513
110,138,7514
104,142,7515
104,143,7516
105,143,7517
99,146,7518
100,146,7519
92,147,7520
92,148,7521
92,149,7522
82,146,7523
80,146,7524
81,147,7525
78,146,7526
71,141,7527
72,143,7528
69,140,7529
65,136,7530
64,135,7531
60,126,7532
59,127,7533
58,125,7534
56,118,7535
55,113,7536
55,118,7537
54,108,7538
54,101,7539
54,99,7540
55,92,7541
56,89,7542
55,90,7543
57,84,7544
59,79,7545
64,71,7546
62,72,7547
66,67,7548
74,60,7549
70,62,7550
78,57,7551
83,54,7552
83,53,7553
89,51,7554
86,51,7555
100,49,7556
100,48,7557
111,49,7558
115,50,7559
114,49,7560
120,51,7561
124,52,7562
133,58,7563
133,57,7564
137,60,7565
141,64,7566
147,71,7567
151,76,7568
150,73,7569
157,89,7570
159,94,7571
157,85,7572
162,106,7573
163,109,7574
163,104,7575
164,119,7576
164,123,7577
164,130,7578
162,139,7579
161,146,7580
159,151,7581
156,159,7582
155,162,7583
150,170,7584
150,171,7585
142,181,7586
142,182,7587
134,189,7588
122,196,7589
120,198,7590
125,196,7591
113,201,7592
104,204,7593
97,205,7594
96,206,7595
90,206,7596
76,204,7597
79,206,7598
66,202,7599
63,201,7600
54,197,7601
51,195,7602
41,188,7603
37,184,7604
30,177,7605
24,169,7606
25,171,7607
23,169,7608
13,147,7609
13,149,7610
9,138,7611
7,129,7612
6,127,7613
5,120,7614
4,107,7615
4,102,7616
4,96,7617
6,80,7618
9,70,7619
7,73,7620
99,115,7621
100,118,7622
98,122,7623
98,123,7624
95,125,7625
95,126,7626
91,127,7627
91,128,7628
86,125,7629
88,128,7630
84,126,7631
84,127,7632
79,121,7633
78,121,7634
76,117,7635
75,117,7636
74,115,7637
73,111,7638
73,108,7639
72,107,7640
72,105,7641
73,99,7642
75,93,7643
72,98,7644
74,92,7645
74,91,7646
81,83,7647
80,82,7648
78,83,7649
89,76,7650
88,75,7651
90,74,7652
88,74,7653
98,72,7654
96,71,7655
100,70,7656
104,70,7657
106,70,7658
116,74,7659
117,73,7660
114,71,7661
124,78,7662
124,77,7663
127,79,7664
133,86,7665
132,84,7666
132,82,7667
140,100,7668
140,97,7669
141,98,7670
143,109,7671
144,109,7672
144,119,7673
145,116,7674
145,125,7675
144,131,7676
145,130,7677
140,145,7678
138,149,7679
143,141,7680
137,153,7681
138,153,7682
128,165,7683
131,163,7684
121,171,7685
128,167,7686
117,175,7687
111,178,7688
110,179,7689
104,181,7690
102,182,7691
96,183,7692
91,184,7693
83,183,7694
81,183,7695
77,183,7696
66,178,7697
61,175,7698
67,180,7699
53,170,7700
50,168,7701
51,170,7702
42,159,7703
39,155,7704
43,163,7705
31,139,7706
30,139,7707
29,137,7708
26,126,7709
25,124,7710
24,111,7711
23,110,7712
24,93,7713
23,95,7714
25,84,7715
30,70,7716
26,78,7717
29,69,7718
35,57,7719
34,57,7720
41,47,7721
43,43,7722
48,38,7723
67,24,7724
51,33,7725
68,22,7726
72,20,7727
73,19,7728
85,15,7729
88,14,7730
93,13,7731
104,12,7732
114,13,7733
119,14,7734
122,14,7735
136,20,7736
140,21,7737
149,27,7738
150,27,7739
156,32,7740
159,34,7741
174,53,7742
170,46,7743
175,53,7744
185,73,7745
182,64,7746
189,83,7747
94,113,7748
91,111,7749
90,106,7750
89,106,7751
90,103,7752
89,101,7753
93,98,7754
90,98,7755
98,95,7756
95,94,7757
98,93,7758
99,92,7759
104,92,7760
106,92,7761
109,93,7762
109,92,7763
111,93,7764
113,94,7765
115,95,7766
118,98,7767
119,99,7768
123,109,7769
121,100,7770
124,109,7771
125,111,7772
126,112,7773
126,121,7774
127,120,7775
127,123,7776
121,137,7777
125,131,7778
125,134,7779
122,139,7780
119,144,7781
123,140,7782
117,148,7783
112,152,7784
110,154,7785
106,156,7786
106,157,7787
104,158,7788
99,160,7789
94,161,7790
92,161,7791
90,162,7792
89,162,7793
85,162,7794
73,157,7795
72,157,7796
73,159,7797
63,151,7798
67,156,7799
59,148,7800
58,147,7801
56,145,7802
52,140,7803
49,133,7804
47,128,7805
45,123,7806
44,120,7807
43,114,7808
43,119,7809
42,105,7810
42,101,7811
44,89,7812
42,95,7813
44,86,7814
49,74,7815
48,74,7816
50,70,7817
55,62,7818
55,61,7819
61,54,7820
65,50,7821
62,52,7822
77,42,7823
82,40,7824
86,38,7825
83,38,7826
94,36,7827
98,35,7828
98,34,7829
108,35,7830
116,36,7831
113,34,7832
137,46,7833
129,40,7834
132,41,7835
137,44,7836
147,52,7837
151,56,7838
153,58,7839
157,62,7840
163,73,7841
165,75,7842
169,85,7843
172,96,7844
172,92,7845
174,103,7846
175,109,7847
175,126,7848
176,120,7849
176,127,7850
170,153,7851
176,135,7852
171,154,7853
167,163,7854
168,163,7855
165,170,7856
156,183,7857
161,178,7858
147,194,7859
143,198,7860
139,202,7861
133,206,7862
115,214,7863
118,214,7864
113,216,7865
103,218,7866
99,219,7867
94,220,7868
76,218,7869
84,220,7870
69,217,7871
57,213,7872
49,209,7873
53,212,7874
100,109,7875
101,109,7876
105,112,7877
106,112,7878
107,115,7879
108,116,7880
108,120,7881
109,120,7882
107,125,7883
109,124,7884
106,129,7885
107,129,7886
102,134,7887
103,134,7888
101,136,7889
99,137,7890
98,138,7891
92,139,7892
92,140,7893
90,140,7894
89,141,7895
84,139,7896
81,138,7897
79,138,7898
75,135,7899
74,134,7900
70,130,7901
68,127,7902
68,128,7903
65,120,7904
65,123,7905
63,117,7906
62,115,7907
61,111,7908
63,99,7909
61,102,7910
62,97,7911
61,97,7912
65,86,7913
63,89,7914
67,81,7915
65,83,7916
70,76,7917
67,78,7918
77,68,7919
75,69,7920
79,65,7921
85,62,7922
86,61,7923
88,60,7924
96,58,7925
96,57,7926
104,57,7927
104,56,7928
105,56,7929
115,58,7930
122,61,7931
126,63,7932
127,63,7933
130,65,7934
133,67,7935
136,70,7936
143,79,7937
143,78,7938
148,86,7939
149,87,7940
151,93,7941
153,97,7942
155,106,7943
156,111,7944
156,117,7945
157,116,7946
156,128,7947
156,132,7948
156,136,7949
152,148,7950
150,153,7951
151,152,7952
146,162,7953
145,164,7954
140,171,7955
140,172,7956
129,182,7957
127,184,7958
126,185,7959
115,191,7960
114,192,7961
108,194,7962
101,196,7963
96,197,7964
88,197,7965
89,198,7966
81,197,7967
75,196,7968
64,192,7969
58,189,7970
56,188,7971
56,189,7972
46,182,7973
39,175,7974
36,172,7975
32,167,7976
27,160,7977
21,148,7978
22,152,7979
16,134,7980
17,140,7981
14,128,7982
12,117,7983
12,107,7984
11,109,7985
13,86,7986
13,84,7987
13,81,7988
18,65,7989
22,56,7990
21,57,7991
23,52,7992
32,38,7993
34,35,7994
38,30,7995
42,25,7996
48,20,7997
59,12,7998
60,11,7999
70,6,8000
74,4,8001
96,118,8002
95,119,8003
91,120,8004
89,120,8005
87,119,8006
86,119,8007
83,114,8008
83,118,8009
81,110,8010
80,113,8011
80,108,8012
79,106,8013
79,104,8014
79,102,8015
81,96,8016
80,96,8017
81,94,8018
83,91,8019
84,89,8020
86,86,8021
87,85,8022
94,82,8023
91,82,8024
95,80,8025
98,79,8026
100,79,8027
105,79,8028
107,79,8029
104,77,8030
115,82,8031
117,82,8032
119,83,8033
120,83,8034
124,87,8035
127,90,8036
126,88,8037
130,94,8038
133,100,8039
135,108,8040
135,105,8041
136,106,8042
137,114,8043
137,120,8044
138,121,8045
138,123,8046
138,126,8047
137,132,8048
133,143,8049
134,142,8050
133,145,8051
129,152,8052
128,154,8053
123,159,8054
123,160,8055
119,164,8056
113,168,8057
112,169,8058
107,171,8059
100,173,8060
100,174,8061
95,175,8062
90,175,8063
86,175,8064
83,175,8065
76,173,8066
70,171,8067
67,170,8068
65,169,8069
60,166,8070
53,160,8071
50,157,8072
46,152,8073
43,148,8074
41,144,8075
39,141,8076
38,141,8077
34,126,8078
32,117,8079
32,125,8080
31,110,8081
30,107,8082
30,104,8083
31,93,8084
33,84,8085
32,84,8086
37,70,8087
39,65,8088
41,61,8089
46,53,8090
45,54,8091
51,46,8092
54,43,8093
63,35,8094
64,34,8095
65,33,8096
88,24,8097
85,24,8098
99,22,8099
85,23,8100
99,21,8101
106,21,8102
110,21,8103
117,22,8104
130,26,8105
127,24,8106
142,32,8107
144,33,8108
150,37,8109
156,43,8110
157,43,8111
168,57,8112
169,58,8113
172,63,8114
178,75,8115
177,71,8116
184,97,8117
185,97,8118
186,100,8119
187,112,8120
188,117,8121
188,121,8122
186,141,8123
184,151,8124
182,158,8125
182,159,8126
179,167,8127
176,175,8128
94,108,8129
94,107,8130
96,104,8131
97,101,8132
100,101,8133
100,99,8134
104,100,8135
103,98,8136
109,103,8137
108,100,8138
111,102,8139
111,100,8140
115,108,8141
116,108,8142
117,111,8143
118,112,8144
119,114,8145
119,120,8146
119,123,8147
120,121,8148
120,123,8149
116,133,8150
116,135,8151
117,135,8152
116,137,8153
114,140,8154
108,145,8155
109,145,8156
108,147,8157
98,150,8158
102,150,8159
98,152,8160
93,152,8161
87,152,8162
92,154,8163
85,153,8164
81,152,8165
80,152,8166
71,146,8167
73,149,8168
72,149,8169
63,140,8170
64,142,8171
61,139,8172
58,134,8173
56,131,8174
58,137,8175
52,118,8176
51,117,8177
51,121,8178
50,110,8179
49,110,8180
51,94,8181
49,100,8182
49,98,8183
53,83,8184
51,86,8185
56,76,8186
61,68,8187
56,73,8188
63,64,8189
60,66,8190
76,53,8191
71,55,8192
82,49,8193
75,51,8194
86,47,8195
93,45,8196
93,44,8197
99,43,8198
104,43,8199
104,42,8200
113,44,8201
121,46,8202
124,47,8203
124,46,8204
137,55,8205
142,59,8206
136,52,8207
149,66,8208
151,68,8209
149,64,8210
159,82,8211
159,81,8212
159,78,8213
166,105,8214
166,100,8215
167,103,8216
168,112,8217
168,121,8218
169,122,8219
168,133,8220
166,143,8221
166,145,8222
164,152,8223
155,169,8224
157,168,8225
156,170,8226
151,177,8227
152,177,8228
137,192,8229
142,189,8230
136,194,8231
117,204,8232
129,200,8233
113,207,8234
105,209,8235
102,210,8236
96,211,8237
80,210,8238
89,212,8239
72,209,8240
71,209,8241
62,206,8242
58,205,8243
42,194,8244
40,193,8245
31,185,8246
33,188,8247
25,179,8248
22,175,8249
14,161,8250
14,163,8251
8,149,8252
6,143,8253
5,142,8254
1,123,8255
100,113,8256
102,115,8257
102,119,8258
103,121,8259
101,124,8260
101,126,8261
99,127,8262
100,128,8263
93,130,8264
95,131,8265
91,132,8266
91,133,8267
86,131,8268
85,131,8269
81,129,8270
81,130,8271
79,128,8272
77,127,8273
75,125,8274
73,121,8275
73,123,8276
70,114,8277
70,117,8278
69,113,8279
68,109,8280
68,106,8281
70,95,8282
68,99,8283
67,100,8284
74,86,8285
71,88,8286
73,84,8287
74,82,8288
80,76,8289
76,78,8290
81,74,8291
86,71,8292
84,71,8293
92,68,8294
95,67,8295
96,66,8296
101,65,8297
104,65,8298
106,65,8299
111,66,8300
113,66,8301
113,65,8302
126,73,8303
128,74,8304
127,72,8305
134,80,8306
133,77,8307
136,81,8308
141,89,8309
143,93,8310
144,93,8311
147,105,8312
148,109,8313
148,118,8314
149,112,8315
150,117,8316
149,129,8317
149,130,8318
148,137,8319
144,147,8320
147,142,8321
143,152,8322
139,158,8323
138,161,8324
136,164,8325
127,173,8326
128,173,8327
121,178,8328
122,178,8329
118,181,8330
111,184,8331
100,187,8332
97,188,8333
101,188,8334
90,189,8335
81,188,8336
83,189,8337
72,186,8338
64,183,8339
73,188,8340
49,172,8341
54,178,8342
49,174,8343
46,172,8344
38,162,8345
34,156,8346
31,152,8347
29,149,8348
25,138,8349
24,136,8350
22,129,8351
20,118,8352
19,116,8353
19,102,8354
18,105,8355
20,90,8356
20,85,8357
20,84,8358
29,60,8359
20,79,8360
33,51,8361
32,52,8362
35,46,8363
37,43,8364
46,33,8365
48,30,8366
62,20,8367
67,17,8368
65,17,8369
75,13,8370
91,9,8371
87,9,8372
107,8,8373
101,7,8374
109,7,8375
118,8,8376
133,13,8377
127,10,8378
137,14,8379
146,19,8380
154,24,8381
155,24,8382
93,115,8383
92,115,8384
89,113,8385
87,111,8386
87,108,8387
85,107,8388
86,104,8389
85,102,8390
90,96,8391
85,100,8392
89,95,8393
90,93,8394
95,90,8395
95,89,8396
98,88,8397
99,88,8398
100,87,8399
104,87,8400
104,86,8401
106,86,8402
110,87,8403
116,92,8404
115,89,8405
118,92,8406
121,95,8407
123,97,8408
125,100,8409
126,103,8410
126,100,8411
129,113,8412
129,108,8413
130,114,8414
131,116,8415
129,128,8416
132,120,8417
130,130,8418
128,136,8419
129,135,8420
125,143,8421
126,143,8422
123,147,8423
119,152,8424
115,156,8425
120,153,8426
110,160,8427
109,161,8428
110,161,8429
101,164,8430
99,165,8431
98,166,8432
88,166,8433
87,167,8434
79,165,8435
77,165,8436
76,165,8437
73,164,8438
65,159,8439
62,157,8440
60,156,8441
57,153,8442
55,151,8443
52,148,8444
45,134,8445
45,137,8446
42,129,8447
40,121,8448
40,122,8449
39,107,8450
38,111,8451
38,101,8452
38,98,8453
37,101,8454
40,86,8455
40,83,8456
42,76,8457
46,68,8458
49,63,8459
49,62,8460
53,56,8461
57,51,8462
60,48,8463
64,44,8464
72,39,8465
80,35,8466
80,34,8467
89,32,8468
90,31,8469
97,30,8470
101,29,8471
110,30,8472
118,31,8473
116,30,8474
128,34,8475
134,37,8476
138,39,8477
141,41,8478
154,53,8479
149,46,8480
156,54,8481
160,59,8482
166,68,8483
169,73,8484
170,75,8485
175,88,8486
175,87,8487
179,106,8488
179,104,8489
180,113,8490
180,127,8491
180,129,8492
180,136,8493
175,155,8494
174,159,8495
174,160,8496
169,171,8497
160,185,8498
163,182,8499
159,188,8500
150,198,8501
145,203,8502
143,205,8503
131,213,8504
129,214,8505
119,219,8506
113,221,8507
107,223,8508
102,224,8509
97,109,8510
99,107,8511
102,106,8512
104,106,8513
106,107,8514
108,108,8515
110,112,8516
111,111,8517
111,116,8518
112,116,8519
112,120,8520
113,121,8521
112,125,8522
111,128,8523
111,129,8524
109,133,8525
108,135,8526
107,137,8527
106,138,8528
102,141,8529
101,142,8530
96,143,8531
96,144,8532
94,145,8533
90,145,8534
88,145,8535
84,144,8536
81,144,8537
79,143,8538
75,140,8539
73,139,8540
71,138,8541
69,137,8542
66,132,8543
65,132,8544
62,127,8545
60,122,8546
59,120,8547
58,111,8548
57,112,8549
57,105,8550
56,106,8551
57,99,8552
57,95,8553
58,91,8554
58,90,8555
60,84,8556
63,78,8557
63,77,8558
67,71,8559
69,68,8560
72,65,8561
76,62,8562
76,61,8563
83,57,8564
85,56,8565
89,54,8566
94,53,8567
100,52,8568
100,51,8569
110,52,8570
111,52,8571
116,53,8572
122,55,8573
124,56,8574
131,60,8575
134,62,8576
139,66,8577
142,69,8578
147,76,8579
145,72,8580
150,80,8581
153,85,8582
156,93,8583
157,95,8584
158,96,8585
160,114,8586
161,116,8587
161,120,8588
161,128,8589
160,136,8590
159,141,8591
158,145,8592
155,154,8593
155,155,8594
151,163,8595
146,171,8596
144,174,8597
139,180,8598
136,183,8599
131,187,8600
129,189,8601
121,194,8602
115,197,8603
113,198,8604
97,201,8605
96,202,8606
95,203,8607
81,202,8608
79,202,8609
71,200,8610
70,200,8611
62,197,8612
51,191,8613
51,192,8614
42,185,8615
35,178,8616
36,180,8617
29,171,8618
25,166,8619
20,157,8620
16,149,8621
14,144,8622
12,138,8623
10,134,8624
8,112,8625
7,112,8626
7,104,8627
7,94,8628
8,86,8629
10,76,8630
12,68,8631
14,62,8632
17,55,8633
20,48,8634
24,41,8635
29,33,8636
98,115,8637
98,119,8638
96,121,8639
96,123,8640
91,124,8641
89,124,8642
87,123,8643
88,125,8644
82,119,8645
82,122,8646
80,119,8647
79,119,8648
78,114,8649
77,113,8650
76,109,8651
75,109,8652
75,106,8653
76,100,8654
75,101,8655
76,96,8656
75,97,8657
80,89,8658
79,89,8659
79,87,8660
81,85,8661
83,82,8662
89,79,8663
89,78,8664
89,77,8665
99,75,8666
99,74,8667
102,74,8668
107,74,8669
108,74,8670
108,73,8671
114,75,8672
118,77,8673
119,77,8674
128,86,8675
127,83,8676
125,80,8677
133,91,8678
134,93,8679
133,89,8680
139,105,8681
139,102,8682
138,96,8683
141,115,8684
142,114,8685
142,123,8686
142,125,8687
143,122,8688
139,139,8689
141,135,8690
140,140,8691
136,148,8692
137,148,8693
130,158,8694
125,163,8695
130,160,8696
125,165,8697
126,165,8698
111,174,8699
113,174,8700
104,177,8701
109,177,8702
98,179,8703
92,180,8704
86,180,8705
85,180,8706
77,179,8707
76,179,8708
68,176,8709
61,172,8710
58,170,8711
62,174,8712
48,161,8713
42,153,8714
46,161,8715
39,149,8716
37,146,8717
36,147,8718
30,128,8719
30,130,8720
31,137,8721
27,111,8722
26,112,8723
26,102,8724
26,98,8725
28,86,8726
27,88,8727
29,79,8728
33,68,8729
32,68,8730
38,57,8731
48,44,8732
44,47,8733
46,44,8734
57,34,8735
57,33,8736
65,28,8737
65,27,8738
72,23,8739
86,19,8740
77,20,8741
90,17,8742
102,16,8743
101,15,8744
113,16,8745
122,18,8746
121,17,8747
134,22,8748
140,25,8749
147,29,8750
148,29,8751
163,44,8752
163,43,8753
168,49,8754
174,57,8755
177,62,8756
178,63,8757
185,82,8758
184,76,8759
190,100,8760
191,107,8761
191,102,8762
192,114,8763
94,112,8764
92,109,8765
92,105,8766
92,102,8767
94,100,8768
93,99,8769
97,97,8770
95,96,8771
103,96,8772
101,94,8773
104,94,8774
106,94,8775
111,98,8776
110,96,8777
113,98,8778
116,101,8779
116,100,8780
118,103,8781
120,105,8782
121,108,8783
122,110,8784
123,116,8785
123,118,8786
124,118,8787
124,122,8788
124,124,8789
121,133,8790
122,133,8791
123,133,8792
115,143,8793
118,142,8794
116,144,8795
114,147,8796
110,150,8797
109,152,8798
105,154,8799
100,156,8800
101,156,8801
89,157,8802
94,158,8803
91,159,8804
84,158,8805
78,156,8806
77,156,8807
74,155,8808
73,155,8809
70,154,8810
62,146,8811
59,143,8812
63,149,8813
55,137,8814
55,139,8815
52,134,8816
49,125,8817
49,127,8818
47,122,8819
46,115,8820
45,108,8821
46,98,8822
44,106,8823
45,97,8824
46,90,8825
49,81,8826
49,79,8827
53,72,8828
51,73,8829
57,64,8830
63,57,8831
62,57,8832
64,55,8833
73,48,8834
72,48,8835
80,44,8836
80,43,8837
85,41,8838
93,39,8839
101,38,8840
111,39,8841
104,37,8842
116,39,8843
122,41,8844
124,41,8845
130,44,8846
135,47,8847
133,44,8848
150,61,8849
149,58,8850
151,60,8851
156,66,8852
159,71,8853
164,81,8854
166,84,8855
167,87,8856
171,104,8857
171,101,8858
172,121,8859
173,118,8860
173,126,8861
171,140,8862
172,138,8863
168,152,8864
170,148,8865
168,155,8866
152,182,8867
165,164,8868
152,184,8869
153,183,8870
147,190,8871
141,196,8872
136,200,8873
129,205,8874
115,211,8875
116,211,8876
113,213,8877
103,215,8878
90,216,8879
85,216,8880
76,215,8881
73,215,8882
68,214,8883
58,210,8884
47,204,8885
47,205,8886
39,199,8887
33,194,8888
25,186,8889
26,188,8890
99,111,8891
102,111,8892
104,115,8893
105,114,8894
105,121,8895
107,120,8896
104,125,8897
106,125,8898
103,128,8899
104,129,8900
100,132,8901
101,133,8902
96,135,8903
95,136,8904
92,136,8905
91,137,8906
88,137,8907
85,136,8908
83,136,8909
82,136,8910
80,135,8911
75,130,8912
76,133,8913
73,130,8914
70,125,8915
69,124,8916
67,121,8917
66,116,8918
65,116,8919
65,105,8920
64,105,8921
63,107,8922
63,104,8923
67,90,8924
63,97,8925
66,89,8926
68,85,8927
68,83,8928
73,77,8929
74,75,8930
76,72,8931
80,69,8932
81,68,8933
79,68,8934
88,64,8935
92,62,8936
90,62,8937
102,61,8938
104,60,8939
103,59,8940
111,61,8941
112,60,8942
119,63,8943
122,64,8944
126,66,8945
128,67,8946
134,73,8947
136,74,8948
138,76,8949
143,83,8950
144,85,8951
145,85,8952
150,100,8953
150,97,8954
152,105,8955
153,110,8956
154,115,8957
153,128,8958
154,127,8959
152,137,8960
152,139,8961
151,144,8962
146,155,8963
149,150,8964
147,155,8965
138,168,8966
136,171,8967
134,174,8968
133,175,8969
123,183,8970
118,186,8971
123,184,8972
112,189,8973
102,192,8974
106,192,8975
88,193,8976
88,194,8977
84,194,8978
81,194,8979
68,190,8980
65,189,8981
62,188,8982
61,188,8983
48,179,8984
46,178,8985
41,173,8986
33,163,8987
35,167,8988
27,154,8989
24,148,8990
21,141,8991
19,136,8992
18,132,8993
16,122,8994
15,120,8995
14,108,8996
15,94,8997
13,103,8998
16,83,8999
18,74,9000
17,75,9001
26,54,9002
24,57,9003
28,49,9004
34,40,9005
43,30,9006
42,30,9007
49,23,9008
56,18,9009
60,15,9010
64,12,9011
71,9,9012
79,6,9013
86,4,9014
96,2,9015
102,2,9016
105,1,9017
96,115,9018
92,118,9019
89,117,9020
87,116,9021
86,116,9022
84,113,9023
83,110,9024
82,112,9025
83,104,9026
81,107,9027
82,102,9028
83,98,9029
83,97,9030
83,96,9031
86,92,9032
87,90,9033
87,89,9034
90,87,9035
92,85,9036
94,84,9037
96,83,9038
103,83,9039
101,81,9040
104,81,9041
108,82,9042
109,82,9043
112,83,9044
117,86,9045
116,84,9046
122,90,9047
123,90,9048
126,94,9049
128,96,9050
129,97,9051
132,105,9052
133,107,9053
134,115,9054
134,111,9055
134,124,9056
135,120,9057
135,124,9058
134,131,9059
133,135,9060
134,134,9061
130,144,9062
130,145,9063
129,147,9064
123,155,9065
124,155,9066
121,158,9067
116,162,9068
115,163,9069
109,167,9070
104,169,9071
102,170,9072
98,171,9073
95,172,9074
84,171,9075
87,172,9076
84,172,9077
79,171,9078
73,169,9079
68,167,9080
66,166,9081
60,162,9082
52,154,9083
54,157,9084
49,151,9085
47,149,9086
44,144,9087
40,136,9088
39,134,9089
37,128,9090
35,122,9091
34,115,9092
33,112,9093
33,103,9094
34,93,9095
34,90,9096
35,86,9097
36,81,9098
37,77,9099
42,65,9100
44,62,9101
45,59,9102
52,50,9103
55,46,9104
62,40,9105
63,39,9106
70,34,9107
75,31,9108
83,28,9109
85,27,9110
89,26,9111
93,25,9112
110,25,9113
113,25,9114
116,25,9115
120,26,9116
127,28,9117
136,32,9118
141,35,9119
143,36,9120
152,43,9121
153,44,9122
158,49,9123
166,59,9124
169,64,9125
170,65,9126
175,75,9127
179,85,9128
181,92,9129
183,102,9130
184,108,9131
184,127,9132
184,131,9133
185,125,9134
183,142,9135
182,147,9136
181,152,9137
179,159,9138
171,177,9139
169,181,9140
164,189,9141
160,194,9142
157,198,9143
153,203,9144
95,109,9145
96,106,9146
98,104,9147
100,102,9148
103,102,9149
105,102,9150
107,104,9151
106,101,9152
111,108,9153
111,105,9154
113,108,9155
114,107,9156
115,115,9157
116,115,9158
117,118,9159
117,121,9160
117,123,9161
115,128,9162
115,131,9163
116,130,9164
115,133,9165
109,139,9166
112,138,9167
107,143,9168
106,144,9169
107,144,9170
100,147,9171
99,148,9172
98,149,9173
89,149,9174
88,150,9175
86,150,9176
82,149,9177
78,147,9178
81,150,9179
75,147,9180
70,143,9181
68,142,9182
62,133,9183
62,135,9184
62,136,9185
59,130,9186
56,123,9187
56,126,9188
54,116,9189
53,114,9190
53,118,9191
52,106,9192
52,103,9193
53,94,9194
53,93,9195
53,90,9196
58,79,9197
55,83,9198
58,76,9199
63,69,9200
62,69,9201
70,61,9202
74,58,9203
72,58,9204
80,53,9205
75,55,9206
91,49,9207
88,49,9208
98,47,9209
102,47,9210
103,46,9211
110,47,9212
109,46,9213
122,50,9214
124,50,9215
126,51,9216
134,56,9217
138,59,9218
142,62,9219
140,59,9220
151,74,9221
153,77,9222
149,68,9223
159,89,9224
161,93,9225
161,90,9226
164,108,9227
165,110,9228
165,104,9229
165,127,9230
165,132,9231
165,133,9232
164,140,9233
160,153,9234
160,154,9235
158,160,9236
152,170,9237
154,168,9238
150,174,9239
135,189,9240
141,185,9241
137,189,9242
124,198,9243
125,198,9244
115,202,9245
115,203,9246
109,205,9247
92,207,9248
98,208,9249
81,207,9250
78,207,9251
75,207,9252
65,204,9253
59,201,9254
57,201,9255
46,194,9256
40,189,9257
32,182,9258
32,183,9259
21,167,9260
21,168,9261
17,161,9262
13,154,9263
9,144,9264
7,138,9265
5,127,9266
5,132,9267
3,115,9268
2,107,9269
4,86,9270
2,94,9271
98,113,9272
101,117,9273
100,120,9274
100,122,9275
98,125,9276
98,126,9277
95,127,9278
94,129,9279
87,127,9280
90,130,9281
87,129,9282
85,129,9283
81,125,9284
80,126,9285
77,121,9286
76,121,9287
75,120,9288
74,118,9289
73,117,9290
72,112,9291
71,112,9292
71,105,9293
72,99,9294
70,103,9295
71,97,9296
70,99,9297
76,87,9298
75,87,9299
73,88,9300
83,78,9301
80,79,9302
81,78,9303
84,75,9304
91,72,9305
91,71,9306
94,70,9307
97,69,9308
99,68,9309
109,70,9310
105,68,9311
108,68,9312
115,70,9313
119,72,9314
121,73,9315
126,76,9316
126,75,9317
126,74,9318
137,90,9319
135,85,9320
136,85,9321
142,99,9322
142,97,9323
143,99,9324
145,108,9325
146,110,9326
146,120,9327
147,118,9328
146,128,9329
144,138,9330
147,130,9331
144,141,9332
144,142,9333
136,157,9334
140,152,9335
131,164,9336
138,157,9337
129,168,9338
122,173,9339
121,175,9340
116,178,9341
110,181,9342
108,182,9343
104,183,9344
98,185,9345
93,185,9346
91,186,9347
83,185,9348
75,183,9349
78,185,9350
65,180,9351
63,179,9352
61,179,9353
51,171,9354
44,164,9355
52,174,9356
34,149,9357
37,156,9358
33,150,9359
31,146,9360
29,142,9361
24,123,9362
24,125,9363
23,124,9364
22,113,9365
21,107,9366
24,87,9367
22,90,9368
23,84,9369
26,74,9370
27,69,9371
33,57,9372
32,57,9373
35,52,9374
49,36,9375
36,48,9376
49,34,9377
59,26,9378
55,28,9379
67,20,9380
71,18,9381
75,16,9382
86,13,9383
94,11,9384
108,11,9385
106,10,9386
118,12,9387
120,12,9388
130,15,9389
129,14,9390
140,19,9391
141,19,9392
159,33,9393
157,30,9394
167,40,9395
171,45,9396
176,51,9397
179,56,9398
96,113,9399
90,111,9400
90,109,9401
88,108,9402
89,103,9403
87,105,9404
90,100,9405
88,100,9406
94,95,9407
91,95,9408
95,93,9409
96,91,9410
100,91,9411
101,90,9412
106,91,9413
106,90,9414
108,90,9415
112,92,9416
113,92,9417
115,93,9418
117,95,9419
121,101,9420
120,96,9421
123,103,9422
125,107,9423
125,105,9424
126,116,9425
127,114,9426
128,113,9427
126,127,9428
127,128,9429
128,127,9430
127,131,9431
124,138,9432
127,134,9433
124,140,9434
120,146,9435
118,149,9436
115,152,9437
116,152,9438
111,156,9439
106,159,9440
103,160,9441
104,161,9442
97,162,9443
95,163,9444
95,164,9445
82,162,9446
80,162,9447
84,164,9448
69,157,9449
75,162,9450
67,157,9451
63,154,9452
62,154,9453
59,151,9454
55,146,9455
51,141,9456
50,139,9457
46,131,9458
45,129,9459
45,131,9460
42,114,9461
41,115,9462
41,104,9463
40,107,9464
40,103,9465
43,87,9466
41,90,9467
45,78,9468
46,75,9469
46,73,9470
51,65,9471
51,64,9472
53,60,9473
63,50,9474
69,45,9475
67,46,9476
69,44,9477
78,39,9478
83,37,9479
83,36,9480
93,34,9481
99,33,9482
97,32,9483
120,36,9484
116,34,9485
119,34,9486
127,37,9487
133,40,9488
137,42,9489
139,43,9490
146,48,9491
154,57,9492
154,56,9493
162,67,9494
166,75,9495
163,67,9496
170,83,9497
172,88,9498
174,95,9499
176,102,9500
177,110,9501
176,131,9502
178,117,9503
177,133,9504
174,147,9505
177,138,9506
173,153,9507
167,168,9508
170,164,9509
158,183,9510
156,186,9511
156,187,9512
149,195,9513
136,205,9514
139,204,9515
134,208,9516
122,214,9517
115,217,9518
116,217,9519
103,220,9520
98,221,9521
90,222,9522
81,221,9523
69,219,9524
75,221,9525
97,111,9526
101,108,9527
104,109,9528
106,110,9529
107,112,9530
108,112,9531
109,116,9532
110,117,9533
109,123,9534
111,121,9535
109,126,9536
109,127,9537
106,132,9538
106,133,9539
105,134,9540
102,137,9541
101,138,9542
99,139,9543
97,140,9544
95,141,9545
93,142,9546
86,141,9547
86,142,9548
83,141,9549
81,140,9550
78,139,9551
75,137,9552
73,136,9553
70,133,9554
67,128,9555
66,128,9556
64,124,9557
64,125,9558
62,119,9559
61,118,9560
60,112,9561
60,104,9562
59,105,9563
60,99,9564
60,95,9565
62,89,9566
61,90,9567
65,81,9568
63,83,9569
66,78,9570
69,73,9571
70,71,9572
76,66,9573
77,65,9574
79,63,9575
87,59,9576
88,58,9577
91,57,9578
94,56,9579
98,55,9580
106,55,9581
108,55,9582
114,56,9583
118,57,9584
121,58,9585
127,61,9586
129,62,9587
134,66,9588
137,68,9589
142,74,9590
143,75,9591
147,81,9592
148,82,9593
151,88,9594
154,95,9595
155,97,9596
157,107,9597
158,113,9598
158,119,9599
159,118,9600
157,135,9601
157,136,9602
156,142,9603
155,145,9604
154,149,9605
148,162,9606
150,160,9607
143,170,9608
141,173,9609
138,177,9610
130,184,9611
129,185,9612
121,190,9613
118,192,9614
112,195,9615
109,196,9616
101,198,9617
96,199,9618
86,199,9619
84,199,9620
73,197,9621
72,197,9622
68,196,9623
58,192,9624
52,188,9625
50,187,9626
42,181,9627
37,176,9628
33,171,9629
30,168,9630
25,160,9631
24,159,9632
17,144,9633
15,139,9634
13,131,9635
12,127,9636
10,113,9637
10,100,9638
9,106,9639
11,87,9640
13,77,9641
12,79,9642
14,71,9643
17,62,9644
20,55,9645
24,47,9646
28,40,9647
34,32,9648
39,26,9649
44,21,9650
51,15,9651
58,10,9652
97,116,9653
96,119,9654
92,121,9655
91,122,9656
90,122,9657
88,122,9658
84,118,9659
84,121,9660
81,113,9661
81,117,9662
79,113,9663
79,110,9664
78,107,9665
78,105,9666
78,102,9667
77,103,9668
77,100,9669
81,92,9670
80,92,9671
81,90,9672
83,87,9673
87,84,9674
85,84,9675
89,81,9676
91,80,9677
92,79,9678
100,78,9679
102,77,9680
99,76,9681
109,78,9682
109,77,9683
112,78,9684
116,79,9685
119,81,9686
121,82,9687
123,83,9688
126,86,9689
130,91,9690
133,98,9691
133,96,9692
135,99,9693
137,107,9694
138,110,9695
138,105,9696
139,116,9697
140,117,9698
140,122,9699
138,133,9700
139,130,9701
137,139,9702
135,144,9703
136,143,9704
130,153,9705
131,153,9706
129,156,9707
122,163,9708
122,164,9709
114,169,9710
108,172,9711
113,171,9712
108,173,9713
108,174,9714
95,176,9715
95,177,9716
89,177,9717
80,176,9718
82,177,9719
72,174,9720
71,174,9721
62,169,9722
64,171,9723
57,166,9724
49,158,9725
48,157,9726
46,155,9727
44,154,9728
36,137,9729
35,134,9730
36,141,9731
31,121,9732
31,123,9733
30,124,9734
29,108,9735
29,100,9736
28,104,9737
31,85,9738
30,86,9739
33,76,9740
35,70,9741
37,65,9742
40,59,9743
45,51,9744
48,47,9745
48,46,9746
53,41,9747
70,29,9748
69,29,9749
69,28,9750
82,23,9751
84,22,9752
93,20,9753
90,20,9754
102,19,9755
115,20,9756
107,18,9757
124,22,9758
131,24,9759
130,23,9760
141,29,9761
150,35,9762
149,34,9763
157,41,9764
165,50,9765
167,52,9766
168,53,9767
180,77,9768
179,73,9769
182,80,9770
186,94,9771
187,97,9772
187,95,9773
189,116,9774
189,125,9775
189,132,9776
188,140,9777
185,154,9778
186,153,9779
93,109,9780
93,107,9781
94,104,9782
95,101,9783
98,100,9784
97,99,9785
101,98,9786
100,97,9787
106,99,9788
105,97,9789
109,99,9790
109,97,9791
114,104,9792
114,102,9793
116,106,9794
118,108,9795
118,107,9796
120,114,9797
120,116,9798
121,116,9799
121,120,9800
120,126,9801
120,128,9802
121,127,9803
120,131,9804
119,135,9805
113,142,9806
114,142,9807
116,141,9808
106,148,9809
107,149,9810
106,150,9811
105,151,9812
97,153,9813
98,154,9814
94,155,9815
88,155,9816
86,155,9817
78,152,9818
82,155,9819
79,154,9820
73,151,9821
70,149,9822
67,147,9823
62,142,9824
62,143,9825
61,143,9826
55,131,9827
53,128,9828
53,131,9829
50,118,9830
50,121,9831
49,107,9832
48,110,9833
47,108,9834
49,94,9835
47,100,9836
51,85,9837
54,77,9838
50,83,9839
55,73,9840
53,75,9841
64,61,9842
60,64,9843
70,55,9844
64,58,9845
74,51,9846
80,48,9847
78,48,9848
88,44,9849
89,43,9850
94,42,9851
101,41,9852
104,41,9853
108,41,9854
112,41,9855
123,45,9856
129,48,9857
127,45,9858
138,53,9859
141,55,9860
140,53,9861
149,63,9862
154,69,9863
151,63,9864
162,85,9865
163,86,9866
163,84,9867
166,94,9868
167,96,9869
169,109,9870
170,113,9871
170,121,9872
171,122,9873
170,132,9874
163,156,9875
167,148,9876
164,157,9877
157,170,9878
161,165,9879
149,182,9880
154,177,9881
152,180,9882
134,196,9883
145,189,9884
129,201,9885
122,205,9886
121,206,9887
113,209,9888
107,211,9889
102,212,9890
91,213,9891
87,213,9892
78,212,9893
73,212,9894
58,206,9895
59,207,9896
50,202,9897
50,203,9898
41,197,9899
34,191,9900
25,181,9901
29,187,9902
17,171,9903
11,160,9904
10,159,9905
6,149,9906
99,112,9907
102,113,9908
103,119,9909
104,118,9910
103,122,9911
104,124,9912
100,127,9913
103,127,9914
97,130,9915
99,131,9916
95,132,9917
95,133,9918
90,133,9919
87,133,9920
86,133,9921
86,134,9922
83,133,9923
81,132,9924
78,130,9925
75,127,9926
75,128,9927
71,120,9928
72,125,9929
69,118,9930
68,115,9931
67,113,9932
67,104,9933
66,107,9934
65,107,9935
71,89,9936
68,93,9937
67,94,9938
69,88,9939
74,81,9940
70,84,9941
75,78,9942
78,75,9943
78,74,9944
84,70,9945
87,68,9946
88,67,9947
94,65,9948
96,64,9949
100,64,9950
102,63,9951
105,63,9952
104,62,9953
118,67,9954
118,66,9955
120,66,9956
127,71,9957
123,67,9958
131,74,9959
136,79,9960
138,81,9961
140,83,9962
145,94,9963
145,93,9964
146,95,9965
148,101,9966
150,108,9967
150,104,9968
151,118,9969
151,124,9970
150,131,9971
152,124,9972
150,136,9973
145,150,9974
146,149,9975
143,156,9976
141,159,9977
141,160,9978
133,170,9979
132,172,9980
129,175,9981
120,181,9982
115,184,9983
113,185,9984
113,186,9985
100,189,9986
97,190,9987
97,191,9988
83,190,9989
86,191,9990
87,192,9991
59,181,9992
63,185,9993
62,185,9994
57,182,9995
49,176,9996
41,168,9997
43,171,9998
39,167,9999
30,153,10000
29,152,10001
27,148,10002
22,134,10003
23,140,10004
19,124,10005
18,118,10006
17,110,10007
17,106,10008
17,96,10009
21,78,10010
16,96,10011
21,74,10012
24,66,10013
21,71,10014
29,53,10015
36,43,10016
33,45,10017
45,32,10018
47,29,10019
51,25,10020
58,20,10021
72,13,10022
72,12,10023
74,11,10024
88,7,10025
92,6,10026
96,5,10027
112,6,10028
111,5,10029
117,6,10030
128,9,10031
130,9,10032
136,11,10033
95,115,10034
92,116,10035
89,114,10036
87,113,10037
86,110,10038
85,111,10039
85,106,10040
84,106,10041
87,98,10042
84,100,10043
86,97,10044
86,96,10045
90,92,10046
89,91,10047
93,89,10048
93,88,10049
96,86,10050
100,86,10051
100,85,10052
102,84,10053
109,86,10054
105,84,10055
110,85,10056
114,87,10057
117,89,10058
119,90,10059
121,92,10060
125,98,10061
123,93,10062
128,104,10063
127,99,10064
130,108,10065
131,110,10066
131,119,10067
132,114,10068
133,117,10069
131,129,10070
132,128,10071
129,137,10072
131,135,10073
127,143,10074
128,142,10075
124,148,10076
125,149,10077
120,154,10078
116,158,10079
117,158,10080
110,162,10081
108,164,10082
106,165,10083
98,167,10084
102,167,10085
88,168,10086
90,169,10087
86,169,10088
81,168,10089
75,166,10090
70,164,10091
67,163,10092
65,162,10093
61,159,10094
57,156,10095
53,151,10096
51,149,10097
47,143,10098
44,138,10099
43,136,10100
40,129,10101
38,120,10102
38,121,10103
37,117,10104
36,111,10105
37,95,10106
36,98,10107
36,95,10108
39,82,10109
42,74,10110
43,70,10111
44,68,10112
45,65,10113
51,56,10114
52,54,10115
60,46,10116
64,42,10117
66,40,10118
75,35,10119
74,35,10120
81,32,10121
87,30,10122
95,28,10123
102,28,10124
102,27,10125
113,28,10126
119,29,10127
125,31,10128
130,33,10129
136,36,10130
136,35,10131
146,42,10132
155,51,10133
153,48,10134
160,56,10135
163,60,10136
168,68,10137
172,75,10138
176,86,10139
175,82,10140
179,96,10141
180,99,10142
181,107,10143
182,113,10144
181,133,10145
181,137,10146
181,139,10147
177,155,10148
173,165,10149
175,162,10150
168,177,10151
164,183,10152
164,184,10153
159,191,10154
150,201,10155
149,202,10156
142,208,10157
132,215,10158
128,217,10159
127,218,10160
96,110,10161
98,106,10162
101,105,10163
103,104,10164
105,105,10165
107,106,10166
109,109,10167
109,106,10168
112,113,10169
113,112,10170
113,117,10171
114,118,10172
114,121,10173
114,124,10174
114,125,10175
113,129,10176
112,131,10177
111,133,10178
110,136,10179
108,138,10180
107,140,10181
102,142,10182
102,143,10183
99,145,10184
96,146,10185
95,147,10186
87,146,10187
88,147,10188
85,147,10189
76,142,10190
78,144,10191
76,144,10192
74,143,10193
68,137,10194
69,139,10195
67,137,10196
63,132,10197
62,130,10198
58,118,10199
58,122,10200
57,120,10201
56,113,10202
55,109,10203
55,105,10204
55,100,10205
55,98,10206
56,93,10207
57,88,10208
59,82,10209
60,80,10210
61,77,10211
64,72,10212
69,66,10213
67,67,10214
71,63,10215
78,58,10216
77,58,10217
83,55,10218
92,52,10219
92,51,10220
96,50,10221
101,50,10222
108,50,10223
105,49,10224
115,51,10225
119,52,10226
122,53,10227
130,57,10228
131,57,10229
139,64,10230
139,63,10231
141,65,10232
146,71,10233
152,80,10234
153,82,10235
153,80,10236
160,103,10237
161,106,10238
160,95,10239
162,113,10240
163,116,10241
163,123,10242
163,126,10243
162,134,10244
162,137,10245
157,153,10246
156,156,10247
154,161,10248
151,166,10249
147,173,10250
143,178,10251
142,180,10252
135,186,10253
131,190,10254
125,194,10255
110,200,10256
115,199,10257
114,200,10258
101,203,10259
96,204,10260
85,204,10261
80,204,10262
79,204,10263
68,201,10264
71,203,10265
57,197,10266
55,196,10267
51,194,10268
38,183,10269
38,184,10270
27,171,10271
25,169,10272
20,161,10273
16,153,10274
16,155,10275
8,124,10276
8,129,10277
7,126,10278
6,116,10279
5,112,10280
5,102,10281
5,98,10282
7,82,10283
8,77,10284
10,68,10285
16,53,10286
14,56,10287
99,117,10288
99,119,10289
97,121,10290
96,124,10291
93,125,10292
93,126,10293
90,126,10294
90,127,10295
84,122,10296
84,125,10297
83,124,10298
81,124,10299
78,118,10300
77,118,10301
76,114,10302
75,114,10303
74,112,10304
74,106,10305
73,105,10306
73,104,10307
73,101,10308
76,93,10309
77,91,10310
74,94,10311
76,89,10312
77,87,10313
85,80,10314
85,79,10315
82,80,10316
93,75,10317
93,74,10318
95,73,10319
92,73,10320
101,72,10321
100,71,10322
105,71,10323
109,72,10324
111,72,10325
121,78,10326
120,76,10327
120,75,10328
130,85,10329
128,81,10330
130,83,10331
134,89,10332
135,90,10333
134,86,10334
141,107,10335
141,103,10336
142,103,10337
143,114,10338
144,114,10339
143,128,10340
145,121,10341
144,128,10342
141,140,10343
143,136,10344
137,150,10345
135,153,10346
139,149,10347
132,159,10348
134,158,10349
123,168,10350
127,166,10351
115,174,10352
120,173,10353
111,177,10354
102,180,10355
104,180,10356
96,182,10357
90,182,10358
90,183,10359
82,182,10360
74,180,10361
73,180,10362
74,181,10363
61,174,10364
53,168,10365
58,174,10366
48,164,10367
44,160,10368
47,165,10369
35,146,10370
34,145,10371
37,153,10372
28,126,10373
27,127,10374
26,123,10375
25,115,10376
25,101,10377
24,102,10378
24,100,10379
26,86,10380
25,87,10381
28,76,10382
37,57,10383
32,64,10384
36,56,10385
44,45,10386
40,49,10387
52,36,10388
52,35,10389
59,29,10390
73,22,10391
56,30,10392
72,21,10393
87,16,10394
89,15,10395
95,14,10396
103,14,10397
103,13,10398
119,15,10399
123,16,10400
134,20,10401
131,18,10402
148,28,10403
149,28,10404
157,35,10405
158,35,10406
164,41,10407
178,62,10408
169,46,10409
177,58,10410
182,68,10411
187,81,10412
186,76,10413
192,101,10414
92,112,10415
91,109,10416
91,105,10417
90,104,10418
91,102,10419
90,101,10420
94,98,10421
93,96,10422
100,95,10423
97,94,10424
100,93,10425
101,92,10426
105,93,10427
109,94,10428
111,95,10429
112,95,10430
114,96,10431
115,97,10432
117,98,10433
119,101,10434
120,102,10435
123,111,10436
123,105,10437
124,112,10438
125,115,10439
125,119,10440
124,127,10441
126,122,10442
126,126,10443
118,141,10444
123,135,10445
122,138,10446
119,143,10447
115,147,10448
118,146,10449
114,150,10450
108,154,10451
107,155,10452
102,157,10453
101,158,10454
98,159,10455
95,160,10456
85,159,10457
86,160,10458
84,160,10459
79,159,10460
83,161,10461
71,155,10462
66,152,10463
68,155,10464
59,145,10465
62,150,10466
56,143,10467
54,140,10468
52,137,10469
49,132,10470
47,125,10471
45,117,10472
45,119,10473
44,115,10474
43,109,10475
43,104,10476
44,95,10477
44,91,10478
47,82,10479
45,85,10480
48,77,10481
55,65,10482
51,70,10483
56,62,10484
61,56,10485
61,55,10486
70,48,10487
69,48,10488
71,46,10489
79,42,10490
88,39,10491
90,38,10492
90,37,10493
101,36,10494
106,36,10495
111,36,10496
122,39,10497
123,39,10498
121,37,10499
142,51,10500
136,45,10501
142,49,10502
145,51,10503
153,60,10504
155,62,10505
161,71,10506
162,72,10507
167,84,10508
167,82,10509
170,91,10510
173,105,10511
174,108,10512
174,124,10513
175,117,10514
174,130,10515
174,136,10516
174,137,10517
166,161,10518
173,146,10519
165,166,10520
160,175,10521
162,173,10522
158,180,10523
149,190,10524
144,196,10525
133,204,10526
130,206,10527
132,206,10528
124,210,10529
103,216,10530
107,216,10531
104,217,10532
94,218,10533
90,219,10534
75,217,10535
68,215,10536
71,217,10537
60,213,10538
46,206,10539
40,202,10540
43,205,10541
100,110,10542
102,110,10543
104,112,10544
106,113,10545
106,117,10546
108,118,10547
107,122,10548
108,123,10549
106,126,10550
107,127,10551
104,130,10552
105,131,10553
100,134,10554
98,136,10555
97,137,10556
98,137,10557
94,138,10558
88,138,10559
88,139,10560
86,139,10561
85,139,10562
79,135,10563
80,137,10564
76,135,10565
73,132,10566
70,128,10567
69,127,10568
67,124,10569
66,123,10570
64,113,10571
64,117,10572
63,113,10573
62,111,10574
64,96,10575
61,107,10576
62,99,10577
64,92,10578
63,91,10579
67,84,10580
67,82,10581
71,76,10582
69,78,10583
75,71,10584
72,73,10585
81,66,10586
80,66,10587
84,63,10588
91,61,10589
92,60,10590
95,59,10591
101,58,10592
102,58,10593
111,59,10594
110,58,10595
114,59,10596
118,60,10597
127,65,10598
129,66,10599
131,67,10600
137,73,10601
140,76,10602
139,74,10603
146,86,10604
147,86,10605
150,93,10606
152,98,10607
153,101,10608
154,106,10609
155,112,10610
155,125,10611
156,122,10612
156,125,10613
153,140,10614
154,139,10615
154,141,10616
148,155,10617
146,159,10618
145,162,10619
142,167,10620
138,172,10621
132,178,10622
132,179,10623
122,186,10624
120,187,10625
116,190,10626
106,193,10627
105,194,10628
99,195,10629
94,196,10630
89,196,10631
80,195,10632
81,196,10633
69,193,10634
64,191,10635
58,188,10636
53,185,10637
45,179,10638
45,180,10639
41,176,10640
32,165,10641
29,161,10642
26,156,10643
21,146,10644
20,143,10645
19,142,10646
15,125,10647
14,124,10648
13,116,10649
12,109,10650
13,94,10651
12,97,10652
16,76,10653
16,75,10654
16,73,10655
21,60,10656
28,47,10657
27,47,10658
33,38,10659
40,30,10660
44,25,10661
46,23,10662
58,14,10663
63,11,10664
66,9,10665
75,5,10666
85,2,10667
89,1,10668
95,118,10669
93,119,10670
90,119,10671
89,119,10672
87,118,10673
86,118,10674
84,114,10675
83,116,10676
82,108,10677
80,111,10678
81,103,10679
80,104,10680
80,102,10681
81,98,10682
83,94,10683
82,94,10684
84,91,10685
86,88,10686
88,86,10687
89,85,10688
90,84,10689
97,82,10690
96,81,10691
98,80,10692
102,80,10693
103,79,10694
110,81,10695
112,81,10696
117,84,10697
110,79,10698
120,85,10699
123,88,10700
123,87,10701
127,92,10702
128,93,10703
129,94,10704
132,100,10705
133,102,10706
135,113,10707
136,111,10708
136,118,10709
137,118,10710
136,127,10711
137,125,10712
136,131,10713
135,136,10714
134,140,10715
130,147,10716
129,150,10717
130,149,10718
125,156,10719
123,158,10720
120,161,10721
116,165,10722
114,166,10723
109,169,10724
105,171,10725
100,172,10726
94,173,10727
95,174,10728
89,174,10729
81,173,10730
80,173,10731
75,172,10732
68,169,10733
63,166,10734
62,166,10735
57,162,10736
54,160,10737
50,155,10738
48,153,10739
45,149,10740
41,142,10741
38,136,10742
35,127,10743
36,133,10744
33,115,10745
32,110,10746
32,100,10747
31,104,10748
32,94,10749
32,92,10750
34,82,10751
37,73,10752
37,71,10753
43,60,10754
46,55,10755
45,56,10756
52,47,10757
54,44,10758
60,39,10759
65,35,10760
71,31,10761
73,30,10762
76,28,10763
93,24,10764
95,23,10765
90,23,10766
105,22,10767
110,22,10768
120,24,10769
127,26,10770
130,27,10771
136,30,10772
139,31,10773
150,39,10774
153,41,10775
158,46,10776
162,51,10777
165,54,10778
173,67,10779
174,69,10780
179,80,10781
180,83,10782
182,87,10783
185,110,10784
186,110,10785
186,124,10786
187,123,10787
186,133,10788
185,142,10789
182,154,10790
181,158,10791
177,169,10792
172,179,10793
173,178,10794
165,191,10795
96,112,10796
95,106,10797
98,103,10798
98,101,10799
102,101,10800
101,100,10801
105,101,10802
106,100,10803
110,105,10804
111,103,10805
112,104,10806
113,103,10807
115,110,10808
116,111,10809
117,114,10810
118,115,10811
118,118,10812
117,126,10813
118,125,10814
118,127,10815
118,129,10816
113,136,10817
114,137,10818
114,138,10819
113,140,10820
111,142,10821
105,146,10822
105,147,10823
104,148,10824
95,150,10825
96,151,10826
95,152,10827
89,152,10828
82,150,10829
89,153,10830
81,151,10831
76,149,10832
75,149,10833
67,142,10834
69,145,10835
67,144,10836
63,139,10837
58,131,10838
59,135,10839
55,125,10840
54,124,10841
54,127,10842
52,113,10843
51,112,10844
51,106,10845
50,105,10846
50,102,10847
53,89,10848
51,93,10849
52,87,10850
56,78,10851
55,78,10852
59,72,10853
66,63,10854
62,66,10855
67,61,10856
80,52,10857
66,60,10858
79,51,10859
87,48,10860
83,48,10861
93,46,10862
99,45,10863
99,44,10864
110,45,10865
112,45,10866
111,44,10867
123,48,10868
129,51,10869
133,53,10870
128,49,10871
143,61,10872
150,70,10873
143,59,10874
154,75,10875
156,78,10876
153,71,10877
163,96,10878
163,93,10879
163,90,10880
166,111,10881
167,112,10882
167,119,10883
168,119,10884
166,135,10885
167,133,10886
165,144,10887
163,150,10888
163,152,10889
159,161,10890
148,178,10891
150,177,10892
151,176,10893
140,188,10894
140,189,10895
130,196,10896
133,195,10897
125,200,10898
104,207,10899
119,204,10900
106,208,10901
94,209,10902
94,210,10903
87,210,10904
74,208,10905
75,209,10906
60,204,10907
54,201,10908
47,197,10909
49,199,10910
32,184,10911
32,185,10912
27,179,10913
27,180,10914
19,169,10915
15,162,10916
10,150,10917
9,150,10918
4,132,10919
3,127,10920
2,125,10921
1,114,10922
99,113,10923
102,117,10924
101,120,10925
102,122,10926
101,123,10927
100,126,10928
98,127,10929
98,129,10930
90,129,10931
93,131,10932
90,131,10933
87,131,10934
84,129,10935
82,129,10936
79,126,10937
79,127,10938
76,124,10939
75,123,10940
74,122,10941
72,117,10942
71,116,10943
70,111,10944
70,106,10945
69,109,10946
69,105,10947
69,100,10948
72,92,10949
70,94,10950
69,95,10951
77,83,10952
73,86,10953
76,81,10954
77,79,10955
83,75,10956
81,75,10957
87,71,10958
90,70,10959
91,69,10960
102,68,10961
99,67,10962
100,66,10963
104,66,10964
113,68,10965
114,68,10966
117,69,10967
118,69,10968
119,68,10969
130,78,10970
132,79,10971
130,76,10972
138,87,10973
137,84,10974
139,87,10975
143,96,10976
145,100,10977
145,98,10978
147,110,10979
148,115,10980
148,122,10981
149,118,10982
148,129,10983
148,131,10984
146,139,10985
146,141,10986
139,155,10987
144,148,10988
139,157,10989
132,166,10990
132,167,10991
130,170,10992
122,176,10993
123,176,10994
114,181,10995
111,183,10996
109,184,10997
102,186,10998
94,187,10999
88,187,11000
90,188,11001
82,187,11002
73,185,11003
73,186,11004
65,182,11005
59,179,11006
65,184,11007
41,162,11008
47,171,11009
40,163,11010
38,161,11011
33,153,11012
28,142,11013
30,148,11014
27,142,11015
23,128,11016
22,124,11017
21,101,11018
20,110,11019
19,108,11020
21,89,11021
20,93,11022
24,75,11023
24,73,11024
25,69,11025
37,48,11026
25,66,11027
38,45,11028
39,43,11029
39,42,11030
48,32,11031
55,26,11032
60,22,11033
70,17,11034
71,16,11035
76,13,11036
89,10,11037
100,9,11038
100,8,11039
110,9,11040
109,8,11041
122,10,11042
129,12,11043
143,19,11044
139,16,11045
149,22,11046
158,29,11047
162,32,11048
165,34,11049
92,114,11050
91,114,11051
89,111,11052
87,109,11053
87,106,11054
86,106,11055
88,101,11056
86,102,11057
91,96,11058
88,96,11059
92,93,11060
91,93,11061
96,90,11062
96,89,11063
100,89,11064
101,88,11065
103,88,11066
108,89,11067
108,88,11068
109,88,11069
112,89,11070
118,95,11071
115,90,11072
120,95,11073
122,98,11074
124,100,11075
125,102,11076
127,108,11077
128,107,11078
128,120,11079
129,118,11080
130,118,11081
130,121,11082
127,133,11083
131,122,11084
128,134,11085
126,139,11086
125,142,11087
121,147,11088
122,147,11089
119,151,11090
113,156,11091
111,158,11092
113,158,11093
103,162,11094
102,163,11095
104,163,11096
92,164,11097
91,165,11098
93,166,11099
81,164,11100
85,166,11101
76,163,11102
73,162,11103
68,160,11104
66,159,11105
60,154,11106
58,152,11107
57,152,11108
51,144,11109
49,141,11110
49,142,11111
43,126,11112
44,132,11113
41,122,11114
40,116,11115
39,112,11116
40,96,11117
38,105,11118
40,91,11119
40,90,11120
40,87,11121
44,76,11122
44,74,11123
46,69,11124
52,60,11125
56,55,11126
57,53,11127
63,47,11128
68,43,11129
69,42,11130
71,40,11131
80,36,11132
89,33,11133
85,33,11134
107,32,11135
106,31,11136
104,30,11137
105,30,11138
123,34,11139
127,35,11140
128,35,11141
136,39,11142
140,42,11143
141,42,11144
154,54,11145
157,58,11146
156,55,11147
164,67,11148
166,70,11149
171,81,11150
171,80,11151
174,88,11152
177,100,11153
178,104,11154
179,113,11155
179,122,11156
180,123,11157
178,139,11158
177,143,11159
178,143,11160
169,167,11161
170,166,11162
169,169,11163
161,183,11164
152,193,11165
155,191,11166
150,197,11167
136,208,11168
137,208,11169
136,209,11170
120,217,11171
118,218,11172
108,221,11173
99,223,11174
92,223,11175
92,224,11176
97,110,11177
101,107,11178
102,107,11179
105,108,11180
106,108,11181
108,110,11182
110,113,11183
111,113,11184
111,118,11185
112,118,11186
111,124,11187
112,123,11188
111,126,11189
110,129,11190
109,132,11191
107,134,11192
106,136,11193
104,138,11194
103,139,11195
100,141,11196
98,142,11197
93,143,11198
93,144,11199
90,144,11200
88,144,11201
83,143,11202
80,142,11203
79,142,11204
76,140,11205
72,137,11206
69,134,11207
67,132,11208
66,131,11209
63,126,11210
62,125,11211
61,121,11212
60,119,11213
59,116,11214
58,107,11215
58,105,11216
58,100,11217
58,97,11218
59,92,11219
59,91,11220
61,85,11221
62,82,11222
64,78,11223
67,73,11224
68,71,11225
72,67,11226
75,64,11227
79,61,11228
82,59,11229
85,57,11230
88,56,11231
94,54,11232
97,53,11233
105,53,11234
107,53,11235
110,53,11236
115,54,11237
121,56,11238
123,57,11239
129,60,11240
132,62,11241
137,66,11242
140,69,11243
142,71,11244
144,73,11245
148,79,11246
151,84,11247
155,93,11248
156,96,11249
158,103,11250
159,108,11251
159,104,11252
160,120,11253
160,125,11254
160,128,11255
159,137,11256
157,145,11257
156,149,11258
153,156,11259
151,161,11260
150,163,11261
147,168,11262
140,177,11263
135,182,11264
132,185,11265
127,189,11266
122,192,11267
117,195,11268
109,198,11269
110,198,11270
102,200,11271
90,201,11272
85,201,11273
82,201,11274
76,200,11275
71,199,11276
65,197,11277
58,194,11278
51,190,11279
43,184,11280
47,188,11281
37,179,11282
31,172,11283
27,167,11284
21,157,11285
19,153,11286
16,146,11287
14,141,11288
10,125,11289
9,120,11290
9,124,11291
8,102,11292
8,98,11293
9,88,11294
10,80,11295
12,72,11296
16,60,11297
17,57,11298
22,47,11299
23,45,11300
30,34,11301
34,29,11302
38,24,11303
98,116,11304
97,120,11305
95,121,11306
93,123,11307
91,123,11308
88,123,11309
87,124,11310
85,121,11311
81,115,11312
82,121,11313
80,118,11314
79,118,11315
78,112,11316
77,111,11317
76,107,11318
76,106,11319
76,101,11320
78,97,11321
77,97,11322
77,95,11323
78,92,11324
83,86,11325
82,86,11326
82,85,11327
85,82,11328
87,80,11329
95,77,11330
93,77,11331
93,76,11332
103,76,11333
103,75,11334
107,75,11335
109,75,11336
112,76,11337
114,76,11338
117,77,11339
122,81,11340
123,81,11341
130,90,11342
129,87,11343
130,87,11344
134,95,11345
135,96,11346
137,98,11347
139,108,11348
140,109,11349
140,104,11350
141,119,11351
141,124,11352
141,125,11353
140,133,11354
141,132,11355
137,142,11356
138,142,11357
137,145,11358
133,152,11359
132,155,11360
125,162,11361
122,165,11362
125,164,11363
117,170,11364
120,169,11365
106,175,11366
106,176,11367
97,178,11368
102,178,11369
92,179,11370
87,179,11371
84,179,11372
76,177,11373
71,176,11374
68,175,11375
63,172,11376
57,168,11377
52,164,11378
55,168,11379
44,155,11380
41,150,11381
46,160,11382
34,137,11383
34,138,11384
35,143,11385
29,119,11386
28,116,11387
28,123,11388
27,104,11389
27,101,11390
28,91,11391
28,89,11392
32,74,11393
31,75,11394
34,67,11395
40,56,11396
36,61,11397
42,52,11398
54,39,11399
50,41,11400
52,39,11401
64,30,11402
64,29,11403
72,25,11404
75,23,11405
83,20,11406
98,18,11407
92,17,11408
113,18,11409
109,17,11410
107,16,11411
122,19,11412
133,23,11413
135,23,11414
145,29,11415
150,33,11416
155,37,11417
157,38,11418
169,53,11419
169,52,11420
177,65,11421
178,66,11422
181,73,11423
184,79,11424
189,103,11425
188,92,11426
190,107,11427
191,116,11428
191,122,11429
192,122,11430
93,110,11431
92,107,11432
93,104,11433
93,102,11434
95,100,11435
96,98,11436
99,97,11437
98,96,11438
104,97,11439
105,96,11440
106,96,11441
107,95,11442
111,99,11443
113,99,11444
115,101,11445
116,102,11446
117,103,11447
119,107,11448
120,107,11449
121,111,11450
122,113,11451
122,120,11452
122,123,11453
123,122,11454
123,124,11455
123,126,11456
119,136,11457
120,136,11458
121,136,11459
110,147,11460
115,144,11461
111,148,11462
109,150,11463
103,153,11464
107,152,11465
100,155,11466
97,156,11467
95,157,11468
83,155,11469
90,158,11470
85,157,11471
80,156,11472
76,154,11473
73,153,11474
71,152,11475
68,151,11476
68,152,11477
58,139,11478
57,139,11479
58,142,11480
52,129,11481
51,129,11482
50,127,11483
48,118,11484
47,116,11485
47,106,11486
46,109,11487
46,103,11488
48,90,11489
46,94,11490
48,87,11491
48,85,11492
55,71,11493
52,74,11494
60,63,11495
54,69,11496
63,58,11497
68,54,11498
65,55,11499
75,48,11500
78,46,11501
84,43,11502
88,42,11503
89,41,11504
93,40,11505
100,39,11506
111,40,11507
116,41,11508
117,40,11509
122,42,11510
129,45,11511
131,45,11512
140,52,11513
143,54,11514
140,50,11515
155,69,11516
155,67,11517
156,68,11518
163,81,11519
162,78,11520
167,92,11521
168,94,11522
170,100,11523
171,111,11524
172,114,11525
170,134,11526
172,127,11527
171,137,11528
167,152,11529
169,147,11530
162,164,11531
165,160,11532
162,167,11533
145,188,11534
157,177,11535
146,189,11536
136,198,11537
142,194,11538
130,203,11539
120,208,11540
119,209,11541
108,212,11542
100,214,11543
104,214,11544
94,215,11545
80,214,11546
77,214,11547
68,212,11548
66,212,11549
56,208,11550
50,205,11551
38,196,11552
40,199,11553
30,190,11554
23,182,11555
19,177,11556
18,176,11557
97,112,11558
102,112,11559
104,117,11560
105,116,11561
105,120,11562
106,120,11563
102,127,11564
105,126,11565
100,130,11566
102,130,11567
97,133,11568
99,133,11569
95,134,11570
92,135,11571
89,135,11572
88,136,11573
87,136,11574
82,134,11575
81,134,11576
79,133,11577
77,132,11578
74,128,11579
73,129,11580
71,125,11581
69,121,11582
68,121,11583
67,117,11584
66,113,11585
65,112,11586
66,101,11587
65,102,11588
64,104,11589
65,96,11590
69,87,11591
65,93,11592
69,84,11593
72,80,11594
72,79,11595
77,74,11596
77,73,11597
80,70,11598
85,67,11599
88,65,11600
86,65,11601
95,63,11602
96,62,11603
97,61,11604
108,62,11605
110,62,11606
109,61,11607
120,65,11608
115,62,11609
125,67,11610
129,70,11611
130,70,11612
138,79,11613
133,72,11614
141,82,11615
144,87,11616
145,89,11617
148,95,11618
147,91,11619
151,109,11620
152,109,11621
152,123,11622
153,115,11623
153,123,11624
151,135,11625
153,130,11626
149,145,11627
149,146,11628
148,150,11629
141,162,11630
143,160,11631
141,164,11632
129,176,11633
127,178,11634
129,177,11635
126,180,11636
113,187,11637
111,188,11638
111,189,11639
102,191,11640
96,192,11641
97,193,11642
75,190,11643
80,192,11644
77,192,11645
73,191,11646
61,186,11647
59,185,11648
51,180,11649
50,180,11650
43,173,11651
38,168,11652
32,160,11653
27,151,11654
28,155,11655
23,143,11656
21,138,11657
18,127,11658
18,128,11659
16,117,11660
17,92,11661
15,112,11662
15,101,11663
19,77,11664
15,92,11665
20,71,11666
24,61,11667
22,63,11668
33,44,11669
32,45,11670
32,44,11671
43,31,11672
56,20,11673
52,22,11674
57,18,11675
66,13,11676
72,10,11677
73,9,11678
86,5,11679
93,4,11680
99,3,11681
114,4,11682
117,4,11683
119,4,11684
95,116,11685
91,117,11686
89,116,11687
87,115,11688
86,114,11689
84,112,11690
84,110,11691
83,109,11692
84,103,11693
82,105,11694
83,101,11695
84,98,11696
85,95,11697
85,94,11698
89,90,11699
88,90,11700
91,87,11701
94,86,11702
95,85,11703
97,84,11704
99,83,11705
107,84,11706
104,82,11707
108,83,11708
113,85,11709
112,84,11710
117,87,11711
120,89,11712
120,88,11713
125,95,11714
126,95,11715
129,101,11716
129,100,11717
130,101,11718
132,108,11719
133,111,11720
133,119,11721
134,119,11722
133,127,11723
134,127,11724
133,131,11725
132,135,11726
129,142,11727
132,138,11728
126,149,11729
125,151,11730
125,152,11731
117,159,11732
118,159,11733
115,162,11734
109,165,11735
106,167,11736
104,168,11737
100,169,11738
97,170,11739
92,171,11740
84,170,11741
83,170,11742
78,169,11743
75,169,11744
71,167,11745
65,164,11746
61,161,11747
58,159,11748
55,156,11749
49,149,11750
48,148,11751
46,145,11752
42,138,11753
41,136,11754
38,128,11755
36,120,11756
35,114,11757
35,109,11758
34,109,11759
35,95,11760
35,93,11761
36,87,11762
37,81,11763
39,75,11764
42,68,11765
42,67,11766
47,59,11767
51,53,11768
51,52,11769
59,44,11770
61,42,11771
68,37,11772
73,34,11773
78,31,11774
80,30,11775
90,27,11776
95,26,11777
108,26,11778
111,26,11779
117,27,11780
118,27,11781
124,28,11782
131,31,11783
137,34,11784
145,39,11785
149,42,11786
152,44,11787
158,51,11788
162,55,11789
166,61,11790
170,67,11791
174,76,11792
176,79,11793
179,89,11794
181,96,11795
183,110,11796
183,116,11797
184,117,11798
183,132,11799
182,140,11800
182,143,11801
178,158,11802
175,166,11803
174,169,11804
169,179,11805
167,182,11806
164,187,11807
157,196,11808
147,206,11809
144,209,11810
140,212,11811
96,108,11812
97,106,11813
100,104,11814
101,103,11815
103,103,11816
106,103,11817
108,106,11818
108,103,11819
111,109,11820
112,108,11821
114,112,11822
114,110,11823
115,117,11824
116,118,11825
116,121,11826
116,122,11827
116,125,11828
113,131,11829
114,131,11830
113,134,11831
112,136,11832
105,142,11833
108,141,11834
106,143,11835
103,145,11836
101,146,11837
94,147,11838
94,148,11839
94,149,11840
83,147,11841
84,148,11842
82,148,11843
79,147,11844
73,143,11845
75,146,11846
71,143,11847
66,138,11848
65,137,11849
60,128,11850
61,132,11851
59,129,11852
57,123,11853
55,116,11854
55,121,11855
54,111,11856
53,110,11857
53,104,11858
53,102,11859
54,95,11860
54,92,11861
56,85,11862
56,84,11863
61,75,11864
59,76,11865
63,70,11866
69,64,11867
68,64,11868
74,59,11869
80,55,11870
78,55,11871
84,52,11872
84,51,11873
97,49,11874
97,48,11875
106,48,11876
109,48,11877
112,48,11878
118,50,11879
118,49,11880
128,54,11881
128,53,11882
133,56,11883
140,62,11884
142,64,11885
145,67,11886
147,68,11887
156,85,11888
157,87,11889
156,81,11890
162,103,11891
162,101,11892
162,97,11893
164,115,11894
165,117,11895
165,120,11896
163,136,11897
163,140,11898
161,147,11899
160,151,11900
158,156,11901
155,163,11902
155,164,11903
146,177,11904
146,178,11905
137,187,11906
125,195,11907
131,192,11908
129,194,11909
117,200,11910
116,201,11911
101,205,11912
105,205,11913
94,206,11914
86,206,11915
84,207,11916
75,205,11917
70,204,11918
65,203,11919
53,197,11920
48,194,11921
47,194,11922
37,185,11923
31,179,11924
27,175,11925
26,174,11926
14,151,11927
14,153,11928
11,146,11929
9,140,11930
7,134,11931
6,130,11932
4,113,11933
3,111,11934
3,104,11935
4,90,11936
7,75,11937
4,85,11938
100,116,11939
100,117,11940
99,121,11941
98,124,11942
96,125,11943
96,126,11944
93,127,11945
93,128,11946
87,126,11947
87,128,11948
85,127,11949
84,128,11950
80,123,11951
78,122,11952
77,119,11953
76,119,11954
74,116,11955
73,113,11956
73,110,11957
72,109,11958
71,108,11959
72,102,11960
73,97,11961
71,100,11962
73,93,11963
73,92,11964
79,84,11965
78,84,11966
76,85,11967
86,77,11968
84,77,11969
85,76,11970
85,75,11971
95,72,11972
94,71,11973
98,70,11974
102,70,11975
104,69,11976
113,72,11977
111,70,11978
115,71,11979
120,74,11980
124,76,11981
126,77,11982
130,81,11983
132,83,11984
130,79,11985
138,94,11986
139,93,11987
139,92,11988
143,106,11989
143,103,11990
144,106,11991
145,113,11992
146,115,11993
145,127,11994
146,125,11995
143,138,11996
141,144,11997
145,136,11998
140,148,11999
141,148,12000
132,161,12001
135,159,12002
122,171,12003
131,165,12004
121,173,12005
116,176,12006
114,178,12007
109,180,12008
105,182,12009
100,183,12010
95,184,12011
90,184,12012
83,184,12013
87,185,12014
69,180,12015
63,177,12016
68,181,12017
57,174,12018
54,172,12019
55,174,12020
42,160,12021
41,159,12022
47,168,12023
32,143,12024
33,147,12025
31,144,12026
27,133,12027
27,134,12028
24,117,12029
23,114,12030
23,105,12031
22,105,12032
23,92,12033
28,74,12034
24,84,12035
27,73,12036
32,62,12037
30,64,12038
39,49,12039
38,49,12040
40,46,12041
61,27,12042
40,44,12043
62,25,12044
67,22,12045
69,20,12046
79,16,12047
85,14,12048
88,13,12049
99,12,12050
109,12,12051
110,12,12052
115,12,12053
131,17,12054
130,16,12055
142,22,12056
140,20,12057
148,25,12058
153,28,12059
169,45,12060
166,40,12061
175,52,12062
181,63,12063
181,61,12064
184,68,12065
93,113,12066
90,110,12067
90,107,12068
89,107,12069
90,102,12070
88,103,12071
92,98,12072
89,99,12073
96,95,12074
93,94,12075
96,93,12076
97,91,12077
102,91,12078
103,91,12079
107,92,12080
107,91,12081
110,92,12082
112,93,12083
114,94,12084
117,96,12085
118,97,12086
122,105,12087
121,99,12088
124,107,12089
125,109,12090
126,110,12091
126,119,12092
127,117,12093
128,116,12094
123,134,12095
126,129,12096
126,132,12097
124,136,12098
122,140,12099
123,141,12100
120,145,12101
116,149,12102
115,151,12103
111,154,12104
109,156,12105
106,158,12106
101,160,12107
97,161,12108
101,161,12109
93,162,12110
91,163,12111
88,163,12112
74,158,12113
77,160,12114
76,161,12115
66,154,12116
71,159,12117
62,152,12118
60,150,12119
56,146,12120
55,145,12121
50,136,12122
49,135,12123
46,128,12124
45,125,12125
43,117,12126
43,122,12127
42,108,12128
41,109,12129
43,92,12130
41,100,12131
42,93,12132
47,77,12133
44,82,12134
48,73,12135
51,67,12136
51,66,12137
58,57,12138
59,55,12139
60,53,12140
71,45,12141
76,42,12142
79,40,12143
77,40,12144
90,36,12145
94,35,12146
90,35,12147
104,34,12148
109,34,12149
129,41,12150
109,33,12151
123,37,12152
125,37,12153
135,42,12154
143,48,12155
146,50,12156
151,55,12157
150,53,12158
160,67,12159
159,64,12160
166,76,12161
171,90,12162
168,79,12163
174,100,12164
174,99,12165
176,112,12166
176,116,12167
177,118,12168
173,144,12169
177,130,12170
174,145,12171
170,157,12172
172,155,12173
169,162,12174
160,178,12175
166,171,12176
151,190,12177
145,197,12178
146,197,12179
141,201,12180
124,211,12181
126,211,12182
120,214,12183
110,217,12184
103,219,12185
99,220,12186
88,220,12187
90,221,12188
74,219,12189
67,217,12190
60,215,12191
61,216,12192
98,110,12193
102,109,12194
104,111,12195
106,111,12196
107,114,12197
108,114,12198
109,118,12199
109,119,12200
107,126,12201
109,125,12202
107,128,12203
107,130,12204
104,133,12205
104,134,12206
102,136,12207
100,137,12208
97,139,12209
94,139,12210
94,140,12211
92,141,12212
90,141,12213
83,139,12214
82,139,12215
80,139,12216
77,137,12217
75,136,12218
73,134,12219
70,131,12220
68,129,12221
66,124,12222
66,126,12223
64,121,12224
62,117,12225
62,105,12226
61,114,12227
60,109,12228
61,101,12229
60,102,12230
62,93,12231
62,90,12232
65,84,12233
63,86,12234
68,78,12235
66,79,12236
72,72,12237
74,69,12238
77,66,12239
82,63,12240
81,63,12241
87,60,12242
93,58,12243
94,57,12244
102,57,12245
101,56,12246
103,55,12247
108,56,12248
117,58,12249
119,59,12250
122,60,12251
125,61,12252
130,64,12253
134,67,12254
138,71,12255
140,73,12256
145,80,12257
146,81,12258
151,91,12259
151,90,12260
154,99,12261
155,103,12262
156,106,12263
157,113,12264
157,121,12265
157,128,12266
158,124,12267
155,140,12268
154,144,12269
153,148,12270
149,158,12271
147,162,12272
145,165,12273
143,169,12274
136,177,12275
134,179,12276
130,183,12277
122,188,12278
123,188,12279
115,192,12280
107,195,12281
105,196,12282
93,197,12283
94,198,12284
86,198,12285
77,197,12286
70,195,12287
67,194,12288
58,190,12289
58,191,12290
48,184,12291
43,180,12292
41,178,12293
36,173,12294
30,166,12295
27,161,12296
24,157,12297
20,148,12298
19,147,12299
15,134,12300
13,127,12301
12,121,12302
11,114,12303
11,101,12304
11,94,12305
11,91,12306
14,77,12307
18,64,12308
17,65,12309
21,55,12310
23,51,12311
27,44,12312
33,35,12313
38,29,12314
47,20,12315
48,19,12316
57,12,12317
64,8,12318
70,5,12319
97,115,12320
94,120,12321
92,120,12322
90,121,12323
89,121,12324
87,120,12325
84,116,12326
83,119,12327
81,111,12328
81,116,12329
80,109,12330
79,107,12331
79,105,12332
79,101,12333
79,100,12334
79,98,12335
79,97,12336
83,90,12337
83,89,12338
84,88,12339
86,85,12340
92,82,12341
90,82,12342
93,80,12343
95,79,12344
97,78,12345
103,78,12346
105,78,12347
106,77,12348
114,81,12349
114,80,12350
118,82,12351
118,81,12352
122,85,12353
124,86,12354
126,87,12355
128,90,12356
131,95,12357
134,103,12358
134,100,12359
135,101,12360
137,111,12361
138,115,12362
138,118,12363
139,120,12364
139,122,12365
138,130,12366
136,137,12367
136,138,12368
134,144,12369
132,148,12370
130,152,12371
126,157,12372
127,157,12373
124,160,12374
118,165,12375
117,167,12376
108,171,12377
103,173,12378
106,173,12379
98,175,12380
101,175,12381
89,176,12382
86,176,12383
81,175,12384
73,173,12385
72,173,12386
68,171,12387
65,170,12388
57,164,12389
56,164,12390
51,159,12391
49,157,12392
42,147,12393
39,142,12394
40,146,12395
34,128,12396
33,124,12397
34,134,12398
31,114,12399
30,111,12400
30,106,12401
30,96,12402
31,90,12403
30,92,12404
34,77,12405
34,75,12406
37,68,12407
42,58,12408
45,53,12409
47,50,12410
50,46,12411
55,41,12412
59,37,12413
64,33,12414
77,27,12415
75,27,12416
75,26,12417
90,22,12418
94,21,12419
101,20,12420
105,20,12421
109,20,12422
123,23,12423
119,21,12424
132,26,12425
137,28,12426
143,31,12427
148,35,12428
150,36,12429
161,47,12430
163,49,12431
172,62,12432
175,67,12433
173,62,12434
183,90,12435
184,90,12436
185,93,12437
187,106,12438
188,111,12439
188,118,12440
188,128,12441
187,138,12442
186,146,12443
184,154,12444
181,163,12445
182,162,12446
94,109,12447
94,106,12448
95,104,12449
96,101,12450
100,100,12451
99,99,12452
102,99,12453
104,98,12454
108,101,12455
109,100,12456
111,101,12457
110,99,12458
114,105,12459
116,107,12460
117,109,12461
118,111,12462
119,112,12463
119,119,12464
120,119,12465
121,119,12466
120,125,12467
117,132,12468
118,131,12469
119,131,12470
118,134,12471
116,138,12472
111,143,12473
111,144,12474
110,146,12475
101,150,12476
103,150,12477
102,151,12478
100,152,12479
92,153,12480
94,154,12481
90,154,12482
83,153,12483
81,153,12484
73,148,12485
77,152,12486
73,150,12487
67,145,12488
65,144,12489
62,141,12490
60,138,12491
57,134,12492
59,139,12493
52,120,12494
52,123,12495
51,123,12496
50,113,12497
49,113,12498
49,103,12499
48,105,12500
48,103,12501
52,85,12502
49,91,12503
54,79,12504
57,73,12505
53,78,12506
59,68,12507
58,68,12508
71,56,12509
68,57,12510
77,51,12511
69,55,12512
84,47,12513
87,46,12514
87,45,12515
96,43,12516
101,43,12517
100,42,12518
115,44,12519
112,43,12520
121,45,12521
117,43,12522
134,52,12523
138,55,12524
134,50,12525
144,59,12526
145,60,12527
147,61,12528
156,75,12529
156,74,12530
155,70,12531
164,94,12532
166,98,12533
166,96,12534
168,108,12535
169,113,12536
169,119,12537
169,128,12538
168,135,12539
168,139,12540
166,147,12541
159,163,12542
163,157,12543
160,164,12544
153,175,12545
156,172,12546
140,190,12547
146,186,12548
143,189,12549
121,203,12550
136,196,12551
122,204,12552
114,207,12553
109,209,12554
100,211,12555
86,211,12556
92,212,12557
79,211,12558
72,210,12559
66,208,12560
66,209,12561
46,198,12562
45,198,12563
38,192,12564
38,193,12565
32,188,12566
24,179,12567
17,168,12568
20,174,12569
11,158,12570
6,145,12571
6,147,12572
2,131,12573
98,112,12574
102,114,12575
102,120,12576
104,120,12577
102,123,12578
103,124,12579
98,128,12580
101,128,12581
94,130,12582
97,131,12583
93,132,12584
92,133,12585
87,132,12586
84,131,12587
83,131,12588
82,131,12589
80,130,12590
78,129,12591
76,127,12592
74,124,12593
72,122,12594
71,118,12595
70,119,12596
69,115,12597
68,111,12598
67,110,12599
69,98,12600
67,102,12601
66,103,12602
73,87,12603
69,92,12604
70,88,12605
72,84,12606
78,78,12607
73,81,12608
79,75,12609
83,72,12610
82,72,12611
88,69,12612
92,67,12613
94,66,12614
98,65,12615
103,65,12616
104,64,12617
110,65,12618
112,65,12619
111,64,12620
124,71,12621
125,71,12622
125,70,12623
132,77,12624
130,73,12625
135,79,12626
138,83,12627
140,86,12628
142,88,12629
146,99,12630
147,102,12631
148,105,12632
149,109,12633
150,114,12634
150,120,12635
150,125,12636
150,128,12637
147,140,12638
149,138,12639
147,144,12640
142,154,12641
141,157,12642
140,159,12643
134,167,12644
134,168,12645
126,175,12646
127,175,12647
121,180,12648
113,184,12649
106,186,12650
104,187,12651
108,187,12652
94,189,12653
85,189,12654
90,190,12655
77,188,12656
72,187,12657
79,190,12658
54,177,12659
61,183,12660
56,180,12661
50,176,12662
44,170,12663
37,162,12664
35,159,12665
34,159,12666
28,147,12667
25,141,12668
23,135,12669
20,121,12670
21,130,12671
19,107,12672
18,110,12673
19,93,12674
18,96,12675
19,86,12676
27,63,12677
19,81,12678
27,61,12679
32,51,12680
28,57,12681
31,51,12682
40,39,12683
38,40,12684
53,26,12685
56,23,12686
55,23,12687
71,14,12688
84,10,12689
84,9,12690
87,8,12691
96,7,12692
101,6,12693
106,6,12694
123,9,12695
118,7,12696
131,11,12697
142,16,12698
148,19,12699
149,19,12700
93,116,12701
91,115,12702
88,112,12703
87,112,12704
86,108,12705
85,108,12706
85,104,12707
84,104,12708
88,98,12709
85,99,12710
89,94,12711
88,94,12712
92,91,12713
92,90,12714
96,88,12715
96,87,12716
99,87,12717
103,87,12718
103,86,12719
104,85,12720
106,85,12721
114,90,12722
112,87,12723
117,90,12724
119,92,12725
122,95,12726
123,96,12727
126,101,12728
125,97,12729
129,111,12730
129,106,12731
130,112,12732
131,114,12733
130,125,12734
132,118,12735
132,122,12736
129,134,12737
130,134,12738
127,140,12739
129,138,12740
123,148,12741
124,147,12742
119,153,12743
125,148,12744
114,158,12745
112,160,12746
113,160,12747
103,164,12748
102,165,12749
101,166,12750
93,167,12751
94,168,12752
81,166,12753
82,167,12754
80,167,12755
77,166,12756
67,161,12757
65,160,12758
63,159,12759
59,156,12760
57,154,12761
53,150,12762
47,140,12763
48,143,12764
43,133,12765
42,130,12766
40,125,12767
39,121,12768
38,115,12769
37,110,12770
37,104,12771
36,105,12772
39,88,12773
38,89,12774
39,83,12775
44,71,12776
46,67,12777
47,64,12778
50,59,12779
53,55,12780
58,49,12781
65,43,12782
58,48,12783
72,38,12784
71,38,12785
83,33,12786
84,32,12787
92,30,12788
96,29,12789
106,29,12790
109,29,12791
114,29,12792
118,30,12793
125,32,12794
132,35,12795
139,39,12796
147,45,12797
145,42,12798
151,48,12799
160,58,12800
161,59,12801
167,68,12802
169,72,12803
171,76,12804
175,85,12805
178,97,12806
178,95,12807
180,108,12808
181,113,12809
181,121,12810
182,121,12811
178,146,12812
177,151,12813
177,153,12814
172,166,12815
166,177,12816
168,175,12817
162,185,12818
155,193,12819
154,195,12820
150,200,12821
137,210,12822
136,211,12823
129,215,12824
121,219,12825
113,222,12826
114,222,12827
97,107,12828
98,107,12829
101,106,12830
103,105,12831
105,106,12832
107,107,12833
109,110,12834
110,109,12835
111,115,12836
113,115,12837
113,119,12838
113,120,12839
113,123,12840
113,125,12841
112,128,12842
111,131,12843
109,134,12844
108,136,12845
107,138,12846
106,139,12847
104,141,12848
98,143,12849
98,144,12850
96,145,12851
92,145,12852
90,146,12853
86,145,12854
86,146,12855
84,146,12856
77,142,12857
74,141,12858
73,141,12859
71,139,12860
67,134,12861
65,133,12862
64,131,12863
61,126,12864
60,124,12865
58,114,12866
57,115,12867
57,108,12868
56,109,12869
56,103,12870
56,100,12871
57,93,12872
57,91,12873
58,88,12874
60,83,12875
61,80,12876
63,76,12877
66,71,12878
69,67,12879
74,63,12880
74,62,12881
78,59,12882
83,56,12883
87,54,12884
91,53,12885
97,52,12886
97,51,12887
103,51,12888
108,51,12889
114,52,12890
115,52,12891
119,53,12892
129,58,12893
128,57,12894
135,62,12895
136,62,12896
144,71,12897
144,70,12898
149,77,12899
153,84,12900
154,86,12901
157,93,12902
156,88,12903
160,108,12904
161,112,12905
161,104,12906
162,120,12907
162,123,12908
161,135,12909
160,140,12910
159,144,12911
159,146,12912
154,158,12913
151,164,12914
147,171,12915
143,176,12916
141,179,12917
132,187,12918
133,187,12919
124,193,12920
121,195,12921
118,197,12922
102,201,12923
101,202,12924
98,203,12925
87,203,12926
89,204,12927
76,202,12928
71,201,12929
67,200,12930
55,194,12931
55,195,12932
45,188,12933
46,189,12934
45,189,12935
34,178,12936
29,173,12937
24,165,12938
19,157,12939
17,153,12940
13,143,12941
13,145,12942
8,117,12943
7,117,12944
7,99,12945
6,107,12946
6,101,12947
7,88,12948
8,82,12949
10,73,12950
13,63,12951
16,55,12952
21,45,12953
21,44,12954
98,114,12955
98,120,12956
95,122,12957
95,124,12958
93,124,12959
92,125,12960
90,125,12961
89,126,12962
83,120,12963
84,124,12964
81,122,12965
80,122,12966
78,116,12967
77,115,12968
76,111,12969
75,111,12970
74,109,12971
75,103,12972
74,104,12973
75,98,12974
74,99,12975
78,91,12976
78,90,12977
77,89,12978
79,86,12979
80,84,12980
86,80,12981
88,78,12982
86,78,12983
97,75,12984
96,74,12985
98,73,12986
102,73,12987
106,73,12988
105,72,12989
111,73,12990
115,75,12991
117,75,12992
125,82,12993
124,80,12994
123,78,12995
130,86,12996
133,90,12997
132,87,12998
137,97,12999
138,98,13000
137,93,13001
141,112,13002
142,111,13003
142,118,13004
143,119,13005
143,125,13006
141,134,13007
142,133,13008
142,134,13009
139,143,13010
139,145,13011
133,155,13012
129,160,13013
134,156,13014
127,164,13015
129,163,13016
114,173,13017
118,172,13018
109,176,13019
113,176,13020
102,179,13021
96,180,13022
95,181,13023
88,181,13024
86,181,13025
81,181,13026
75,179,13027
67,176,13028
63,174,13029
64,176,13030
52,166,13031
45,158,13032
53,169,13033
40,152,13034
39,151,13035
39,153,13036
32,136,13037
31,135,13038
32,141,13039
27,116,13040
27,122,13041
26,108,13042
25,108,13043
26,96,13044
26,90,13045
27,84,13046
29,77,13047
28,78,13048
35,61,13049
44,48,13050
39,53,13051
43,47,13052
54,36,13053
54,35,13054
61,30,13055
61,29,13056
67,25,13057
84,19,13058
69,23,13059
83,18,13060
95,16,13061
96,15,13062
108,15,13063
115,16,13064
115,15,13065
129,19,13066
134,21,13067
140,24,13068
143,25,13069
157,37,13070
158,37,13071
162,41,13072
167,46,13073
173,54,13074
176,58,13075
185,80,13076
183,72,13077
187,84,13078
189,92,13079
190,93,13080
192,108,13081
93,112,13082
92,110,13083
92,104,13084
91,103,13085
93,100,13086
92,100,13087
95,98,13088
94,96,13089
101,96,13090
100,94,13091
103,94,13092
103,93,13093
109,96,13094
110,95,13095
112,97,13096
114,98,13097
116,99,13098
117,100,13099
118,101,13100
121,106,13101
122,108,13102
123,114,13103
123,108,13104
124,116,13105
125,118,13106
125,122,13107
123,129,13108
124,128,13109
124,131,13110
117,141,13111
120,140,13112
118,143,13113
116,145,13114
112,149,13115
111,151,13116
108,153,13117
104,155,13118
102,156,13119
92,157,13120
97,158,13121
93,159,13122
88,159,13123
83,158,13124
80,158,13125
77,157,13126
76,157,13127
74,157,13128
65,149,13129
63,148,13130
65,152,13131
57,141,13132
57,143,13133
53,137,13134
50,130,13135
50,131,13136
48,127,13137
46,118,13138
45,112,13139
45,104,13140
44,109,13141
44,103,13142
44,99,13143
47,85,13144
47,83,13145
52,73,13146
49,76,13147
53,69,13148
60,60,13149
58,61,13150
62,56,13151
68,51,13152
67,51,13153
77,45,13154
77,44,13155
80,42,13156
90,39,13157
98,38,13158
106,38,13159
102,37,13160
107,37,13161
114,38,13162
116,38,13163
127,42,13164
133,45,13165
127,40,13166
148,58,13167
145,53,13168
149,57,13169
153,61,13170
157,67,13171
164,80,13172
164,78,13173
165,80,13174
170,96,13175
171,98,13176
172,105,13177
173,113,13178
174,114,13179
173,129,13180
174,126,13181
170,147,13182
172,142,13183
169,154,13184
157,176,13185
168,159,13186
159,175,13187
152,185,13188
151,187,13189
147,191,13190
143,195,13191
139,199,13192
124,208,13193
120,210,13194
120,211,13195
110,214,13196
96,216,13197
95,217,13198
89,217,13199
82,217,13200
80,217,13201
64,213,13202
57,210,13203
57,211,13204
45,204,13205
39,200,13206
33,195,13207
32,195,13208
98,111,13209
103,111,13210
104,114,13211
106,115,13212
106,119,13213
107,119,13214
106,123,13215
107,123,13216
103,129,13217
105,129,13218
102,131,13219
102,133,13220
97,135,13221
97,136,13222
93,136,13223
93,137,13224
91,138,13225
87,137,13226
87,138,13227
83,137,13228
82,137,13229
76,132,13230
78,135,13231
74,132,13232
72,129,13233
69,125,13234
68,124,13235
66,118,13236
66,120,13237
64,110,13238
64,108,13239
63,109,13240
63,105,13241
65,95,13242
62,101,13243
64,94,13244
66,88,13245
66,86,13246
71,79,13247
71,78,13248
73,75,13249
78,70,13250
80,68,13251
77,69,13252
87,64,13253
88,63,13254
88,62,13255
98,60,13256
101,60,13257
100,59,13258
110,60,13259
109,59,13260
115,61,13261
119,62,13262
122,63,13263
126,65,13264
131,69,13265
134,72,13266
135,72,13267
140,78,13268
142,80,13269
145,84,13270
149,95,13271
150,95,13272
151,99,13273
153,106,13274
154,111,13275
154,123,13276
155,118,13277
154,129,13278
154,132,13279
154,134,13280
150,147,13281
150,149,13282
149,152,13283
143,162,13284
140,167,13285
138,170,13286
135,174,13287
128,180,13288
126,182,13289
124,184,13290
116,188,13291
109,191,13292
111,191,13293
95,194,13294
93,194,13295
91,195,13296
86,195,13297
76,193,13298
71,192,13299
67,191,13300
64,190,13301
51,182,13302
49,181,13303
43,176,13304
36,168,13305
36,169,13306
31,162,13307
29,159,13308
24,150,13309
21,143,13310
19,138,13311
16,126,13312
16,128,13313
14,113,13314
14,105,13315
13,107,13316
14,93,13317
16,80,13318
15,81,13319
21,64,13320
23,58,13321
23,57,13322
28,48,13323
38,35,13324
36,36,13325
40,31,13326
51,21,13327
54,18,13328
55,17,13329
67,10,13330
74,7,13331
79,5,13332
87,3,13333
92,2,13334
98,1,13335
96,116,13336
93,118,13337
90,118,13338
89,118,13339
87,117,13340
85,116,13341
83,111,13342
83,115,13343
82,106,13344
81,108,13345
81,104,13346
82,100,13347
82,98,13348
83,95,13349
85,93,13350
85,91,13351
86,89,13352
89,87,13353
91,85,13354
92,84,13355
94,83,13356
100,82,13357
99,81,13358
102,81,13359
106,81,13360
107,81,13361
111,82,13362
115,84,13363
114,82,13364
121,88,13365
122,88,13366
125,92,13367
124,89,13368
129,96,13369
131,100,13370
132,102,13371
133,105,13372
134,108,13373
135,117,13374
136,115,13375
136,122,13376
135,128,13377
135,129,13378
135,132,13379
133,138,13380
132,142,13381
131,145,13382
126,152,13383
127,152,13384
124,156,13385
121,159,13386
116,163,13387
112,166,13388
110,167,13389
106,169,13390
101,171,13391
98,172,13392
90,172,13393
89,173,13394
87,173,13395
81,172,13396
77,171,13397
73,170,13398
65,166,13399
66,167,13400
57,160,13401
56,160,13402
53,157,13403
51,155,13404
44,145,13405
42,142,13406
41,140,13407
38,133,13408
36,127,13409
34,119,13410
34,122,13411
33,107,13412
33,99,13413
33,94,13414
33,93,13415
34,87,13416
35,82,13417
38,73,13418
41,66,13419
42,63,13420
48,54,13421
51,50,13422
54,46,13423
56,44,13424
63,38,13425
70,33,13426
74,31,13427
80,28,13428
85,26,13429
88,25,13430
101,24,13431
102,23,13432
105,23,13433
113,24,13434
120,25,13435
126,27,13436
133,30,13437
136,31,13438
148,39,13439
149,39,13440
157,47,13441
159,49,13442
165,56,13443
170,64,13444
173,69,13445
175,73,13446
180,86,13447
181,90,13448
184,104,13449
183,94,13450
185,119,13451
186,119,13452
185,130,13453
184,141,13454
183,147,13455
180,158,13456
178,163,13457
175,171,13458
171,179,13459
164,190,13460
165,189,13461
159,197,13462
95,110,13463
96,105,13464
99,103,13465
98,102,13466
102,102,13467
103,101,13468
107,103,13469
110,106,13470
107,101,13471
111,104,13472
113,107,13473
115,113,13474
114,106,13475
116,114,13476
117,116,13477
117,119,13478
118,121,13479
116,127,13480
116,129,13481
117,128,13482
116,132,13483
110,139,13484
114,136,13485
111,140,13486
109,142,13487
109,143,13488
102,147,13489
101,148,13490
100,149,13491
90,149,13492
91,150,13493
90,151,13494
84,150,13495
81,149,13496
82,151,13497
76,148,13498
73,146,13499
71,145,13500
65,138,13501
66,141,13502
65,141,13503
60,133,13504
57,127,13505
57,130,13506
54,119,13507
53,117,13508
53,121,13509
52,109,13510
52,101,13511
52,98,13512
52,96,13513
51,98,13514
57,80,13515
54,84,13516
56,79,13517
59,74,13518
60,71,13519
66,64,13520
73,58,13521
70,59,13522
73,57,13523
71,57,13524
89,49,13525
86,49,13526
94,47,13527
89,47,13528
99,46,13529
107,46,13530
104,45,13531
115,47,13532
117,47,13533
121,48,13534
127,51,13535
134,55,13536
138,58,13537
136,55,13538
146,66,13539
151,73,13540
149,67,13541
158,85,13542
158,84,13543
159,84,13544
164,104,13545
164,101,13546
164,97,13547
166,118,13548
166,125,13549
166,129,13550
166,132,13551
163,146,13552
163,147,13553
161,154,13554
157,162,13555
158,162,13556
154,169,13557
138,187,13558
145,182,13559
139,188,13560
131,194,13561
134,193,13562
119,201,13563
119,202,13564
117,203,13565
97,207,13566
106,207,13567
87,208,13568
81,208,13569
84,209,13570
74,207,13571
64,204,13572
62,204,13573
51,198,13574
45,194,13575
41,191,13576
39,190,13577
23,171,13578
25,175,13579
21,169,13580
19,167,13581
14,158,13582
9,146,13583
6,135,13584
5,135,13585
3,120,13586
2,113,13587
2,104,13588
1,101,13589
100,114,13590
101,116,13591
100,121,13592
101,122,13593
99,125,13594
97,127,13595
94,128,13596
95,129,13597
89,128,13598
91,130,13599
89,130,13600
86,130,13601
81,126,13602
81,127,13603
78,124,13604
78,125,13605
75,121,13606
74,119,13607
73,119,13608
72,114,13609
71,113,13610
71,107,13611
71,102,13612
69,106,13613
70,100,13614
70,97,13615
74,89,13616
73,89,13617
71,91,13618
80,80,13619
78,81,13620
79,79,13621
80,77,13622
88,73,13623
87,72,13624
92,70,13625
95,69,13626
97,68,13627
106,69,13628
103,67,13629
104,67,13630
111,68,13631
116,70,13632
119,71,13633
124,74,13634
122,72,13635
133,83,13636
124,72,13637
134,83,13638
133,80,13639
141,95,13640
141,93,13641
143,97,13642
145,105,13643
146,107,13644
146,106,13645
147,115,13646
147,123,13647
146,130,13648
148,126,13649
146,135,13650
146,137,13651
141,150,13652
143,147,13653
134,161,13654
138,158,13655
133,164,13656
123,173,13657
128,170,13658
122,175,13659
119,177,13660
114,180,13661
106,183,13662
106,184,13663
101,185,13664
95,186,13665
87,186,13666
80,185,13667
80,186,13668
70,183,13669
66,181,13670
68,183,13671
55,175,13672
51,172,13673
55,177,13674
37,155,13675
39,160,13676
36,156,13677
33,151,13678
29,143,13679
26,134,13680
25,132,13681
24,130,13682
22,117,13683
21,112,13684
23,89,13685
21,96,13686
21,93,13687
24,79,13688
24,77,13689
28,66,13690
27,67,13691
30,60,13692
44,40,13693
30,57,13694
46,37,13695
53,30,13696
48,33,13697
57,26,13698
66,20,13699
67,19,13700
80,14,13701
91,11,13702
83,12,13703
97,10,13704
107,10,13705
112,10,13706
126,13,13707
125,12,13708
133,15,13709
136,16,13710
153,27,13711
152,25,13712
160,32,13713
165,37,13714
170,42,13715
175,48,13716
94,114,13717
91,113,13718
89,109,13719
88,109,13720
88,106,13721
87,103,13722
90,99,13723
87,101,13724
92,96,13725
89,96,13726
94,93,13727
98,91,13728
95,91,13729
99,90,13730
103,90,13731
105,89,13732
107,89,13733
111,91,13734
111,90,13735
113,91,13736
115,92,13737
119,97,13738
118,93,13739
122,100,13740
124,103,13741
124,102,13742
126,107,13743
127,112,13744
128,111,13745
127,125,13746
128,124,13747
129,121,13748
128,129,13749
125,137,13750
128,133,13751
125,139,13752
122,144,13753
121,146,13754
117,151,13755
118,151,13756
116,153,13757
109,158,13758
107,159,13759
108,160,13760
100,162,13761
98,163,13762
98,164,13763
84,163,13764
87,164,13765
87,165,13766
73,160,13767
80,164,13768
71,160,13769
66,157,13770
65,157,13771
61,154,13772
56,148,13773
54,146,13774
51,142,13775
48,137,13776
47,135,13777
45,132,13778
42,117,13779
42,122,13780
41,106,13781
40,110,13782
40,99,13783
42,89,13784
40,93,13785
43,83,13786
44,78,13787
43,79,13788
50,66,13789
49,66,13790
51,62,13791
58,54,13792
62,50,13793
66,46,13794
64,47,13795
73,41,13796
81,37,13797
79,37,13798
89,34,13799
95,33,13800
93,32,13801
115,34,13802
108,32,13803
112,32,13804
118,33,13805
128,37,13806
131,38,13807
140,43,13808
139,42,13809
152,54,13810
150,51,13811
157,59,13812
165,72,13813
163,66,13814
168,77,13815
172,86,13816
174,93,13817
175,95,13818
176,100,13819
177,123,13820
178,112,13821
178,127,13822
176,140,13823
178,135,13824
174,152,13825
172,158,13826
174,155,13827
165,173,13828
162,179,13829
162,180,13830
153,191,13831
145,199,13832
145,200,13833
138,206,13834
131,210,13835
122,215,13836
121,216,13837
111,219,13838
104,221,13839
96,222,13840
86,222,13841
83,222,13842
77,222,13843
99,108,13844
100,108,13845
103,108,13846
105,109,13847
107,111,13848
109,113,13849
109,115,13850
110,116,13851
110,121,13852
111,120,13853
110,124,13854
110,126,13855
108,130,13856
108,131,13857
107,133,13858
105,135,13859
102,138,13860
101,139,13861
99,140,13862
97,141,13863
95,142,13864
88,142,13865
90,143,13866
88,143,13867
82,141,13868
81,141,13869
77,139,13870
75,138,13871
72,136,13872
69,132,13873
67,130,13874
65,127,13875
64,126,13876
62,121,13877
62,122,13878
60,115,13879
59,111,13880
59,108,13881
59,103,13882
59,98,13883
60,93,13884
60,91,13885
62,86,13886
62,84,13887
64,80,13888
66,77,13889
68,73,13890
72,69,13891
76,65,13892
78,63,13893
83,60,13894
84,59,13895
86,58,13896
91,56,13897
95,55,13898
99,54,13899
105,54,13900
112,55,13901
113,55,13902
115,55,13903
123,58,13904
127,60,13905
130,62,13906
133,64,13907
137,67,13908
139,69,13909
146,78,13910
148,81,13911
150,85,13912
153,91,13913
154,93,13914
156,100,13915
157,104,13916
158,109,13917
159,114,13918
159,122,13919
158,133,13920
158,135,13921
157,140,13922
155,148,13923
153,153,13924
154,152,13925
147,165,13926
144,170,13927
143,172,13928
138,178,13929
136,180,13930
127,187,13931
123,190,13932
120,192,13933
111,196,13934
104,198,13935
100,199,13936
96,200,13937
88,200,13938
80,199,13939
73,198,13940
72,198,13941
63,195,13942
59,193,13943
55,191,13944
46,185,13945
43,183,13946
33,172,13947
33,173,13948
28,166,13949
27,165,13950
19,150,13951
19,151,13952
16,143,13953
13,134,13954
11,125,13955
10,117,13956
9,111,13957
10,91,13958
10,90,13959
10,87,13960
12,77,13961
15,66,13962
16,63,13963
20,53,13964
22,49,13965
30,36,13966
33,32,13967
38,26,13968
44,20,13969
46,18,13970
97,118,13971
96,120,13972
93,121,13973
92,122,13974
89,122,13975
87,122,13976
85,120,13977
86,123,13978
81,114,13979
82,120,13980
79,114,13981
79,115,13982
78,109,13983
77,108,13984
77,104,13985
77,101,13986
76,103,13987
80,94,13988
79,93,13989
80,91,13990
81,89,13991
86,84,13992
84,85,13993
85,83,13994
88,81,13995
90,79,13996
97,77,13997
100,77,13998
97,76,13999
107,77,14000
106,76,14001
111,77,14002
113,77,14003
115,78,14004
119,80,14005
120,80,14006
125,85,14007
127,86,14008
131,93,14009
131,91,14010
133,93,14011
136,101,14012
137,104,14013
137,101,14014
139,113,14015
140,114,14016
140,119,14017
140,123,14018
140,127,14019
139,134,14020
138,137,14021
138,140,14022
133,149,14023
134,149,14024
133,151,14025
127,159,14026
127,160,14027
118,167,14028
114,170,14029
116,170,14030
111,172,14031
112,173,14032
98,176,14033
98,177,14034
86,177,14035
89,178,14036
85,178,14037
76,176,14038
75,176,14039
66,172,14040
66,173,14041
63,171,14042
55,165,14043
49,159,14044
46,156,14045
49,161,14046
38,143,14047
35,136,14048
39,148,14049
33,131,14050
31,126,14051
32,133,14052
29,113,14053
28,109,14054
28,107,14055
29,94,14056
29,89,14057
31,81,14058
32,76,14059
36,66,14060
37,63,14061
39,59,14062
43,53,14063
45,49,14064
51,42,14065
63,33,14066
60,34,14067
63,31,14068
73,26,14069
74,25,14070
82,22,14071
87,20,14072
93,19,14073
111,19,14074
100,17,14075
119,20,14076
124,21,14077
120,19,14078
135,25,14079
144,30,14080
142,28,14081
153,37,14082
158,41,14083
162,45,14084
166,49,14085
178,71,14086
176,65,14087
179,71,14088
183,81,14089
186,90,14090
186,89,14091
189,111,14092
190,112,14093
190,119,14094
190,126,14095
188,142,14096
189,142,14097
95,112,14098
93,106,14099
94,103,14100
94,102,14101
97,100,14102
97,98,14103
100,98,14104
100,96,14105
107,99,14106
106,97,14107
107,97,14108
107,96,14109
113,102,14110
114,101,14111
116,105,14112
117,105,14113
119,109,14114
120,112,14115
120,110,14116
121,114,14117
122,116,14118
121,123,14119
121,125,14120
122,125,14121
121,129,14122
121,131,14123
116,139,14124
116,140,14125
118,139,14126
109,147,14127
111,147,14128
110,148,14129
106,151,14130
99,153,14131
101,154,14132
96,155,14133
93,156,14134
89,156,14135
79,153,14136
84,156,14137
78,154,14138
77,154,14139
69,149,14140
68,149,14141
65,146,14142
63,145,14143
64,147,14144
56,134,14145
55,134,14146
54,134,14147
51,124,14148
50,124,14149
49,120,14150
48,113,14151
47,111,14152
48,97,14153
46,104,14154
49,89,14155
51,83,14156
48,88,14157
52,78,14158
52,76,14159
60,65,14160
56,69,14161
66,58,14162
60,62,14163
69,54,14164
75,50,14165
73,50,14166
81,46,14167
82,45,14168
87,43,14169
97,41,14170
107,41,14171
105,40,14172
108,40,14173
119,43,14174
126,46,14175
120,42,14176
135,50,14177
137,51,14178
134,48,14179
147,60,14180
151,64,14181
149,60,14182
160,79,14183
162,82,14184
164,86,14185
162,80,14186
166,90,14187
169,105,14188
170,108,14189
170,125,14190
171,119,14191
171,127,14192
167,145,14193
170,137,14194
167,150,14195
162,162,14196
163,162,14197
156,173,14198
158,172,14199
154,178,14200
135,196,14201
150,185,14202
137,196,14203
127,203,14204
128,203,14205
122,206,14206
118,208,14207
106,212,14208
96,213,14209
93,214,14210
81,213,14211
82,214,14212
70,211,14213
65,210,14214
52,204,14215
56,207,14216
49,203,14217
40,197,14218
26,183,14219
31,190,14220
22,179,14221
16,170,14222
13,166,14223
11,162,14224
101,112,14225
103,114,14226
103,117,14227
105,118,14228
104,121,14229
105,122,14230
102,126,14231
104,126,14232
98,130,14233
101,130,14234
97,132,14235
98,133,14236
92,134,14237
90,134,14238
88,135,14239
85,133,14240
84,134,14241
82,133,14242
78,131,14243
76,129,14244
74,127,14245
72,123,14246
72,126,14247
69,119,14248
68,117,14249
67,115,14250
67,106,14251
66,109,14252
65,109,14253
69,93,14254
67,95,14255
66,96,14256
67,92,14257
71,85,14258
68,87,14259
72,81,14260
76,76,14261
76,75,14262
83,70,14263
84,69,14264
85,68,14265
92,65,14266
94,64,14267
91,64,14268
100,63,14269
101,62,14270
106,62,14271
115,65,14272
114,64,14273
117,64,14274
125,69,14275
124,67,14276
129,71,14277
135,77,14278
134,75,14279
136,77,14280
142,87,14281
143,87,14282
145,91,14283
147,96,14284
149,102,14285
149,98,14286
151,115,14287
152,115,14288
151,126,14289
153,121,14290
151,133,14291
148,143,14292
150,140,14293
147,148,14294
143,157,14295
143,158,14296
137,166,14297
136,168,14298
136,169,14299
124,179,14300
120,182,14301
118,183,14302
120,183,14303
104,189,14304
101,190,14305
105,190,14306
90,191,14307
89,192,14308
90,193,14309
65,185,14310
69,188,14311
67,188,14312
59,184,14313
52,179,14314
49,177,14315
45,174,14316
41,170,14317
33,159,14318
33,160,14319
29,153,14320
23,139,14321
24,144,14322
20,131,14323
18,121,14324
17,115,14325
17,117,14326
16,109,14327
19,85,14328
15,102,14329
19,79,14330
23,67,14331
18,79,14332
23,65,14333
30,51,14334
26,56,14335
40,37,14336
42,34,14337
43,32,14338
48,27,14339
65,16,14340
64,15,14341
70,12,14342
81,8,14343
89,6,14344
92,5,14345
106,5,14346
102,4,14347
115,5,14348
127,8,14349
129,8,14350
133,9,14351
96,114,14352
91,116,14353
89,115,14354
87,114,14355
86,112,14356
85,112,14357
84,107,14358
83,107,14359
86,99,14360
83,102,14361
85,98,14362
86,95,14363
88,93,14364
88,92,14365
92,89,14366
90,89,14367
93,87,14368
99,86,14369
98,85,14370
100,84,14371
102,83,14372
110,86,14373
109,84,14374
113,86,14375
115,87,14376
117,88,14377
120,90,14378
122,93,14379
123,92,14380
128,103,14381
127,98,14382
129,104,14383
130,105,14384
131,107,14385
132,112,14386
133,115,14387
132,126,14388
133,124,14389
131,132,14390
133,129,14391
129,140,14392
130,139,14393
125,147,14394
129,143,14395
123,152,14396
120,155,14397
120,156,14398
113,161,14399
111,163,14400
110,164,14401
101,167,14402
100,168,14403
92,168,14404
93,169,14405
92,170,14406
84,169,14407
79,168,14408
75,167,14409
72,166,14410
69,165,14411
67,164,14412
60,159,14413
54,153,14414
52,151,14415
50,149,14416
48,146,14417
44,139,14418
41,133,14419
40,130,14420
38,124,14421
37,120,14422
36,115,14423
36,101,14424
35,104,14425
35,100,14426
37,87,14427
39,80,14428
40,76,14429
42,71,14430
42,70,14431
47,61,14432
47,60,14433
55,50,14434
61,44,14435
59,45,14436
64,41,14437
68,38,14438
77,33,14439
82,31,14440
83,30,14441
91,28,14442
98,27,14443
102,26,14444
111,27,14445
117,28,14446
124,30,14447
132,33,14448
129,31,14449
144,40,14450
147,42,14451
150,44,14452
154,48,14453
161,56,14454
167,65,14455
165,61,14456
171,72,14457
172,73,14458
178,90,14459
179,92,14460
181,101,14461
182,108,14462
182,126,14463
183,122,14464
183,127,14465
180,146,14466
178,153,14467
178,155,14468
176,161,14469
168,178,14470
166,182,14471
162,188,14472
157,194,14473
153,199,14474
150,202,14475
143,208,14476
138,212,14477
132,216,14478
96,109,14479
99,105,14480
100,105,14481
102,104,14482
106,105,14483
106,104,14484
109,108,14485
109,105,14486
112,112,14487
113,111,14488
114,114,14489
114,116,14490
114,120,14491
115,121,14492
114,126,14493
115,125,14494
114,128,14495
112,132,14496
111,135,14497
109,137,14498
109,138,14499
103,142,14500
103,143,14501
102,144,14502
101,145,14503
97,147,14504
91,147,14505
90,148,14506
88,148,14507
80,145,14508
81,146,14509
79,146,14510
75,144,14511
70,139,14512
71,142,14513
68,139,14514
64,134,14515
62,131,14516
59,122,14517
59,126,14518
57,122,14519
56,116,14520
55,111,14521
55,117,14522
54,107,14523
54,104,14524
55,95,14525
55,94,14526
57,86,14527
57,85,14528
59,80,14529
61,76,14530
66,69,14531
63,71,14532
68,65,14533
72,62,14534
72,61,14535
82,55,14536
89,52,14537
84,53,14538
90,51,14539
90,50,14540
103,49,14541
102,48,14542
109,49,14543
114,50,14544
119,51,14545
126,54,14546
125,53,14547
135,60,14548
135,59,14549
140,63,14550
146,70,14551
148,73,14552
151,77,14553
152,77,14554
158,93,14555
159,95,14556
158,88,14557
162,109,14558
163,112,14559
163,125,14560
164,121,14561
163,131,14562
163,135,14563
159,149,14564
160,147,14565
158,153,14566
153,164,14567
151,168,14568
149,171,14569
146,176,14570
137,185,14571
138,185,14572
131,191,14573
119,197,14574
121,197,14575
119,199,14576
109,202,14577
101,204,14578
94,205,14579
86,205,14580
81,205,14581
73,203,14582
76,205,14583
65,201,14584
57,198,14585
53,196,14586
42,188,14587
39,186,14588
31,177,14589
33,180,14590
23,167,14591
21,164,14592
18,160,14593
11,140,14594
11,143,14595
9,137,14596
6,121,14597
6,124,14598
5,107,14599
4,104,14600
5,92,14601
6,83,14602
8,73,14603
11,64,14604
9,68,14605
99,115,14606
100,118,14607
98,121,14608
97,124,14609
94,125,14610
94,126,14611
91,126,14612
89,127,14613
85,124,14614
86,127,14615
83,125,14616
83,126,14617
78,119,14618
78,120,14619
76,116,14620
75,116,14621
74,114,14622
74,108,14623
73,107,14624
72,106,14625
72,104,14626
74,97,14627
76,92,14628
73,95,14629
75,90,14630
75,89,14631
82,82,14632
82,81,14633
80,81,14634
90,76,14635
87,76,14636
91,74,14637
90,73,14638
99,72,14639
98,71,14640
106,71,14641
107,71,14642
110,71,14643
118,75,14644
116,73,14645
118,73,14646
126,80,14647
126,79,14648
129,81,14649
134,88,14650
135,89,14651
134,85,14652
141,105,14653
140,98,14654
141,99,14655
143,111,14656
144,110,14657
144,123,14658
145,118,14659
145,123,14660
143,135,14661
144,134,14662
140,144,14663
135,154,14664
142,143,14665
135,156,14666
136,156,14667
125,167,14668
129,165,14669
119,172,14670
127,168,14671
114,176,14672
110,178,14673
109,179,14674
103,181,14675
100,182,14676
94,183,14677
87,183,14678
80,182,14679
78,182,14680
79,183,14681
65,177,14682
57,172,14683
62,177,14684
50,167,14685
46,163,14686
48,167,14687
39,154,14688
35,148,14689
39,157,14690
29,132,14691
29,135,14692
28,133,14693
25,119,14694
25,122,14695
24,109,14696
23,107,14697
24,96,14698
23,98,14699
26,82,14700
32,66,14701
29,70,14702
31,65,14703
39,51,14704
35,56,14705
47,40,14706
45,41,14707
51,35,14708
68,24,14709
55,30,14710
69,22,14711
78,18,14712
79,17,14713
87,15,14714
90,14,14715
99,13,14716
108,13,14717
118,14,14718
125,16,14719
124,15,14720
143,24,14721
144,24,14722
152,30,14723
153,30,14724
160,36,14725
163,38,14726
175,55,14727
174,52,14728
180,62,14729
184,72,14730
186,74,14731
189,85,14732
94,113,14733
91,111,14734
91,107,14735
89,105,14736
91,101,14737
89,102,14738
94,97,14739
91,97,14740
99,95,14741
96,94,14742
99,93,14743
100,92,14744
106,93,14745
105,92,14746
108,93,14747
110,93,14748
112,94,14749
115,96,14750
116,97,14751
119,100,14752
120,101,14753
122,107,14754
122,102,14755
124,110,14756
125,113,14757
126,114,14758
125,124,14759
126,124,14760
127,121,14761
119,140,14762
124,134,14763
125,133,14764
120,142,14765
117,146,14766
120,144,14767
116,148,14768
113,151,14769
111,153,14770
104,157,14771
103,158,14772
100,159,14773
97,160,14774
90,160,14775
90,161,14776
87,161,14777
85,161,14778
86,162,14779
70,155,14780
71,156,14781
72,158,14782
61,148,14783
65,154,14784
57,145,14785
56,144,14786
53,140,14787
52,139,14788
47,127,14789
46,124,14790
45,122,14791
44,118,14792
43,112,14793
43,106,14794
43,98,14795
43,95,14796
45,87,14797
44,87,14798
47,78,14799
52,69,14800
49,73,14801
52,67,14802
57,60,14803
57,59,14804
63,53,14805
63,52,14806
66,49,14807
76,43,14808
83,40,14809
87,38,14810
87,37,14811
97,36,14812
101,35,14813
106,35,14814
112,36,14815
119,37,14816
111,34,14817
138,47,14818
131,41,14819
136,44,14820
138,45,14821
148,54,14822
154,60,14823
158,65,14824
158,64,14825
166,80,14826
165,76,14827
170,89,14828
172,98,14829
172,94,14830
174,106,14831
175,112,14832
175,123,14833
176,122,14834
175,134,14835
169,155,14836
175,139,14837
168,161,14838
163,171,14839
165,169,14840
164,171,14841
151,189,14842
157,183,14843
143,197,14844
136,203,14845
141,200,14846
127,209,14847
114,214,14848
114,215,14849
108,217,14850
100,218,14851
95,219,14852
86,219,14853
78,218,14854
79,219,14855
61,214,14856
56,212,14857
48,208,14858
52,211,14859
100,109,14860
103,110,14861
105,113,14862
105,111,14863
107,116,14864
108,116,14865
108,121,14866
109,121,14867
106,127,14868
108,126,14869
105,130,14870
106,130,14871
101,134,14872
101,135,14873
100,136,14874
97,138,14875
95,138,14876
91,139,14877
91,140,14878
88,140,14879
86,140,14880
81,137,14881
79,137,14882
78,137,14883
75,134,14884
73,133,14885
72,132,14886
69,128,14887
67,126,14888
65,119,14889
64,120,14890
63,115,14891
62,113,14892
63,100,14893
61,110,14894
61,104,14895
63,94,14896
62,94,14897
65,87,14898
64,87,14899
68,80,14900
67,80,14901
72,74,14902
70,74,14903
76,69,14904
78,67,14905
81,64,14906
86,62,14907
87,61,14908
92,59,14909
98,58,14910
98,57,14911
108,58,14912
107,57,14913
109,57,14914
117,59,14915
123,62,14916
127,64,14917
128,64,14918
132,67,14919
138,73,14920
137,71,14921
145,83,14922
146,83,14923
149,89,14924
150,91,14925
152,96,14926
154,102,14927
155,108,14928
156,113,14929
156,120,14930
157,119,14931
155,133,14932
155,137,14933
156,134,14934
150,152,14935
146,160,14936
149,156,14937
144,165,14938
142,168,14939
137,174,14940
137,175,14941
127,183,14942
125,185,14943
121,188,14944
114,191,14945
113,192,14946
103,195,14947
99,196,14948
94,197,14949
83,196,14950
85,197,14951
78,196,14952
73,195,14953
65,192,14954
57,188,14955
49,183,14956
52,186,14957
43,179,14958
36,171,14959
34,169,14960
27,159,14961
25,156,14962
20,145,14963
22,151,14964
15,129,14965
16,135,14966
13,121,14967
12,114,14968
12,105,14969
11,105,14970
14,82,14971
14,81,14972
14,78,14973
20,61,14974
25,51,14975
23,53,14976
28,44,14977
34,36,14978
38,31,14979
44,24,14980
50,19,14981
51,18,14982
58,13,14983
69,7,14984
71,6,14985
78,3,14986
96,118,14987
94,119,14988
92,119,14989
90,120,14990
87,119,14991
85,118,14992
84,115,14993
83,118,14994
82,110,14995
80,112,14996
80,107,14997
80,105,14998
80,101,14999
80,99,15000
81,97,15001
80,97,15002
82,93,15003
84,90,15004
86,87,15005
88,85,15006
89,84,15007
95,82,15008
94,81,15009
96,80,15010
99,79,15011
101,79,15012
108,80,15013
110,80,15014
108,78,15015
116,83,15016
116,82,15017
121,86,15018
121,84,15019
126,90,15020
128,92,15021
129,93,15022
131,96,15023
133,101,15024
135,110,15025
136,109,15026
136,107,15027
137,116,15028
137,121,15029
138,122,15030
137,128,15031
137,130,15032
136,135,15033
133,142,15034
132,146,15035
130,150,15036
128,153,15037
126,156,15038
121,161,15039
122,161,15040
117,165,15041
112,168,15042
109,170,15043
103,172,15044
98,173,15045
98,174,15046
93,175,15047
89,175,15048
81,174,15049
80,174,15050
71,171,15051
69,170,15052
66,169,15053
60,165,15054
58,164,15055
51,157,15056
52,159,15057
45,150,15058
43,147,15059
39,140,15060
37,135,15061
38,140,15062
33,119,15063
32,114,15064
32,123,15065
31,108,15066
31,100,15067
31,96,15068
32,88,15069
35,77,15070
34,78,15071
38,69,15072
41,62,15073
42,60,15074
48,51,15075
50,48,15076
58,40,15077
60,38,15078
65,34,15079
68,32,15080
69,31,15081
86,25,15082
91,23,15083
83,24,15084
107,22,15085
102,21,15086
112,22,15087
119,23,15088
120,23,15089
129,26,15090
133,27,15091
141,32,15092
150,38,15093
152,39,15094
162,50,15095
161,48,15096
170,61,15097
172,64,15098
176,71,15099
178,76,15100
180,79,15101
185,105,15102
185,99,15103
186,104,15104
187,115,15105
187,127,15106
187,132,15107
185,144,15108
184,149,15109
180,163,15110
179,166,15111
176,173,15112
175,176,15113
94,108,15114
95,105,15115
96,104,15116
96,102,15117
101,101,15118
101,99,15119
103,100,15120
105,99,15121
110,104,15122
109,101,15123
112,103,15124
112,101,15125
115,109,15126
116,109,15127
117,112,15128
118,114,15129
119,115,15130
118,122,15131
119,122,15132
119,125,15133
119,127,15134
115,134,15135
116,134,15136
116,136,15137
115,138,15138
113,141,15139
109,144,15140
106,147,15141
109,146,15142
97,150,15143
98,151,15144
97,152,15145
91,152,15146
88,152,15147
87,153,15148
86,153,15149
80,151,15150
78,151,15151
69,144,15152
72,148,15153
70,147,15154
65,142,15155
61,137,15156
60,137,15157
57,131,15158
56,130,15159
56,133,15160
52,116,15161
51,115,15162
51,119,15163
50,108,15164
49,108,15165
51,95,15166
50,95,15167
50,93,15168
53,84,15169
52,84,15170
59,71,15171
63,66,15172
57,72,15173
65,62,15174
62,64,15175
77,53,15176
73,54,15177
81,50,15178
76,51,15179
90,46,15180
96,45,15181
95,44,15182
103,44,15183
109,44,15184
107,43,15185
116,45,15186
122,47,15187
125,48,15188
125,47,15189
139,57,15190
145,63,15191
138,54,15192
150,68,15193
152,70,15194
153,70,15195
159,83,15196
160,84,15197
160,81,15198
166,107,15199
166,103,15200
167,106,15201
168,115,15202
167,132,15203
168,128,15204
168,131,15205
164,149,15206
166,144,15207
162,156,15208
150,176,15209
156,169,15210
153,174,15211
145,184,15212
147,183,15213
135,193,15214
139,191,15215
130,198,15216
116,204,15217
123,203,15218
112,207,15219
101,209,15220
99,210,15221
92,211,15222
83,210,15223
84,211,15224
70,208,15225
66,207,15226
56,203,15227
53,202,15228
39,191,15229
37,190,15230
28,181,15231
29,183,15232
23,176,15233
17,167,15234
12,156,15235
11,156,15236
6,142,15237
4,135,15238
3,133,15239
1,120,15240
100,113,15241
102,116,15242
101,121,15243
103,120,15244
100,125,15245
101,126,15246
97,128,15247
99,129,15248
92,129,15249
94,131,15250
91,132,15251
90,132,15252
85,130,15253
83,130,15254
81,128,15255
80,128,15256
78,127,15257
76,126,15258
75,124,15259
72,119,15260
72,120,15261
70,113,15262
70,108,15263
69,111,15264
68,108,15265
68,104,15266
70,96,15267
69,96,15268
68,97,15269
76,83,15270
73,85,15271
72,86,15272
75,81,15273
81,76,15274
78,77,15275
83,73,15276
88,70,15277
87,70,15278
100,68,15279
96,67,15280
98,66,15281
106,66,15282
107,66,15283
109,66,15284
114,67,15285
115,67,15286
116,66,15287
128,75,15288
129,76,15289
128,73,15290
135,82,15291
134,79,15292
137,83,15293
142,92,15294
144,96,15295
144,94,15296
147,107,15297
148,111,15298
148,120,15299
149,115,15300
149,124,15301
149,127,15302
148,134,15303
147,139,15304
142,150,15305
145,147,15306
141,155,15307
136,162,15308
136,163,15309
133,167,15310
129,171,15311
129,172,15312
117,180,15313
120,179,15314
115,182,15315
104,186,15316
98,187,15317
94,188,15318
93,188,15319
85,188,15320
83,188,15321
79,188,15322
70,185,15323
61,181,15324
71,187,15325
47,170,15326
51,175,15327
46,171,15328
45,170,15329
37,160,15330
31,150,15331
31,151,15332
29,148,15333
25,137,15334
23,131,15335
21,122,15336
20,115,15337
19,113,15338
20,94,15339
19,97,15340
21,85,15341
21,82,15342
22,77,15343
31,57,15344
22,73,15345
34,50,15346
37,45,15347
37,44,15348
39,41,15349
53,27,15350
50,29,15351
63,20,15352
72,15,15353
66,17,15354
82,11,15355
95,9,15356
94,8,15357
103,8,15358
105,7,15359
115,8,15360
120,9,15361
137,15,15362
129,11,15363
142,17,15364
153,24,15365
156,26,15366
159,28,15367
93,115,15368
90,114,15369
89,112,15370
87,110,15371
87,107,15372
86,107,15373
87,102,15374
85,103,15375
90,97,15376
86,98,15377
90,94,15378
91,92,15379
94,91,15380
94,90,15381
99,89,15382
100,88,15383
101,87,15384
107,88,15385
107,87,15386
108,87,15387
109,87,15388
117,93,15389
116,90,15390
119,93,15391
122,97,15392
122,96,15393
124,99,15394
127,106,15395
127,103,15396
129,115,15397
129,116,15398
130,116,15399
131,117,15400
129,127,15401
131,124,15402
130,129,15403
128,135,15404
127,139,15405
123,145,15406
125,144,15407
121,149,15408
118,153,15409
117,154,15410
118,155,15411
109,160,15412
106,162,15413
106,163,15414
96,165,15415
94,165,15416
96,166,15417
83,165,15418
88,167,15419
77,164,15420
76,164,15421
75,164,15422
72,163,15423
63,157,15424
60,155,15425
58,154,15426
55,150,15427
53,148,15428
49,143,15429
45,133,15430
45,136,15431
42,128,15432
40,120,15433
39,116,15434
39,105,15435
38,109,15436
39,95,15437
39,93,15438
38,94,15439
42,80,15440
41,81,15441
42,77,15442
47,67,15443
52,59,15444
53,57,15445
56,53,15446
61,48,15447
64,45,15448
67,42,15449
75,38,15450
83,34,15451
81,34,15452
96,31,15453
93,31,15454
99,30,15455
109,30,15456
114,31,15457
120,32,15458
122,32,15459
127,34,15460
138,40,15461
142,42,15462
147,46,15463
152,51,15464
151,49,15465
161,61,15466
165,67,15467
167,71,15468
169,74,15469
172,81,15470
176,93,15471
177,96,15472
179,108,15473
179,125,15474
180,116,15475
180,124,15476
178,141,15477
180,133,15478
173,159,15479
172,163,15480
172,164,15481
167,174,15482
158,187,15483
162,183,15484
155,192,15485
147,200,15486
148,200,15487
137,209,15488
130,213,15489
125,216,15490
111,221,15491
108,222,15492
104,223,15493
98,224,15494
97,109,15495
99,107,15496
102,106,15497
105,107,15498
107,108,15499
108,109,15500
109,111,15501
111,112,15502
111,117,15503
112,117,15504
112,121,15505
112,124,15506
111,127,15507
110,130,15508
110,131,15509
108,134,15510
107,135,15511
105,138,15512
104,139,15513
103,140,15514
100,142,15515
95,143,15516
95,144,15517
93,145,15518
89,145,15519
85,144,15520
81,143,15521
82,144,15522
78,142,15523
74,139,15524
71,137,15525
68,134,15526
69,136,15527
65,130,15528
63,128,15529
61,123,15530
60,121,15531
59,119,15532
58,110,15533
57,111,15534
57,104,15535
57,100,15536
58,94,15537
58,92,15538
59,89,15539
60,85,15540
62,80,15541
64,77,15542
64,76,15543
69,69,15544
71,67,15545
74,64,15546
78,61,15547
80,59,15548
84,57,15549
89,55,15550
91,54,15551
100,53,15552
102,52,15553
102,51,15554
108,52,15555
114,53,15556
118,54,15557
123,56,15558
129,59,15559
133,62,15560
136,64,15561
141,69,15562
140,67,15563
148,78,15564
148,77,15565
153,87,15566
155,91,15567
156,94,15568
159,105,15569
159,101,15570
160,116,15571
161,118,15572
161,121,15573
161,126,15574
160,134,15575
158,144,15576
155,153,15577
154,156,15578
153,158,15579
150,164,15580
144,173,15581
141,177,15582
138,180,15583
132,186,15584
125,191,15585
122,193,15586
118,195,15587
114,197,15588
109,199,15589
94,201,15590
94,202,15591
87,202,15592
84,202,15593
76,201,15594
69,199,15595
63,197,15596
58,195,15597
46,187,15598
49,190,15599
40,182,15600
37,180,15601
34,177,15602
24,163,15603
22,160,15604
17,150,15605
16,148,15606
12,136,15607
11,133,15608
10,132,15609
8,108,15610
7,109,15611
8,92,15612
7,97,15613
9,82,15614
12,70,15615
14,63,15616
15,60,15617
19,51,15618
25,40,15619
27,37,15620
32,30,15621
98,115,15622
98,119,15623
94,122,15624
95,123,15625
91,124,15626
89,124,15627
86,122,15628
86,124,15629
82,118,15630
82,122,15631
81,120,15632
80,120,15633
78,113,15634
77,112,15635
76,108,15636
75,108,15637
75,105,15638
77,98,15639
76,98,15640
76,97,15641
76,95,15642
81,88,15643
80,88,15644
80,86,15645
83,83,15646
85,81,15647
91,78,15648
91,77,15649
91,76,15650
100,75,15651
100,74,15652
103,74,15653
106,74,15654
111,75,15655
111,74,15656
113,75,15657
119,78,15658
120,78,15659
127,85,15660
128,85,15661
127,82,15662
132,90,15663
135,95,15664
134,91,15665
138,102,15666
139,104,15667
139,99,15668
141,116,15669
142,115,15670
142,122,15671
141,130,15672
142,129,15673
139,138,15674
139,141,15675
139,142,15676
133,153,15677
135,151,15678
128,160,15679
124,164,15680
128,162,15681
122,167,15682
121,169,15683
110,174,15684
108,176,15685
103,177,15686
108,177,15687
96,179,15688
90,180,15689
88,180,15690
81,179,15691
79,179,15692
74,178,15693
65,174,15694
60,171,15695
56,168,15696
61,173,15697
49,162,15698
41,151,15699
48,163,15700
37,145,15701
36,144,15702
37,148,15703
30,127,15704
29,125,15705
29,130,15706
27,109,15707
26,110,15708
27,95,15709
26,100,15710
29,82,15711
28,84,15712
32,71,15713
36,62,15714
32,69,15715
40,54,15716
51,41,15717
46,45,15718
49,41,15719
59,33,15720
60,31,15721
71,25,15722
71,24,15723
78,21,15724
93,18,15725
81,19,15726
107,17,15727
105,16,15728
104,15,15729
116,17,15730
124,19,15731
126,19,15732
141,26,15733
146,29,15734
150,32,15735
151,32,15736
166,48,15737
166,47,15738
171,54,15739
173,56,15740
178,65,15741
181,70,15742
188,94,15743
187,86,15744
189,96,15745
191,110,15746
191,127,15747
192,118,15748
94,112,15749
92,108,15750
92,106,15751
92,102,15752
94,101,15753
94,99,15754
98,97,15755
96,96,15756
103,97,15757
102,95,15758
105,95,15759
106,94,15760
112,99,15761
111,97,15762
114,99,15763
115,100,15764
117,102,15765
119,105,15766
119,104,15767
121,109,15768
122,111,15769
122,118,15770
123,120,15771
124,119,15772
124,121,15773
121,132,15774
123,128,15775
122,132,15776
123,132,15777
113,145,15778
117,143,15779
115,145,15780
113,148,15781
106,152,15782
108,152,15783
104,154,15784
99,156,15785
97,157,15786
86,156,15787
93,158,15788
88,158,15789
86,158,15790
79,156,15791
76,155,15792
70,152,15793
72,154,15794
69,153,15795
61,144,15796
61,145,15797
61,147,15798
53,133,15799
53,135,15800
52,133,15801
48,121,15802
48,123,15803
47,120,15804
46,113,15805
46,100,15806
47,93,15807
44,104,15808
46,93,15809
47,87,15810
51,77,15811
50,77,15812
57,66,15813
53,70,15814
59,62,15815
65,56,15816
67,53,15817
68,52,15818
75,47,15819
78,45,15820
83,43,15821
86,41,15822
89,40,15823
96,39,15824
107,39,15825
109,39,15826
108,38,15827
121,41,15828
126,43,15829
126,42,15830
134,47,15831
139,50,15832
134,45,15833
155,68,15834
152,62,15835
156,67,15836
158,70,15837
162,77,15838
166,87,15839
167,88,15840
169,94,15841
171,107,15842
172,109,15843
171,131,15844
173,121,15845
173,123,15846
170,143,15847
171,141,15848
167,154,15849
168,154,15850
164,164,15851
150,184,15852
163,168,15853
150,186,15854
145,191,15855
144,193,15856
138,198,15857
134,201,15858
125,207,15859
111,212,15860
112,212,15861
111,213,15862
99,215,15863
83,215,15864
88,216,15865
73,214,15866
75,215,15867
67,213,15868
57,209,15869
42,200,15870
46,204,15871
36,196,15872
29,190,15873
22,182,15874
24,185,15875
99,111,15876
103,112,15877
104,116,15878
105,114,15879
105,119,15880
106,122,15881
103,126,15882
106,124,15883
102,129,15884
103,130,15885
99,132,15886
102,132,15887
95,135,15888
94,135,15889
91,136,15890
90,136,15891
89,137,15892
83,135,15893
84,136,15894
81,135,15895
78,133,15896
74,129,15897
75,132,15898
71,126,15899
70,124,15900
68,122,15901
67,119,15902
66,115,15903
65,115,15904
65,103,15905
65,100,15906
63,106,15907
64,99,15908
68,88,15909
64,95,15910
67,88,15911
69,83,15912
70,81,15913
75,75,15914
75,74,15915
77,72,15916
82,68,15917
83,67,15918
83,66,15919
92,63,15920
94,62,15921
94,61,15922
105,61,15923
107,61,15924
106,60,15925
114,62,15926
114,61,15927
120,64,15928
123,65,15929
127,67,15930
130,69,15931
135,74,15932
137,76,15933
139,78,15934
144,86,15935
146,89,15936
147,89,15937
151,106,15938
151,102,15939
152,107,15940
153,112,15941
154,117,15942
152,133,15943
154,124,15944
151,140,15945
151,141,15946
151,143,15947
144,158,15948
146,156,15949
144,160,15950
136,170,15951
133,174,15952
131,176,15953
127,180,15954
122,183,15955
117,186,15956
119,186,15957
105,191,15958
100,192,15959
105,192,15960
82,192,15961
82,193,15962
79,193,15963
78,193,15964
69,190,15965
58,185,15966
59,186,15967
58,186,15968
45,176,15969
40,171,15970
38,169,15971
33,162,15972
34,165,15973
25,149,15974
24,147,15975
20,137,15976
18,131,15977
17,126,15978
16,100,15979
15,117,15980
15,96,15981
16,89,15982
14,97,15983
17,80,15984
20,69,15985
18,73,15986
26,55,15987
27,52,15988
32,43,15989
37,37,15990
50,24,15991
45,27,15992
46,26,15993
63,14,15994
66,12,15995
65,12,15996
80,6,15997
88,4,15998
94,3,15999
109,3,16000
105,2,16001
110,2,16002
96,115,16003
93,117,16004
89,117,16005
87,116,16006
86,115,16007
84,113,16008
84,111,16009
82,111,16010
84,102,16011
81,106,16012
83,100,16013
83,99,16014
84,96,16015
84,94,16016
87,91,16017
88,89,16018
88,88,16019
92,86,16020
93,85,16021
95,84,16022
97,83,16023
105,83,16024
102,82,16025
109,83,16026
107,82,16027
111,83,16028
115,85,16029
118,87,16030
118,86,16031
123,91,16032
125,93,16033
128,98,16034
128,97,16035
129,98,16036
131,103,16037
133,108,16038
134,113,16039
134,116,16040
134,122,16041
135,123,16042
134,129,16043
133,134,16044
131,139,16045
133,136,16046
129,145,16047
128,147,16048
128,148,16049
121,156,16050
121,157,16051
117,161,16052
112,164,16053
113,164,16054
108,167,16055
103,169,16056
100,170,16057
96,171,16058
87,171,16059
86,171,16060
83,171,16061
81,171,16062
74,169,16063
69,167,16064
67,166,16065
61,162,16066
58,160,16067
54,156,16068
51,153,16069
48,149,16070
44,143,16071
42,140,16072
40,135,16073
37,127,16074
36,123,16075
35,119,16076
34,113,16077
34,102,16078
34,97,16079
35,89,16080
35,87,16081
36,83,16082
38,76,16083
40,70,16084
45,61,16085
48,56,16086
48,55,16087
54,48,16088
58,44,16089
64,39,16090
65,38,16091
69,35,16092
74,32,16093
88,27,16094
91,26,16095
90,26,16096
102,25,16097
108,25,16098
117,26,16099
119,26,16100
128,29,16101
133,31,16102
135,32,16103
146,39,16104
148,40,16105
154,46,16106
156,47,16107
164,57,16108
167,61,16109
172,70,16110
174,73,16111
177,81,16112
179,86,16113
182,98,16114
183,105,16115
184,111,16116
184,124,16117
184,128,16118
184,132,16119
181,150,16120
180,153,16121
178,161,16122
177,164,16123
170,178,16124
168,182,16125
162,191,16126
157,197,16127
153,202,16128
151,204,16129
95,109,16130
97,105,16131
99,104,16132
100,102,16133
104,103,16134
104,102,16135
108,105,16136
108,102,16137
112,110,16138
112,107,16139
113,109,16140
114,108,16141
115,116,16142
116,116,16143
116,119,16144
116,124,16145
117,122,16146
114,130,16147
115,130,16148
114,133,16149
114,134,16150
108,140,16151
110,140,16152
109,141,16153
104,145,16154
103,146,16155
97,148,16156
98,148,16157
96,149,16158
85,148,16159
89,150,16160
84,149,16161
80,148,16162
76,146,16163
78,148,16164
73,145,16165
69,142,16166
67,140,16167
62,132,16168
63,136,16169
61,134,16170
57,125,16171
56,121,16172
56,125,16173
54,114,16174
53,112,16175
53,107,16176
53,99,16177
53,98,16178
53,95,16179
54,90,16180
54,88,16181
59,78,16182
57,79,16183
61,72,16184
65,67,16185
64,67,16186
73,59,16187
76,57,16188
75,56,16189
81,53,16190
77,54,16191
94,49,16192
93,48,16193
100,47,16194
105,47,16195
104,46,16196
113,48,16197
116,48,16198
123,51,16199
123,50,16200
129,53,16201
136,58,16202
140,61,16203
142,63,16204
142,61,16205
153,78,16206
156,83,16207
152,73,16208
161,96,16209
162,98,16210
162,95,16211
164,110,16212
165,113,16213
165,107,16214
165,125,16215
165,129,16216
163,142,16217
163,143,16218
159,155,16219
157,160,16220
158,159,16221
149,174,16222
149,175,16223
145,180,16224
132,191,16225
136,189,16226
134,191,16227
123,198,16228
118,201,16229
108,204,16230
111,204,16231
103,206,16232
89,207,16233
95,208,16234
76,206,16235
75,206,16236
69,205,16237
61,202,16238
55,199,16239
54,199,16240
42,190,16241
37,186,16242
34,184,16243
30,180,16244
18,161,16245
19,164,16246
12,150,16247
13,153,16248
8,140,16249
7,136,16250
4,118,16251
4,125,16252
3,107,16253
3,96,16254
4,88,16255
3,88,16256
98,113,16257
101,118,16258
99,122,16259
99,123,16260
98,125,16261
96,127,16262
94,127,16263
93,129,16264
88,127,16265
88,129,16266
86,129,16267
85,128,16268
80,124,16269
80,125,16270
77,120,16271
77,122,16272
75,119,16273
74,117,16274
73,116,16275
72,111,16276
71,110,16277
71,104,16278
72,100,16279
70,104,16280
72,95,16281
71,96,16282
77,86,16283
76,86,16284
74,87,16285
85,77,16286
83,77,16287
84,76,16288
83,76,16289
93,72,16290
92,71,16291
95,70,16292
99,69,16293
102,69,16294
111,71,16295
109,69,16296
111,69,16297
116,71,16298
123,75,16299
124,75,16300
127,78,16301
128,78,16302
127,76,16303
137,91,16304
136,87,16305
138,89,16306
142,100,16307
143,100,16308
144,103,16309
145,110,16310
146,112,16311
146,121,16312
147,120,16313
145,132,16314
143,140,16315
146,134,16316
142,145,16317
142,147,16318
135,158,16319
138,155,16320
125,169,16321
135,161,16322
128,168,16323
120,174,16324
120,175,16325
115,178,16326
112,180,16327
103,183,16328
98,184,16329
96,185,16330
91,185,16331
89,186,16332
76,183,16333
68,180,16334
75,184,16335
64,179,16336
57,175,16337
60,178,16338
48,168,16339
46,166,16340
49,171,16341
34,148,16342
34,150,16343
34,151,16344
29,140,16345
28,138,16346
24,121,16347
24,124,16348
23,121,16349
22,110,16350
22,98,16351
25,83,16352
22,93,16353
24,82,16354
27,72,16355
27,70,16356
34,56,16357
32,58,16358
38,48,16359
55,31,16360
38,46,16361
52,32,16362
64,23,16363
61,24,16364
70,19,16365
72,18,16366
79,15,16367
94,12,16368
98,11,16369
103,11,16370
104,10,16371
124,14,16372
129,15,16373
136,18,16374
131,15,16375
146,23,16376
147,23,16377
162,36,16378
160,33,16379
169,43,16380
174,50,16381
178,55,16382
183,64,16383
96,113,16384
90,111,16385
90,109,16386
88,107,16387
89,104,16388
88,102,16389
90,100,16390
88,100,16391
95,95,16392
92,94,16393
97,92,16394
95,92,16395
101,91,16396
102,90,16397
105,91,16398
105,90,16399
107,90,16400
111,92,16401
114,93,16402
116,94,16403
118,96,16404
121,102,16405
119,95,16406
124,106,16407
124,105,16408
125,106,16409
126,117,16410
127,115,16411
128,114,16412
125,130,16413
127,127,16414
128,126,16415
126,133,16416
123,139,16417
126,136,16418
122,143,16419
118,148,16420
116,150,16421
112,154,16422
112,155,16423
110,156,16424
105,159,16425
99,161,16426
103,161,16427
95,162,16428
93,163,16429
93,164,16430
80,161,16431
78,161,16432
81,163,16433
68,156,16434
74,161,16435
65,155,16436
61,152,16437
60,151,16438
56,147,16439
52,141,16440
51,140,16441
48,135,16442
46,130,16443
44,125,16444
43,124,16445
42,112,16446
41,113,16447
42,96,16448
40,105,16449
41,96,16450
45,81,16451
42,88,16452
47,74,16453
48,71,16454
47,72,16455
54,61,16456
55,59,16457
56,57,16458
66,48,16459
70,45,16460
74,42,16461
71,43,16462
82,38,16463
91,35,16464
87,35,16465
102,34,16466
102,33,16467
100,32,16468
124,38,16469
122,36,16470
121,35,16471
131,39,16472
137,43,16473
138,43,16474
145,48,16475
149,51,16476
158,63,16477
157,60,16478
164,71,16479
169,83,16480
166,73,16481
172,90,16482
173,93,16483
175,102,16484
176,106,16485
177,113,16486
175,136,16487
178,120,16488
176,138,16489
171,156,16490
176,142,16491
171,158,16492
165,171,16493
168,168,16494
156,185,16495
153,189,16496
153,190,16497
143,200,16498
134,206,16499
131,209,16500
128,211,16501
116,216,16502
114,217,16503
112,218,16504
85,220,16505
95,221,16506
84,221,16507
77,220,16508
71,219,16509
65,218,16510
97,111,16511
101,108,16512
104,110,16513
105,110,16514
107,113,16515
108,113,16516
109,117,16517
110,118,16518
109,122,16519
110,123,16520
108,128,16521
108,129,16522
105,132,16523
105,133,16524
104,135,16525
103,136,16526
100,138,16527
98,139,16528
96,140,16529
94,141,16530
92,142,16531
84,140,16532
85,141,16533
84,141,16534
79,139,16535
77,138,16536
74,136,16537
72,134,16538
71,134,16539
67,127,16540
67,129,16541
64,122,16542
63,121,16543
62,107,16544
61,116,16545
60,111,16546
60,103,16547
59,104,16548
61,94,16549
60,96,16550
64,85,16551
63,85,16552
67,79,16553
64,82,16554
69,74,16555
71,72,16556
72,70,16557
75,67,16558
80,63,16559
83,61,16560
88,59,16561
89,58,16562
96,56,16563
98,56,16564
100,55,16565
104,55,16566
112,56,16567
116,57,16568
117,57,16569
122,59,16570
128,62,16571
131,64,16572
136,68,16573
139,71,16574
140,72,16575
144,77,16576
149,85,16577
150,86,16578
153,94,16579
154,97,16580
155,99,16581
157,109,16582
158,115,16583
158,123,16584
159,120,16585
157,133,16586
156,139,16587
155,144,16588
153,150,16589
152,153,16590
147,163,16591
147,164,16592
140,173,16593
138,176,16594
133,181,16595
132,182,16596
127,186,16597
114,193,16598
112,194,16599
108,196,16600
103,197,16601
98,198,16602
93,199,16603
88,199,16604
80,198,16605
71,196,16606
67,195,16607
66,195,16608
54,189,16609
47,184,16610
49,186,16611
40,178,16612
34,172,16613
29,165,16614
29,166,16615
22,154,16616
21,153,16617
15,136,16618
14,134,16619
12,125,16620
11,119,16621
10,110,16622
10,105,16623
10,95,16624
11,89,16625
15,71,16626
15,69,16627
16,66,16628
21,54,16629
25,46,16630
28,41,16631
32,35,16632
37,29,16633
42,23,16634
48,18,16635
56,12,16636
62,8,16637
97,116,16638
95,120,16639
93,120,16640
91,121,16641
88,121,16642
87,121,16643
84,118,16644
84,120,16645
81,112,16646
80,115,16647
79,112,16648
79,109,16649
78,106,16650
78,103,16651
79,99,16652
78,99,16653
78,98,16654
82,91,16655
81,91,16656
83,88,16657
84,87,16658
89,83,16659
87,83,16660
90,81,16661
94,79,16662
93,79,16663
101,78,16664
103,77,16665
100,76,16666
113,80,16667
113,79,16668
115,80,16669
115,79,16670
120,82,16671
123,84,16672
124,84,16673
127,88,16674
130,92,16675
134,101,16676
134,98,16677
134,97,16678
137,109,16679
138,112,16680
138,107,16681
139,117,16682
139,123,16683
139,127,16684
138,131,16685
137,137,16686
137,138,16687
136,141,16688
134,146,16689
129,154,16690
130,154,16691
127,158,16692
119,165,16693
123,163,16694
115,168,16695
107,172,16696
110,172,16697
104,174,16698
107,174,16699
93,176,16700
92,177,16701
83,176,16702
78,175,16703
79,176,16704
73,174,16705
67,172,16706
60,167,16707
60,168,16708
55,164,16709
52,161,16710
46,154,16711
43,150,16712
44,153,16713
36,136,16714
33,127,16715
35,138,16716
31,119,16717
30,115,16718
30,121,16719
29,106,16720
30,93,16721
29,95,16722
32,82,16723
31,83,16724
34,74,16725
38,64,16726
40,60,16727
41,58,16728
44,53,16729
51,44,16730
51,43,16731
58,37,16732
71,29,16733
76,26,16734
68,29,16735
83,23,16736
89,21,16737
96,20,16738
98,19,16739
105,19,16740
118,21,16741
113,19,16742
126,23,16743
132,25,16744
139,28,16745
145,32,16746
152,37,16747
160,45,16748
163,48,16749
169,56,16750
170,57,16751
173,61,16752
181,81,16753
180,76,16754
184,87,16755
187,102,16756
187,100,16757
188,104,16758
189,120,16759
188,135,16760
189,129,16761
187,143,16762
183,159,16763
184,158,16764
93,109,16765
94,105,16766
95,103,16767
95,102,16768
99,100,16769
98,99,16770
102,98,16771
101,97,16772
107,100,16773
107,98,16774
110,100,16775
110,98,16776
115,106,16777
115,104,16778
117,108,16779
118,109,16780
119,110,16781
119,117,16782
120,117,16783
121,117,16784
121,122,16785
119,128,16786
119,130,16787
120,130,16788
119,133,16789
119,134,16790
112,143,16791
113,143,16792
114,143,16793
104,149,16794
106,149,16795
104,151,16796
103,152,16797
94,153,16798
97,154,16799
92,155,16800
89,155,16801
83,154,16802
77,151,16803
80,154,16804
75,152,16805
69,147,16806
68,147,16807
66,146,16808
60,139,16809
61,141,16810
59,140,16811
54,128,16812
53,127,16813
52,127,16814
50,116,16815
49,116,16816
49,105,16817
48,108,16818
48,100,16819
50,90,16820
48,94,16821
53,80,16822
55,76,16823
51,81,16824
55,74,16825
55,72,16826
69,57,16827
62,62,16828
72,54,16829
65,58,16830
78,49,16831
85,46,16832
80,47,16833
94,43,16834
91,43,16835
97,42,16836
108,42,16837
109,42,16838
112,42,16839
116,42,16840
130,49,16841
132,50,16842
128,46,16843
140,55,16844
144,58,16845
143,56,16846
151,66,16847
156,73,16848
153,66,16849
163,89,16850
163,87,16851
164,88,16852
167,99,16853
168,102,16854
169,114,16855
170,116,16856
169,131,16857
170,128,16858
169,136,16859
163,155,16860
166,150,16861
164,156,16862
156,171,16863
159,168,16864
147,184,16865
150,182,16866
146,187,16867
126,201,16868
143,191,16869
125,203,16870
121,205,16871
117,207,16872
108,210,16873
105,211,16874
99,212,16875
82,212,16876
80,212,16877
70,210,16878
71,211,16879
57,205,16880
52,203,16881
43,197,16882
43,198,16883
37,193,16884
30,187,16885
21,175,16886
22,178,16887
17,170,16888
8,152,16889
9,156,16890
5,145,16891
99,112,16892
103,115,16893
103,119,16894
104,119,16895
103,122,16896
104,123,16897
100,127,16898
102,128,16899
96,130,16900
98,131,16901
95,132,16902
94,133,16903
89,133,16904
88,133,16905
84,132,16906
84,133,16907
81,131,16908
80,131,16909
77,129,16910
74,125,16911
74,126,16912
71,119,16913
71,122,16914
69,117,16915
68,113,16916
67,112,16917
68,101,16918
66,106,16919
66,102,16920
71,90,16921
69,91,16922
68,91,16923
70,87,16924
75,80,16925
70,85,16926
76,77,16927
81,73,16928
81,72,16929
87,69,16930
88,68,16931
89,67,16932
95,65,16933
98,64,16934
102,64,16935
107,64,16936
109,64,16937
108,63,16938
123,70,16939
121,68,16940
121,67,16941
129,73,16942
127,70,16943
134,77,16944
138,82,16945
139,83,16946
141,85,16947
145,95,16948
146,97,16949
148,102,16950
149,106,16951
150,110,16952
150,106,16953
151,120,16954
151,122,16955
149,135,16956
151,130,16957
149,139,16958
144,151,16959
144,153,16960
143,155,16961
138,163,16962
138,164,16963
128,174,16964
129,174,16965
131,173,16966
116,183,16967
111,185,16968
107,187,16969
112,186,16970
98,189,16971
94,190,16972
95,191,16973
79,189,16974
77,189,16975
81,191,16976
56,179,16977
64,185,16978
61,184,16979
53,179,16980
46,173,16981
43,170,16982
37,163,16983
37,164,16984
31,154,16985
27,147,16986
24,140,16987
21,129,16988
22,136,16989
19,122,16990
18,115,16991
18,100,16992
17,102,16993
17,99,16994
23,73,16995
17,89,16996
23,69,16997
26,62,16998
25,62,16999
31,50,17000
41,37,17001
34,44,17002
52,26,17003
50,27,17004
53,24,17005
60,19,17006
76,12,17007
75,11,17008
81,9,17009
90,7,17010
96,6,17011
99,5,17012
116,7,17013
116,6,17014
124,8,17015
133,11,17016
138,13,17017
145,16,17018
95,115,17019
90,115,17020
88,113,17021
88,114,17022
86,109,17023
85,110,17024
85,105,17025
84,105,17026
87,99,17027
84,100,17028
87,96,17029
87,95,17030
91,91,17031
91,90,17032
95,88,17033
95,87,17034
97,86,17035
101,86,17036
101,85,17037
103,85,17038
104,84,17039
112,88,17040
111,86,17041
115,88,17042
118,90,17043
119,91,17044
122,94,17045
124,97,17046
125,96,17047
128,106,17048
128,102,17049
130,110,17050
131,111,17051
131,121,17052
132,116,17053
132,123,17054
131,128,17055
132,127,17056
129,136,17057
130,137,17058
126,144,17059
127,144,17060
122,150,17061
124,150,17062
119,155,17063
118,156,17064
114,160,17065
105,164,17066
104,165,17067
103,166,17068
96,167,17069
97,168,17070
84,167,17071
85,168,17072
88,169,17073
78,167,17074
71,164,17075
69,163,17076
66,162,17077
63,160,17078
59,157,17079
55,153,17080
50,146,17081
50,147,17082
45,139,17083
44,137,17084
41,130,17085
40,127,17086
38,119,17087
37,114,17088
37,106,17089
36,109,17090
38,91,17091
37,92,17092
37,90,17093
41,77,17094
44,70,17095
42,73,17096
47,63,17097
48,61,17098
54,53,17099
54,52,17100
63,44,17101
66,41,17102
67,40,17103
78,34,17104
77,34,17105
89,30,17106
88,30,17107
98,28,17108
103,28,17109
104,27,17110
116,29,17111
117,29,17112
129,33,17113
137,37,17114
140,39,17115
137,36,17116
148,44,17117
153,49,17118
157,53,17119
161,58,17120
164,62,17121
172,77,17122
173,78,17123
176,87,17124
177,89,17125
179,98,17126
181,108,17127
181,125,17128
182,116,17129
180,138,17130
180,141,17131
180,143,17132
176,157,17133
170,171,17134
172,168,17135
170,173,17136
163,184,17137
159,190,17138
155,195,17139
148,202,17140
145,205,17141
137,211,17142
129,216,17143
123,219,17144
116,222,17145
96,110,17146
99,106,17147
102,105,17148
104,105,17149
106,106,17150
108,107,17151
109,109,17152
110,107,17153
112,114,17154
113,113,17155
113,118,17156
114,119,17157
113,124,17158
114,123,17159
113,127,17160
113,128,17161
111,132,17162
110,134,17163
108,137,17164
105,140,17165
105,141,17166
100,143,17167
100,144,17168
98,145,17169
95,146,17170
92,146,17171
88,146,17172
89,147,17173
86,147,17174
78,143,17175
75,142,17176
77,144,17177
72,141,17178
67,135,17179
68,138,17180
65,134,17181
63,131,17182
60,125,17183
58,116,17184
58,120,17185
57,119,17186
56,112,17187
56,105,17188
55,103,17189
55,102,17190
56,94,17191
57,90,17192
58,86,17193
59,83,17194
63,75,17195
62,76,17196
66,70,17197
71,65,17198
68,66,17199
73,62,17200
80,57,17201
81,56,17202
86,54,17203
94,52,17204
94,51,17205
98,50,17206
103,50,17207
106,50,17208
110,50,17209
117,52,17210
125,55,17211
129,57,17212
131,58,17213
132,58,17214
143,69,17215
143,68,17216
147,73,17217
149,76,17218
153,83,17219
154,84,17220
155,84,17221
160,104,17222
161,108,17223
160,97,17224
162,116,17225
163,118,17226
163,122,17227
162,132,17228
160,142,17229
161,140,17230
157,152,17231
154,159,17232
152,164,17233
147,172,17234
148,171,17235
140,181,17236
136,185,17237
132,188,17238
126,193,17239
123,195,17240
105,201,17241
108,201,17242
107,202,17243
94,203,17244
93,204,17245
79,203,17246
83,204,17247
76,203,17248
61,198,17249
66,201,17250
51,193,17251
48,191,17252
47,191,17253
35,180,17254
36,182,17255
26,169,17256
24,167,17257
20,160,17258
16,152,17259
16,154,17260
9,128,17261
9,132,17262
7,124,17263
6,112,17264
5,108,17265
6,93,17266
6,91,17267
9,74,17268
11,67,17269
11,66,17270
16,54,17271
18,48,17272
99,117,17273
99,119,17274
97,121,17275
97,123,17276
94,124,17277
92,126,17278
89,125,17279
88,126,17280
83,121,17281
85,125,17282
82,123,17283
81,123,17284
78,117,17285
77,117,17286
76,113,17287
75,113,17288
74,111,17289
74,105,17290
74,102,17291
74,100,17292
73,102,17293
76,94,17294
78,89,17295
76,90,17296
77,88,17297
78,86,17298
84,81,17299
84,80,17300
85,78,17301
94,75,17302
94,74,17303
96,73,17304
100,73,17305
103,72,17306
102,71,17307
108,72,17308
114,74,17309
113,73,17310
123,80,17311
122,78,17312
123,77,17313
129,84,17314
129,83,17315
132,86,17316
136,93,17317
137,94,17318
135,88,17319
141,109,17320
142,108,17321
142,105,17322
143,116,17323
144,115,17324
143,126,17325
144,125,17326
143,133,17327
141,139,17328
142,138,17329
136,151,17330
132,157,17331
137,152,17332
130,161,17333
132,160,17334
117,172,17335
123,169,17336
110,176,17337
119,173,17338
107,178,17339
100,180,17340
99,181,17341
94,182,17342
89,182,17343
84,182,17344
80,181,17345
70,178,17346
67,177,17347
67,178,17348
56,170,17349
50,165,17350
57,173,17351
45,160,17352
42,157,17353
44,161,17354
34,143,17355
32,139,17356
34,147,17357
27,120,17358
28,129,17359
26,120,17360
25,112,17361
25,103,17362
25,95,17363
25,93,17364
27,83,17365
26,84,17366
30,71,17367
38,56,17368
36,57,17369
38,53,17370
46,43,17371
44,44,17372
56,33,17373
56,32,17374
61,28,17375
79,20,17376
62,26,17377
75,20,17378
89,16,17379
86,16,17380
98,14,17381
113,15,17382
112,14,17383
121,16,17384
125,17,17385
133,20,17386
137,21,17387
152,32,17388
153,32,17389
160,38,17390
161,38,17391
166,44,17392
170,48,17393
180,66,17394
180,64,17395
185,76,17396
189,89,17397
189,86,17398
192,103,17399
92,112,17400
91,109,17401
91,106,17402
90,105,17403
92,101,17404
91,100,17405
94,98,17406
93,97,17407
101,95,17408
98,94,17409
101,93,17410
102,92,17411
107,94,17412
108,94,17413
112,96,17414
113,96,17415
114,97,17416
116,98,17417
119,102,17418
120,103,17419
121,104,17420
123,112,17421
123,106,17422
124,114,17423
125,116,17424
125,120,17425
124,126,17426
125,127,17427
125,129,17428
117,142,17429
122,137,17430
120,141,17431
118,144,17432
114,148,17433
115,148,17434
113,150,17435
109,153,17436
106,155,17437
101,157,17438
99,158,17439
96,159,17440
93,160,17441
86,159,17442
87,160,17443
82,159,17444
77,158,17445
80,160,17446
67,152,17447
65,151,17448
70,156,17449
57,142,17450
60,148,17451
55,141,17452
52,136,17453
50,133,17454
49,131,17455
47,124,17456
45,115,17457
45,106,17458
44,113,17459
44,100,17460
44,96,17461
45,91,17462
44,93,17463
49,78,17464
46,83,17465
50,74,17466
56,64,17467
53,67,17468
58,60,17469
66,52,17470
63,54,17471
72,47,17472
71,47,17473
75,44,17474
82,41,17475
94,38,17476
97,37,17477
92,37,17478
103,36,17479
112,37,17480
109,36,17481
124,40,17482
129,42,17483
120,37,17484
144,53,17485
140,48,17486
145,52,17487
151,58,17488
154,62,17489
158,67,17490
162,73,17491
163,75,17492
168,88,17493
170,92,17494
171,96,17495
173,108,17496
174,109,17497
174,121,17498
175,120,17499
173,135,17500
173,140,17501
173,141,17502
163,167,17503
171,152,17504
164,167,17505
159,176,17506
159,177,17507
152,187,17508
145,194,17509
146,194,17510
131,205,17511
124,209,17512
131,206,17513
118,212,17514
101,216,17515
100,217,17516
85,217,17517
91,218,17518
84,218,17519
72,216,17520
60,212,17521
69,216,17522
54,210,17523
47,206,17524
38,200,17525
37,200,17526
100,110,17527
101,110,17528
104,113,17529
106,114,17530
106,117,17531
107,118,17532
107,121,17533
108,122,17534
105,127,17535
106,128,17536
103,131,17537
104,132,17538
98,135,17539
99,135,17540
96,137,17541
95,137,17542
93,138,17543
89,138,17544
89,139,17545
87,139,17546
84,138,17547
78,134,17548
77,135,17549
76,134,17550
73,131,17551
71,129,17552
68,125,17553
67,123,17554
66,121,17555
64,112,17556
64,116,17557
63,112,17558
62,109,17559
64,98,17560
61,106,17561
63,95,17562
66,87,17563
64,89,17564
68,82,17565
69,80,17566
71,77,17567
73,74,17568
78,69,17569
74,71,17570
82,66,17571
84,64,17572
83,64,17573
92,61,17574
94,60,17575
97,59,17576
106,59,17577
103,58,17578
114,60,17579
116,60,17580
117,60,17581
122,62,17582
128,66,17583
131,68,17584
134,70,17585
139,76,17586
138,74,17587
141,77,17588
148,91,17589
149,91,17590
150,94,17591
152,100,17592
154,108,17593
154,118,17594
155,114,17595
155,123,17596
155,127,17597
155,132,17598
152,143,17599
152,145,17600
151,149,17601
145,160,17602
144,162,17603
142,166,17604
139,170,17605
135,175,17606
133,177,17607
129,181,17608
119,187,17609
113,190,17610
115,190,17611
99,194,17612
103,194,17613
96,195,17614
92,196,17615
83,195,17616
77,194,17617
73,194,17618
70,193,17619
59,188,17620
57,187,17621
48,181,17622
43,177,17623
38,172,17624
37,171,17625
31,163,17626
26,155,17627
22,147,17628
21,145,17629
17,133,17630
18,138,17631
15,124,17632
14,121,17633
13,113,17634
13,99,17635
14,88,17636
13,90,17637
18,70,17638
20,64,17639
19,65,17640
24,54,17641
33,40,17642
32,40,17643
35,36,17644
43,27,17645
46,24,17646
54,17,17647
62,12,17648
70,8,17649
72,7,17650
80,4,17651
87,2,17652
93,1,17653
95,118,17654
94,118,17655
91,119,17656
88,118,17657
86,117,17658
85,117,17659
84,114,17660
82,114,17661
82,107,17662
80,110,17663
81,105,17664
81,101,17665
81,99,17666
82,96,17667
84,93,17668
83,93,17669
85,90,17670
87,88,17671
89,86,17672
91,84,17673
92,83,17674
98,82,17675
97,81,17676
99,80,17677
103,80,17678
105,80,17679
109,81,17680
111,81,17681
111,80,17682
118,85,17683
120,86,17684
124,90,17685
124,88,17686
126,91,17687
130,97,17688
131,98,17689
133,103,17690
134,106,17691
135,114,17692
136,113,17693
136,120,17694
136,125,17695
136,126,17696
136,130,17697
134,137,17698
134,138,17699
133,141,17700
129,148,17701
130,148,17702
127,153,17703
123,157,17704
121,160,17705
117,163,17706
115,165,17707
110,168,17708
108,169,17709
104,171,17710
94,172,17711
92,173,17712
93,174,17713
84,173,17714
78,172,17715
77,172,17716
71,170,17717
69,169,17718
61,164,17719
59,163,17720
54,159,17721
52,157,17722
48,152,17723
44,147,17724
43,145,17725
39,137,17726
37,132,17727
35,126,17728
34,125,17729
33,111,17730
32,108,17731
32,105,17732
32,97,17733
33,89,17734
34,84,17735
35,80,17736
37,74,17737
37,72,17738
44,59,17739
47,54,17740
50,50,17741
59,41,17742
55,44,17743
62,38,17744
69,33,17745
70,32,17746
76,29,17747
80,27,17748
96,24,17749
98,23,17750
98,22,17751
111,23,17752
114,23,17753
125,26,17754
126,26,17755
131,28,17756
142,34,17757
140,32,17758
152,41,17759
155,44,17760
161,50,17761
164,54,17762
168,59,17763
172,66,17764
178,79,17765
180,84,17766
183,95,17767
182,88,17768
185,114,17769
186,113,17770
186,122,17771
186,131,17772
185,138,17773
184,145,17774
181,156,17775
179,163,17776
175,172,17777
170,182,17778
169,184,17779
166,189,17780
96,112,17781
95,107,17782
98,103,17783
97,102,17784
101,102,17785
102,100,17786
106,102,17787
106,100,17788
111,106,17789
110,103,17790
113,106,17791
113,104,17792
115,111,17793
116,112,17794
117,115,17795
118,116,17796
118,119,17797
117,125,17798
118,124,17799
118,126,17800
118,128,17801
112,137,17802
115,135,17803
113,139,17804
111,141,17805
110,143,17806
103,147,17807
103,148,17808
102,149,17809
93,150,17810
95,151,17811
92,151,17812
86,151,17813
83,150,17814
85,152,17815
79,150,17816
75,148,17817
74,148,17818
65,139,17819
67,143,17820
66,143,17821
62,137,17822
59,132,17823
60,136,17824
54,120,17825
54,123,17826
54,126,17827
52,112,17828
51,110,17829
51,102,17830
51,100,17831
50,103,17832
54,86,17833
52,90,17834
53,85,17835
57,77,17836
56,77,17837
62,68,17838
68,62,17839
64,64,17840
68,60,17841
67,60,17842
82,51,17843
80,51,17844
89,48,17845
84,48,17846
96,46,17847
101,45,17848
101,44,17849
113,46,17850
116,46,17851
117,46,17852
124,49,17853
132,53,17854
135,55,17855
131,51,17856
143,62,17857
151,72,17858
154,76,17859
147,64,17860
156,79,17861
155,75,17862
163,97,17863
164,98,17864
163,91,17865
166,114,17866
167,115,17867
167,120,17868
167,127,17869
165,139,17870
166,137,17871
164,146,17872
160,157,17873
160,159,17874
157,165,17875
146,180,17876
151,175,17877
146,182,17878
136,191,17879
136,192,17880
126,198,17881
128,198,17882
121,202,17883
102,207,17884
109,207,17885
97,209,17886
91,209,17887
91,210,17888
80,209,17889
71,207,17890
72,208,17891
57,202,17892
53,200,17893
46,196,17894
45,196,17895
30,181,17896
31,183,17897
25,176,17898
19,168,17899
17,165,17900
12,155,17901
7,140,17902
7,144,17903
4,130,17904
2,119,17905
2,121,17906
1,111,17907
99,113,17908
101,115,17909
101,119,17910
102,121,17911
100,124,17912
99,126,17913
96,128,17914
97,129,17915
90,128,17916
92,131,17917
89,131,17918
88,131,17919
83,128,17920
83,129,17921
79,125,17922
78,126,17923
77,125,17924
75,122,17925
73,120,17926
72,116,17927
71,115,17928
70,110,17929
70,105,17930
69,108,17931
69,103,17932
69,101,17933
72,93,17934
71,92,17935
70,92,17936
78,82,17937
75,83,17938
77,81,17939
78,79,17940
85,74,17941
84,73,17942
88,71,17943
93,69,17944
94,68,17945
104,68,17946
101,67,17947
102,66,17948
108,67,17949
115,69,17950
116,69,17951
120,71,17952
123,72,17953
120,69,17954
133,82,17955
133,81,17956
138,88,17957
133,79,17958
138,86,17959
141,91,17960
144,100,17961
145,101,17962
145,99,17963
147,112,17964
148,117,17965
147,127,17966
149,120,17967
147,133,17968
147,135,17969
144,144,17970
145,143,17971
137,158,17972
142,152,17973
136,161,17974
130,168,17975
130,169,17976
129,170,17977
120,177,17978
121,177,17979
108,183,17980
113,182,17981
105,185,17982
99,186,17983
92,187,17984
82,186,17985
83,187,17986
78,186,17987
71,184,17988
69,184,17989
60,179,17990
55,176,17991
62,182,17992
43,164,17993
44,167,17994
39,161,17995
37,159,17996
34,154,17997
28,141,17998
27,140,17999
26,138,18000
22,122,18001
21,117,18002
21,104,18003
20,107,18004
20,100,18005
22,85,18006
21,88,18007
24,76,18008
26,68,18009
27,65,18010
41,43,18011
27,62,18012
39,44,18013
47,35,18014
45,36,18015
51,30,18016
63,21,18017
64,20,18018
78,14,18019
80,13,18020
80,12,18021
92,10,18022
104,9,18023
108,9,18024
121,11,18025
120,10,18026
124,11,18027
130,13,18028
147,22,18029
144,19,18030
154,26,18031
162,33,18032
164,34,18033
166,36,18034
92,114,18035
90,113,18036
89,110,18037
88,111,18038
88,104,18039
86,105,18040
89,100,18041
87,100,18042
92,95,18043
88,97,18044
93,93,18045
93,92,18046
97,90,18047
97,89,18048
102,89,18049
102,88,18050
105,88,18051
110,90,18052
110,89,18053
111,89,18054
113,90,18055
119,96,18056
116,91,18057
122,99,18058
123,100,18059
124,101,18060
126,105,18061
127,109,18062
128,108,18063
128,121,18064
129,119,18065
130,119,18066
130,122,18067
127,132,18068
130,127,18069
127,136,18070
125,140,18071
123,144,18072
119,149,18073
120,149,18074
117,153,18075
111,157,18076
110,158,18077
114,157,18078
105,161,18079
101,163,18080
103,163,18081
90,164,18082
89,165,18083
91,166,18084
79,163,18085
81,165,18086
72,161,18087
68,159,18088
67,159,18089
64,157,18090
57,150,18091
55,148,18092
53,146,18093
50,142,18094
49,140,18095
47,138,18096
42,121,18097
42,125,18098
41,120,18099
40,114,18100
39,110,18101
40,98,18102
39,98,18103
41,89,18104
42,83,18105
42,81,18106
47,70,18107
45,73,18108
46,70,18109
54,58,18110
58,53,18111
59,51,18112
60,50,18113
70,42,18114
75,39,18115
72,40,18116
84,35,18117
91,33,18118
87,33,18119
104,32,18120
104,31,18121
109,31,18122
111,31,18123
127,36,18124
126,35,18125
131,37,18126
137,40,18127
146,47,18128
147,47,18129
152,52,18130
161,64,18131
158,58,18132
167,73,18133
169,77,18134
171,82,18135
174,89,18136
176,97,18137
177,103,18138
178,107,18139
179,117,18140
178,130,18141
179,130,18142
177,142,18143
174,154,18144
177,146,18145
165,174,18146
167,172,18147
165,176,18148
158,186,18149
147,198,18150
151,195,18151
145,201,18152
134,209,18153
135,209,18154
127,214,18155
119,217,18156
111,220,18157
102,222,18158
96,223,18159
90,223,18160
88,224,18161
97,110,18162
101,107,18163
102,107,18164
105,108,18165
107,109,18166
109,112,18167
110,114,18168
111,114,18169
111,119,18170
112,119,18171
111,123,18172
111,125,18173
110,128,18174
109,131,18175
108,133,18176
106,135,18177
105,137,18178
102,139,18179
101,140,18180
99,141,18181
97,142,18182
92,143,18183
92,144,18184
89,144,18185
85,143,18186
84,143,18187
79,141,18188
77,140,18189
74,138,18190
71,135,18191
68,132,18192
67,131,18193
66,130,18194
63,125,18195
62,123,18196
60,117,18197
59,113,18198
59,110,18199
59,101,18200
58,104,18201
59,96,18202
59,94,18203
60,90,18204
60,89,18205
63,81,18206
64,79,18207
65,77,18208
69,71,18209
71,69,18210
76,64,18211
77,63,18212
81,60,18213
83,59,18214
89,56,18215
92,55,18216
96,54,18217
102,54,18218
109,54,18219
111,54,18220
113,54,18221
117,55,18222
120,56,18223
128,60,18224
130,61,18225
134,64,18226
141,71,18227
143,73,18228
144,74,18229
147,78,18230
150,83,18231
153,89,18232
155,94,18233
156,97,18234
158,105,18235
159,110,18236
159,125,18237
159,129,18238
159,132,18239
159,133,18240
158,139,18241
156,147,18242
154,153,18243
150,161,18244
148,165,18245
147,167,18246
142,174,18247
133,183,18248
131,185,18249
130,186,18250
123,191,18251
115,195,18252
113,196,18253
107,198,18254
104,199,18255
93,200,18256
83,200,18257
80,200,18258
78,200,18259
73,199,18260
64,196,18261
57,193,18262
52,190,18263
46,186,18264
40,180,18265
40,181,18266
35,176,18267
27,166,18268
25,163,18269
22,158,18270
18,150,18271
13,136,18272
12,133,18273
10,123,18274
9,117,18275
9,98,18276
9,94,18277
9,90,18278
10,83,18279
11,78,18280
13,70,18281
17,58,18282
19,54,18283
24,44,18284
29,36,18285
32,32,18286
37,26,18287
45,18,18288
98,116,18289
97,120,18290
94,121,18291
93,123,18292
90,123,18293
89,123,18294
86,121,18295
85,123,18296
82,116,18297
81,119,18298
80,117,18299
79,117,18300
78,111,18301
77,109,18302
77,106,18303
76,105,18304
76,102,18305
79,95,18306
78,94,18307
78,93,18308
79,91,18309
84,86,18310
83,85,18311
83,84,18312
87,81,18313
86,81,18314
93,78,18315
98,77,18316
95,76,18317
104,76,18318
104,75,18319
109,76,18320
111,76,18321
114,77,18322
115,77,18323
118,78,18324
123,82,18325
124,82,18326
129,89,18327
130,89,18328
129,86,18329
136,100,18330
137,102,18331
137,99,18332
139,110,18333
140,111,18334
140,106,18335
140,126,18336
141,121,18337
140,131,18338
139,136,18339
140,135,18340
136,144,18341
136,146,18342
135,149,18343
130,156,18344
130,157,18345
124,163,18346
119,167,18347
121,167,18348
113,172,18349
115,172,18350
102,176,18351
105,176,18352
94,178,18353
87,178,18354
90,179,18355
83,178,18356
80,178,18357
71,175,18358
69,175,18359
65,173,18360
59,169,18361
55,166,18362
48,159,18363
52,165,18364
42,151,18365
38,144,18366
42,154,18367
33,133,18368
33,134,18369
32,135,18370
29,117,18371
28,113,18372
28,121,18373
28,98,18374
27,103,18375
29,88,18376
29,85,18377
32,75,18378
33,71,18379
34,68,18380
41,55,18381
40,55,18382
46,47,18383
58,36,18384
52,40,18385
57,35,18386
68,28,18387
70,26,18388
80,22,18389
81,21,18390
88,19,18391
101,18,18392
95,17,18393
110,18,18394
114,18,18395
113,17,18396
130,22,18397
134,24,18398
136,24,18399
147,31,18400
154,37,18401
158,40,18402
159,40,18403
173,60,18404
172,57,18405
179,70,18406
179,69,18407
182,76,18408
184,80,18409
189,105,18410
189,98,18411
190,115,18412
191,120,18413
190,131,18414
191,130,18415
93,110,18416
93,108,18417
93,105,18418
93,102,18419
96,100,18420
95,99,18421
98,98,18422
99,96,18423
106,98,18424
105,96,18425
108,97,18426
106,95,18427
112,100,18428
113,100,18429
115,102,18430
117,104,18431
118,105,18432
119,108,18433
120,108,18434
121,112,18435
122,114,18436
121,124,18437
122,122,18438
123,121,18439
122,127,18440
122,130,18441
118,137,18442
118,138,18443
120,137,18444
111,146,18445
113,146,18446
112,147,18447
110,149,18448
101,153,18449
102,154,18450
99,155,18451
95,156,18452
92,156,18453
84,155,18454
87,157,18455
82,156,18456
81,156,18457
73,152,18458
72,152,18459
68,150,18460
66,148,18461
66,150,18462
56,135,18463
56,137,18464
57,140,18465
51,126,18466
51,128,18467
49,123,18468
48,116,18469
47,114,18470
47,102,18471
46,107,18472
47,97,18473
49,87,18474
46,96,18475
49,85,18476
49,83,18477
56,70,18478
53,73,18479
62,61,18480
57,65,18481
67,55,18482
71,52,18483
72,50,18484
76,48,18485
83,44,18486
86,43,18487
93,41,18488
96,40,18489
100,40,18490
102,39,18491
115,41,18492
121,43,18493
115,40,18494
128,45,18495
135,49,18496
130,45,18497
142,54,18498
149,61,18499
142,52,18500
157,73,18501
157,71,18502
160,75,18503
164,84,18504
165,86,18505
168,97,18506
169,100,18507
170,102,18508
171,114,18509
172,117,18510
169,138,18511
171,134,18512
170,140,18513
166,154,18514
167,153,18515
158,171,18516
162,166,18517
158,173,18518
142,191,18519
156,178,18520
144,191,18521
134,199,18522
134,200,18523
126,205,18524
117,209,18525
118,209,18526
101,213,18527
98,214,18528
86,214,18529
91,215,18530
71,212,18531
69,212,18532
61,209,18533
59,209,18534
55,207,18535
46,202,18536
35,193,18537
37,196,18538
28,187,18539
22,180,18540
18,175,18541
14,169,18542
97,112,18543
103,113,18544
103,116,18545
105,116,18546
104,122,18547
106,120,18548
103,125,18549
105,125,18550
99,130,18551
101,131,18552
98,132,18553
97,134,18554
94,134,18555
91,135,18556
87,134,18557
87,135,18558
85,135,18559
83,134,18560
80,133,18561
78,132,18562
76,130,18563
73,126,18564
74,130,18565
70,123,18566
68,118,18567
68,119,18568
67,108,18569
66,111,18570
65,111,18571
67,97,18572
66,98,18573
64,103,18574
66,94,18575
70,86,18576
66,91,18577
70,83,18578
73,79,18579
74,77,18580
78,73,18581
80,71,18582
82,69,18583
86,67,18584
87,66,18585
89,64,18586
97,63,18587
98,62,18588
98,61,18589
111,63,18590
113,63,18591
112,62,18592
121,66,18593
117,63,18594
126,68,18595
130,71,18596
132,72,18597
136,76,18598
141,84,18599
142,84,18600
144,88,18601
146,92,18602
148,96,18603
148,94,18604
151,111,18605
152,112,18606
152,122,18607
153,118,18608
152,130,18609
150,138,18610
151,138,18611
148,147,18612
146,152,18613
148,149,18614
140,163,18615
140,164,18616
140,165,18617
131,174,18618
124,180,18619
123,181,18620
121,183,18621
112,187,18622
107,189,18623
110,189,18624
93,191,18625
93,192,18626
95,193,18627
74,189,18628
77,191,18629
71,190,18630
66,188,18631
57,183,18632
52,180,18633
50,179,18634
47,177,18635
39,168,18636
36,165,18637
30,156,18638
26,148,18639
28,154,18640
23,142,18641
20,133,18642
19,130,18643
17,121,18644
16,114,18645
17,95,18646
15,109,18647
16,93,18648
19,78,18649
17,81,18650
21,69,18651
27,55,18652
24,59,18653
35,42,18654
36,40,18655
38,37,18656
46,28,18657
57,20,18658
54,21,18659
61,16,18660
71,11,18661
76,9,18662
77,8,18663
89,5,18664
96,4,18665
103,3,18666
118,5,18667
120,5,18668
122,5,18669
95,116,18670
92,117,18671
89,116,18672
88,115,18673
86,113,18674
85,113,18675
84,109,18676
83,108,18677
85,101,18678
82,104,18679
84,99,18680
85,96,18681
86,94,18682
86,93,18683
91,89,18684
91,88,18685
90,88,18686
95,86,18687
96,85,18688
98,84,18689
100,83,18690
109,85,18691
107,83,18692
110,84,18693
112,85,18694
114,85,18695
118,88,18696
122,92,18697
121,89,18698
126,98,18699
127,97,18700
129,102,18701
130,103,18702
131,105,18703
132,109,18704
133,112,18705
133,121,18706
134,120,18707
132,131,18708
134,125,18709
131,136,18710
131,138,18711
127,145,18712
130,142,18713
125,150,18714
123,153,18715
123,154,18716
118,158,18717
116,160,18718
113,163,18719
108,165,18720
105,167,18721
102,168,18722
98,169,18723
95,170,18724
88,170,18725
86,170,18726
80,169,18727
73,167,18728
74,168,18729
66,164,18730
63,162,18731
59,159,18732
56,157,18733
51,151,18734
48,147,18735
46,144,18736
44,141,18737
40,132,18738
39,130,18739
37,123,18740
36,119,18741
35,111,18742
35,107,18743
34,106,18744
35,97,18745
37,85,18746
38,80,18747
40,74,18748
39,76,18749
43,67,18750
45,62,18751
51,54,18752
54,50,18753
54,49,18754
63,41,18755
67,38,18756
72,35,18757
75,33,18758
79,31,18759
84,29,18760
93,27,18761
98,26,18762
106,26,18763
109,26,18764
123,29,18765
124,29,18766
128,30,18767
136,34,18768
141,37,18769
143,38,18770
152,45,18771
154,47,18772
160,54,18773
165,60,18774
169,67,18775
170,68,18776
176,82,18777
178,86,18778
180,94,18779
182,103,18780
183,113,18781
183,119,18782
184,120,18783
182,137,18784
180,147,18785
181,146,18786
178,157,18787
174,167,18788
173,170,18789
168,180,18790
164,186,18791
159,193,18792
153,200,18793
144,208,18794
142,210,18795
135,215,18796
96,108,18797
98,105,18798
101,104,18799
102,103,18800
105,104,18801
105,103,18802
109,107,18803
109,104,18804
112,111,18805
113,110,18806
114,113,18807
114,115,18808
115,118,18809
115,120,18810
115,124,18811
115,126,18812
115,127,18813
112,133,18814
113,133,18815
111,136,18816
111,137,18817
106,141,18818
106,142,18819
105,143,18820
102,145,18821
98,147,18822
93,147,18823
92,148,18824
93,149,18825
84,147,18826
82,147,18827
80,147,18828
77,146,18829
72,142,18830
73,144,18831
69,141,18832
67,139,18833
63,134,18834
59,124,18835
60,129,18836
59,128,18837
56,119,18838
55,114,18839
55,119,18840
54,110,18841
53,108,18842
54,98,18843
54,97,18844
55,91,18845
56,86,18846
58,81,18847
58,80,18848
62,74,18849
60,75,18850
65,68,18851
70,63,18852
69,63,18853
79,56,18854
85,53,18855
81,54,18856
88,51,18857
85,51,18858
99,49,18859
99,48,18860
104,48,18861
113,49,18862
115,49,18863
123,52,18864
122,51,18865
129,55,18866
129,54,18867
136,59,18868
143,66,18869
145,68,18870
147,70,18871
148,70,18872
156,86,18873
159,93,18874
156,82,18875
162,105,18876
163,108,18877
163,102,18878
164,117,18879
164,125,18880
165,122,18881
162,140,18882
163,138,18883
159,152,18884
157,157,18885
156,160,18886
151,169,18887
151,170,18888
143,180,18889
144,180,18890
140,184,18891
126,194,18892
124,196,18893
122,198,18894
111,202,18895
109,203,18896
99,205,18897
97,206,18898
91,206,18899
80,205,18900
87,207,18901
69,203,18902
62,201,18903
59,200,18904
52,196,18905
42,189,18906
44,191,18907
34,182,18908
29,176,18909
24,170,18910
25,172,18911
12,145,18912
12,147,18913
9,139,18914
8,135,18915
6,128,18916
5,122,18917
4,109,18918
4,99,18919
4,94,18920
5,85,18921
9,69,18922
7,72,18923
100,116,18924
100,119,18925
98,122,18926
98,123,18927
96,125,18928
96,126,18929
92,127,18930
92,128,18931
86,125,18932
88,128,18933
84,126,18934
83,127,18935
79,122,18936
79,123,18937
76,117,18938
75,117,18939
74,115,18940
73,112,18941
73,109,18942
72,108,18943
72,105,18944
73,99,18945
75,93,18946
72,97,18947
73,94,18948
74,90,18949
81,82,18950
80,82,18951
78,83,18952
88,76,18953
86,76,18954
89,74,18955
97,72,18956
89,73,18957
96,71,18958
99,70,18959
105,70,18960
107,70,18961
117,74,18962
115,72,18963
117,72,18964
121,75,18965
123,76,18966
126,78,18967
130,82,18968
133,85,18969
139,97,18970
131,80,18971
139,94,18972
140,95,18973
143,108,18974
143,104,18975
144,118,18976
145,115,18977
146,117,18978
144,132,18979
145,131,18980
142,140,18981
139,148,18982
143,142,18983
138,152,18984
139,152,18985
129,164,18986
133,161,18987
124,169,18988
129,167,18989
119,174,18990
113,177,18991
113,178,18992
108,180,18993
104,182,18994
98,183,18995
92,184,18996
82,183,18997
80,183,18998
81,184,18999
70,180,19000
64,177,19001
69,181,19002
54,171,19003
51,169,19004
53,172,19005
44,162,19006
38,154,19007
42,162,19008
30,137,19009
31,142,19010
29,138,19011
27,131,19012
26,129,19013
24,114,19014
23,111,19015
23,103,19016
22,103,19017
24,88,19018
29,72,19019
26,77,19020
28,71,19021
36,55,19022
33,58,19023
43,44,19024
42,44,19025
46,39,19026
65,25,19027
47,37,19028
66,23,19029
74,19,19030
72,19,19031
84,15,19032
83,15,19033
91,13,19034
102,12,19035
106,12,19036
115,13,19037
119,13,19038
135,19,19039
134,18,19040
143,23,19041
146,24,19042
154,30,19043
157,32,19044
170,47,19045
169,44,19046
176,54,19047
181,64,19048
181,62,19049
188,79,19050
93,113,19051
90,110,19052
90,107,19053
89,106,19054
90,103,19055
89,101,19056
93,98,19057
90,98,19058
97,95,19059
94,94,19060
97,93,19061
98,92,19062
103,92,19063
104,91,19064
109,93,19065
109,92,19066
111,93,19067
113,94,19068
115,95,19069
117,97,19070
120,100,19071
122,106,19072
122,101,19073
124,108,19074
125,111,19075
126,112,19076
126,121,19077
127,119,19078
128,118,19079
122,135,19080
125,132,19081
126,131,19082
123,138,19083
120,143,19084
122,142,19085
118,147,19086
114,151,19087
113,152,19088
107,156,19089
108,156,19090
102,159,19091
100,160,19092
95,161,19093
93,161,19094
91,162,19095
88,162,19096
84,162,19097
75,158,19098
73,158,19099
75,160,19100
64,152,19101
70,158,19102
61,150,19103
57,146,19104
55,144,19105
54,143,19106
48,131,19107
47,129,19108
46,127,19109
45,124,19110
43,115,19111
43,120,19112
42,106,19113
42,100,19114
43,94,19115
42,94,19116
43,89,19117
48,75,19118
47,76,19119
51,68,19120
54,63,19121
54,62,19122
60,55,19123
61,53,19124
64,50,19125
73,44,19126
81,40,19127
80,40,19128
80,39,19129
93,36,19130
97,35,19131
97,34,19132
109,35,19133
113,35,19134
106,33,19135
134,44,19136
125,38,19137
131,40,19138
136,43,19139
145,50,19140
148,52,19141
154,59,19142
153,57,19143
162,71,19144
163,71,19145
168,82,19146
172,95,19147
170,85,19148
173,97,19149
175,107,19150
176,115,19151
176,119,19152
176,128,19153
171,150,19154
177,127,19155
173,148,19156
167,164,19157
170,159,19158
164,172,19159
154,186,19160
162,177,19161
148,193,19162
147,195,19163
142,200,19164
132,207,19165
123,211,19166
123,212,19167
119,214,19168
109,217,19169
101,219,19170
96,220,19171
81,219,19172
81,220,19173
71,218,19174
59,214,19175
56,213,19176
57,214,19177
98,110,19178
102,109,19179
105,112,19180
106,112,19181
107,115,19182
108,115,19183
108,119,19184
109,119,19185
107,125,19186
109,124,19187
106,129,19188
106,131,19189
103,133,19190
102,135,19191
101,136,19192
99,137,19193
96,139,19194
93,139,19195
93,140,19196
91,141,19197
89,141,19198
84,139,19199
80,138,19200
81,139,19201
76,136,19202
74,135,19203
70,130,19204
69,129,19205
69,130,19206
65,121,19207
65,124,19208
63,118,19209
62,115,19210
61,112,19211
62,103,19212
60,107,19213
62,96,19214
61,96,19215
64,88,19216
63,88,19217
66,83,19218
65,82,19219
69,77,19220
68,76,19221
74,70,19222
76,68,19223
75,68,19224
83,63,19225
85,61,19226
90,59,19227
95,58,19228
95,57,19229
105,57,19230
103,56,19231
106,56,19232
112,57,19233
118,59,19234
123,61,19235
124,61,19236
129,64,19237
132,66,19238
136,69,19239
140,74,19240
144,79,19241
147,84,19242
148,85,19243
151,92,19244
153,96,19245
155,105,19246
156,110,19247
156,108,19248
157,115,19249
156,130,19250
157,126,19251
157,131,19252
153,145,19253
151,151,19254
150,155,19255
149,157,19256
146,163,19257
142,169,19258
141,171,19259
134,178,19260
130,182,19261
128,184,19262
118,190,19263
119,190,19264
109,194,19265
102,196,19266
98,197,19267
87,197,19268
91,198,19269
88,198,19270
74,196,19271
66,193,19272
61,191,19273
57,189,19274
59,191,19275
47,183,19276
41,177,19277
39,176,19278
34,170,19279
30,165,19280
24,155,19281
21,150,19282
18,141,19283
18,143,19284
14,129,19285
13,125,19286
12,118,19287
11,111,19288
12,93,19289
12,89,19290
12,86,19291
15,74,19292
20,60,19293
20,58,19294
22,54,19295
29,42,19296
30,40,19297
36,32,19298
41,26,19299
44,23,19300
54,15,19301
61,10,19302
67,7,19303
73,4,19304
97,115,19305
95,119,19306
91,120,19307
89,120,19308
88,120,19309
87,120,19310
84,119,19311
83,114,19312
81,110,19313
80,114,19314
80,108,19315
79,106,19316
79,103,19317
79,102,19318
80,98,19319
80,96,19320
80,95,19321
82,92,19322
84,89,19323
86,86,19324
88,84,19325
93,82,19326
91,82,19327
94,80,19328
97,79,19329
98,78,19330
106,79,19331
108,79,19332
105,77,19333
117,83,19334
115,81,19335
119,83,19336
119,82,19337
123,86,19338
127,90,19339
127,89,19340
129,92,19341
132,97,19342
135,107,19343
135,104,19344
136,105,19345
137,113,19346
138,116,19347
138,120,19348
138,124,19349
138,127,19350
137,133,19351
135,139,19352
135,140,19353
134,143,19354
130,151,19355
129,153,19356
124,159,19357
125,159,19358
122,162,19359
116,166,19360
116,167,19361
105,172,19362
101,173,19363
102,174,19364
96,175,19365
91,175,19366
85,175,19367
88,176,19368
75,173,19369
72,172,19370
71,172,19371
63,168,19372
64,169,19373
54,161,19374
54,162,19375
48,155,19376
47,154,19377
42,146,19378
38,139,19379
40,145,19380
33,122,19381
32,118,19382
33,129,19383
31,112,19384
30,109,19385
30,102,19386
30,99,19387
32,87,19388
31,88,19389
35,75,19390
37,69,19391
39,64,19392
42,59,19393
44,55,19394
50,47,19395
53,43,19396
59,38,19397
61,36,19398
68,31,19399
81,26,19400
81,25,19401
79,25,19402
93,22,19403
97,21,19404
108,21,19405
112,21,19406
119,22,19407
128,25,19408
125,23,19409
139,30,19410
143,32,19411
145,33,19412
155,42,19413
156,42,19414
163,50,19415
165,52,19416
174,66,19417
175,68,19418
176,68,19419
184,96,19420
185,96,19421
186,99,19422
187,110,19423
188,115,19424
188,120,19425
187,135,19426
186,143,19427
184,152,19428
184,153,19429
178,170,19430
178,171,19431
94,109,19432
94,107,19433
96,103,19434
97,101,19435
99,101,19436
100,99,19437
103,99,19438
103,98,19439
109,102,19440
108,100,19441
110,101,19442
111,100,19443
115,107,19444
116,108,19445
117,110,19446
118,112,19447
119,113,19448
119,120,19449
120,120,19450
120,122,19451
120,124,19452
117,131,19453
117,133,19454
117,135,19455
117,136,19456
115,139,19457
110,144,19458
108,146,19459
111,145,19460
99,150,19461
100,151,19462
101,151,19463
96,153,19464
90,153,19465
93,154,19466
89,154,19467
84,153,19468
79,152,19469
72,147,19470
74,150,19471
70,148,19472
65,143,19473
63,141,19474
64,143,19475
59,136,19476
57,133,19477
57,136,19478
52,119,19479
52,121,19480
51,122,19481
50,111,19482
49,111,19483
50,98,19484
49,99,19485
49,97,19486
52,86,19487
50,88,19488
56,75,19489
58,72,19490
55,75,19491
61,66,19492
59,67,19493
74,54,19494
67,58,19495
78,51,19496
72,53,19497
85,47,19498
92,45,19499
92,44,19500
98,43,19501
103,43,19502
103,42,19503
110,43,19504
118,45,19505
120,45,19506
122,45,19507
135,53,19508
141,58,19509
135,51,19510
145,61,19511
149,65,19512
150,65,19513
158,79,19514
159,80,19515
157,74,19516
166,104,19517
166,99,19518
167,102,19519
168,110,19520
168,124,19521
169,123,19522
169,125,19523
167,139,19524
167,142,19525
166,146,19526
157,166,19527
160,163,19528
158,167,19529
149,180,19530
153,176,19531
142,188,19532
141,190,19533
139,192,19534
120,203,19535
134,197,19536
121,204,19537
106,209,19538
103,210,19539
98,211,19540
88,211,19541
90,212,19542
75,210,19543
70,209,19544
59,205,19545
62,207,19546
44,196,19547
43,196,19548
35,189,19549
35,190,19550
29,184,19551
23,177,19552
14,162,19553
17,169,19554
9,152,19555
5,141,19556
5,143,19557
1,124,19558
101,113,19559
102,115,19560
102,120,19561
103,121,19562
102,123,19563
102,125,19564
99,127,19565
100,129,19566
93,130,19567
96,131,19568
92,132,19569
91,133,19570
88,132,19571
85,131,19572
82,130,19573
81,130,19574
79,129,19575
78,128,19576
75,125,19577
73,122,19578
73,123,19579
70,115,19580
70,118,19581
69,113,19582
68,110,19583
68,106,19584
69,99,19585
68,98,19586
67,99,19587
75,84,19588
70,90,19589
71,87,19590
72,85,19591
79,77,19592
75,79,19593
82,73,19594
84,72,19595
84,71,19596
91,68,19597
94,67,19598
95,66,19599
100,65,19600
105,65,19601
107,65,19602
112,66,19603
114,66,19604
114,65,19605
125,72,19606
127,73,19607
123,69,19608
135,81,19609
131,75,19610
137,82,19611
140,87,19612
142,90,19613
142,89,19614
147,104,19615
148,108,19616
148,107,19617
149,111,19618
150,116,19619
150,121,19620
149,131,19621
149,133,19622
145,145,19623
147,143,19624
145,148,19625
138,160,19626
139,160,19627
137,163,19628
131,170,19629
132,170,19630
124,176,19631
124,177,19632
120,180,19633
114,183,19634
105,186,19635
98,188,19636
103,188,19637
91,189,19638
87,189,19639
82,189,19640
75,187,19641
68,185,19642
76,189,19643
51,174,19644
57,180,19645
51,176,19646
47,173,19647
40,165,19648
37,161,19649
34,157,19650
31,153,19651
25,139,19652
24,137,19653
22,130,19654
20,120,19655
19,117,19656
19,101,19657
18,107,19658
20,88,19659
19,90,19660
20,83,19661
28,62,19662
20,78,19663
29,58,19664
33,50,19665
31,52,19666
34,47,19667
45,34,19668
49,29,19669
56,24,19670
63,19,19671
63,18,19672
72,14,19673
90,9,19674
86,9,19675
91,8,19676
99,7,19677
111,7,19678
113,7,19679
128,11,19680
125,9,19681
133,12,19682
143,17,19683
149,20,19684
154,23,19685
94,115,19686
92,115,19687
89,113,19688
87,111,19689
87,108,19690
85,108,19691
86,103,19692
85,102,19693
89,97,19694
85,100,19695
89,95,19696
89,93,19697
93,91,19698
93,90,19699
97,88,19700
97,87,19701
100,87,19702
105,87,19703
105,86,19704
107,86,19705
108,86,19706
115,91,19707
115,89,19708
117,91,19709
121,95,19710
121,94,19711
124,98,19712
127,105,19713
126,100,19714
129,112,19715
129,107,19716
130,113,19717
131,115,19718
129,129,19719
132,120,19720
131,126,19721
129,133,19722
130,133,19723
126,141,19724
127,141,19725
122,149,19726
120,151,19727
118,154,19728
121,152,19729
112,159,19730
111,160,19731
109,162,19732
98,165,19733
101,165,19734
99,166,19735
87,166,19736
91,167,19737
83,166,19738
80,166,19739
78,166,19740
75,165,19741
66,160,19742
63,158,19743
61,157,19744
56,152,19745
53,149,19746
51,147,19747
45,135,19748
46,139,19749
43,132,19750
41,125,19751
40,124,19752
39,118,19753
38,113,19754
38,100,19755
38,97,19756
37,100,19757
40,85,19758
39,85,19759
40,81,19760
44,72,19761
50,61,19762
50,60,19763
52,57,19764
55,53,19765
61,47,19766
60,47,19767
70,40,19768
75,37,19769
77,35,19770
87,32,19771
85,32,19772
95,30,19773
99,29,19774
112,30,19775
113,30,19776
112,29,19777
126,33,19778
131,35,19779
135,37,19780
140,40,19781
150,48,19782
147,44,19783
153,50,19784
161,60,19785
164,64,19786
167,69,19787
171,77,19788
173,82,19789
176,90,19790
178,99,19791
179,102,19792
180,111,19793
181,117,19794
180,131,19795
181,128,19796
176,152,19797
176,153,19798
176,155,19799
171,167,19800
163,181,19801
166,178,19802
160,187,19803
152,196,19804
149,200,19805
148,201,19806
133,212,19807
130,214,19808
122,218,19809
117,220,19810
108,223,19811
104,224,19812
97,108,19813
100,106,19814
103,106,19815
104,106,19816
106,107,19817
108,108,19818
110,112,19819
111,111,19820
111,116,19821
113,115,19822
112,122,19823
113,122,19824
112,126,19825
112,127,19826
111,130,19827
110,132,19828
108,135,19829
107,137,19830
106,138,19831
102,141,19832
103,141,19833
97,143,19834
97,144,19835
95,145,19836
91,145,19837
87,145,19838
83,144,19839
84,145,19840
80,144,19841
76,141,19842
73,139,19843
72,139,19844
70,138,19845
65,131,19846
66,134,19847
63,129,19848
61,125,19849
60,123,19850
58,112,19851
57,113,19852
57,106,19853
56,107,19854
57,98,19855
56,101,19856
57,94,19857
58,89,19858
59,86,19859
62,79,19860
64,75,19861
66,72,19862
68,69,19863
71,66,19864
77,61,19865
77,60,19866
79,59,19867
84,56,19868
88,54,19869
93,53,19870
99,52,19871
99,51,19872
104,51,19873
112,52,19874
117,53,19875
120,54,19876
125,56,19877
130,59,19878
132,60,19879
137,64,19880
138,64,19881
146,74,19882
148,76,19883
151,81,19884
152,83,19885
155,90,19886
158,98,19887
158,95,19888
160,111,19889
161,114,19890
161,125,19891
162,122,19892
161,131,19893
160,138,19894
158,146,19895
156,152,19896
156,153,19897
150,165,19898
148,168,19899
145,173,19900
141,178,19901
139,181,19902
134,185,19903
131,188,19904
125,192,19905
120,195,19906
114,198,19907
99,201,19908
98,202,19909
96,203,19910
89,203,19911
84,203,19912
73,201,19913
66,199,19914
63,198,19915
52,192,19916
54,194,19917
43,186,19918
40,183,19919
35,179,19920
28,170,19921
26,168,19922
22,161,19923
19,156,19924
14,145,19925
13,142,19926
11,138,19927
8,114,19928
7,114,19929
7,105,19930
6,104,19931
7,93,19932
9,79,19933
11,71,19934
12,67,19935
16,56,19936
19,49,19937
25,39,19938
28,34,19939
97,113,19940
98,120,19941
95,122,19942
96,123,19943
92,124,19944
91,125,19945
88,124,19946
87,125,19947
82,119,19948
83,123,19949
81,121,19950
80,121,19951
78,115,19952
77,114,19953
76,110,19954
75,110,19955
75,107,19956
76,99,19957
75,100,19958
75,99,19959
75,96,19960
79,90,19961
80,87,19962
78,88,19963
81,85,19964
82,83,19965
90,78,19966
90,77,19967
88,77,19968
98,75,19969
98,74,19970
101,74,19971
104,73,19972
109,74,19973
109,73,19974
112,74,19975
116,76,19976
118,76,19977
126,84,19978
126,82,19979
124,79,19980
131,88,19981
135,94,19982
135,92,19983
138,101,19984
138,99,19985
138,95,19986
141,113,19987
142,113,19988
142,120,19989
142,126,19990
143,123,19991
140,137,19992
142,132,19993
141,137,19994
137,147,19995
138,146,19996
132,156,19997
127,162,19998
132,158,19999
126,164,20000
124,167,20001
113,173,20002
114,174,20003
105,177,20004
110,177,20005
100,179,20006
94,180,20007
93,181,20008
83,180,20009
81,180,20010
78,180,20011
70,177,20012
64,174,20013
62,173,20014
65,176,20015
50,164,20016
43,155,20017
50,166,20018
41,153,20019
37,147,20020
40,154,20021
30,129,20022
30,131,20023
30,135,20024
27,113,20025
26,114,20026
26,101,20027
25,105,20028
27,91,20029
27,86,20030
28,82,20031
31,72,20032
31,70,20033
35,62,20034
46,46,20035
43,48,20036
42,49,20037
52,38,20038
51,38,20039
63,29,20040
66,26,20041
70,24,20042
89,18,20043
74,21,20044
89,17,20045
100,16,20046
99,15,20047
105,15,20048
123,18,20049
122,17,20050
130,20,20051
137,23,20052
141,25,20053
147,28,20054
161,41,20055
165,45,20056
169,50,20057
171,52,20058
173,55,20059
175,57,20060
186,84,20061
185,78,20062
188,89,20063
190,99,20064
191,100,20065
192,112,20066
92,111,20067
92,110,20068
92,105,20069
91,104,20070
93,101,20071
92,100,20072
97,97,20073
95,96,20074
102,96,20075
101,94,20076
104,94,20077
104,93,20078
110,97,20079
109,95,20080
113,98,20081
115,99,20082
117,101,20083
118,102,20084
120,105,20085
121,107,20086
122,109,20087
123,115,20088
123,118,20089
124,117,20090
124,120,20091
124,125,20092
121,133,20093
123,131,20094
124,130,20095
116,142,20096
120,139,20097
117,144,20098
115,146,20099
109,151,20100
109,152,20101
107,153,20102
103,155,20103
99,157,20104
90,157,20105
95,158,20106
92,159,20107
89,159,20108
81,157,20109
79,157,20110
76,156,20111
75,156,20112
73,156,20113
63,147,20114
61,146,20115
63,150,20116
55,138,20117
56,141,20118
53,136,20119
50,129,20120
48,125,20121
48,126,20122
46,116,20123
45,110,20124
46,97,20125
44,107,20126
45,96,20127
45,94,20128
48,83,20129
48,81,20130
54,70,20131
49,77,20132
54,68,20133
62,58,20134
60,59,20135
66,53,20136
70,50,20137
73,47,20138
79,44,20139
82,42,20140
84,41,20141
92,39,20142
100,38,20143
105,38,20144
105,37,20145
111,38,20146
120,40,20147
119,39,20148
128,43,20149
134,46,20150
128,41,20151
152,63,20152
147,55,20153
152,61,20154
155,64,20155
158,69,20156
165,83,20157
163,77,20158
167,86,20159
170,98,20160
172,106,20161
172,120,20162
173,116,20163
174,117,20164
172,135,20165
173,132,20166
168,153,20167
170,149,20168
168,156,20169
157,175,20170
166,163,20171
156,179,20172
149,188,20173
149,189,20174
145,193,20175
139,198,20176
134,202,20177
118,210,20178
114,212,20179
119,211,20180
109,214,20181
92,216,20182
92,217,20183
82,216,20184
77,216,20185
71,215,20186
60,211,20187
50,206,20188
50,207,20189
40,200,20190
35,196,20191
28,190,20192
28,191,20193
101,111,20194
102,111,20195
104,115,20196
106,116,20197
106,119,20198
107,120,20199
105,124,20200
107,123,20201
103,128,20202
105,128,20203
101,132,20204
101,133,20205
98,134,20206
96,136,20207
92,136,20208
92,137,20209
90,137,20210
85,136,20211
85,137,20212
84,137,20213
80,135,20214
76,131,20215
77,134,20216
73,130,20217
71,127,20218
70,126,20219
67,121,20220
66,117,20221
65,117,20222
65,105,20223
64,106,20224
63,108,20225
63,104,20226
66,93,20227
62,102,20228
65,91,20229
68,84,20230
67,85,20231
72,78,20232
73,76,20233
75,73,20234
77,71,20235
82,67,20236
80,67,20237
90,63,20238
89,63,20239
89,62,20240
101,61,20241
103,60,20242
102,59,20243
108,60,20244
107,59,20245
117,62,20246
120,63,20247
123,64,20248
127,66,20249
133,71,20250
135,73,20251
139,77,20252
141,80,20253
145,86,20254
144,83,20255
150,99,20256
150,96,20257
152,104,20258
153,108,20259
154,114,20260
153,129,20261
155,120,20262
153,134,20263
153,135,20264
153,137,20265
148,151,20266
148,153,20267
147,156,20268
140,166,20269
137,170,20270
136,172,20271
130,178,20272
126,181,20273
122,184,20274
122,185,20275
110,190,20276
107,191,20277
107,192,20278
87,193,20279
87,194,20280
89,195,20281
88,195,20282
70,191,20283
69,191,20284
64,189,20285
57,186,20286
53,183,20287
48,180,20288
40,172,20289
35,166,20290
38,171,20291
29,158,20292
26,153,20293
22,144,20294
21,142,20295
18,133,20296
16,124,20297
16,127,20298
14,110,20299
14,103,20300
13,102,20301
15,87,20302
16,82,20303
15,83,20304
24,58,20305
22,61,20306
25,54,20307
31,44,20308
41,32,20309
40,32,20310
45,26,20311
57,17,20312
61,14,20313
62,13,20314
68,10,20315
81,5,20316
85,4,20317
95,2,20318
101,2,20319
102,1,20320
95,117,20321
92,118,20322
91,118,20323
88,117,20324
86,116,20325
85,115,20326
83,110,20327
82,113,20328
83,105,20329
81,107,20330
82,101,20331
83,98,20332
82,99,20333
83,96,20334
86,92,20335
86,91,20336
87,89,20337
91,86,20338
92,85,20339
94,84,20340
95,83,20341
101,82,20342
100,81,20343
103,81,20344
105,81,20345
110,82,20346
113,83,20347
116,85,20348
115,83,20349
122,89,20350
124,91,20351
127,95,20352
127,94,20353
128,95,20354
131,102,20355
132,104,20356
133,106,20357
134,110,20358
135,118,20359
135,119,20360
135,125,20361
135,127,20362
134,132,20363
134,135,20364
131,142,20365
131,143,20366
130,146,20367
124,154,20368
125,154,20369
122,157,20370
119,160,20371
114,164,20372
111,166,20373
107,168,20374
105,169,20375
99,171,20376
96,172,20377
89,172,20378
86,172,20379
83,172,20380
78,171,20381
75,170,20382
70,168,20383
64,165,20384
61,163,20385
55,158,20386
53,156,20387
48,150,20388
49,152,20389
45,146,20390
41,139,20391
40,137,20392
37,129,20393
36,126,20394
34,117,20395
33,113,20396
33,105,20397
33,102,20398
33,97,20399
34,89,20400
35,84,20401
37,76,20402
41,67,20403
43,63,20404
44,60,20405
50,52,20406
53,48,20407
56,45,20408
60,41,20409
65,37,20410
71,33,20411
77,30,20412
84,27,20413
87,26,20414
91,25,20415
105,24,20416
107,24,20417
111,24,20418
121,26,20419
122,26,20420
130,29,20421
140,34,20422
142,35,20423
150,41,20424
151,41,20425
160,51,20426
161,52,20427
167,60,20428
172,68,20429
173,70,20430
177,79,20431
181,91,20432
182,96,20433
184,106,20434
184,102,20435
185,121,20436
185,127,20437
183,143,20438
183,144,20439
181,153,20440
177,165,20441
174,172,20442
172,176,20443
167,185,20444
165,188,20445
159,196,20446
155,201,20447
95,108,20448
96,106,20449
99,103,20450
99,102,20451
103,102,20452
103,101,20453
108,104,20454
106,101,20455
111,108,20456
112,106,20457
113,108,20458
113,105,20459
115,114,20460
116,115,20461
117,117,20462
117,120,20463
117,123,20464
115,129,20465
116,128,20466
116,130,20467
116,131,20468
109,140,20469
112,138,20470
110,141,20471
108,143,20472
107,144,20473
101,147,20474
100,148,20475
98,149,20476
88,149,20477
90,150,20478
86,150,20479
85,150,20480
77,147,20481
81,150,20482
77,148,20483
71,144,20484
69,143,20485
63,135,20486
64,138,20487
64,139,20488
59,131,20489
57,126,20490
56,127,20491
54,117,20492
53,115,20493
53,119,20494
52,107,20495
52,104,20496
52,99,20497
53,92,20498
52,94,20499
56,83,20500
54,85,20501
57,78,20502
60,73,20503
61,70,20504
68,63,20505
71,60,20506
69,60,20507
78,54,20508
73,56,20509
90,49,20510
91,48,20511
96,47,20512
91,47,20513
102,46,20514
112,47,20515
110,46,20516
120,49,20517
122,49,20518
125,50,20519
133,55,20520
136,57,20521
141,61,20522
139,58,20523
148,69,20524
152,75,20525
150,69,20526
159,88,20527
160,90,20528
160,87,20529
164,106,20530
165,109,20531
165,103,20532
166,121,20533
166,122,20534
165,135,20535
165,136,20536
161,151,20537
162,149,20538
161,153,20539
155,165,20540
156,165,20541
151,173,20542
140,185,20543
138,188,20544
135,191,20545
129,195,20546
129,196,20547
116,202,20548
118,202,20549
110,205,20550
94,207,20551
100,208,20552
89,208,20553
84,208,20554
79,208,20555
71,206,20556
58,201,20557
61,203,20558
50,197,20559
42,191,20560
37,187,20561
36,187,20562
22,169,20563
22,170,20564
16,160,20565
15,159,20566
11,150,20567
9,145,20568
5,128,20569
5,133,20570
3,117,20571
2,109,20572
3,92,20573
1,103,20574
100,115,20575
101,117,20576
100,120,20577
100,123,20578
99,124,20579
98,126,20580
95,127,20581
95,129,20582
87,127,20583
90,130,20584
89,130,20585
87,130,20586
82,126,20587
80,126,20588
78,123,20589
77,123,20590
76,122,20591
74,118,20592
73,118,20593
72,113,20594
71,112,20595
71,105,20596
71,103,20597
70,102,20598
71,97,20599
70,98,20600
75,88,20601
74,88,20602
72,90,20603
83,78,20604
79,80,20605
82,77,20606
81,77,20607
90,72,20608
88,72,20609
93,70,20610
96,69,20611
98,68,20612
110,70,20613
106,68,20614
109,68,20615
113,69,20616
117,71,20617
123,74,20618
122,73,20619
125,74,20620
125,73,20621
136,88,20622
136,86,20623
137,86,20624
141,96,20625
142,96,20626
143,98,20627
145,107,20628
146,109,20629
146,119,20630
147,117,20631
146,129,20632
145,134,20633
148,124,20634
145,138,20635
144,143,20636
138,154,20637
141,151,20638
132,163,20639
137,159,20640
130,167,20641
125,171,20642
125,172,20643
118,177,20644
115,179,20645
109,182,20646
101,184,20647
103,184,20648
99,185,20649
93,186,20650
82,185,20651
74,183,20652
76,185,20653
69,182,20654
61,178,20655
62,180,20656
53,173,20657
48,169,20658
53,175,20659
38,156,20660
38,158,20661
34,152,20662
32,148,20663
31,147,20664
25,129,20665
24,127,20666
24,129,20667
22,115,20668
21,109,20669
24,85,20670
21,99,20671
22,88,20672
26,73,20673
25,75,20674
31,60,20675
30,61,20676
34,53,20677
48,37,20678
31,56,20679
48,35,20680
56,28,20681
51,31,20682
65,21,20683
73,17,20684
72,17,20685
85,13,20686
93,11,20687
89,11,20688
101,10,20689
113,11,20690
116,11,20691
133,16,20692
130,14,20693
139,18,20694
145,21,20695
157,31,20696
155,28,20697
163,35,20698
168,41,20699
171,44,20700
177,52,20701
93,114,20702
90,112,20703
89,108,20704
88,109,20705
88,105,20706
87,104,20707
91,98,20708
88,99,20709
93,95,20710
90,95,20711
96,92,20712
94,92,20713
99,91,20714
100,90,20715
104,90,20716
104,89,20717
106,89,20718
110,91,20719
112,91,20720
114,92,20721
116,93,20722
120,99,20723
118,94,20724
123,102,20725
124,104,20726
125,104,20727
126,108,20728
127,113,20729
128,112,20730
126,128,20731
128,123,20732
129,122,20733
128,128,20734
125,136,20735
127,135,20736
124,141,20737
121,145,20738
119,148,20739
116,151,20740
115,153,20741
114,154,20742
108,158,20743
104,160,20744
107,160,20745
98,162,20746
96,163,20747
96,164,20748
86,163,20749
83,163,20750
83,164,20751
72,159,20752
78,163,20753
70,159,20754
64,155,20755
63,155,20756
60,152,20757
54,145,20758
53,144,20759
49,138,20760
48,136,20761
46,132,20762
44,129,20763
42,115,20764
41,116,20765
41,102,20766
40,108,20767
40,102,20768
43,86,20769
40,95,20770
44,81,20771
45,77,20772
45,75,20773
52,63,20774
52,62,20775
51,63,20776
64,49,20777
65,48,20778
68,45,20779
70,43,20780
80,38,20781
85,36,20782
80,37,20783
92,34,20784
98,33,20785
96,32,20786
117,35,20787
117,34,20788
115,33,20789
123,35,20790
135,41,20791
134,40,20792
142,45,20793
145,47,20794
151,53,20795
156,58,20796
160,64,20797
167,77,20798
165,70,20799
169,80,20800
172,87,20801
174,94,20802
175,97,20803
177,109,20804
176,133,20805
178,115,20806
178,124,20807
175,143,20808
177,139,20809
173,154,20810
169,164,20811
171,162,20812
161,179,20813
158,184,20814
161,181,20815
150,194,20816
138,204,20817
138,205,20818
140,204,20819
123,214,20820
119,216,20821
117,217,20822
105,220,20823
100,221,20824
93,222,20825
89,222,20826
72,220,20827
74,221,20828
98,109,20829
102,108,20830
103,108,20831
105,109,20832
107,111,20833
108,112,20834
109,116,20835
110,117,20836
109,123,20837
111,121,20838
109,126,20839
109,128,20840
107,131,20841
107,132,20842
106,134,20843
104,136,20844
103,137,20845
100,139,20846
98,140,20847
96,141,20848
93,142,20849
86,141,20850
86,142,20851
85,142,20852
80,140,20853
79,140,20854
76,138,20855
74,137,20856
72,135,20857
68,130,20858
68,131,20859
65,126,20860
63,123,20861
62,120,20862
61,118,20863
60,113,20864
60,105,20865
59,106,20866
60,98,20867
59,100,20868
61,91,20869
61,89,20870
64,83,20871
62,85,20872
67,76,20873
68,74,20874
69,72,20875
73,68,20876
75,66,20877
80,62,20878
84,60,20879
85,59,20880
90,57,20881
93,56,20882
97,55,20883
101,54,20884
109,55,20885
110,55,20886
115,56,20887
117,56,20888
122,58,20889
128,61,20890
132,64,20891
135,66,20892
139,70,20893
144,76,20894
146,79,20895
147,80,20896
152,90,20897
153,92,20898
154,94,20899
156,101,20900
158,111,20901
158,117,20902
159,116,20903
158,129,20904
158,131,20905
157,139,20906
155,146,20907
153,152,20908
150,159,20909
151,158,20910
144,169,20911
142,172,20912
140,175,20913
136,179,20914
132,183,20915
125,188,20916
120,191,20917
115,194,20918
110,196,20919
103,198,20920
98,199,20921
85,199,20922
83,199,20923
77,198,20924
75,198,20925
67,196,20926
62,194,20927
53,189,20928
51,188,20929
44,183,20930
41,180,20931
36,175,20932
31,170,20933
27,164,20934
23,158,20935
19,149,20936
17,145,20937
13,132,20938
12,128,20939
10,115,20940
10,108,20941
9,108,20942
10,94,20943
12,80,20944
11,83,20945
15,67,20946
18,59,20947
20,54,20948
23,48,20949
27,41,20950
32,34,20951
37,28,20952
46,19,20953
48,17,20954
56,11,20955
97,117,20956
96,120,20957
92,121,20958
92,122,20959
90,122,20960
88,122,20961
85,119,20962
85,122,20963
82,115,20964
81,118,20965
79,113,20966
79,110,20967
78,108,20968
77,107,20969
78,101,20970
77,102,20971
77,99,20972
81,92,20973
79,94,20974
81,90,20975
82,88,20976
88,83,20977
86,83,20978
89,81,20979
90,80,20980
92,79,20981
99,78,20982
101,77,20983
98,76,20984
110,78,20985
110,77,20986
112,78,20987
114,78,20988
118,80,20989
120,81,20990
122,82,20991
127,87,20992
128,88,20993
133,97,20994
133,95,20995
134,96,20996
137,106,20997
138,109,20998
138,104,20999
139,115,21000
140,116,21001
140,121,21002
139,128,21003
139,131,21004
138,136,21005
137,140,21006
137,141,21007
131,152,21008
133,150,21009
130,155,21010
124,161,21011
125,161,21012
116,168,21013
113,170,21014
115,170,21015
106,174,21016
111,173,21017
96,176,21018
96,177,21019
90,177,21020
85,177,21021
81,177,21022
75,175,21023
73,175,21024
65,171,21025
65,172,21026
59,168,21027
53,163,21028
51,161,21029
45,154,21030
47,158,21031
37,140,21032
35,135,21033
37,144,21034
31,122,21035
30,118,21036
31,128,21037
29,110,21038
29,99,21039
28,105,21040
30,89,21041
30,85,21042
32,79,21043
34,72,21044
36,67,21045
38,62,21046
40,58,21047
44,52,21048
47,47,21049
52,42,21050
65,32,21051
65,31,21052
67,29,21053
81,23,21054
80,23,21055
87,21,21056
95,19,21057
100,19,21058
108,19,21059
109,18,21060
125,22,21061
129,23,21062
125,21,21063
138,27,21064
143,30,21065
147,32,21066
156,40,21067
162,46,21068
165,49,21069
169,54,21070
179,74,21071
178,70,21072
183,82,21073
184,85,21074
187,96,21075
188,99,21076
189,114,21077
189,127,21078
190,121,21079
189,133,21080
187,146,21081
188,145,21082
94,111,21083
93,107,21084
94,104,21085
94,102,21086
98,100,21087
96,99,21088
101,98,21089
100,97,21090
106,99,21091
105,97,21092
108,98,21093
109,97,21094
114,103,21095
115,103,21096
117,107,21097
117,106,21098
118,107,21099
120,113,21100
120,115,21101
121,115,21102
122,117,21103
120,126,21104
120,129,21105
121,128,21106
120,132,21107
120,133,21108
114,141,21109
115,141,21110
117,140,21111
105,149,21112
109,148,21113
108,149,21114
104,152,21115
98,153,21116
99,154,21117
95,155,21118
90,155,21119
85,155,21120
78,152,21121
81,155,21122
76,153,21123
74,152,21124
71,150,21125
68,148,21126
63,144,21127
61,142,21128
62,145,21129
54,129,21130
54,131,21131
54,133,21132
50,119,21133
50,122,21134
49,118,21135
48,111,21136
47,109,21137
48,99,21138
47,99,21139
50,87,21140
53,79,21141
49,86,21142
53,77,21143
52,77,21144
62,63,21145
59,65,21146
71,54,21147
62,60,21148
71,53,21149
79,48,21150
79,47,21151
87,44,21152
88,43,21153
93,42,21154
99,41,21155
105,41,21156
110,41,21157
106,40,21158
121,44,21159
130,48,21160
122,43,21161
136,51,21162
140,54,21163
139,52,21164
151,65,21165
152,66,21166
148,59,21167
160,80,21168
163,85,21169
162,81,21170
166,93,21171
167,95,21172
169,108,21173
170,111,21174
170,120,21175
171,121,21176
171,124,21177
164,154,21178
168,145,21179
166,152,21180
160,165,21181
163,161,21182
153,177,21183
157,173,21184
153,179,21185
133,197,21186
148,187,21187
131,200,21188
126,203,21189
125,204,21190
114,209,21191
108,211,21192
104,212,21193
93,213,21194
84,213,21195
76,212,21196
77,213,21197
65,209,21198
58,207,21199
48,201,21200
53,205,21201
42,198,21202
36,193,21203
29,186,21204
27,185,21205
21,177,21206
13,164,21207
13,165,21208
9,157,21209
100,112,21210
102,113,21211
103,118,21212
104,118,21213
103,123,21214
104,124,21215
101,127,21216
103,127,21217
97,130,21218
100,131,21219
96,132,21220
96,134,21221
91,134,21222
89,134,21223
86,133,21224
85,134,21225
83,133,21226
80,132,21227
79,131,21228
76,128,21229
75,128,21230
71,121,21231
72,125,21232
70,121,21233
68,115,21234
67,114,21235
67,104,21236
66,108,21237
65,107,21238
70,91,21239
67,96,21240
67,93,21241
68,90,21242
73,82,21243
70,84,21244
74,79,21245
77,76,21246
79,73,21247
82,71,21248
85,69,21249
87,67,21250
93,65,21251
95,64,21252
93,64,21253
101,63,21254
106,63,21255
105,62,21256
119,67,21257
116,65,21258
118,65,21259
126,70,21260
125,68,21261
131,73,21262
134,76,21263
136,78,21264
138,80,21265
144,91,21266
145,92,21267
147,97,21268
148,100,21269
149,103,21270
149,99,21271
151,117,21272
152,117,21273
150,132,21274
152,126,21275
150,137,21276
146,148,21277
147,147,21278
145,152,21279
140,161,21280
142,159,21281
134,169,21282
134,170,21283
133,172,21284
122,180,21285
117,183,21286
114,185,21287
116,185,21288
102,189,21289
99,190,21290
103,190,21291
89,191,21292
85,191,21293
85,192,21294
70,188,21295
60,182,21296
66,187,21297
58,183,21298
50,177,21299
46,174,21300
44,172,21301
43,172,21302
31,155,21303
31,156,21304
26,146,21305
23,138,21306
24,143,21307
19,125,21308
18,120,21309
17,112,21310
17,107,21311
16,106,21312
20,82,21313
16,94,21314
20,76,21315
23,68,21316
20,73,21317
25,61,21318
33,47,21319
28,53,21320
43,34,21321
48,28,21322
45,30,21323
56,21,21324
69,14,21325
67,14,21326
71,12,21327
83,8,21328
86,7,21329
94,5,21330
104,5,21331
104,4,21332
119,6,21333
129,9,21334
131,9,21335
137,11,21336
94,116,21337
92,116,21338
89,115,21339
87,113,21340
86,111,21341
85,111,21342
85,106,21343
83,106,21344
86,100,21345
83,103,21346
86,97,21347
87,94,21348
89,92,21349
89,91,21350
93,89,21351
92,88,21352
94,87,21353
100,86,21354
99,85,21355
101,84,21356
103,84,21357
109,86,21358
108,84,21359
112,86,21360
116,88,21361
118,89,21362
120,91,21363
124,96,21364
124,94,21365
127,101,21366
127,99,21367
130,107,21368
131,109,21369
131,119,21370
132,113,21371
133,116,21372
132,124,21373
132,129,21374
130,135,21375
132,132,21376
128,141,21377
128,143,21378
123,150,21379
127,146,21380
121,153,21381
119,156,21382
119,157,21383
109,163,21384
110,163,21385
109,164,21386
99,167,21387
99,168,21388
90,168,21389
92,169,21390
90,170,21391
80,168,21392
77,167,21393
72,165,21394
71,165,21395
68,164,21396
63,161,21397
58,157,21398
55,154,21399
50,148,21400
48,145,21401
46,142,21402
42,134,21403
41,132,21404
39,125,21405
38,122,21406
37,118,21407
36,112,21408
36,103,21409
36,96,21410
36,93,21411
38,85,21412
40,78,21413
40,77,21414
44,67,21415
46,63,21416
48,60,21417
48,59,21418
61,45,21419
58,47,21420
63,42,21421
71,37,21422
72,36,21423
78,33,21424
90,29,21425
89,29,21426
100,28,21427
101,27,21428
107,27,21429
115,28,21430
123,30,21431
128,32,21432
133,34,21433
135,34,21434
142,39,21435
150,45,21436
152,47,21437
157,52,21438
162,58,21439
166,64,21440
170,70,21441
174,80,21442
175,81,21443
179,95,21444
180,98,21445
181,105,21446
182,111,21447
182,123,21448
182,130,21449
182,133,21450
179,148,21451
176,158,21452
176,160,21453
171,172,21454
167,179,21455
166,181,21456
163,186,21457
153,198,21458
147,204,21459
141,209,21460
134,214,21461
130,216,21462
123,220,21463
96,111,21464
98,106,21465
101,105,21466
103,104,21467
106,105,21468
107,105,21469
110,110,21470
109,106,21471
112,113,21472
113,112,21473
113,116,21474
114,117,21475
114,122,21476
114,124,21477
114,125,21478
114,127,21479
113,130,21480
110,135,21481
110,136,21482
108,138,21483
108,139,21484
101,143,21485
101,144,21486
100,145,21487
97,146,21488
95,147,21489
90,147,21490
87,147,21491
89,148,21492
79,144,21493
78,144,21494
78,145,21495
77,145,21496
69,138,21497
70,140,21498
66,136,21499
63,132,21500
61,129,21501
58,119,21502
59,125,21503
57,121,21504
56,114,21505
55,110,21506
55,106,21507
54,105,21508
55,97,21509
56,92,21510
56,90,21511
58,84,21512
59,81,21513
60,79,21514
62,75,21515
68,67,21516
65,69,21517
70,64,21518
75,60,21519
75,59,21520
85,54,21521
90,52,21522
88,52,21523
95,50,21524
92,50,21525
109,50,21526
106,49,21527
112,50,21528
120,52,21529
123,53,21530
127,55,21531
128,55,21532
137,62,21533
137,61,21534
142,66,21535
147,72,21536
149,75,21537
153,81,21538
153,79,21539
158,94,21540
160,101,21541
159,92,21542
162,112,21543
163,114,21544
163,124,21545
163,128,21546
162,135,21547
162,138,21548
159,148,21549
158,152,21550
156,157,21551
152,165,21552
148,172,21553
144,177,21554
144,178,21555
133,188,21556
134,188,21557
130,191,21558
113,199,21559
118,198,21560
115,200,21561
103,203,21562
98,204,21563
91,205,21564
88,205,21565
84,205,21566
71,202,21567
74,204,21568
61,199,21569
53,195,21570
52,195,21571
45,190,21572
40,186,21573
29,174,21574
30,176,21575
21,163,21576
18,158,21577
19,161,21578
9,131,21579
10,138,21580
7,127,21581
6,118,21582
5,114,21583
5,101,21584
5,96,21585
7,81,21586
6,85,21587
8,75,21588
13,60,21589
11,63,21590
99,116,21591
99,120,21592
97,122,21593
96,124,21594
93,125,21595
93,126,21596
90,126,21597
89,127,21598
84,123,21599
85,126,21600
82,124,21601
82,125,21602
79,120,21603
77,118,21604
76,115,21605
75,115,21606
74,113,21607
74,107,21608
73,106,21609
73,103,21610
73,100,21611
75,95,21612
77,90,21613
74,94,21614
75,91,21615
76,88,21616
83,81,21617
83,80,21618
83,79,21619
92,75,21620
90,75,21621
92,74,21622
92,73,21623
101,72,21624
99,71,21625
103,71,21626
110,72,21627
112,72,21628
120,77,21629
119,75,21630
122,76,21631
128,82,21632
127,80,21633
131,84,21634
133,87,21635
136,91,21636
135,87,21637
141,106,21638
141,102,21639
141,100,21640
143,113,21641
144,112,21642
144,122,21643
145,120,21644
144,129,21645
142,137,21646
143,137,21647
138,148,21648
134,155,21649
140,147,21650
133,158,21651
136,155,21652
122,169,21653
125,168,21654
117,173,21655
124,170,21656
109,178,21657
106,179,21658
101,181,21659
102,181,21660
92,182,21661
92,183,21662
81,182,21663
78,181,21664
76,181,21665
73,181,21666
59,173,21667
54,169,21668
59,175,21669
46,162,21670
48,165,21671
46,164,21672
37,150,21673
35,147,21674
38,155,21675
28,127,21676
29,134,21677
27,128,21678
25,117,21679
25,99,21680
24,106,21681
24,98,21682
25,91,21683
24,92,21684
27,79,21685
35,60,21686
31,66,21687
33,61,21688
43,46,21689
39,50,21690
53,35,21691
53,34,21692
55,32,21693
75,21,21694
58,28,21695
76,19,21696
82,17,21697
80,17,21698
88,15,21699
107,14,21700
102,13,21701
114,14,21702
120,15,21703
132,19,21704
126,16,21705
147,27,21706
148,27,21707
155,33,21708
156,33,21709
166,43,21710
164,40,21711
178,61,21712
178,59,21713
181,65,21714
185,75,21715
186,75,21716
190,90,21717
95,113,21718
91,110,21719
91,107,21720
90,104,21721
91,102,21722
90,101,21723
95,97,21724
92,97,21725
99,95,21726
97,94,21727
100,93,21728
101,92,21729
105,93,21730
107,93,21731
110,94,21732
111,94,21733
114,96,21734
115,97,21735
117,98,21736
118,99,21737
121,103,21738
123,110,21739
122,103,21740
124,112,21741
125,114,21742
126,115,21743
125,123,21744
126,123,21745
127,122,21746
120,138,21747
124,133,21748
123,137,21749
121,140,21750
116,147,21751
119,145,21752
114,150,21753
111,152,21754
109,154,21755
105,156,21756
102,158,21757
99,159,21758
96,160,21759
89,160,21760
85,160,21761
83,160,21762
82,160,21763
82,161,21764
69,154,21765
68,154,21766
69,156,21767
58,144,21768
63,152,21769
59,147,21770
55,142,21771
53,139,21772
50,135,21773
47,126,21774
46,122,21775
45,120,21776
44,116,21777
43,110,21778
43,105,21779
44,94,21780
43,97,21781
46,85,21782
45,84,21783
47,79,21784
54,66,21785
50,71,21786
55,63,21787
60,57,21788
60,56,21789
67,50,21790
66,50,21791
72,45,21792
80,41,21793
91,38,21794
94,37,21795
85,38,21796
99,36,21797
108,36,21798
105,35,21799
116,37,21800
120,38,21801
114,35,21802
140,49,21803
135,44,21804
137,45,21805
144,50,21806
154,61,21807
156,63,21808
158,66,21809
160,68,21810
166,81,21811
166,79,21812
171,94,21813
172,99,21814
173,100,21815
174,125,21816
175,115,21817
174,132,21818
175,129,21819
174,138,21820
166,162,21821
173,147,21822
167,162,21823
162,172,21824
164,170,21825
162,174,21826
153,186,21827
149,191,21828
140,199,21829
135,203,21830
138,202,21831
126,209,21832
104,216,21833
112,215,21834
106,217,21835
96,218,21836
92,219,21837
79,218,21838
67,215,21839
75,218,21840
57,212,21841
51,209,21842
41,203,21843
46,207,21844
99,110,21845
103,110,21846
104,112,21847
106,113,21848
107,117,21849
108,117,21850
108,121,21851
108,123,21852
106,126,21853
108,125,21854
104,131,21855
105,131,21856
100,134,21857
100,135,21858
99,136,21859
96,138,21860
94,138,21861
90,138,21862
90,139,21863
89,140,21864
85,139,21865
80,136,21866
78,136,21867
77,136,21868
74,133,21869
72,131,21870
70,129,21871
68,126,21872
67,125,21873
64,114,21874
64,118,21875
63,114,21876
62,112,21877
64,96,21878
61,108,21879
62,98,21880
64,91,21881
62,95,21882
67,83,21883
66,84,21884
69,79,21885
68,79,21886
74,72,21887
71,74,21888
78,68,21889
81,65,21890
80,65,21891
90,61,21892
91,60,21893
94,59,21894
99,58,21895
100,57,21896
112,59,21897
111,58,21898
112,58,21899
119,60,21900
124,63,21901
128,65,21902
130,66,21903
134,69,21904
137,72,21905
140,75,21906
147,87,21907
145,82,21908
149,90,21909
151,95,21910
152,97,21911
154,104,21912
155,110,21913
156,116,21914
156,121,21915
156,127,21916
154,137,21917
154,140,21918
154,142,21919
150,151,21920
147,158,21921
147,159,21922
144,164,21923
139,171,21924
135,176,21925
135,177,21926
125,184,21927
119,188,21928
120,188,21929
110,192,21930
109,193,21931
100,195,21932
96,196,21933
87,196,21934
78,195,21935
80,196,21936
75,195,21937
68,193,21938
59,189,21939
50,183,21940
47,181,21941
47,182,21942
42,177,21943
34,168,21944
30,163,21945
28,160,21946
24,153,21947
20,144,21948
18,140,21949
15,127,21950
15,130,21951
13,118,21952
12,111,21953
12,103,21954
12,95,21955
15,79,21956
16,74,21957
15,76,21958
22,57,21959
26,50,21960
24,52,21961
31,40,21962
38,32,21963
41,28,21964
48,21,21965
56,15,21966
59,13,21967
64,10,21968
72,6,21969
77,4,21970
88,1,21971
96,117,21972
93,119,21973
90,119,21974
89,119,21975
88,119,21976
86,118,21977
83,113,21978
83,117,21979
82,109,21980
80,111,21981
80,106,21982
80,103,21983
80,102,21984
80,100,21985
82,95,21986
82,94,21987
83,92,21988
85,89,21989
88,86,21990
89,85,21991
91,83,21992
96,82,21993
95,81,21994
97,80,21995
101,80,21996
102,79,21997
107,80,21998
109,80,21999
110,79,22000
119,85,22001
119,84,22002
122,87,22003
122,86,22004
125,89,22005
127,91,22006
130,95,22007
132,99,22008
134,104,22009
135,112,22010
136,110,22011
136,117,22012
137,117,22013
136,128,22014
137,126,22015
136,132,22016
136,133,22017
135,137,22018
131,146,22019
131,147,22020
129,151,22021
126,155,22022
124,158,22023
119,162,22024
120,162,22025
115,166,22026
111,168,22027
108,170,22028
101,172,22029
96,173,22030
96,174,22031
90,174,22032
86,174,22033
79,173,22034
78,173,22035
72,171,22036
66,168,22037
65,168,22038
58,163,22039
56,162,22040
49,154,22041
49,155,22042
43,146,22043
41,143,22044
40,141,22045
37,134,22046
36,134,22047
33,117,22048
32,112,22049
32,121,22050
31,105,22051
31,102,22052
32,90,22053
33,86,22054
36,75,22055
34,79,22056
41,63,22057
42,61,22058
46,54,22059
50,49,22060
53,45,22061
56,42,22062
63,36,22063
69,32,22064
74,29,22065
75,28,22066
92,24,22067
93,23,22068
89,23,22069
103,22,22070
104,21,22071
116,23,22072
121,24,22073
128,26,22074
135,29,22075
134,28,22076
145,35,22077
147,36,22078
154,42,22079
164,53,22080
163,51,22081
169,60,22082
175,70,22083
178,77,22084
181,85,22085
180,80,22086
185,108,22087
186,108,22088
186,126,22089
187,119,22090
186,135,22091
186,137,22092
184,147,22093
181,159,22094
178,167,22095
176,172,22096
171,182,22097
168,187,22098
95,111,22099
95,106,22100
97,103,22101
98,101,22102
101,101,22103
101,100,22104
103,100,22105
104,99,22106
110,105,22107
110,102,22108
112,104,22109
112,102,22110
115,110,22111
116,110,22112
117,113,22113
118,115,22114
119,116,22115
117,126,22116
119,121,22117
119,124,22118
119,126,22119
114,135,22120
115,136,22121
115,137,22122
113,140,22123
112,141,22124
107,145,22125
107,146,22126
105,148,22127
96,150,22128
97,151,22129
95,152,22130
90,152,22131
85,151,22132
88,153,22133
83,152,22134
78,150,22135
77,150,22136
68,143,22137
70,146,22138
68,145,22139
62,138,22140
59,133,22141
61,138,22142
56,128,22143
55,127,22144
55,130,22145
52,114,22146
51,113,22147
51,107,22148
50,106,22149
50,101,22150
52,92,22151
51,92,22152
51,90,22153
55,80,22154
54,80,22155
60,70,22156
65,64,22157
60,68,22158
70,58,22159
64,62,22160
81,51,22161
77,52,22162
84,49,22163
79,50,22164
92,46,22165
98,45,22166
97,44,22167
104,44,22168
107,44,22169
112,44,22170
121,47,22171
126,49,22172
130,51,22173
129,49,22174
142,60,22175
148,67,22176
141,57,22177
153,73,22178
154,74,22179
155,74,22180
161,89,22181
162,90,22182
160,82,22183
166,110,22184
167,110,22185
167,117,22186
168,118,22187
167,129,22188
167,134,22189
166,141,22190
163,151,22191
163,153,22192
159,162,22193
149,177,22194
155,170,22195
149,179,22196
139,189,22197
139,190,22198
129,197,22199
132,196,22200
126,200,22201
109,206,22202
117,205,22203
107,208,22204
98,209,22205
96,210,22206
85,210,22207
78,209,22208
79,210,22209
62,205,22210
57,203,22211
55,202,22212
52,201,22213
35,187,22214
34,187,22215
25,177,22216
26,179,22217
20,171,22218
17,166,22219
9,148,22220
10,153,22221
5,137,22222
4,133,22223
2,126,22224
1,116,22225
101,114,22226
102,117,22227
101,121,22228
102,122,22229
101,123,22230
101,125,22231
98,127,22232
98,129,22233
91,129,22234
93,131,22235
91,131,22236
89,132,22237
84,129,22238
84,130,22239
80,127,22240
79,127,22241
77,126,22242
76,125,22243
74,122,22244
72,118,22245
71,117,22246
70,112,22247
70,107,22248
69,110,22249
68,107,22250
68,103,22251
72,92,22252
69,97,22253
69,94,22254
76,84,22255
74,84,22256
75,82,22257
76,80,22258
84,74,22259
82,74,22260
85,72,22261
92,69,22262
90,69,22263
101,68,22264
98,67,22265
99,66,22266
105,66,22267
110,67,22268
113,67,22269
115,68,22270
119,69,22271
117,67,22272
129,77,22273
131,78,22274
136,84,22275
130,75,22276
136,82,22277
140,88,22278
142,93,22279
143,94,22280
144,95,22281
147,109,22282
148,113,22283
148,121,22284
149,117,22285
149,122,22286
148,132,22287
147,137,22288
147,138,22289
140,154,22290
144,149,22291
140,156,22292
133,165,22293
134,165,22294
131,169,22295
126,173,22296
126,174,22297
112,182,22298
116,181,22299
110,184,22300
106,185,22301
96,187,22302
87,187,22303
87,188,22304
80,187,22305
75,186,22306
77,187,22307
66,183,22308
62,181,22309
69,186,22310
45,167,22311
48,172,22312
44,168,22313
41,165,22314
36,158,22315
31,149,22316
28,144,22317
26,140,22318
24,133,22319
22,125,22320
21,120,22321
20,112,22322
19,110,22323
20,96,22324
20,91,22325
23,78,22326
22,79,22327
23,75,22328
36,49,22329
23,71,22330
37,46,22331
41,40,22332
38,43,22333
49,31,22334
56,25,22335
58,23,22336
74,15,22337
75,14,22338
73,14,22339
88,10,22340
98,9,22341
98,8,22342
113,9,22343
111,8,22344
118,9,22345
123,10,22346
138,16,22347
140,16,22348
148,21,22349
156,27,22350
160,30,22351
163,32,22352
95,114,22353
91,114,22354
89,111,22355
87,109,22356
87,106,22357
86,106,22358
87,102,22359
86,101,22360
90,97,22361
87,97,22362
91,94,22363
92,92,22364
96,90,22365
96,89,22366
100,89,22367
101,88,22368
102,87,22369
106,88,22370
106,87,22371
110,88,22372
111,88,22373
117,94,22374
114,89,22375
120,95,22376
121,96,22377
124,100,22378
125,101,22379
127,107,22380
127,104,22381
128,119,22382
129,117,22383
130,117,22384
130,123,22385
128,130,22386
131,123,22387
129,131,22388
126,139,22389
126,140,22390
122,146,22391
123,146,22392
120,150,22393
116,154,22394
114,156,22395
117,155,22396
106,161,22397
105,162,22398
107,162,22399
95,165,22400
92,165,22401
94,166,22402
85,165,22403
84,166,22404
75,163,22405
72,162,22406
71,162,22407
67,160,22408
61,155,22409
59,153,22410
58,153,22411
53,147,22412
50,143,22413
50,144,22414
43,127,22415
43,130,22416
42,126,22417
40,118,22418
39,114,22419
39,104,22420
38,107,22421
39,97,22422
40,89,22423
39,91,22424
43,78,22425
42,79,22426
45,71,22427
51,61,22428
54,57,22429
55,55,22430
58,51,22431
65,45,22432
66,44,22433
68,42,22434
82,35,22435
85,34,22436
82,34,22437
98,31,22438
101,31,22439
102,30,22440
107,30,22441
121,33,22442
122,33,22443
126,34,22444
133,37,22445
139,41,22446
144,44,22447
149,48,22448
155,55,22449
153,51,22450
161,62,22451
164,66,22452
170,78,22453
172,82,22454
175,91,22455
177,99,22456
178,103,22457
179,111,22458
179,123,22459
180,119,22460
179,132,22461
177,144,22462
178,144,22463
171,163,22464
172,162,22465
169,170,22466
165,177,22467
155,190,22468
157,189,22469
152,195,22470
143,203,22471
139,207,22472
135,210,22473
123,216,22474
119,218,22475
110,221,22476
100,223,22477
101,223,22478
94,224,22479
98,108,22480
100,107,22481
103,107,22482
104,107,22483
106,108,22484
108,110,22485
110,113,22486
111,113,22487
111,118,22488
112,118,22489
111,124,22490
112,123,22491
111,126,22492
110,129,22493
109,132,22494
107,134,22495
106,136,22496
104,138,22497
103,139,22498
100,141,22499
98,142,22500
93,143,22501
94,144,22502
91,144,22503
87,144,22504
86,144,22505
82,143,22506
80,143,22507
77,141,22508
73,138,22509
70,136,22510
69,135,22511
67,133,22512
64,128,22513
63,127,22514
61,122,22515
60,120,22516
59,117,22517
58,108,22518
57,109,22519
58,99,22520
57,102,22521
58,96,22522
59,90,22523
60,87,22524
61,84,22525
63,79,22526
65,76,22527
67,72,22528
71,68,22529
72,66,22530
76,63,22531
80,60,22532
83,58,22533
90,55,22534
93,54,22535
96,53,22536
102,53,22537
104,52,22538
106,52,22539
112,53,22540
116,54,22541
122,56,22542
128,59,22543
130,60,22544
135,64,22545
138,66,22546
140,68,22547
143,71,22548
147,77,22549
150,81,22550
154,90,22551
155,92,22552
158,102,22553
159,106,22554
159,103,22555
160,119,22556
160,126,22557
160,129,22558
160,131,22559
158,142,22560
157,146,22561
154,154,22562
152,159,22563
149,165,22564
145,171,22565
141,176,22566
134,183,22567
131,186,22568
130,187,22569
124,191,22570
119,194,22571
112,197,22572
108,199,22573
104,200,22574
92,201,22575
91,202,22576
89,202,22577
80,201,22578
70,199,22579
67,198,22580
60,195,22581
52,191,22582
44,185,22583
44,186,22584
36,178,22585
34,176,22586
28,169,22587
25,164,22588
19,154,22589
17,149,22590
13,139,22591
11,131,22592
9,121,22593
9,126,22594
8,101,22595
8,96,22596
9,86,22597
9,84,22598
11,75,22599
13,68,22600
16,59,22601
19,52,22602
21,48,22603
29,35,22604
32,31,22605
36,26,22606
98,117,22607
98,118,22608
94,122,22609
94,123,22610
92,123,22611
90,124,22612
86,122,22613
87,124,22614
82,117,22615
83,122,22616
80,118,22617
79,118,22618
78,112,22619
77,111,22620
76,107,22621
76,106,22622
75,104,22623
78,96,22624
77,96,22625
77,94,22626
77,93,22627
82,87,22628
81,87,22629
81,86,22630
84,83,22631
84,82,22632
92,78,22633
92,77,22634
92,76,22635
103,76,22636
102,75,22637
104,74,22638
109,75,22639
113,76,22640
112,75,22641
117,77,22642
121,80,22643
122,80,22644
128,87,22645
130,88,22646
128,84,22647
134,94,22648
136,98,22649
136,95,22650
139,107,22651
140,108,22652
140,103,22653
141,118,22654
142,117,22655
141,127,22656
141,128,22657
142,127,22658
137,143,22659
139,140,22660
137,146,22661
132,154,22662
133,154,22663
126,162,22664
121,166,22665
123,166,22666
120,168,22667
119,170,22668
104,176,22669
107,176,22670
98,178,22671
104,178,22672
94,179,22673
86,179,22674
82,179,22675
78,178,22676
76,178,22677
72,177,22678
66,174,22679
59,170,22680
54,166,22681
56,169,22682
47,159,22683
39,147,22684
45,159,22685
36,142,22686
33,136,22687
34,141,22688
29,121,22689
28,117,22690
29,128,22691
27,106,22692
27,99,22693
27,97,22694
27,94,22695
30,80,22696
29,81,22697
33,69,22698
36,63,22699
35,63,22700
43,50,22701
55,38,22702
49,42,22703
54,37,22704
65,29,22705
62,30,22706
74,24,22707
72,24,22708
79,21,22709
96,18,22710
91,17,22711
105,17,22712
111,17,22713
109,16,22714
123,19,22715
129,21,22716
128,20,22717
142,27,22718
148,31,22719
153,35,22720
154,35,22721
170,54,22722
168,50,22723
172,56,22724
176,62,22725
180,70,22726
182,73,22727
188,96,22728
188,91,22729
190,105,22730
191,114,22731
191,123,22732
192,123,22733
93,111,22734
92,108,22735
93,104,22736
92,103,22737
94,101,22738
96,98,22739
99,97,22740
97,96,22741
104,97,22742
103,95,22743
104,95,22744
105,94,22745
111,99,22746
112,98,22747
114,100,22748
116,102,22749
118,104,22750
119,106,22751
120,107,22752
121,110,22753
122,112,22754
122,120,22755
122,124,22756
123,123,22757
123,124,22758
123,127,22759
120,134,22760
121,134,22761
121,136,22762
112,145,22763
116,143,22764
113,147,22765
112,148,22766
105,152,22767
106,153,22768
103,154,22769
98,156,22770
96,157,22771
88,156,22772
91,158,22773
84,157,22774
83,157,22775
75,154,22776
74,154,22777
69,151,22778
71,153,22779
71,154,22780
60,142,22781
59,142,22782
60,145,22783
52,130,22784
52,132,22785
51,130,22786
48,120,22787
47,117,22788
47,118,22789
46,111,22790
46,102,22791
47,95,22792
45,99,22793
48,86,22794
47,88,22795
53,74,22796
51,76,22797
59,64,22798
55,67,22799
61,60,22800
69,53,22801
64,56,22802
70,51,22803
76,47,22804
81,44,22805
87,42,22806
88,41,22807
92,40,22808
98,39,22809
105,39,22810
117,41,22811
113,39,22812
123,42,22813
131,46,22814
127,43,22815
138,50,22816
142,53,22817
138,48,22818
156,70,22819
153,64,22820
158,71,22821
160,74,22822
163,80,22823
167,91,22824
168,93,22825
169,95,22826
171,110,22827
172,112,22828
170,136,22829
172,128,22830
172,131,22831
168,149,22832
169,148,22833
163,163,22834
165,161,22835
163,165,22836
148,186,22837
162,169,22838
148,188,22839
140,195,22840
140,196,22841
136,199,22842
125,206,22843
124,207,22844
109,212,22845
106,213,22846
106,214,22847
96,215,22848
78,214,22849
75,214,22850
67,212,22851
65,212,22852
60,210,22853
53,207,22854
44,201,22855
41,200,22856
32,192,22857
27,187,22858
20,179,22859
18,177,22860
100,111,22861
103,112,22862
104,117,22863
105,115,22864
105,120,22865
106,121,22866
103,126,22867
105,126,22868
101,129,22869
103,130,22870
97,133,22871
100,133,22872
95,134,22873
93,135,22874
90,135,22875
88,136,22876
86,136,22877
82,134,22878
82,135,22879
80,134,22880
77,132,22881
73,127,22882
73,129,22883
72,127,22884
69,122,22885
68,121,22886
67,118,22887
66,114,22888
65,113,22889
66,100,22890
65,102,22891
64,102,22892
64,100,22893
68,89,22894
65,92,22895
68,86,22896
71,81,22897
71,80,22898
79,72,22899
78,72,22900
81,69,22901
83,68,22902
86,66,22903
84,66,22904
94,63,22905
95,62,22906
96,61,22907
109,62,22908
106,61,22909
110,61,22910
118,64,22911
116,62,22912
122,65,22913
127,68,22914
129,69,22915
132,71,22916
137,77,22917
139,79,22918
142,83,22919
146,91,22920
146,90,22921
147,90,22922
151,108,22923
152,108,22924
152,120,22925
153,114,22926
153,125,22927
151,136,22928
153,131,22929
151,139,22930
149,147,22931
149,148,22932
144,157,22933
145,157,22934
142,163,22935
133,173,22936
131,175,22937
128,178,22938
125,181,22939
118,185,22940
114,187,22941
114,188,22942
104,191,22943
97,192,22944
99,193,22945
79,191,22946
85,193,22947
81,193,22948
72,191,22949
65,188,22950
60,186,22951
55,183,22952
51,181,22953
41,171,22954
42,173,22955
36,166,22956
29,155,22957
29,157,22958
25,148,22959
23,144,22960
19,132,22961
18,129,22962
16,119,22963
16,104,22964
15,114,22965
15,99,22966
18,80,22967
15,90,22968
18,77,22969
22,65,22970
21,65,22971
28,52,22972
31,46,22973
33,42,22974
41,33,22975
53,22,22976
47,26,22977
50,23,22978
62,15,22979
69,11,22980
70,10,22981
85,5,22982
91,4,22983
97,3,22984
105,3,22985
111,3,22986
115,3,22987
94,117,22988
91,117,22989
90,117,22990
88,116,22991
86,114,22992
85,114,22993
84,110,22994
82,111,22995
84,102,22996
82,103,22997
83,101,22998
84,97,22999
85,95,23000
84,95,23001
88,91,23002
88,90,23003
89,88,23004
93,86,23005
94,85,23006
97,84,23007
98,83,23008
107,84,23009
103,82,23010
105,82,23011
111,84,23012
113,84,23013
116,86,23014
119,88,23015
119,87,23016
125,95,23017
126,95,23018
128,99,23019
130,102,23020
130,100,23021
132,107,23022
133,110,23023
134,114,23024
134,118,23025
133,128,23026
135,122,23027
133,132,23028
132,136,23029
130,141,23030
131,141,23031
128,146,23032
127,148,23033
127,149,23034
120,157,23035
117,160,23036
119,159,23037
111,164,23038
109,166,23039
107,167,23040
101,169,23041
98,170,23042
94,171,23043
88,171,23044
82,170,23045
80,170,23046
78,170,23047
73,168,23048
68,166,23049
63,163,23050
59,160,23051
56,158,23052
52,153,23053
47,147,23054
45,144,23055
43,140,23056
40,134,23057
38,129,23058
37,125,23059
35,115,23060
35,117,23061
34,110,23062
34,103,23063
35,92,23064
35,91,23065
36,84,23066
38,77,23067
41,70,23068
40,71,23069
48,57,23070
50,54,23071
47,57,23072
60,43,23073
63,40,23074
69,36,23075
72,34,23076
75,32,23077
77,31,23078
86,28,23079
93,26,23080
98,25,23081
105,25,23082
113,26,23083
115,26,23084
122,27,23085
127,29,23086
134,32,23087
141,36,23088
144,38,23089
150,42,23090
160,53,23091
159,51,23092
164,58,23093
169,65,23094
172,71,23095
173,72,23096
179,88,23097
180,91,23098
182,101,23099
183,108,23100
184,115,23101
183,134,23102
183,135,23103
183,138,23104
181,148,23105
176,164,23106
177,162,23107
173,172,23108
168,181,23109
165,186,23110
159,194,23111
153,201,23112
149,205,23113
147,207,23114
96,107,23115
97,106,23116
99,104,23117
100,103,23118
103,103,23119
106,103,23120
108,105,23121
107,102,23122
111,109,23123
112,108,23124
114,111,23125
114,109,23126
115,117,23127
116,117,23128
116,120,23129
116,123,23130
116,125,23131
113,132,23132
114,132,23133
113,134,23134
113,135,23135
107,141,23136
107,142,23137
106,143,23138
105,144,23139
102,146,23140
96,148,23141
95,148,23142
95,149,23143
87,148,23144
87,149,23145
85,149,23146
81,148,23147
74,144,23148
76,147,23149
72,144,23150
68,140,23151
64,136,23152
61,130,23153
62,134,23154
60,131,23155
57,124,23156
56,120,23157
56,124,23158
54,112,23159
53,111,23160
53,105,23161
53,101,23162
54,94,23163
54,91,23164
55,88,23165
55,86,23166
60,76,23167
58,78,23168
62,71,23169
67,65,23170
66,65,23171
75,58,23172
78,56,23173
82,53,23174
77,55,23175
81,52,23176
96,49,23177
95,48,23178
107,48,23179
110,48,23180
108,47,23181
116,49,23182
115,48,23183
130,55,23184
127,52,23185
130,54,23186
139,61,23187
143,65,23188
147,69,23189
143,63,23190
154,81,23191
156,84,23192
154,77,23193
161,98,23194
162,100,23195
162,96,23196
164,113,23197
165,116,23198
165,119,23199
164,131,23200
164,134,23201
162,144,23202
161,149,23203
157,159,23204
154,165,23205
156,163,23206
147,176,23207
150,173,23208
142,183,23209
130,192,23210
133,191,23211
128,195,23212
120,199,23213
119,200,23214
102,205,23215
106,205,23216
100,206,23217
84,206,23218
92,208,23219
74,205,23220
69,204,23221
67,204,23222
58,200,23223
49,195,23224
48,195,23225
39,187,23226
34,183,23227
31,180,23228
28,177,23229
17,158,23230
16,158,23231
12,149,23232
10,144,23233
7,135,23234
5,126,23235
4,115,23236
3,113,23237
3,101,23238
3,99,23239
7,74,23240
4,83,23241
99,114,23242
100,117,23243
99,121,23244
99,123,23245
97,125,23246
97,126,23247
93,127,23248
93,128,23249
86,126,23250
89,129,23251
86,128,23252
84,128,23253
80,123,23254
78,122,23255
76,118,23256
76,120,23257
74,116,23258
73,113,23259
73,115,23260
72,110,23261
71,109,23262
72,102,23263
73,97,23264
71,99,23265
72,96,23266
72,94,23267
79,84,23268
77,85,23269
75,86,23270
84,78,23271
82,78,23272
85,76,23273
86,74,23274
94,72,23275
93,71,23276
97,70,23277
102,70,23278
103,69,23279
114,72,23280
112,70,23281
113,70,23282
118,72,23283
121,74,23284
125,76,23285
129,80,23286
130,80,23287
128,77,23288
139,96,23289
138,91,23290
138,90,23291
143,105,23292
143,101,23293
144,105,23294
145,112,23295
146,114,23296
145,128,23297
146,127,23298
144,135,23299
142,142,23300
145,137,23301
140,149,23302
142,146,23303
133,160,23304
137,156,23305
126,168,23306
132,164,23307
123,172,23308
118,175,23309
116,177,23310
112,179,23311
108,181,23312
102,183,23313
96,184,23314
87,184,23315
89,185,23316
86,185,23317
74,182,23318
67,179,23319
70,182,23320
60,176,23321
56,174,23322
59,177,23323
46,165,23324
44,163,23325
44,165,23326
33,146,23327
32,146,23328
31,145,23329
28,136,23330
26,131,23331
24,119,23332
23,116,23333
23,100,23334
22,107,23335
22,100,23336
26,80,23337
23,88,23338
25,79,23339
31,63,23340
28,68,23341
38,50,23342
37,50,23343
42,43,23344
58,29,23345
42,41,23346
60,26,23347
63,24,23348
65,22,23349
76,17,23350
78,16,23351
87,13,23352
97,12,23353
101,11,23354
112,12,23355
109,11,23356
126,15,23357
128,15,23358
139,20,23359
139,19,23360
147,24,23361
148,24,23362
165,40,23363
163,36,23364
170,45,23365
178,57,23366
177,54,23367
183,65,23368
92,113,23369
91,112,23370
90,108,23371
88,107,23372
89,104,23373
88,102,23374
91,99,23375
89,98,23376
96,95,23377
93,94,23378
96,93,23379
97,91,23380
102,91,23381
103,91,23382
108,92,23383
108,91,23384
109,91,23385
113,93,23386
115,94,23387
116,95,23388
119,98,23389
122,104,23390
120,97,23391
123,104,23392
125,109,23393
126,110,23394
126,119,23395
127,117,23396
128,116,23397
124,132,23398
126,130,23399
127,129,23400
124,137,23401
121,142,23402
124,139,23403
121,144,23404
117,149,23405
114,152,23406
110,155,23407
111,155,23408
108,157,23409
104,159,23410
98,161,23411
102,161,23412
94,162,23413
92,163,23414
90,163,23415
76,159,23416
76,160,23417
79,162,23418
67,155,23419
69,158,23420
63,153,23421
58,148,23422
59,150,23423
54,144,23424
50,137,23425
49,136,23426
48,134,23427
46,129,23428
44,123,23429
43,123,23430
42,109,23431
41,110,23432
42,99,23433
41,99,23434
42,92,23435
46,79,23436
43,85,23437
47,75,23438
49,70,23439
49,69,23440
56,59,23441
57,57,23442
58,55,23443
69,46,23444
72,44,23445
75,42,23446
73,42,23447
89,36,23448
92,35,23449
89,35,23450
103,34,23451
110,34,23452
103,32,23453
130,41,23454
126,38,23455
123,36,23456
130,39,23457
138,44,23458
144,48,23459
148,51,23460
149,52,23461
161,68,23462
158,62,23463
164,72,23464
169,84,23465
167,76,23466
172,91,23467
175,104,23468
176,111,23469
176,109,23470
177,117,23471
173,145,23472
178,122,23473
174,146,23474
171,155,23475
174,149,23476
170,160,23477
161,177,23478
168,167,23479
153,188,23480
150,192,23481
150,193,23482
139,203,23483
128,209,23484
132,208,23485
127,211,23486
115,216,23487
109,218,23488
100,220,23489
87,220,23490
91,221,23491
79,220,23492
66,217,23493
65,217,23494
60,216,23495
99,109,23496
103,109,23497
104,110,23498
105,110,23499
107,114,23500
108,114,23501
109,118,23502
110,119,23503
108,124,23504
110,122,23505
108,127,23506
108,129,23507
104,133,23508
104,134,23509
102,136,23510
101,137,23511
99,138,23512
95,139,23513
95,140,23514
93,141,23515
90,141,23516
85,140,23517
83,140,23518
82,140,23519
78,138,23520
76,137,23521
73,135,23522
70,131,23523
70,132,23524
65,122,23525
65,125,23526
63,119,23527
63,120,23528
62,106,23529
61,115,23530
60,109,23531
61,100,23532
60,101,23533
62,92,23534
61,93,23535
64,86,23536
62,88,23537
69,76,23538
71,73,23539
67,77,23540
73,70,23541
74,68,23542
80,64,23543
82,62,23544
84,61,23545
92,58,23546
90,58,23547
101,57,23548
100,56,23549
102,55,23550
109,56,23551
114,57,23552
118,58,23553
123,60,23554
127,62,23555
129,63,23556
133,66,23557
137,70,23558
141,74,23559
142,75,23560
147,82,23561
150,88,23562
152,92,23563
154,98,23564
155,102,23565
156,104,23566
157,111,23567
157,124,23568
158,122,23569
158,125,23570
155,141,23571
154,145,23572
153,149,23573
151,154,23574
150,157,23575
146,164,23576
146,165,23577
137,176,23578
133,180,23579
135,179,23580
126,186,23581
125,187,23582
116,192,23583
111,194,23584
110,195,23585
100,197,23586
95,198,23587
84,198,23588
82,198,23589
72,196,23590
69,195,23591
61,192,23592
60,192,23593
49,185,23594
45,182,23595
42,180,23596
34,171,23597
32,169,23598
28,163,23599
28,164,23600
19,146,23601
21,152,23602
15,135,23603
13,128,23604
12,123,23605
11,116,23606
11,99,23607
10,103,23608
10,99,23609
13,80,23610
16,69,23611
16,67,23612
19,59,23613
25,47,23614
26,45,23615
29,40,23616
36,31,23617
41,25,23618
43,23,23619
50,17,23620
60,10,23621
63,8,23622
97,114,23623
95,120,23624
92,120,23625
91,121,23626
89,121,23627
86,120,23628
84,117,23629
83,119,23630
81,112,23631
81,116,23632
79,111,23633
79,108,23634
79,105,23635
78,104,23636
79,100,23637
78,100,23638
79,96,23639
83,90,23640
82,90,23641
84,88,23642
85,86,23643
90,83,23644
90,82,23645
91,81,23646
95,79,23647
96,78,23648
102,78,23649
105,78,23650
112,80,23651
102,76,23652
112,79,23653
117,81,23654
118,81,23655
122,84,23656
123,85,23657
125,86,23658
129,91,23659
132,96,23660
134,102,23661
135,102,23662
136,103,23663
137,110,23664
138,114,23665
138,117,23666
139,119,23667
139,121,23668
139,125,23669
137,134,23670
136,139,23671
135,142,23672
134,145,23673
132,149,23674
128,155,23675
128,156,23676
125,160,23677
121,163,23678
121,164,23679
111,170,23680
106,172,23681
109,172,23682
103,174,23683
102,175,23684
91,176,23685
85,176,23686
80,175,23687
79,175,23688
74,174,23689
69,172,23690
63,169,23691
58,165,23692
58,166,23693
50,158,23694
47,155,23695
43,149,23696
41,146,23697
41,148,23698
35,132,23699
33,125,23700
35,137,23701
31,116,23702
30,113,23703
30,100,23704
29,103,23705
31,89,23706
30,90,23707
34,76,23708
33,78,23709
37,67,23710
39,63,23711
41,59,23712
46,51,23713
49,47,23714
56,40,23715
55,40,23716
61,35,23717
74,28,23718
77,26,23719
74,26,23720
88,22,23721
92,21,23722
99,20,23723
103,20,23724
111,20,23725
116,21,23726
116,20,23727
133,26,23728
139,29,23729
140,29,23730
147,34,23731
154,39,23732
158,43,23733
165,51,23734
171,60,23735
173,63,23736
175,65,23737
182,85,23738
182,82,23739
185,92,23740
187,104,23741
188,109,23742
188,107,23743
188,131,23744
187,140,23745
187,142,23746
186,147,23747
182,161,23748
182,163,23749
94,110,23750
94,105,23751
95,104,23752
96,101,23753
100,100,23754
98,99,23755
102,99,23756
102,97,23757
108,101,23758
108,99,23759
111,101,23760
109,98,23761
114,105,23762
115,105,23763
117,109,23764
118,110,23765
119,111,23766
119,118,23767
120,118,23768
121,118,23769
121,121,23770
118,130,23771
118,132,23772
119,131,23773
118,135,23774
117,137,23775
112,142,23776
111,144,23777
113,144,23778
103,149,23779
104,150,23780
103,151,23781
101,152,23782
93,153,23783
95,154,23784
87,154,23785
86,154,23786
84,154,23787
74,149,23788
76,152,23789
71,149,23790
68,146,23791
66,145,23792
64,144,23793
61,140,23794
58,136,23795
60,141,23796
53,124,23797
52,124,23798
52,126,23799
50,114,23800
49,114,23801
49,104,23802
48,106,23803
48,102,23804
51,88,23805
48,96,23806
53,81,23807
58,71,23808
51,82,23809
57,71,23810
57,69,23811
67,59,23812
64,60,23813
74,53,23814
66,57,23815
81,48,23816
86,46,23817
84,46,23818
95,43,23819
100,43,23820
99,42,23821
105,42,23822
113,43,23823
115,43,23824
118,43,23825
133,51,23826
137,54,23827
131,48,23828
143,58,23829
147,62,23830
148,62,23831
154,71,23832
158,77,23833
156,71,23834
165,97,23835
165,94,23836
166,95,23837
168,106,23838
168,104,23839
169,117,23840
170,118,23841
168,136,23842
169,134,23843
167,144,23844
161,159,23845
165,152,23846
162,160,23847
151,178,23848
158,169,23849
144,186,23850
148,184,23851
144,188,23852
125,201,23853
140,193,23854
124,203,23855
115,207,23856
110,209,23857
106,210,23858
96,212,23859
94,212,23860
86,212,23861
76,211,23862
65,208,23863
69,210,23864
52,202,23865
51,202,23866
41,195,23867
40,195,23868
34,190,23869
29,185,23870
20,173,23871
19,173,23872
14,164,23873
9,153,23874
9,155,23875
4,140,23876
98,112,23877
102,114,23878
102,118,23879
104,120,23880
102,124,23881
103,124,23882
99,128,23883
101,128,23884
95,130,23885
97,131,23886
94,132,23887
93,133,23888
87,132,23889
86,132,23890
83,131,23891
83,132,23892
80,130,23893
79,130,23894
77,128,23895
75,126,23896
73,124,23897
70,116,23898
70,120,23899
69,115,23900
68,112,23901
67,111,23902
68,102,23903
67,102,23904
66,104,23905
74,85,23906
70,89,23907
69,90,23908
71,86,23909
77,78,23910
72,82,23911
78,76,23912
80,74,23913
83,71,23914
90,68,23915
91,67,23916
93,66,23917
97,65,23918
102,65,23919
103,64,23920
105,64,23921
108,64,23922
112,64,23923
121,69,23924
122,69,23925
124,69,23926
131,76,23927
128,71,23928
136,80,23929
139,84,23930
141,87,23931
141,86,23932
145,96,23933
147,101,23934
148,103,23935
149,108,23936
150,112,23937
150,119,23938
150,127,23939
150,129,23940
147,141,23941
150,134,23942
146,147,23943
141,156,23944
143,154,23945
141,158,23946
135,166,23947
136,166,23948
125,176,23949
130,173,23950
124,178,23951
117,182,23952
110,185,23953
105,187,23954
106,188,23955
95,189,23956
92,190,23957
87,190,23958
81,189,23959
75,188,23960
77,190,23961
57,179,23962
62,184,23963
54,179,23964
55,180,23965
45,171,23966
41,167,23967
36,161,23968
36,162,23969
28,148,23970
27,146,23971
23,136,23972
21,127,23973
20,127,23974
19,119,23975
18,112,23976
18,103,23977
18,94,23978
18,92,23979
26,65,23980
18,85,23981
26,63,23982
30,54,23983
28,56,23984
32,49,23985
43,35,23986
36,42,23987
55,24,23988
53,25,23989
56,22,23990
68,15,23991
83,10,23992
77,11,23993
86,8,23994
94,7,23995
99,6,23996
108,6,23997
120,8,23998
119,7,23999
132,11,24000
141,15,24001
142,15,24002
148,18,24003
93,116,24004
91,115,24005
88,113,24006
87,112,24007
86,109,24008
85,109,24009
85,104,24010
84,104,24011
88,98,24012
84,101,24013
88,95,24014
88,94,24015
92,91,24016
90,91,24017
94,89,24018
94,88,24019
98,87,24020
103,87,24021
102,85,24022
105,85,24023
107,85,24024
113,89,24025
112,87,24026
116,89,24027
118,91,24028
120,92,24029
121,93,24030
126,101,24031
124,95,24032
129,110,24033
129,105,24034
130,111,24035
131,113,24036
130,126,24037
132,117,24038
132,121,24039
130,131,24040
131,130,24041
128,138,24042
130,136,24043
125,145,24044
125,146,24045
120,152,24046
123,151,24047
117,156,24048
115,158,24049
112,161,24050
104,164,24051
106,164,24052
102,166,24053
94,167,24054
95,168,24055
86,167,24056
87,168,24057
84,168,24058
76,166,24059
70,163,24060
68,162,24061
64,160,24062
61,158,24063
55,152,24064
52,149,24065
48,142,24066
49,145,24067
44,136,24068
42,131,24069
41,129,24070
39,122,24071
38,116,24072
37,112,24073
37,102,24074
36,106,24075
39,87,24076
38,88,24077
38,86,24078
41,78,24079
45,69,24080
45,67,24081
48,62,24082
51,57,24083
56,51,24084
57,49,24085
69,40,24086
70,39,24087
72,37,24088
79,34,24089
83,32,24090
91,30,24091
95,29,24092
108,29,24093
111,29,24094
108,28,24095
122,31,24096
123,31,24097
128,33,24098
138,38,24099
145,43,24100
141,39,24101
151,47,24102
157,54,24103
159,56,24104
166,66,24105
169,71,24106
173,80,24107
174,82,24108
177,92,24109
178,94,24110
180,106,24111
181,111,24112
181,120,24113
182,119,24114
179,142,24115
178,148,24116
179,146,24117
173,164,24118
168,174,24119
170,172,24120
166,179,24121
158,190,24122
156,193,24123
152,198,24124
144,205,24125
138,210,24126
130,215,24127
128,216,24128
122,219,24129
115,222,24130
97,107,24131
98,107,24132
101,106,24133
103,105,24134
105,106,24135
108,107,24136
110,111,24137
110,108,24138
112,115,24139
113,114,24140
113,119,24141
113,120,24142
113,123,24143
113,126,24144
112,129,24145
112,130,24146
110,133,24147
109,135,24148
107,138,24149
106,139,24150
104,141,24151
99,143,24152
99,144,24153
97,145,24154
94,146,24155
91,146,24156
85,145,24157
86,146,24158
84,146,24159
75,141,24160
77,143,24161
74,142,24162
72,140,24163
66,133,24164
67,136,24165
63,130,24166
62,128,24167
61,127,24168
58,115,24169
57,116,24170
57,117,24171
56,110,24172
56,104,24173
56,99,24174
56,97,24175
56,95,24176
58,87,24177
60,82,24178
61,79,24179
64,74,24180
65,72,24181
68,68,24182
75,62,24183
72,63,24184
75,61,24185
81,57,24186
84,55,24187
90,53,24188
96,52,24189
96,51,24190
106,51,24191
104,50,24192
111,51,24193
113,51,24194
122,54,24195
126,56,24196
130,58,24197
134,61,24198
135,61,24199
140,66,24200
141,66,24201
148,75,24202
151,80,24203
155,88,24204
156,90,24205
157,90,24206
160,107,24207
161,110,24208
161,102,24209
162,118,24210
162,125,24211
162,128,24212
161,136,24213
158,148,24214
160,143,24215
156,154,24216
153,161,24217
151,165,24218
145,174,24219
143,177,24220
138,182,24221
138,183,24222
126,192,24223
125,193,24224
122,195,24225
107,200,24226
102,202,24227
105,202,24228
86,203,24229
90,204,24230
82,203,24231
74,202,24232
73,202,24233
60,197,24234
60,198,24235
52,193,24236
47,190,24237
41,186,24238
33,177,24239
32,177,24240
25,167,24241
21,161,24242
18,156,24243
15,149,24244
12,143,24245
8,119,24246
8,125,24247
7,121,24248
6,109,24249
6,99,24250
6,96,24251
8,80,24252
10,72,24253
12,65,24254
14,59,24255
18,50,24256
18,49,24257
98,114,24258
99,118,24259
96,122,24260
95,124,24261
93,124,24262
92,125,24263
90,125,24264
89,126,24265
83,121,24266
85,125,24267
82,123,24268
81,123,24269
78,116,24270
77,115,24271
76,112,24272
75,112,24273
74,110,24274
75,102,24275
74,103,24276
74,101,24277
74,98,24278
77,92,24279
79,88,24280
76,91,24281
79,86,24282
80,84,24283
86,80,24284
86,79,24285
87,77,24286
96,75,24287
95,74,24288
97,73,24289
101,73,24290
107,73,24291
106,72,24292
107,72,24293
113,74,24294
115,74,24295
124,81,24296
123,79,24297
122,77,24298
131,87,24299
132,88,24300
133,88,24301
137,96,24302
137,95,24303
137,92,24304
141,111,24305
142,110,24306
142,107,24307
143,118,24308
144,117,24309
142,130,24310
143,130,24311
143,131,24312
139,144,24313
140,143,24314
135,152,24315
130,159,24316
136,153,24317
128,163,24318
130,162,24319
116,172,24320
121,170,24321
107,177,24322
115,175,24323
103,179,24324
98,180,24325
97,181,24326
90,181,24327
85,181,24328
87,182,24329
77,180,24330
71,178,24331
66,176,24332
68,178,24333
54,168,24334
48,162,24335
54,170,24336
41,154,24337
39,152,24338
40,155,24339
32,137,24340
32,138,24341
33,144,24342
27,117,24343
27,123,24344
26,117,24345
25,110,24346
26,94,24347
25,97,24348
26,88,24349
29,76,24350
28,77,24351
33,65,24352
43,49,24353
37,56,24354
38,54,24355
49,40,24356
47,41,24357
58,32,24358
59,30,24359
62,28,24360
80,20,24361
70,22,24362
82,18,24363
93,16,24364
94,15,24365
102,14,24366
117,16,24367
109,14,24368
123,17,24369
127,18,24370
139,23,24371
140,23,24372
155,35,24373
156,35,24374
164,43,24375
163,41,24376
169,48,24377
182,72,24378
175,56,24379
181,67,24380
187,83,24381
189,91,24382
189,88,24383
192,106,24384
93,112,24385
91,108,24386
91,106,24387
91,103,24388
93,100,24389
92,99,24390
96,97,24391
93,97,24392
101,96,24393
99,94,24394
102,94,24395
102,93,24396
108,95,24397
110,95,24398
111,96,24399
113,97,24400
115,98,24401
117,100,24402
118,101,24403
120,104,24404
121,105,24405
123,113,24406
123,108,24407
124,115,24408
125,117,24409
125,121,24410
123,129,24411
124,129,24412
125,128,24413
118,140,24414
121,138,24415
119,142,24416
116,146,24417
111,150,24418
114,149,24419
108,153,24420
105,155,24421
103,156,24422
93,157,24423
98,158,24424
94,159,24425
90,159,24426
82,158,24427
84,159,24428
79,158,24429
78,158,24430
76,158,24431
65,150,24432
64,149,24433
66,153,24434
58,143,24435
59,146,24436
54,139,24437
51,133,24438
51,134,24439
49,130,24440
46,119,24441
45,113,24442
45,105,24443
44,111,24444
44,102,24445
44,98,24446
46,87,24447
45,89,24448
51,75,24449
47,81,24450
51,72,24451
58,62,24452
56,63,24453
61,57,24454
69,50,24455
68,50,24456
76,45,24457
75,45,24458
78,43,24459
86,40,24460
96,38,24461
99,37,24462
101,37,24463
108,37,24464
115,38,24465
113,37,24466
123,40,24467
130,43,24468
122,38,24469
150,60,24470
143,51,24471
147,54,24472
149,56,24473
158,68,24474
161,73,24475
162,74,24476
164,77,24477
169,92,24478
171,97,24479
172,103,24480
173,111,24481
174,112,24482
173,130,24483
174,128,24484
171,144,24485
172,143,24486
170,151,24487
159,173,24488
170,154,24489
161,172,24490
153,184,24491
152,186,24492
154,184,24493
141,197,24494
143,196,24495
130,205,24496
123,209,24497
125,209,24498
111,214,24499
98,216,24500
97,217,24501
90,217,24502
89,218,24503
78,217,24504
66,214,24505
61,212,24506
64,214,24507
46,205,24508
40,201,24509
35,197,24510
34,197,24511
98,111,24512
101,110,24513
104,114,24514
106,115,24515
106,118,24516
107,118,24517
106,123,24518
107,124,24519
104,128,24520
105,129,24521
102,131,24522
103,132,24523
99,134,24524
97,136,24525
94,136,24526
94,137,24527
91,138,24528
86,137,24529
86,138,24530
85,138,24531
82,137,24532
77,133,24533
79,136,24534
74,132,24535
71,128,24536
70,127,24537
69,126,24538
66,119,24539
65,118,24540
64,111,24541
64,108,24542
63,110,24543
62,108,24544
65,94,24545
62,100,24546
64,93,24547
65,90,24548
65,88,24549
70,80,24550
70,79,24551
72,76,24552
75,72,24553
76,71,24554
75,70,24555
86,64,24556
87,63,24557
87,62,24558
96,60,24559
100,60,24560
99,59,24561
104,59,24562
104,58,24563
116,61,24564
117,61,24565
118,61,24566
123,63,24567
130,68,24568
133,70,24569
137,74,24570
141,79,24571
140,77,24572
142,79,24573
148,92,24574
149,92,24575
151,98,24576
153,105,24577
154,110,24578
154,120,24579
155,116,24580
154,130,24581
154,133,24582
155,130,24583
150,148,24584
151,147,24585
151,148,24586
144,161,24587
141,166,24588
140,168,24589
137,172,24590
133,176,24591
130,179,24592
126,183,24593
118,187,24594
112,190,24595
114,190,24596
97,194,24597
100,194,24598
93,195,24599
84,195,24600
79,194,24601
74,193,24602
72,193,24603
63,190,24604
55,185,24605
50,182,24606
45,178,24607
40,173,24608
41,175,24609
32,164,24610
30,161,24611
25,152,24612
22,146,24613
21,144,24614
18,135,24615
16,130,24616
14,115,24617
14,100,24618
13,109,24619
14,91,24620
15,84,24621
14,85,24622
20,66,24623
20,65,24624
21,61,24625
25,53,24626
36,37,24627
34,38,24628
38,33,24629
46,25,24630
50,21,24631
56,16,24632
63,12,24633
71,8,24634
82,4,24635
81,4,24636
90,2,24637
96,1,24638
96,116,24639
94,118,24640
90,118,24641
89,118,24642
86,117,24643
85,116,24644
83,112,24645
83,115,24646
82,106,24647
81,109,24648
81,104,24649
81,102,24650
81,100,24651
82,97,24652
85,92,24653
84,92,24654
86,89,24655
88,87,24656
91,85,24657
92,84,24658
93,83,24659
100,82,24660
98,81,24661
100,80,24662
104,80,24663
108,81,24664
112,82,24665
114,83,24666
113,81,24667
120,87,24668
122,88,24669
126,93,24670
124,89,24671
127,93,24672
130,98,24673
131,99,24674
133,104,24675
134,107,24676
135,116,24677
136,114,24678
136,121,24679
136,123,24680
135,130,24681
135,133,24682
133,139,24683
133,140,24684
132,143,24685
128,149,24686
129,149,24687
125,155,24688
120,160,24689
119,161,24690
115,164,24691
111,167,24692
107,169,24693
104,170,24694
102,171,24695
92,172,24696
90,173,24697
91,174,24698
80,172,24699
76,171,24700
75,171,24701
68,168,24702
64,166,24703
59,162,24704
57,161,24705
54,158,24706
49,153,24707
45,147,24708
44,146,24709
40,138,24710
39,136,24711
36,128,24712
35,124,24713
34,124,24714
33,109,24715
33,98,24716
32,103,24717
32,99,24718
34,86,24719
35,81,24720
37,75,24721
40,68,24722
40,66,24723
47,55,24724
49,52,24725
52,48,24726
55,45,24727
60,40,24728
65,36,24729
72,32,24730
77,29,24731
82,27,24732
84,26,24733
99,24,24734
101,23,24735
106,23,24736
115,24,24737
117,24,24738
127,27,24739
132,29,24740
135,30,24741
147,38,24742
148,38,24743
158,48,24744
161,51,24745
162,52,24746
169,62,24747
171,65,24748
174,70,24749
178,80,24750
181,89,24751
183,97,24752
183,93,24753
185,117,24754
186,117,24755
185,132,24756
186,128,24757
184,143,24758
181,155,24759
178,164,24760
177,167,24761
173,176,24762
167,186,24763
166,188,24764
161,195,24765
95,110,24766
96,105,24767
97,104,24768
98,102,24769
102,102,24770
104,101,24771
107,103,24772
105,100,24773
111,107,24774
111,104,24775
112,105,24776
115,112,24777
114,106,24778
116,113,24779
117,116,24780
118,117,24781
118,120,24782
116,127,24783
117,127,24784
117,129,24785
117,130,24786
111,138,24787
114,136,24788
112,139,24789
110,142,24790
109,143,24791
104,146,24792
102,148,24793
101,149,24794
92,150,24795
93,151,24796
91,151,24797
88,151,24798
86,152,24799
80,149,24800
78,149,24801
74,147,24802
72,146,24803
64,137,24804
65,140,24805
66,142,24806
61,135,24807
57,128,24808
58,132,24809
55,123,24810
54,121,24811
53,122,24812
52,110,24813
51,108,24814
51,104,24815
52,95,24816
51,97,24817
55,84,24818
53,87,24819
55,81,24820
60,72,24821
58,74,24822
64,66,24823
69,61,24824
66,62,24825
71,58,24826
72,56,24827
86,50,24828
90,48,24829
85,49,24830
85,48,24831
98,46,24832
108,46,24833
106,45,24834
116,47,24835
114,46,24836
119,47,24837
129,52,24838
133,54,24839
137,57,24840
135,54,24841
148,68,24842
153,76,24843
144,61,24844
156,80,24845
159,86,24846
157,79,24847
164,103,24848
164,100,24849
163,92,24850
166,117,24851
166,127,24852
167,122,24853
166,133,24854
164,143,24855
164,145,24856
163,148,24857
157,163,24858
159,160,24859
156,166,24860
143,183,24861
146,181,24862
138,189,24863
134,192,24864
133,194,24865
120,201,24866
122,201,24867
115,204,24868
99,207,24869
107,207,24870
85,208,24871
88,209,24872
82,209,24873
77,208,24874
63,204,24875
67,206,24876
54,200,24877
49,197,24878
43,193,24879
41,192,24880
28,178,24881
24,174,24882
20,168,24883
20,169,24884
15,160,24885
12,154,24886
7,139,24887
6,139,24888
3,123,24889
2,115,24890
2,101,24891
1,107,24892
100,114,24893
101,116,24894
101,119,24895
101,122,24896
99,125,24897
99,126,24898
95,128,24899
96,129,24900
90,128,24901
92,130,24902
88,130,24903
86,130,24904
82,127,24905
82,128,24906
78,124,24907
77,124,24908
76,123,24909
74,120,24910
73,119,24911
72,115,24912
71,114,24913
71,107,24914
71,101,24915
69,107,24916
70,100,24917
69,102,24918
73,91,24919
72,91,24920
71,91,24921
79,81,24922
77,82,24923
79,79,24924
79,78,24925
87,73,24926
85,73,24927
89,71,24928
94,69,24929
96,68,24930
107,69,24931
102,67,24932
105,67,24933
107,67,24934
114,69,24935
117,70,24936
121,72,24937
121,71,24938
121,70,24939
134,84,24940
132,80,24941
134,81,24942
140,92,24943
140,90,24944
141,92,24945
144,101,24946
145,103,24947
146,104,24948
147,114,24949
147,124,24950
146,132,24951
148,127,24952
146,136,24953
145,141,24954
142,148,24955
144,145,24956
135,160,24957
140,155,24958
134,163,24959
128,169,24960
127,171,24961
125,173,24962
116,179,24963
117,179,24964
107,183,24965
109,183,24966
103,185,24967
97,186,24968
86,186,24969
79,185,24970
85,187,24971
73,184,24972
65,181,24973
67,183,24974
59,178,24975
52,173,24976
56,178,24977
38,157,24978
41,163,24979
38,159,24980
35,155,24981
31,148,24982
27,137,24983
25,133,24984
24,131,24985
22,119,24986
21,114,24987
22,95,24988
20,104,24989
21,92,24990
23,82,24991
23,80,24992
26,71,24993
26,69,24994
30,59,24995
43,41,24996
29,59,24997
44,38,24998
49,33,24999
47,34,25000
58,25,25001
62,22,25002
68,18,25003
82,13,25004
85,12,25005
82,12,25006
95,10,25007
109,10,25008
114,10,25009
119,11,25010
118,10,25011
129,13,25012
139,17,25013
148,23,25014
148,22,25015
158,30,25016
168,40,25017
165,36,25018
173,45,25019
94,114,25020
91,113,25021
89,109,25022
88,110,25023
88,106,25024
87,103,25025
90,99,25026
87,101,25027
92,96,25028
89,96,25029
94,93,25030
95,91,25031
98,90,25032
98,89,25033
103,90,25034
103,89,25035
104,88,25036
109,90,25037
109,89,25038
112,90,25039
114,91,25040
120,98,25041
117,92,25042
121,98,25043
123,101,25044
125,103,25045
126,106,25046
127,111,25047
128,110,25048
127,125,25049
128,125,25050
129,123,25051
129,125,25052
125,137,25053
129,130,25054
126,137,25055
123,143,25056
122,145,25057
118,150,25058
119,150,25059
115,154,25060
112,156,25061
108,159,25062
110,159,25063
101,162,25064
99,163,25065
99,164,25066
89,164,25067
86,164,25068
86,165,25069
75,161,25070
79,164,25071
69,159,25072
67,158,25073
66,158,25074
62,155,25075
55,147,25076
53,145,25077
52,144,25078
50,141,25079
47,136,25080
47,137,25081
42,119,25082
42,124,25083
41,118,25084
40,112,25085
39,108,25086
41,93,25087
39,100,25088
43,82,25089
43,81,25090
42,82,25091
49,67,25092
47,69,25093
48,67,25094
57,55,25095
63,49,25096
61,50,25097
65,46,25098
71,42,25099
78,38,25100
76,38,25101
88,34,25102
94,33,25103
88,33,25104
111,33,25105
110,32,25106
114,32,25107
115,32,25108
129,37,25109
132,38,25110
134,39,25111
141,43,25112
149,50,25113
154,55,25114
150,50,25115
163,68,25116
159,60,25117
167,74,25118
169,78,25119
174,92,25120
175,94,25121
177,105,25122
177,125,25123
178,110,25124
178,129,25125
176,141,25126
179,127,25127
176,145,25128
173,156,25129
176,149,25130
163,177,25131
163,178,25132
161,182,25133
155,189,25134
143,201,25135
148,198,25136
141,204,25137
128,212,25138
127,213,25139
124,215,25140
115,218,25141
105,221,25142
98,222,25143
84,222,25144
81,222,25145
83,223,25146
99,108,25147
100,108,25148
104,108,25149
106,109,25150
107,110,25151
108,111,25152
109,114,25153
110,115,25154
110,120,25155
111,122,25156
110,125,25157
110,127,25158
109,129,25159
109,130,25160
108,132,25161
105,136,25162
102,138,25163
101,139,25164
99,140,25165
97,141,25166
95,142,25167
88,142,25168
90,143,25169
87,143,25170
84,142,25171
80,141,25172
78,140,25173
76,139,25174
73,137,25175
70,134,25176
69,133,25177
66,129,25178
65,128,25179
63,124,25180
61,120,25181
60,116,25182
59,112,25183
59,109,25184
59,102,25185
58,103,25186
59,97,25187
59,95,25188
61,88,25189
61,86,25190
63,82,25191
65,78,25192
67,74,25193
70,70,25194
73,67,25195
74,66,25196
81,61,25197
82,60,25198
88,57,25199
90,56,25200
94,55,25201
98,54,25202
103,54,25203
107,54,25204
114,55,25205
116,55,25206
121,57,25207
124,58,25208
129,61,25209
132,63,25210
136,66,25211
138,68,25212
144,75,25213
145,76,25214
149,82,25215
152,88,25216
154,92,25217
155,95,25218
157,102,25219
158,107,25220
159,112,25221
159,123,25222
159,127,25223
159,130,25224
158,137,25225
157,142,25226
154,151,25227
152,157,25228
149,162,25229
145,169,25230
146,168,25231
139,177,25232
135,181,25233
126,188,25234
125,189,25235
124,190,25236
114,195,25237
109,197,25238
101,199,25239
103,199,25240
87,200,25241
86,200,25242
76,199,25243
75,199,25244
65,196,25245
61,194,25246
58,193,25247
47,186,25248
44,184,25249
37,177,25250
37,178,25251
29,168,25252
26,164,25253
22,157,25254
20,154,25255
16,144,25256
13,135,25257
12,131,25258
10,119,25259
9,113,25260
9,102,25261
10,88,25262
10,85,25263
11,80,25264
13,72,25265
15,65,25266
18,57,25267
24,45,25268
29,37,25269
31,34,25270
36,28,25271
41,22,25272
48,16,25273
97,118,25274
97,119,25275
94,121,25276
93,122,25277
90,123,25278
89,123,25279
85,120,25280
86,123,25281
81,114,25282
82,120,25283
80,116,25284
79,116,25285
78,110,25286
77,108,25287
77,105,25288
77,101,25289
76,103,25290
80,93,25291
78,95,25292
79,92,25293
80,90,25294
85,85,25295
84,84,25296
85,83,25297
89,80,25298
90,79,25299
94,78,25300
99,77,25301
96,76,25302
108,77,25303
107,76,25304
108,76,25305
110,76,25306
115,78,25307
118,79,25308
120,80,25309
125,84,25310
126,85,25311
132,94,25312
132,92,25313
132,91,25314
135,98,25315
137,103,25316
138,103,25317
139,112,25318
140,113,25319
140,118,25320
140,124,25321
140,128,25322
140,129,25323
139,135,25324
139,137,25325
134,148,25326
135,147,25327
132,153,25328
128,158,25329
128,159,25330
121,165,25331
117,168,25332
118,169,25333
112,172,25334
114,172,25335
100,176,25336
99,177,25337
92,178,25338
88,178,25339
89,179,25340
80,177,25341
74,176,25342
70,174,25343
70,175,25344
61,170,25345
57,167,25346
52,163,25347
50,161,25348
48,160,25349
40,147,25350
36,139,25351
41,152,25352
33,132,25353
31,127,25354
31,130,25355
29,114,25356
28,110,25357
28,118,25358
29,92,25359
28,95,25360
30,84,25361
30,82,25362
33,73,25363
35,67,25364
37,62,25365
44,51,25366
44,50,25367
49,44,25368
60,35,25369
57,36,25370
60,33,25371
75,25,25372
73,25,25373
81,22,25374
86,20,25375
91,19,25376
105,18,25377
98,17,25378
115,19,25379
122,20,25380
121,19,25381
131,23,25382
141,28,25383
139,26,25384
151,35,25385
157,40,25386
164,47,25387
163,45,25388
176,66,25389
174,61,25390
181,75,25391
183,80,25392
185,86,25393
186,88,25394
189,109,25395
189,102,25396
190,118,25397
190,128,25398
188,144,25399
190,136,25400
95,112,25401
93,108,25402
94,103,25403
93,103,25404
97,100,25405
97,98,25406
99,98,25407
99,96,25408
105,98,25409
104,96,25410
107,97,25411
108,96,25412
113,101,25413
114,101,25414
116,104,25415
117,105,25416
118,106,25417
120,111,25418
120,110,25419
121,113,25420
122,115,25421
121,123,25422
121,126,25423
122,126,25424
121,130,25425
122,129,25426
116,139,25427
117,139,25428
119,138,25429
109,147,25430
112,146,25431
109,149,25432
108,150,25433
100,153,25434
104,153,25435
97,155,25436
94,156,25437
90,156,25438
82,154,25439
88,157,25440
80,155,25441
79,155,25442
70,150,25443
71,151,25444
66,147,25445
65,147,25446
65,148,25447
55,133,25448
56,136,25449
55,136,25450
51,125,25451
51,127,25452
49,121,25453
48,115,25454
47,112,25455
47,103,25456
46,105,25457
48,93,25458
50,85,25459
47,92,25460
51,80,25461
51,78,25462
59,66,25463
55,70,25464
68,56,25465
59,63,25466
66,56,25467
76,49,25468
74,49,25469
80,46,25470
84,44,25471
90,42,25472
96,41,25473
98,40,25474
102,40,25475
109,40,25476
120,43,25477
125,45,25478
121,42,25479
129,46,25480
136,50,25481
136,49,25482
145,57,25483
147,59,25484
145,55,25485
159,77,25486
160,77,25487
160,76,25488
164,85,25489
167,93,25490
169,103,25491
169,101,25492
170,105,25493
171,117,25494
171,128,25495
167,146,25496
170,139,25497
168,147,25498
164,158,25499
166,155,25500
157,172,25501
160,169,25502
155,177,25503
139,193,25504
154,180,25505
141,193,25506
129,202,25507
133,200,25508
123,206,25509
116,209,25510
111,211,25511
98,213,25512
95,214,25513
88,214,25514
89,215,25515
69,211,25516
68,211,25517
55,206,25518
60,209,25519
47,202,25520
45,201,25521
31,189,25522
33,192,25523
25,183,25524
19,175,25525
14,168,25526
10,161,25527
101,112,25528
103,113,25529
103,117,25530
105,117,25531
104,121,25532
105,123,25533
102,126,25534
104,127,25535
99,130,25536
101,130,25537
96,133,25538
98,133,25539
93,134,25540
90,134,25541
88,134,25542
88,135,25543
86,135,25544
82,133,25545
79,132,25546
77,130,25547
75,129,25548
72,124,25549
72,126,25550
70,122,25551
68,117,25552
67,116,25553
67,107,25554
66,110,25555
65,110,25556
68,95,25557
66,99,25558
65,99,25559
66,95,25560
72,83,25561
67,89,25562
71,82,25563
75,77,25564
75,76,25565
80,72,25566
82,70,25567
83,69,25568
89,66,25569
91,65,25570
90,64,25571
98,63,25572
100,62,25573
100,61,25574
113,64,25575
115,64,25576
114,63,25577
122,67,25578
119,64,25579
128,70,25580
132,73,25581
135,76,25582
135,75,25583
143,88,25584
142,85,25585
146,93,25586
148,98,25587
149,101,25588
150,101,25589
151,113,25590
152,114,25591
151,128,25592
153,120,25593
152,128,25594
148,144,25595
150,141,25596
148,146,25597
145,153,25598
146,153,25599
138,165,25600
138,166,25601
137,168,25602
127,177,25603
123,180,25604
119,183,25605
122,182,25606
108,188,25607
102,190,25608
106,190,25609
91,191,25610
90,192,25611
92,193,25612
67,186,25613
71,189,25614
72,190,25615
65,187,25616
56,182,25617
50,178,25618
47,176,25619
44,174,25620
37,165,25621
34,162,25622
31,157,25623
26,147,25624
25,147,25625
21,135,25626
19,128,25627
18,123,25628
17,118,25629
16,111,25630
19,84,25631
15,106,25632
17,88,25633
22,69,25634
18,78,25635
24,62,25636
28,54,25637
24,60,25638
38,39,25639
39,37,25640
41,34,25641
50,25,25642
64,16,25643
62,16,25644
72,11,25645
77,9,25646
80,8,25647
85,6,25648
108,5,25649
100,4,25650
109,4,25651
120,6,25652
123,6,25653
131,8,25654
96,114,25655
91,116,25656
90,116,25657
88,115,25658
86,112,25659
85,112,25660
84,108,25661
83,107,25662
86,99,25663
82,104,25664
85,97,25665
86,95,25666
87,93,25667
87,92,25668
90,90,25669
90,89,25670
92,87,25671
98,86,25672
97,85,25673
100,84,25674
101,83,25675
108,85,25676
106,83,25677
111,85,25678
114,86,25679
116,87,25680
119,89,25681
123,94,25682
123,92,25683
127,100,25684
126,96,25685
130,106,25686
130,104,25687
131,106,25688
132,111,25689
133,114,25690
133,122,25691
133,125,25692
131,133,25693
133,130,25694
130,138,25695
131,137,25696
124,149,25697
129,144,25698
124,151,25699
122,153,25700
121,155,25701
116,159,25702
114,161,25703
114,162,25704
104,166,25705
104,167,25706
96,169,25707
95,169,25708
93,170,25709
83,169,25710
82,169,25711
78,168,25712
74,167,25713
70,166,25714
65,163,25715
61,160,25716
57,157,25717
54,154,25718
53,153,25719
46,143,25720
44,140,25721
42,136,25722
40,131,25723
39,128,25724
37,122,25725
36,116,25726
36,100,25727
35,105,25728
35,98,25729
36,92,25730
38,82,25731
39,78,25732
40,75,25733
41,72,25734
46,62,25735
48,58,25736
54,51,25737
57,47,25738
56,47,25739
65,40,25740
69,37,25741
79,32,25742
81,31,25743
86,29,25744
89,28,25745
96,27,25746
101,26,25747
104,26,25748
113,27,25749
125,30,25750
130,32,25751
132,32,25752
137,35,25753
146,41,25754
144,39,25755
153,47,25756
158,52,25757
164,60,25758
166,62,25759
173,76,25760
174,77,25761
176,83,25762
179,91,25763
181,100,25764
182,106,25765
182,128,25766
183,123,25767
183,129,25768
181,142,25769
179,150,25770
178,156,25771
177,159,25772
170,175,25773
168,179,25774
165,184,25775
159,192,25776
155,197,25777
148,204,25778
141,210,25779
137,213,25780
131,217,25781
96,109,25782
99,105,25783
100,105,25784
102,103,25785
104,104,25786
106,104,25787
109,108,25788
111,110,25789
109,104,25790
112,109,25791
114,114,25792
114,116,25793
115,119,25794
115,122,25795
115,123,25796
115,125,25797
114,129,25798
111,134,25799
112,134,25800
110,137,25801
109,138,25802
104,142,25803
104,143,25804
103,144,25805
101,145,25806
100,146,25807
92,147,25808
91,148,25809
91,149,25810
80,145,25811
80,146,25812
81,147,25813
76,145,25814
71,140,25815
72,143,25816
69,140,25817
66,137,25818
63,133,25819
59,123,25820
59,127,25821
58,125,25822
56,117,25823
55,112,25824
55,118,25825
54,108,25826
54,102,25827
54,100,25828
55,93,25829
56,89,25830
56,87,25831
58,82,25832
60,77,25833
64,71,25834
61,74,25835
67,66,25836
73,61,25837
73,60,25838
78,57,25839
86,53,25840
86,52,25841
93,50,25842
86,51,25843
101,49,25844
101,48,25845
110,49,25846
118,51,25847
117,50,25848
122,52,25849
126,53,25850
134,59,25851
133,57,25852
138,61,25853
142,65,25854
149,74,25855
150,75,25856
149,72,25857
158,92,25858
160,98,25859
159,90,25860
162,107,25861
163,110,25862
163,105,25863
164,120,25864
163,132,25865
164,129,25866
161,143,25867
161,145,25868
157,156,25869
155,161,25870
153,165,25871
148,173,25872
147,175,25873
136,186,25874
137,186,25875
135,188,25876
120,197,25877
117,199,25878
123,197,25879
110,202,25880
103,204,25881
96,205,25882
85,205,25883
88,206,25884
72,203,25885
80,206,25886
67,202,25887
61,200,25888
58,199,25889
48,193,25890
45,191,25891
34,181,25892
31,178,25893
27,173,25894
23,168,25895
22,167,25896
12,144,25897
12,146,25898
10,141,25899
7,128,25900
6,125,25901
5,119,25902
4,106,25903
5,90,25904
5,88,25905
6,81,25906
10,67,25907
9,67,25908
99,115,25909
100,118,25910
98,121,25911
98,123,25912
95,125,25913
95,126,25914
91,127,25915
91,128,25916
85,124,25917
86,127,25918
84,126,25919
84,127,25920
79,121,25921
78,121,25922
76,116,25923
75,116,25924
74,114,25925
74,108,25926
73,108,25927
72,107,25928
72,103,25929
74,96,25930
75,94,25931
73,95,25932
74,92,25933
74,91,25934
81,83,25935
81,81,25936
79,82,25937
91,75,25938
88,75,25939
90,74,25940
88,74,25941
98,72,25942
97,71,25943
101,70,25944
108,71,25945
106,70,25946
116,74,25947
117,73,25948
116,72,25949
125,79,25950
125,78,25951
128,80,25952
132,85,25953
132,84,25954
131,81,25955
140,101,25956
139,95,25957
140,96,25958
143,110,25959
144,109,25960
144,120,25961
145,117,25962
145,124,25963
144,130,25964
145,129,25965
140,145,25966
138,149,25967
142,144,25968
138,151,25969
139,151,25970
124,168,25971
130,164,25972
118,173,25973
128,167,25974
115,176,25975
108,179,25976
107,180,25977
99,182,25978
101,182,25979
95,183,25980
85,183,25981
84,183,25982
77,182,25983
78,183,25984
63,176,25985
58,173,25986
65,179,25987
52,169,25988
49,167,25989
50,169,25990
40,156,25991
36,150,25992
40,159,25993
30,136,25994
29,136,25995
28,134,25996
26,125,25997
25,123,25998
24,110,25999
23,108,26000
24,94,26001
23,96,26002
25,85,26003
32,65,26004
27,75,26005
31,64,26006
37,54,26007
33,59,26008
45,42,26009
44,42,26010
52,34,26011
64,26,26012
49,35,26013
65,24,26014
77,18,26015
78,17,26016
86,15,26017
89,14,26018
95,13,26019
110,13,26020
113,13,26021
123,15,26022
125,15,26023
140,22,26024
141,22,26025
147,26,26026
151,28,26027
157,33,26028
160,35,26029
171,49,26030
173,50,26031
176,55,26032
183,69,26033
184,69,26034
189,84,26035
94,113,26036
91,111,26037
90,106,26038
89,106,26039
90,103,26040
89,102,26041
94,97,26042
91,97,26043
98,95,26044
95,94,26045
98,93,26046
99,92,26047
104,92,26048
106,92,26049
108,93,26050
110,93,26051
112,94,26052
114,95,26053
116,96,26054
118,98,26055
119,99,26056
123,109,26057
121,100,26058
124,109,26059
125,112,26060
126,113,26061
125,125,26062
127,120,26063
127,123,26064
121,137,26065
124,134,26066
125,133,26067
121,141,26068
118,145,26069
121,143,26070
117,148,26071
112,152,26072
110,154,26073
106,156,26074
106,157,26075
101,159,26076
98,160,26077
91,160,26078
91,161,26079
86,161,26080
84,161,26081
85,162,26082
73,157,26083
72,157,26084
73,159,26085
62,149,26086
66,155,26087
60,149,26088
55,143,26089
54,142,26090
53,141,26091
48,130,26092
46,125,26093
46,126,26094
44,119,26095
43,113,26096
43,118,26097
42,104,26098
42,102,26099
44,90,26100
43,90,26101
44,86,26102
50,72,26103
49,72,26104
53,65,26105
56,61,26106
56,60,26107
65,51,26108
64,51,26109
62,52,26110
77,42,26111
85,39,26112
84,39,26113
81,39,26114
95,36,26115
99,35,26116
99,34,26117
114,36,26118
115,36,26119
112,34,26120
135,45,26121
133,42,26122
135,43,26123
140,46,26124
148,53,26125
149,54,26126
156,62,26127
156,61,26128
164,75,26129
164,74,26130
168,83,26131
171,93,26132
171,89,26133
174,104,26134
175,110,26135
175,125,26136
176,121,26137
176,125,26138
170,152,26139
176,134,26140
171,153,26141
166,165,26142
167,165,26143
162,175,26144
152,188,26145
160,179,26146
141,199,26147
139,201,26148
140,201,26149
131,207,26150
117,213,26151
120,213,26152
115,215,26153
102,218,26154
98,219,26155
84,219,26156
77,218,26157
77,219,26158
66,216,26159
60,214,26160
53,211,26161
48,209,26162
100,109,26163
101,109,26164
105,112,26165
106,112,26166
107,116,26167
108,116,26168
108,120,26169
109,120,26170
107,125,26171
108,126,26172
105,130,26173
107,129,26174
102,134,26175
103,134,26176
100,136,26177
97,138,26178
98,138,26179
92,139,26180
92,140,26181
88,140,26182
86,140,26183
82,138,26184
81,138,26185
79,138,26186
75,135,26187
73,133,26188
71,131,26189
68,127,26190
68,128,26191
65,120,26192
64,120,26193
63,116,26194
62,114,26195
61,111,26196
63,99,26197
61,104,26198
63,93,26199
61,98,26200
65,86,26201
63,89,26202
67,81,26203
66,81,26204
71,75,26205
69,75,26206
77,68,26207
75,69,26208
78,66,26209
88,61,26210
89,60,26211
91,59,26212
96,58,26213
97,57,26214
109,58,26215
108,57,26216
110,57,26217
115,58,26218
122,61,26219
124,62,26220
125,62,26221
131,66,26222
134,68,26223
136,70,26224
144,81,26225
145,81,26226
147,85,26227
150,90,26228
151,93,26229
153,98,26230
155,107,26231
156,112,26232
156,118,26233
157,117,26234
156,128,26235
156,131,26236
156,135,26237
151,150,26238
149,155,26239
151,152,26240
147,160,26241
143,167,26242
139,172,26243
139,173,26244
130,181,26245
128,183,26246
123,187,26247
117,190,26248
116,191,26249
104,195,26250
100,196,26251
95,197,26252
89,197,26253
83,197,26254
82,197,26255
72,195,26256
62,191,26257
60,190,26258
50,184,26259
53,187,26260
45,181,26261
35,170,26262
37,173,26263
30,164,26264
29,163,26265
22,150,26266
21,149,26267
17,137,26268
16,136,26269
13,122,26270
12,116,26271
12,106,26272
11,107,26273
13,87,26274
13,85,26275
13,82,26276
17,68,26277
26,49,26278
22,55,26279
26,47,26280
30,41,26281
35,34,26282
40,28,26283
46,22,26284
53,16,26285
56,14,26286
62,10,26287
73,5,26288
81,2,26289
96,118,26290
95,119,26291
92,119,26292
90,120,26293
87,119,26294
86,119,26295
84,115,26296
83,118,26297
82,110,26298
80,113,26299
80,107,26300
80,105,26301
79,104,26302
80,99,26303
81,96,26304
80,97,26305
81,94,26306
84,90,26307
85,88,26308
88,85,26309
87,85,26310
94,82,26311
93,81,26312
95,80,26313
98,79,26314
100,79,26315
104,79,26316
107,79,26317
104,77,26318
118,84,26319
118,83,26320
120,84,26321
120,83,26322
125,88,26323
126,89,26324
128,91,26325
130,94,26326
132,98,26327
135,109,26328
135,105,26329
136,106,26330
137,115,26331
137,123,26332
138,121,26333
137,129,26334
137,131,26335
136,136,26336
133,143,26337
133,144,26338
132,147,26339
129,152,26340
127,155,26341
123,159,26342
121,162,26343
120,163,26344
114,167,26345
112,169,26346
104,172,26347
99,173,26348
100,174,26349
94,175,26350
88,175,26351
87,175,26352
83,175,26353
73,172,26354
68,170,26355
67,170,26356
62,167,26357
59,165,26358
50,156,26359
50,157,26360
47,153,26361
44,149,26362
40,142,26363
37,136,26364
37,138,26365
33,121,26366
32,116,26367
33,128,26368
31,109,26369
31,98,26370
30,103,26371
31,94,26372
34,80,26373
32,85,26374
36,73,26375
39,66,26376
40,63,26377
47,52,26378
48,50,26379
53,44,26380
56,41,26381
62,36,26382
66,33,26383
70,30,26384
85,25,26385
82,25,26386
86,23,26387
100,22,26388
100,21,26389
114,22,26390
116,22,26391
121,23,26392
127,25,26393
129,25,26394
140,31,26395
145,34,26396
151,38,26397
158,45,26398
158,44,26399
167,56,26400
170,60,26401
173,65,26402
179,78,26403
179,76,26404
185,103,26405
184,93,26406
186,102,26407
187,113,26408
187,129,26409
188,122,26410
186,139,26411
185,146,26412
183,154,26413
180,164,26414
178,169,26415
173,180,26416
94,108,26417
94,107,26418
96,104,26419
96,102,26420
100,101,26421
101,99,26422
104,100,26423
105,99,26424
109,103,26425
109,101,26426
111,102,26427
112,101,26428
115,108,26429
116,109,26430
117,111,26431
118,113,26432
119,114,26433
118,123,26434
119,123,26435
120,121,26436
120,123,26437
116,133,26438
116,135,26439
117,134,26440
115,138,26441
114,140,26442
109,144,26443
109,145,26444
109,146,26445
98,150,26446
99,151,26447
98,152,26448
92,152,26449
87,152,26450
91,154,26451
85,153,26452
79,151,26453
80,152,26454
70,145,26455
73,149,26456
71,148,26457
64,141,26458
62,139,26459
61,139,26460
57,132,26461
56,131,26462
57,135,26463
52,117,26464
51,116,26465
51,120,26466
50,109,26467
49,109,26468
51,94,26469
49,101,26470
50,92,26471
54,81,26472
51,86,26473
57,74,26474
61,68,26475
58,70,26476
63,64,26477
61,65,26478
75,54,26479
70,56,26480
83,49,26481
74,52,26482
86,47,26483
94,45,26484
94,44,26485
102,44,26486
110,44,26487
109,43,26488
117,45,26489
123,47,26490
126,48,26491
126,47,26492
138,56,26493
143,60,26494
137,53,26495
148,65,26496
150,67,26497
152,68,26498
160,85,26499
161,86,26500
161,83,26501
166,106,26502
166,101,26503
167,105,26504
168,113,26505
168,122,26506
168,130,26507
168,132,26508
166,142,26509
165,148,26510
164,151,26511
153,172,26512
159,164,26513
154,173,26514
147,182,26515
149,181,26516
138,191,26517
137,193,26518
132,197,26519
114,205,26520
125,202,26521
118,205,26522
103,209,26523
101,210,26524
94,211,26525
81,210,26526
82,211,26527
73,209,26528
65,207,26529
60,205,26530
54,203,26531
41,193,26532
39,192,26533
33,187,26534
32,187,26535
26,180,26536
18,169,26537
12,157,26538
13,161,26539
7,146,26540
4,136,26541
4,138,26542
1,122,26543
100,113,26544
102,116,26545
102,119,26546
103,120,26547
101,124,26548
101,126,26549
97,128,26550
100,128,26551
92,129,26552
95,131,26553
91,132,26554
90,132,26555
86,131,26556
83,130,26557
81,129,26558
80,129,26559
78,127,26560
77,127,26561
74,123,26562
73,121,26563
72,121,26564
70,113,26565
70,117,26566
69,112,26567
68,109,26568
68,105,26569
70,95,26570
68,99,26571
68,96,26572
74,86,26573
72,87,26574
73,84,26575
74,82,26576
82,75,26577
76,78,26578
80,75,26579
86,71,26580
86,70,26581
93,68,26582
95,67,26583
97,66,26584
101,65,26585
108,66,26586
110,66,26587
111,66,26588
116,67,26589
113,65,26590
127,74,26591
129,75,26592
127,72,26593
136,83,26594
133,77,26595
138,84,26596
141,90,26597
143,93,26598
143,91,26599
147,105,26600
148,110,26601
148,119,26602
149,113,26603
149,125,26604
149,128,26605
148,135,26606
148,136,26607
143,149,26608
146,145,26609
143,151,26610
137,161,26611
137,162,26612
135,165,26613
128,172,26614
130,171,26615
119,179,26616
119,180,26617
116,182,26618
108,185,26619
100,187,26620
96,188,26621
100,188,26622
89,189,26623
82,188,26624
84,189,26625
69,185,26626
65,183,26627
70,187,26628
48,171,26629
53,177,26630
48,173,26631
43,168,26632
39,163,26633
33,154,26634
33,155,26635
30,150,26636
24,135,26637
23,132,26638
21,124,26639
20,117,26640
19,115,26641
19,104,26642
18,104,26643
21,84,26644
20,86,26645
21,80,26646
33,53,26647
21,75,26648
32,53,26649
34,49,26650
34,48,26651
38,42,26652
48,31,26653
52,27,26654
64,19,26655
69,16,26656
62,19,26657
78,12,26658
93,9,26659
93,8,26660
102,8,26661
106,7,26662
108,7,26663
116,8,26664
130,12,26665
130,11,26666
141,16,26667
152,23,26668
151,22,26669
157,26,26670
93,115,26671
90,114,26672
89,112,26673
87,110,26674
87,108,26675
85,107,26676
86,104,26677
85,103,26678
90,96,26679
86,98,26680
90,94,26681
90,93,26682
95,90,26683
95,89,26684
98,88,26685
99,88,26686
101,87,26687
104,87,26688
104,86,26689
106,86,26690
110,87,26691
116,92,26692
113,88,26693
119,93,26694
120,94,26695
122,96,26696
125,100,26697
126,103,26698
127,102,26699
129,114,26700
129,109,26701
130,115,26702
131,116,26703
129,128,26704
131,125,26705
130,130,26706
127,138,26707
128,137,26708
124,144,26709
126,143,26710
122,148,26711
119,152,26712
116,155,26713
119,154,26714
111,159,26715
109,161,26716
108,162,26717
101,164,26718
99,165,26719
97,166,26720
89,166,26721
90,167,26722
80,165,26723
78,165,26724
76,165,26725
71,163,26726
65,159,26727
61,156,26728
59,155,26729
54,149,26730
55,151,26731
50,145,26732
45,134,26733
44,134,26734
43,131,26735
41,124,26736
39,117,26737
39,106,26738
38,110,26739
38,102,26740
38,99,26741
38,93,26742
41,82,26743
41,80,26744
41,79,26745
46,68,26746
51,60,26747
51,59,26748
54,55,26749
58,50,26750
65,44,26751
63,45,26752
74,38,26753
78,36,26754
78,35,26755
94,31,26756
91,31,26757
98,30,26758
102,29,26759
115,31,26760
117,31,26761
120,31,26762
125,33,26763
137,39,26764
136,38,26765
145,44,26766
153,52,26767
150,47,26768
159,58,26769
162,62,26770
167,70,26771
171,78,26772
173,83,26773
176,92,26774
176,91,26775
179,107,26776
179,105,26777
180,114,26778
180,126,26779
179,136,26780
180,135,26781
175,154,26782
173,161,26783
175,157,26784
168,173,26785
162,182,26786
161,185,26787
157,190,26788
149,199,26789
146,202,26790
139,208,26791
134,211,26792
123,217,26793
118,219,26794
109,222,26795
106,223,26796
100,224,26797
97,109,26798
99,107,26799
102,106,26800
105,107,26801
107,108,26802
108,109,26803
109,111,26804
111,111,26805
111,116,26806
112,116,26807
112,120,26808
113,121,26809
112,125,26810
111,128,26811
111,129,26812
109,133,26813
107,136,26814
106,137,26815
104,139,26816
103,140,26817
100,142,26818
95,143,26819
96,144,26820
94,145,26821
90,145,26822
88,145,26823
84,144,26824
81,144,26825
79,143,26826
75,140,26827
72,138,26828
70,137,26829
68,135,26830
64,129,26831
64,130,26832
62,126,26833
61,124,26834
59,119,26835
58,111,26836
57,112,26837
57,105,26838
56,106,26839
57,99,26840
57,96,26841
59,88,26842
59,87,26843
61,82,26844
65,75,26845
65,74,26846
68,70,26847
70,68,26848
75,63,26849
79,60,26850
76,61,26851
83,57,26852
85,56,26853
89,54,26854
99,53,26855
101,52,26856
101,51,26857
109,52,26858
115,53,26859
119,54,26860
121,55,26861
126,57,26862
132,61,26863
135,63,26864
142,70,26865
141,68,26866
147,76,26867
147,75,26868
151,82,26869
154,88,26870
157,96,26871
158,99,26872
159,100,26873
160,115,26874
161,117,26875
161,123,26876
161,127,26877
160,135,26878
159,140,26879
157,148,26880
156,151,26881
154,157,26882
152,161,26883
145,172,26884
143,175,26885
134,184,26886
138,181,26887
127,190,26888
126,191,26889
119,195,26890
117,196,26891
110,199,26892
96,201,26893
95,202,26894
86,202,26895
83,202,26896
80,202,26897
68,199,26898
67,199,26899
60,196,26900
53,192,26901
53,193,26902
41,184,26903
38,181,26904
32,175,26905
27,168,26906
24,164,26907
18,153,26908
15,146,26909
12,137,26910
11,134,26911
11,137,26912
8,111,26913
7,111,26914
7,103,26915
7,95,26916
8,87,26917
10,77,26918
11,72,26919
13,65,26920
18,53,26921
23,43,26922
26,38,26923
30,32,26924
98,115,26925
98,119,26926
96,121,26927
95,123,26928
91,124,26929
89,124,26930
87,123,26931
88,125,26932
82,118,26933
82,122,26934
80,119,26935
79,119,26936
78,114,26937
77,113,26938
76,109,26939
75,109,26940
75,106,26941
76,100,26942
75,101,26943
76,96,26944
75,97,26945
80,89,26946
79,89,26947
79,87,26948
82,84,26949
83,82,26950
89,79,26951
89,78,26952
89,77,26953
99,75,26954
99,74,26955
102,74,26956
107,74,26957
108,74,26958
108,73,26959
114,75,26960
118,77,26961
119,77,26962
128,86,26963
127,83,26964
126,81,26965
133,91,26966
134,93,26967
133,89,26968
139,105,26969
139,102,26970
138,96,26971
141,115,26972
142,114,26973
142,123,26974
142,124,26975
143,122,26976
139,139,26977
141,135,26978
140,140,26979
135,150,26980
136,150,26981
130,158,26982
125,163,26983
130,160,26984
121,168,26985
125,166,26986
111,174,26987
113,174,26988
100,178,26989
106,178,26990
97,179,26991
92,180,26992
86,180,26993
80,179,26994
78,179,26995
73,178,26996
69,176,26997
61,172,26998
57,169,26999
59,172,27000
50,163,27001
43,154,27002
46,161,27003
38,147,27004
35,142,27005
38,150,27006
31,131,27007
29,126,27008
30,134,27009
27,110,27010
26,111,27011
26,104,27012
26,99,27013
28,87,27014
28,83,27015
30,76,27016
34,66,27017
31,71,27018
37,59,27019
49,43,27020
42,50,27021
47,43,27022
56,35,27023
56,34,27024
67,27,27025
67,26,27026
75,22,27027
91,18,27028
80,19,27029
97,16,27030
106,16,27031
102,15,27032
112,16,27033
125,19,27034
124,18,27035
136,23,27036
145,28,27037
148,30,27038
149,30,27039
162,43,27040
162,42,27041
170,52,27042
172,54,27043
178,64,27044
179,65,27045
187,89,27046
185,79,27047
189,95,27048
191,108,27049
191,103,27050
192,116,27051
94,112,27052
92,109,27053
92,105,27054
92,102,27055
94,100,27056
93,99,27057
98,97,27058
96,96,27059
103,96,27060
101,94,27061
105,95,27062
106,94,27063
111,98,27064
110,96,27065
114,99,27066
116,101,27067
116,100,27068
118,103,27069
119,104,27070
121,108,27071
122,110,27072
122,118,27073
123,119,27074
124,118,27075
124,121,27076
124,123,27077
120,135,27078
122,133,27079
123,133,27080
114,144,27081
118,142,27082
116,144,27083
113,148,27084
108,151,27085
110,151,27086
104,154,27087
102,155,27088
98,157,27089
89,157,27090
94,158,27091
87,158,27092
85,158,27093
78,156,27094
75,155,27095
73,154,27096
70,153,27097
70,154,27098
60,143,27099
60,144,27100
62,148,27101
55,137,27102
54,137,27103
51,131,27104
49,125,27105
48,124,27106
47,121,27107
46,114,27108
45,108,27109
46,99,27110
44,105,27111
46,92,27112
46,90,27113
50,79,27114
48,82,27115
56,67,27116
51,73,27117
58,63,27118
67,54,27119
62,57,27120
69,51,27121
72,49,27122
74,47,27123
85,42,27124
83,42,27125
88,40,27126
94,39,27127
102,38,27128
110,39,27129
110,38,27130
115,39,27131
124,42,27132
121,40,27133
133,46,27134
138,49,27135
131,43,27136
153,65,27137
147,56,27138
154,64,27139
155,65,27140
160,73,27141
166,86,27142
166,85,27143
169,93,27144
171,105,27145
172,107,27146
172,122,27147
173,119,27148
173,125,27149
171,139,27150
172,137,27151
167,155,27152
169,151,27153
165,162,27154
154,179,27155
164,166,27156
151,185,27157
146,190,27158
143,194,27159
142,195,27160
130,204,27161
132,203,27162
117,210,27163
113,212,27164
115,212,27165
101,215,27166
89,216,27167
86,216,27168
72,214,27169
74,215,27170
69,214,27171
54,208,27172
46,203,27173
49,206,27174
38,198,27175
32,193,27176
27,188,27177
22,183,27178
99,111,27179
102,111,27180
104,116,27181
105,114,27182
105,121,27183
106,122,27184
104,125,27185
106,125,27186
102,129,27187
104,129,27188
100,132,27189
102,132,27190
96,135,27191
95,136,27192
91,136,27193
91,137,27194
88,137,27195
83,135,27196
83,136,27197
82,136,27198
79,134,27199
75,130,27200
75,132,27201
72,128,27202
70,125,27203
68,122,27204
67,120,27205
66,116,27206
65,115,27207
65,104,27208
64,105,27209
63,106,27210
63,103,27211
67,90,27212
63,98,27213
67,87,27214
68,85,27215
69,82,27216
74,76,27217
74,75,27218
78,71,27219
79,70,27220
81,68,27221
81,67,27222
91,63,27223
93,62,27224
93,61,27225
103,61,27226
104,60,27227
107,60,27228
111,61,27229
112,60,27230
121,64,27231
125,66,27232
124,65,27233
129,68,27234
136,75,27235
138,77,27236
140,79,27237
142,82,27238
145,87,27239
146,87,27240
151,104,27241
151,101,27242
152,106,27243
153,110,27244
154,116,27245
153,127,27246
154,126,27247
152,136,27248
152,138,27249
151,144,27250
146,154,27251
148,152,27252
147,155,27253
137,169,27254
135,172,27255
130,177,27256
132,176,27257
124,182,27258
119,185,27259
121,185,27260
109,190,27261
101,192,27262
102,193,27263
89,193,27264
89,194,27265
85,194,27266
82,194,27267
66,189,27268
63,188,27269
60,187,27270
56,185,27271
47,178,27272
45,177,27273
37,168,27274
34,164,27275
33,164,27276
26,152,27277
25,150,27278
22,143,27279
19,135,27280
17,128,27281
16,99,27282
15,119,27283
14,107,27284
15,95,27285
14,95,27286
16,84,27287
18,75,27288
18,72,27289
28,51,27290
26,53,27291
27,51,27292
35,39,27293
44,29,27294
43,29,27295
48,24,27296
61,15,27297
62,14,27298
66,11,27299
74,8,27300
87,4,27301
91,3,27302
98,2,27303
106,2,27304
112,2,27305
96,115,27306
92,118,27307
89,117,27308
87,116,27309
86,116,27310
84,113,27311
83,110,27312
82,112,27313
83,104,27314
81,106,27315
82,102,27316
83,99,27317
83,97,27318
84,94,27319
87,91,27320
87,90,27321
88,88,27322
90,87,27323
93,85,27324
95,84,27325
96,83,27326
105,83,27327
101,81,27328
107,82,27329
110,83,27330
109,82,27331
114,84,27332
117,86,27333
117,85,27334
122,90,27335
123,90,27336
127,96,27337
128,96,27338
130,99,27339
132,105,27340
133,107,27341
134,112,27342
134,115,27343
134,123,27344
135,120,27345
135,124,27346
134,130,27347
133,135,27348
133,137,27349
130,144,27350
129,146,27351
127,150,27352
122,155,27353
122,156,27354
120,159,27355
114,163,27356
112,165,27357
110,166,27358
106,168,27359
101,170,27360
97,171,27361
91,171,27362
85,171,27363
82,171,27364
80,171,27365
76,170,27366
71,168,27367
65,165,27368
63,164,27369
59,161,27370
53,155,27371
50,152,27372
47,148,27373
46,147,27374
43,142,27375
41,138,27376
38,131,27377
36,124,27378
35,121,27379
34,114,27380
34,100,27381
34,96,27382
34,94,27383
34,91,27384
36,82,27385
37,78,27386
39,72,27387
43,64,27388
46,59,27389
47,56,27390
53,49,27391
60,42,27392
61,41,27393
66,37,27394
67,36,27395
78,30,27396
81,29,27397
86,27,27398
94,25,27399
100,25,27400
109,25,27401
112,25,27402
115,25,27403
123,27,27404
129,29,27405
134,31,27406
139,34,27407
147,39,27408
153,45,27409
157,48,27410
162,54,27411
163,55,27412
170,66,27413
171,67,27414
177,80,27415
180,89,27416
182,97,27417
183,103,27418
184,109,27419
184,126,27420
184,130,27421
184,135,27422
183,141,27423
181,151,27424
180,155,27425
176,167,27426
173,173,27427
170,179,27428
163,190,27429
159,195,27430
155,200,27431
149,206,27432
95,109,27433
97,105,27434
98,104,27435
100,102,27436
104,103,27437
105,102,27438
107,104,27439
108,102,27440
111,108,27441
111,105,27442
113,109,27443
114,107,27444
115,115,27445
116,116,27446
117,118,27447
117,121,27448
117,122,27449
115,128,27450
115,131,27451
115,132,27452
114,134,27453
109,139,27454
111,139,27455
109,141,27456
106,144,27457
105,145,27458
97,148,27459
99,148,27460
97,149,27461
85,148,27462
88,150,27463
87,150,27464
83,149,27465
78,147,27466
79,149,27467
74,146,27468
70,143,27469
68,142,27470
61,131,27471
62,135,27472
62,136,27473
58,128,27474
56,122,27475
56,126,27476
54,115,27477
53,113,27478
53,118,27479
52,105,27480
53,97,27481
53,94,27482
54,89,27483
53,91,27484
58,79,27485
56,81,27486
59,75,27487
63,69,27488
63,68,27489
69,62,27490
74,58,27491
71,59,27492
79,54,27493
75,55,27494
92,49,27495
92,48,27496
99,47,27497
106,47,27498
105,46,27499
114,48,27500
114,47,27501
124,51,27502
121,49,27503
128,52,27504
135,57,27505
139,60,27506
145,66,27507
141,60,27508
152,76,27509
154,79,27510
151,71,27511
160,92,27512
160,91,27513
160,88,27514
164,109,27515
165,111,27516
165,105,27517
165,126,27518
165,131,27519
164,138,27520
163,144,27521
161,150,27522
159,156,27523
160,155,27524
151,171,27525
152,171,27526
147,178,27527
136,188,27528
140,186,27529
132,193,27530
125,197,27531
123,199,27532
109,204,27533
112,204,27534
105,206,27535
91,207,27536
97,208,27537
82,207,27538
79,207,27539
76,207,27540
63,203,27541
53,198,27542
55,200,27543
44,192,27544
39,188,27545
35,185,27546
33,184,27547
20,165,27548
18,163,27549
16,159,27550
14,156,27551
11,149,27552
7,137,27553
4,121,27554
4,127,27555
3,109,27556
2,106,27557
4,87,27558
2,96,27559
98,113,27560
101,118,27561
99,122,27562
100,122,27563
98,125,27564
96,127,27565
95,127,27566
94,129,27567
88,127,27568
88,129,27569
87,129,27570
85,129,27571
81,125,27572
80,125,27573
77,121,27574
76,121,27575
75,120,27576
74,117,27577
73,116,27578
72,112,27579
71,111,27580
71,104,27581
72,100,27582
70,103,27583
71,98,27584
71,95,27585
77,86,27586
75,87,27587
73,88,27588
82,79,27589
80,79,27590
81,78,27591
84,75,27592
92,72,27593
89,72,27594
94,70,27595
98,69,27596
101,69,27597
112,71,27598
105,68,27599
112,69,27600
114,70,27601
120,73,27602
121,73,27603
126,76,27604
127,77,27605
127,75,27606
137,90,27607
137,88,27608
137,87,27609
141,97,27610
142,97,27611
144,102,27612
145,109,27613
146,111,27614
146,123,27615
147,119,27616
145,133,27617
144,137,27618
147,130,27619
144,140,27620
143,145,27621
137,155,27622
140,152,27623
130,165,27624
136,160,27625
126,170,27626
122,173,27627
122,174,27628
117,177,27629
114,179,27630
107,182,27631
100,184,27632
97,185,27633
92,185,27634
90,186,27635
78,184,27636
72,182,27637
74,184,27638
62,178,27639
58,176,27640
63,180,27641
50,170,27642
45,165,27643
51,173,27644
36,152,27645
36,154,27646
35,153,27647
29,141,27648
28,139,27649
25,127,27650
23,119,27651
23,123,27652
22,112,27653
21,106,27654
25,82,27655
22,91,27656
23,85,27657
27,71,27658
28,67,27659
32,59,27660
34,54,27661
37,49,27662
51,34,27663
35,50,27664
54,30,27665
62,24,27666
59,25,27667
66,21,27668
76,16,27669
78,15,27670
92,12,27671
96,11,27672
107,11,27673
103,10,27674
117,12,27675
124,13,27676
132,16,27677
134,16,27678
145,22,27679
146,22,27680
160,34,27681
158,31,27682
165,38,27683
173,48,27684
173,47,27685
181,60,27686
96,113,27687
90,111,27688
90,109,27689
88,108,27690
89,103,27691
87,105,27692
90,100,27693
88,100,27694
94,95,27695
91,95,27696
95,93,27697
96,91,27698
100,91,27699
101,90,27700
106,91,27701
106,90,27702
108,90,27703
112,92,27704
113,92,27705
115,93,27706
117,95,27707
121,101,27708
120,96,27709
123,103,27710
125,107,27711
125,105,27712
126,116,27713
127,114,27714
128,113,27715
126,127,27716
127,127,27717
128,127,27718
127,131,27719
124,138,27720
127,134,27721
123,142,27722
119,147,27723
117,150,27724
112,154,27725
116,152,27726
109,157,27727
107,158,27728
102,160,27729
106,160,27730
96,162,27731
94,163,27732
94,164,27733
83,162,27734
81,162,27735
80,163,27736
71,158,27737
76,162,27738
66,156,27739
62,153,27740
61,153,27741
58,150,27742
53,143,27743
52,142,27744
49,137,27745
47,133,27746
45,128,27747
44,128,27748
42,113,27749
41,114,27750
41,103,27751
40,106,27752
41,95,27753
44,83,27754
41,91,27755
46,76,27756
47,73,27757
46,74,27758
53,62,27759
53,61,27760
54,59,27761
62,51,27762
68,46,27763
70,44,27764
72,42,27765
81,38,27766
86,36,27767
86,35,27768
100,34,27769
100,33,27770
98,32,27771
119,36,27772
120,35,27773
122,35,27774
129,38,27775
139,44,27776
140,44,27777
143,46,27778
147,49,27779
157,61,27780
158,61,27781
161,66,27782
167,78,27783
165,71,27784
171,86,27785
173,92,27786
175,100,27787
176,104,27788
177,112,27789
175,137,27790
178,118,27791
177,132,27792
173,150,27793
176,143,27794
172,156,27795
164,173,27796
169,166,27797
160,180,27798
155,187,27799
155,188,27800
148,196,27801
133,207,27802
136,206,27803
132,209,27804
124,213,27805
117,216,27806
113,218,27807
102,220,27808
97,221,27809
82,221,27810
75,220,27811
74,220,27812
71,220,27813
97,111,27814
101,108,27815
104,109,27816
106,110,27817
107,112,27818
108,112,27819
109,116,27820
110,118,27821
109,122,27822
110,123,27823
108,128,27824
109,127,27825
106,132,27826
106,133,27827
105,134,27828
102,137,27829
101,138,27830
99,139,27831
96,140,27832
94,141,27833
92,142,27834
87,141,27835
87,142,27836
83,141,27837
81,140,27838
78,139,27839
75,137,27840
73,136,27841
70,133,27842
67,127,27843
67,129,27844
64,123,27845
63,122,27846
62,118,27847
61,117,27848
60,112,27849
60,104,27850
59,105,27851
60,99,27852
60,95,27853
63,87,27854
62,87,27855
66,80,27856
64,81,27857
68,75,27858
70,72,27859
71,71,27860
76,66,27861
77,65,27862
79,63,27863
87,59,27864
86,59,27865
92,57,27866
95,56,27867
99,55,27868
105,55,27869
107,55,27870
113,56,27871
120,58,27872
121,58,27873
127,61,27874
129,62,27875
135,67,27876
137,69,27877
141,73,27878
145,78,27879
148,83,27880
149,84,27881
153,93,27882
154,96,27883
155,98,27884
157,107,27885
158,113,27886
158,120,27887
159,119,27888
157,134,27889
156,140,27890
156,141,27891
153,151,27892
152,154,27893
150,158,27894
148,163,27895
142,171,27896
140,174,27897
137,178,27898
131,183,27899
126,187,27900
119,191,27901
113,194,27902
114,194,27903
105,197,27904
100,198,27905
95,199,27906
87,199,27907
78,198,27908
74,197,27909
69,196,27910
63,194,27911
57,191,27912
48,185,27913
46,184,27914
41,179,27915
39,178,27916
30,167,27917
28,165,27918
24,158,27919
20,151,27920
17,143,27921
16,141,27922
12,126,27923
11,121,27924
10,112,27925
10,106,27926
9,105,27927
11,88,27928
13,78,27929
13,75,27930
16,65,27931
19,58,27932
21,53,27933
27,42,27934
31,36,27935
35,31,27936
40,25,27937
43,22,27938
54,13,27939
55,12,27940
97,116,27941
96,119,27942
92,121,27943
91,122,27944
90,122,27945
87,121,27946
84,118,27947
84,121,27948
81,113,27949
81,117,27950
79,113,27951
79,109,27952
78,107,27953
78,105,27954
78,102,27955
77,103,27956
78,98,27957
82,91,27958
80,92,27959
82,89,27960
83,87,27961
87,84,27962
87,83,27963
88,82,27964
94,79,27965
95,78,27966
100,78,27967
102,77,27968
100,76,27969
111,79,27970
111,78,27971
114,79,27972
116,79,27973
119,81,27974
122,83,27975
124,84,27976
128,89,27977
129,90,27978
133,98,27979
133,96,27980
135,99,27981
137,108,27982
138,111,27983
138,106,27984
139,116,27985
139,124,27986
140,122,27987
138,132,27988
138,134,27989
138,135,27990
135,144,27991
135,145,27992
130,153,27993
132,151,27994
128,157,27995
123,162,27996
124,162,27997
112,170,27998
108,172,27999
112,171,28000
105,174,28001
105,175,28002
94,176,28003
94,177,28004
89,177,28005
81,176,28006
78,176,28007
70,173,28008
69,173,28009
64,170,28010
61,169,28011
56,165,28012
50,159,28013
45,153,28014
44,152,28015
45,155,28016
37,139,28017
34,131,28018
37,143,28019
31,120,28020
30,117,28021
30,123,28022
29,107,28023
29,101,28024
28,103,28025
32,81,28026
31,82,28027
34,73,28028
36,68,28029
38,63,28030
42,56,28031
43,54,28032
49,46,28033
49,45,28034
54,40,28035
69,30,28036
71,28,28037
71,27,28038
86,22,28039
88,21,28040
94,20,28041
97,19,28042
106,19,28043
114,20,28044
106,18,28045
127,23,28046
128,23,28047
134,25,28048
144,31,28049
151,36,28050
155,40,28051
159,43,28052
164,49,28053
166,51,28054
172,59,28055
179,75,28056
181,78,28057
184,86,28058
185,90,28059
187,98,28060
188,102,28061
189,118,28062
189,124,28063
189,131,28064
187,145,28065
185,153,28066
187,148,28067
93,109,28068
93,107,28069
95,103,28070
95,101,28071
99,100,28072
97,99,28073
101,98,28074
101,97,28075
106,99,28076
107,98,28077
109,99,28078
110,98,28079
114,104,28080
114,102,28081
116,106,28082
118,108,28083
119,110,28084
120,114,28085
120,117,28086
121,116,28087
121,120,28088
119,129,28089
120,128,28090
120,130,28091
120,131,28092
119,134,28093
113,142,28094
114,142,28095
115,142,28096
106,148,28097
105,150,28098
106,150,28099
103,152,28100
95,153,28101
98,154,28102
93,155,28103
88,155,28104
87,155,28105
76,151,28106
82,155,28107
77,153,28108
73,151,28109
69,148,28110
67,147,28111
63,143,28112
60,140,28113
62,144,28114
53,126,28115
53,128,28116
53,130,28117
50,117,28118
49,117,28119
49,106,28120
48,109,28121
47,107,28122
49,94,28123
47,101,28124
51,85,28125
54,78,28126
50,84,28127
55,73,28128
54,73,28129
64,61,28130
61,63,28131
69,56,28132
68,55,28133
76,50,28134
82,47,28135
82,46,28136
88,44,28137
90,43,28138
95,42,28139
102,41,28140
111,42,28141
113,42,28142
111,41,28143
125,46,28144
134,51,28145
124,44,28146
139,54,28147
142,56,28148
141,54,28149
152,67,28150
153,68,28151
150,62,28152
163,88,28153
164,89,28154
164,87,28155
167,98,28156
168,100,28157
169,110,28158
170,114,28159
170,122,28160
170,129,28161
170,131,28162
162,158,28163
166,151,28164
165,154,28165
158,168,28166
160,167,28167
152,178,28168
151,181,28169
148,185,28170
128,200,28171
142,192,28172
127,202,28173
119,206,28174
120,206,28175
109,210,28176
110,210,28177
101,212,28178
90,213,28179
88,213,28180
73,211,28181
74,212,28182
56,205,28183
53,204,28184
47,200,28185
47,201,28186
39,195,28187
33,190,28188
22,177,28189
24,181,28190
16,169,28191
12,161,28192
11,161,28193
5,146,28194
99,112,28195
102,113,28196
103,119,28197
104,118,28198
103,122,28199
104,124,28200
100,127,28201
103,127,28202
96,130,28203
99,131,28204
95,132,28205
95,133,28206
90,133,28207
87,133,28208
84,132,28209
86,134,28210
82,132,28211
81,132,28212
78,130,28213
75,127,28214
73,125,28215
71,120,28216
71,123,28217
69,118,28218
68,114,28219
67,113,28220
68,100,28221
66,107,28222
66,105,28223
71,90,28224
68,94,28225
67,94,28226
69,89,28227
74,81,28228
71,83,28229
75,78,28230
79,74,28231
78,74,28232
86,69,28233
90,67,28234
91,66,28235
94,65,28236
97,64,28237
100,64,28238
103,63,28239
104,63,28240
109,63,28241
118,67,28242
120,67,28243
119,66,28244
128,72,28245
123,67,28246
132,75,28247
136,79,28248
137,80,28249
139,82,28250
144,92,28251
145,93,28252
147,98,28253
148,101,28254
150,109,28255
150,105,28256
151,119,28257
151,124,28258
149,136,28259
151,131,28260
149,140,28261
145,150,28262
145,151,28263
143,156,28264
139,162,28265
139,163,28266
132,171,28267
132,172,28268
130,174,28269
118,182,28270
112,185,28271
110,186,28272
115,185,28273
100,189,28274
96,190,28275
96,191,28276
84,190,28277
80,190,28278
88,192,28279
61,182,28280
68,187,28281
59,183,28282
54,180,28283
48,175,28284
42,169,28285
40,167,28286
40,168,28287
32,156,28288
28,150,28289
26,145,28290
23,137,28291
21,133,28292
20,128,28293
18,117,28294
18,98,28295
17,105,28296
17,97,28297
23,72,28298
16,97,28299
22,72,28300
26,61,28301
23,66,28302
27,57,28303
40,38,28304
30,50,28305
46,31,28306
46,30,28307
49,27,28308
61,18,28309
75,12,28310
70,13,28311
80,9,28312
84,8,28313
94,6,28314
97,5,28315
110,6,28316
110,5,28317
121,7,28318
131,10,28319
137,12,28320
138,12,28321
95,115,28322
90,115,28323
89,114,28324
87,113,28325
86,110,28326
85,110,28327
85,106,28328
84,106,28329
87,98,28330
84,100,28331
87,96,28332
86,96,28333
90,92,28334
91,90,28335
95,88,28336
93,88,28337
96,86,28338
101,86,28339
100,85,28340
103,85,28341
105,84,28342
111,87,28343
111,86,28344
114,87,28345
117,89,28346
119,90,28347
123,95,28348
125,98,28349
123,93,28350
128,105,28351
128,101,28352
130,109,28353
131,110,28354
131,120,28355
132,115,28356
133,118,28357
131,129,28358
132,128,28359
128,139,28360
131,134,28361
127,142,28362
128,142,28363
123,149,28364
126,147,28365
120,154,28366
117,157,28367
118,157,28368
108,163,28369
107,164,28370
106,165,28371
97,167,28372
98,168,28373
89,168,28374
90,169,28375
87,169,28376
82,168,28377
73,165,28378
67,162,28379
69,164,28380
64,161,28381
60,158,28382
54,152,28383
53,151,28384
49,146,28385
46,141,28386
44,138,28387
42,133,28388
41,131,28389
39,124,28390
37,115,28391
37,108,28392
36,110,28393
37,96,28394
36,99,28395
36,95,28396
40,79,28397
43,72,28398
43,70,28399
45,66,28400
47,62,28401
52,55,28402
53,53,28403
59,47,28404
63,43,28405
65,41,28406
74,36,28407
76,34,28408
84,31,28409
91,29,28410
96,28,28411
106,28,28412
103,27,28413
112,28,28414
118,29,28415
127,32,28416
132,34,28417
139,38,28418
134,34,28419
147,43,28420
152,48,28421
154,49,28422
159,55,28423
165,63,28424
169,70,28425
171,73,28426
174,81,28427
177,88,28428
179,97,28429
180,100,28430
181,126,28431
182,114,28432
181,131,28433
181,136,28434
181,138,28435
177,154,28436
172,167,28437
174,164,28438
171,171,28439
162,186,28440
163,185,28441
157,193,28442
151,200,28443
143,207,28444
136,212,28445
135,213,28446
126,218,28447
120,221,28448
96,110,28449
99,106,28450
102,105,28451
103,104,28452
105,105,28453
107,106,28454
109,109,28455
110,107,28456
112,114,28457
113,112,28458
113,117,28459
114,118,28460
114,121,28461
114,123,28462
113,127,28463
113,129,28464
112,131,28465
111,133,28466
109,136,28467
107,139,28468
105,141,28469
102,142,28470
102,143,28471
99,145,28472
96,146,28473
93,146,28474
88,146,28475
88,147,28476
85,147,28477
76,142,28478
76,143,28479
75,143,28480
73,142,28481
67,135,28482
69,139,28483
67,137,28484
64,133,28485
61,128,28486
58,117,28487
58,121,28488
57,120,28489
56,113,28490
55,108,28491
55,104,28492
55,101,28493
55,99,28494
56,93,28495
57,88,28496
58,85,28497
61,78,28498
63,74,28499
65,71,28500
69,66,28501
67,67,28502
74,61,28503
77,59,28504
79,57,28505
88,53,28506
92,52,28507
92,51,28508
97,50,28509
102,50,28510
107,50,28511
111,50,28512
115,51,28513
121,53,28514
124,54,28515
128,56,28516
129,56,28517
140,65,28518
140,64,28519
145,70,28520
148,74,28521
151,79,28522
155,86,28523
154,82,28524
159,99,28525
160,102,28526
160,96,28527
162,114,28528
163,117,28529
163,121,28530
162,133,28531
161,139,28532
161,142,28533
158,150,28534
155,158,28535
153,163,28536
149,169,28537
149,170,28538
142,179,28539
141,181,28540
130,190,28541
132,189,28542
128,192,28543
112,199,28544
112,200,28545
108,202,28546
100,203,28547
95,204,28548
86,204,28549
81,204,28550
74,203,28551
63,199,28552
68,202,28553
54,195,28554
52,194,28555
44,189,28556
34,179,28557
37,183,28558
28,173,28559
25,168,28560
22,164,28561
17,155,28562
17,157,28563
9,129,28564
9,133,28565
8,130,28566
6,114,28567
5,110,28568
5,104,28569
6,89,28570
7,83,28571
9,73,28572
9,72,28573
14,58,28574
15,54,28575
99,117,28576
99,119,28577
97,121,28578
96,124,28579
93,125,28580
93,126,28581
90,126,28582
90,127,28583
84,122,28584
84,125,28585
83,124,28586
81,124,28587
78,118,28588
77,117,28589
76,113,28590
75,114,28591
74,112,28592
74,106,28593
73,105,28594
73,104,28595
73,101,28596
76,93,28597
77,91,28598
75,92,28599
77,88,28600
78,86,28601
84,81,28602
84,80,28603
82,80,28604
93,75,28605
93,74,28606
95,73,28607
93,73,28608
102,72,28609
101,71,28610
104,71,28611
112,73,28612
114,73,28613
122,79,28614
121,77,28615
120,75,28616
130,85,28617
130,84,28618
129,82,28619
135,91,28620
136,92,28621
136,89,28622
141,108,28623
141,104,28624
142,104,28625
143,115,28626
144,114,28627
143,127,28628
144,126,28629
144,127,28630
142,136,28631
142,139,28632
137,149,28633
133,156,28634
138,150,28635
131,160,28636
133,159,28637
119,171,28638
126,167,28639
113,175,28640
121,172,28641
108,178,28642
101,180,28643
100,181,28644
95,182,28645
88,182,28646
89,183,28647
83,182,28648
75,180,28649
71,179,28650
71,180,28651
58,172,28652
52,167,28653
60,175,28654
44,159,28655
45,161,28656
43,160,28657
35,145,28658
33,142,28659
36,151,28660
27,121,28661
28,130,28662
26,122,28663
25,114,28664
25,102,28665
24,104,28666
24,101,28667
26,87,28668
25,88,28669
29,73,28670
36,59,28671
33,62,28672
35,58,28673
45,44,28674
43,45,28675
51,37,28676
50,37,28677
58,30,28678
78,20,28679
59,28,28680
80,18,28681
88,16,28682
85,16,28683
96,14,28684
105,14,28685
105,13,28686
118,15,28687
126,17,28688
136,21,28689
133,19,28690
150,30,28691
151,30,28692
159,37,28693
160,37,28694
168,46,28695
168,45,28696
179,64,28697
178,60,28698
184,73,28699
188,85,28700
187,79,28701
191,96,28702
92,112,28703
91,109,28704
91,105,28705
90,105,28706
92,101,28707
91,100,28708
94,98,28709
93,96,28710
100,95,28711
98,94,28712
101,93,28713
102,92,28714
107,94,28715
109,94,28716
111,95,28717
113,96,28718
114,97,28719
116,98,28720
118,100,28721
119,101,28722
120,102,28723
123,112,28724
123,106,28725
124,113,28726
125,115,28727
125,119,28728
124,127,28729
125,127,28730
126,125,28731
119,139,28732
123,135,28733
122,138,28734
119,143,28735
114,148,28736
117,147,28737
112,151,28738
108,154,28739
107,155,28740
102,157,28741
100,158,28742
97,159,28743
94,160,28744
85,159,28745
86,160,28746
84,160,28747
80,159,28748
79,160,28749
68,153,28750
66,152,28751
68,155,28752
59,145,28753
61,149,28754
57,144,28755
53,138,28756
51,135,28757
49,132,28758
46,121,28759
45,116,28760
45,118,28761
44,114,28762
43,108,28763
43,104,28764
45,90,28765
44,92,28766
48,80,28767
46,82,28768
49,75,28769
54,67,28770
54,65,28771
57,61,28772
62,55,28773
62,54,28774
69,49,28775
72,46,28776
73,45,28777
84,40,28778
92,38,28779
95,37,28780
91,37,28781
102,36,28782
105,36,28783
110,36,28784
118,38,28785
125,40,28786
117,36,28787
143,52,28788
139,47,28789
143,50,28790
146,52,28791
152,59,28792
156,64,28793
159,68,28794
163,74,28795
168,87,28796
168,85,28797
171,95,28798
173,107,28799
173,102,28800
174,120,28801
175,118,28802
173,137,28803
174,135,28804
172,146,28805
165,163,28806
172,150,28807
164,168,28808
158,178,28809
160,176,28810
157,181,28811
144,195,28812
147,193,28813
137,201,28814
128,207,28815
130,207,28816
121,211,28817
107,215,28818
101,217,28819
103,217,28820
93,218,28821
89,219,28822
76,217,28823
65,214,28824
68,216,28825
58,212,28826
48,207,28827
43,204,28828
39,202,28829
100,110,28830
102,110,28831
104,112,28832
106,114,28833
106,117,28834
108,118,28835
107,122,28836
108,122,28837
105,127,28838
107,127,28839
104,130,28840
104,132,28841
98,135,28842
98,136,28843
97,137,28844
95,137,28845
93,138,28846
88,138,28847
88,139,28848
87,139,28849
83,138,28850
79,135,28851
80,137,28852
76,134,28853
72,130,28854
70,128,28855
69,127,28856
67,123,28857
66,122,28858
64,113,28859
64,117,28860
63,112,28861
62,110,28862
64,97,28863
61,107,28864
63,95,28865
65,89,28866
63,92,28867
67,84,28868
68,81,28869
70,78,28870
72,75,28871
75,71,28872
73,72,28873
83,65,28874
82,65,28875
84,63,28876
95,60,28877
93,60,28878
96,59,28879
101,58,28880
102,58,28881
110,59,28882
113,59,28883
114,59,28884
120,61,28885
125,64,28886
130,67,28887
132,68,28888
136,72,28889
139,75,28890
142,78,28891
148,90,28892
147,86,28893
151,96,28894
152,99,28895
153,102,28896
154,106,28897
155,113,28898
155,124,28899
155,129,28900
156,124,28901
153,139,28902
153,142,28903
153,144,28904
148,155,28905
143,164,28906
143,165,28907
141,168,28908
137,173,28909
134,176,28910
133,178,28911
123,185,28912
118,188,28913
113,191,28914
105,193,28915
108,193,28916
98,195,28917
93,196,28918
81,195,28919
75,194,28920
76,195,28921
67,192,28922
62,190,28923
60,189,28924
49,182,28925
44,178,28926
44,179,28927
40,175,28928
30,162,28929
28,159,28930
25,154,28931
22,148,28932
19,140,28933
18,139,28934
14,119,28935
14,123,28936
13,115,28937
13,97,28938
13,95,28939
12,98,28940
17,73,28941
18,69,28942
17,70,28943
22,58,28944
30,44,28945
28,46,28946
31,41,28947
41,29,28948
43,26,28949
51,19,28950
60,13,28951
65,10,28952
71,7,28953
76,5,28954
82,3,28955
90,1,28956
95,118,28957
93,119,28958
91,119,28959
88,118,28960
87,118,28961
86,118,28962
84,114,28963
83,116,28964
82,108,28965
80,110,28966
81,103,28967
80,104,28968
81,99,28969
81,98,28970
83,94,28971
83,93,28972
84,91,28973
86,88,28974
87,87,28975
91,84,28976
90,84,28977
98,82,28978
96,81,28979
98,80,28980
102,80,28981
106,80,28982
110,81,28983
111,81,28984
109,79,28985
117,84,28986
120,85,28987
125,91,28988
123,87,28989
126,91,28990
129,95,28991
130,96,28992
132,100,28993
134,105,28994
135,113,28995
136,112,28996
136,119,28997
137,119,28998
136,127,28999
137,124,29000
135,134,29001
135,135,29002
134,139,29003
128,150,29004
129,150,29005
128,152,29006
124,157,29007
122,159,29008
116,164,29009
117,164,29010
114,166,29011
106,170,29012
107,170,29013
99,172,29014
94,173,29015
94,174,29016
89,174,29017
82,173,29018
76,172,29019
73,171,29020
68,169,29021
62,165,29022
61,165,29023
56,161,29024
51,156,29025
47,151,29026
48,153,29027
42,144,29028
40,140,29029
37,133,29030
36,130,29031
35,130,29032
33,115,29033
32,109,29034
32,101,29035
31,103,29036
32,95,29037
33,87,29038
35,79,29039
36,76,29040
36,74,29041
42,62,29042
45,57,29043
48,52,29044
53,46,29045
58,41,29046
59,40,29047
64,36,29048
68,33,29049
75,29,29050
79,27,29051
94,24,29052
96,23,29053
96,22,29054
112,23,29055
108,22,29056
119,24,29057
129,27,29058
132,28,29059
141,33,29060
137,30,29061
151,40,29062
154,43,29063
156,44,29064
165,55,29065
167,57,29066
170,62,29067
177,76,29068
178,78,29069
182,90,29070
181,84,29071
185,112,29072
186,111,29073
186,123,29074
187,121,29075
186,132,29076
185,141,29077
181,157,29078
180,161,29079
175,173,29080
173,177,29081
170,183,29082
167,188,29083
96,112,29084
95,106,29085
98,103,29086
97,102,29087
102,101,29088
102,100,29089
105,101,29090
106,100,29091
111,106,29092
111,103,29093
113,106,29094
115,111,29095
113,103,29096
116,111,29097
117,114,29098
118,116,29099
118,118,29100
117,125,29101
118,125,29102
118,127,29103
118,128,29104
113,136,29105
115,135,29106
114,138,29107
112,140,29108
111,142,29109
105,146,29110
103,148,29111
104,148,29112
94,150,29113
96,151,29114
94,152,29115
86,151,29116
82,150,29117
84,152,29118
81,151,29119
77,149,29120
75,149,29121
67,141,29122
68,144,29123
67,144,29124
61,136,29125
58,131,29126
58,133,29127
55,124,29128
55,126,29129
55,129,29130
52,113,29131
51,111,29132
51,106,29133
51,99,29134
50,104,29135
53,89,29136
52,89,29137
52,87,29138
57,76,29139
55,79,29140
61,69,29141
67,62,29142
62,66,29143
69,59,29144
66,60,29145
84,50,29146
78,52,29147
88,48,29148
81,49,29149
94,46,29150
100,45,29151
100,44,29152
109,45,29153
111,45,29154
115,45,29155
125,49,29156
127,50,29157
131,52,29158
133,52,29159
146,65,29160
149,69,29161
143,59,29162
152,72,29163
157,80,29164
156,76,29165
162,93,29166
162,91,29167
161,85,29168
166,113,29169
167,113,29170
167,124,29171
168,120,29172
166,134,29173
166,139,29174
165,143,29175
161,155,29176
161,157,29177
156,167,29178
150,175,29179
152,174,29180
148,180,29181
141,187,29182
142,187,29183
125,199,29184
127,199,29185
123,201,29186
103,207,29187
116,205,29188
105,208,29189
93,209,29190
93,210,29191
88,210,29192
70,207,29193
71,208,29194
61,204,29195
56,202,29196
52,200,29197
46,197,29198
33,185,29199
29,181,29200
24,175,29201
22,173,29202
18,167,29203
14,160,29204
7,141,29205
8,147,29206
4,131,29207
2,120,29208
2,123,29209
1,113,29210
99,113,29211
101,115,29212
101,120,29213
102,121,29214
101,123,29215
100,126,29216
96,128,29217
97,129,29218
90,129,29219
92,131,29220
90,131,29221
87,131,29222
83,128,29223
83,129,29224
79,126,29225
78,126,29226
76,124,29227
75,123,29228
73,120,29229
72,117,29230
71,116,29231
70,110,29232
70,106,29233
69,109,29234
69,103,29235
69,100,29236
73,90,29237
71,92,29238
69,95,29239
77,83,29240
75,83,29241
76,81,29242
77,80,29243
86,73,29244
81,75,29245
86,72,29246
90,70,29247
91,69,29248
103,68,29249
100,67,29250
101,66,29251
109,67,29252
113,68,29253
114,68,29254
119,70,29255
120,70,29256
118,68,29257
131,79,29258
132,79,29259
131,77,29260
139,89,29261
137,84,29262
140,89,29263
144,99,29264
145,100,29265
146,102,29266
147,111,29267
148,115,29268
147,128,29269
149,119,29270
148,129,29271
147,136,29272
145,142,29273
145,144,29274
140,153,29275
143,150,29276
139,157,29277
131,167,29278
131,168,29279
127,172,29280
123,175,29281
120,178,29282
111,182,29283
115,181,29284
108,184,29285
101,186,29286
93,187,29287
89,187,29288
88,188,29289
77,186,29290
74,185,29291
74,186,29292
61,180,29293
56,177,29294
63,183,29295
42,163,29296
43,166,29297
41,164,29298
39,162,29299
35,156,29300
29,144,29301
27,141,29302
26,139,29303
22,123,29304
21,118,29305
21,105,29306
20,109,29307
20,98,29308
21,90,29309
21,86,29310
25,72,29311
23,77,29312
26,67,29313
36,50,29314
24,69,29315
41,41,29316
44,37,29317
43,37,29318
53,28,29319
58,24,29320
59,23,29321
75,15,29322
79,13,29323
74,14,29324
90,10,29325
101,9,29326
101,8,29327
117,10,29328
115,9,29329
121,10,29330
128,12,29331
141,18,29332
141,17,29333
153,25,29334
160,31,29335
163,33,29336
168,38,29337
92,114,29338
90,113,29339
89,110,29340
88,111,29341
88,104,29342
86,106,29343
88,101,29344
86,102,29345
91,96,29346
88,96,29347
92,93,29348
91,93,29349
97,90,29350
97,89,29351
101,89,29352
102,88,29353
105,88,29354
108,89,29355
108,88,29356
109,88,29357
112,89,29358
118,95,29359
115,90,29360
121,97,29361
122,98,29362
123,99,29363
126,104,29364
127,109,29365
128,108,29366
128,120,29367
129,119,29368
130,118,29369
130,121,29370
127,133,29371
130,128,29372
128,134,29373
125,141,29374
124,143,29375
120,148,29376
121,148,29377
118,152,29378
114,155,29379
112,157,29380
113,158,29381
103,162,29382
104,162,29383
104,163,29384
91,164,29385
90,165,29386
92,166,29387
82,164,29388
86,166,29389
74,162,29390
71,161,29391
68,160,29392
66,159,29393
59,152,29394
58,152,29395
54,148,29396
52,145,29397
48,139,29398
48,140,29399
43,125,29400
43,129,29401
41,121,29402
40,115,29403
39,112,29404
40,97,29405
38,104,29406
40,92,29407
41,86,29408
40,88,29409
45,74,29410
45,72,29411
48,66,29412
53,59,29413
57,54,29414
58,52,29415
62,48,29416
67,44,29417
71,41,29418
73,39,29419
83,35,29420
86,34,29421
86,33,29422
106,32,29423
103,31,29424
110,31,29425
113,31,29426
122,34,29427
124,34,29428
129,36,29429
134,38,29430
144,45,29431
145,45,29432
153,53,29433
160,62,29434
155,54,29435
165,69,29436
167,72,29437
170,79,29438
172,83,29439
176,96,29440
177,102,29441
178,105,29442
179,115,29443
178,132,29444
180,121,29445
178,138,29446
176,147,29447
177,147,29448
168,169,29449
169,168,29450
168,171,29451
160,184,29452
151,194,29453
153,193,29454
149,198,29455
140,205,29456
138,207,29457
131,212,29458
122,216,29459
112,220,29460
103,222,29461
104,222,29462
91,223,29463
91,224,29464
97,110,29465
101,107,29466
102,107,29467
105,108,29468
107,109,29469
109,112,29470
110,114,29471
111,114,29472
111,119,29473
112,119,29474
111,123,29475
111,125,29476
110,128,29477
109,131,29478
108,133,29479
106,135,29480
105,137,29481
102,139,29482
101,140,29483
99,141,29484
97,142,29485
92,143,29486
92,144,29487
89,144,29488
85,143,29489
84,143,29490
81,142,29491
78,141,29492
75,139,29493
71,136,29494
70,135,29495
68,133,29496
65,129,29497
64,127,29498
62,124,29499
60,118,29500
59,114,29501
59,115,29502
58,106,29503
58,102,29504
58,101,29505
58,98,29506
59,93,29507
60,88,29508
62,83,29509
63,80,29510
66,75,29511
68,72,29512
69,70,29513
73,66,29514
74,65,29515
78,62,29516
84,58,29517
86,57,29518
91,55,29519
95,54,29520
98,53,29521
104,53,29522
106,53,29523
109,53,29524
114,54,29525
121,56,29526
123,57,29527
129,60,29528
132,62,29529
137,66,29530
140,69,29531
142,71,29532
144,73,29533
148,79,29534
151,84,29535
155,93,29536
156,96,29537
158,103,29538
159,108,29539
160,112,29540
160,121,29541
160,124,29542
159,135,29543
159,136,29544
158,141,29545
155,151,29546
152,158,29547
149,164,29548
148,166,29549
144,172,29550
139,178,29551
137,180,29552
133,184,29553
128,188,29554
120,193,29555
114,196,29556
111,197,29557
106,199,29558
101,200,29559
88,201,29560
86,201,29561
83,201,29562
72,199,29563
68,198,29564
63,196,29565
53,191,29566
47,187,29567
42,183,29568
42,184,29569
33,174,29570
32,173,29571
28,168,29572
24,162,29573
20,155,29574
15,143,29575
12,134,29576
11,129,29577
9,119,29578
9,123,29579
8,104,29580
8,99,29581
10,82,29582
10,81,29583
13,69,29584
15,63,29585
18,55,29586
21,49,29587
26,40,29588
28,37,29589
35,28,29590
39,23,29591
98,116,29592
97,120,29593
95,121,29594
93,123,29595
91,123,29596
88,123,29597
87,124,29598
85,121,29599
81,115,29600
82,121,29601
80,118,29602
79,117,29603
78,111,29604
77,110,29605
77,106,29606
76,105,29607
76,101,29608
78,97,29609
77,97,29610
77,95,29611
78,92,29612
83,86,29613
82,86,29614
83,84,29615
85,82,29616
87,80,29617
93,78,29618
94,77,29619
94,76,29620
105,76,29621
105,75,29622
106,75,29623
108,75,29624
112,76,29625
114,76,29626
116,77,29627
122,81,29628
123,81,29629
130,90,29630
131,90,29631
130,87,29632
135,97,29633
136,99,29634
136,96,29635
139,109,29636
140,110,29637
140,105,29638
141,120,29639
141,123,29640
141,125,29641
140,133,29642
141,131,29643
137,142,29644
138,142,29645
136,147,29646
131,155,29647
132,155,29648
123,164,29649
118,168,29650
124,165,29651
115,171,29652
117,171,29653
103,176,29654
102,177,29655
96,178,29656
102,178,29657
91,179,29658
81,178,29659
84,179,29660
73,176,29661
74,177,29662
67,174,29663
60,170,29664
56,167,29665
51,163,29666
54,167,29667
45,156,29668
40,148,29669
43,156,29670
35,139,29671
33,135,29672
33,138,29673
29,118,29674
28,115,29675
28,122,29676
28,97,29677
27,102,29678
28,92,29679
29,84,29680
31,78,29681
31,76,29682
35,65,29683
39,58,29684
38,58,29685
45,48,29686
53,40,29687
55,37,29688
58,34,29689
69,27,29690
66,28,29691
77,23,29692
80,21,29693
87,19,29694
99,18,29695
93,17,29696
112,18,29697
116,18,29698
115,17,29699
125,20,29700
135,24,29701
132,22,29702
143,28,29703
152,35,29704
157,39,29705
158,39,29706
170,55,29707
171,55,29708
178,67,29709
179,68,29710
183,78,29711
182,74,29712
188,98,29713
189,97,29714
190,108,29715
191,117,29716
190,133,29717
191,132,29718
93,110,29719
92,107,29720
93,104,29721
93,102,29722
95,100,29723
96,98,29724
98,98,29725
98,96,29726
106,98,29727
105,96,29728
106,96,29729
107,95,29730
112,100,29731
113,99,29732
115,102,29733
117,104,29734
117,103,29735
119,107,29736
120,108,29737
121,111,29738
122,113,29739
122,121,29740
122,123,29741
123,122,29742
122,128,29743
123,126,29744
119,136,29745
119,137,29746
121,135,29747
110,147,29748
114,145,29749
111,148,29750
109,150,29751
102,153,29752
105,153,29753
100,155,29754
96,156,29755
94,157,29756
83,155,29757
86,157,29758
85,157,29759
80,156,29760
74,153,29761
70,151,29762
71,152,29763
67,150,29764
67,151,29765
58,139,29766
58,140,29767
56,139,29768
52,129,29769
52,131,29770
50,126,29771
48,118,29772
47,115,29773
47,105,29774
46,109,29775
47,96,29776
48,91,29777
46,94,29778
49,84,29779
49,82,29780
55,71,29781
54,71,29782
61,62,29783
56,66,29784
64,57,29785
72,51,29786
69,52,29787
77,47,29788
80,45,29789
82,44,29790
92,41,29791
90,41,29792
94,40,29793
101,39,29794
110,40,29795
119,42,29796
116,40,29797
124,43,29798
132,47,29799
132,46,29800
141,53,29801
144,55,29802
141,51,29803
158,74,29804
154,66,29805
157,70,29806
161,77,29807
165,85,29808
168,96,29809
169,98,29810
169,96,29811
171,112,29812
172,115,29813
169,140,29814
171,135,29815
171,136,29816
168,148,29817
168,150,29818
160,168,29819
164,162,29820
160,170,29821
141,192,29822
160,172,29823
145,190,29824
137,197,29825
137,198,29826
128,204,29827
124,206,29828
121,208,29829
107,212,29830
105,213,29831
103,214,29832
93,215,29833
74,213,29834
72,213,29835
66,211,29836
61,210,29837
54,207,29838
47,203,29839
37,195,29840
39,198,29841
29,189,29842
25,184,29843
17,174,29844
16,173,29845
97,112,29846
102,112,29847
103,116,29848
105,116,29849
105,120,29850
106,120,29851
102,127,29852
105,125,29853
100,130,29854
102,130,29855
98,132,29856
99,133,29857
94,134,29858
92,135,29859
89,135,29860
89,136,29861
87,136,29862
83,134,29863
81,134,29864
79,133,29865
77,131,29866
74,128,29867
74,130,29868
71,125,29869
69,121,29870
68,120,29871
67,117,29872
66,112,29873
65,112,29874
67,97,29875
64,104,29876
66,97,29877
65,97,29878
69,87,29879
66,90,29880
69,85,29881
72,80,29882
73,78,29883
77,74,29884
81,70,29885
79,71,29886
85,67,29887
89,65,29888
86,65,29889
96,63,29890
97,62,29891
97,61,29892
107,62,29893
110,62,29894
113,62,29895
119,65,29896
115,62,29897
123,66,29898
129,70,29899
131,71,29900
133,73,29901
138,79,29902
140,81,29903
144,87,29904
147,94,29905
147,93,29906
149,96,29907
151,110,29908
152,110,29909
152,121,29910
153,116,29911
153,122,29912
150,139,29913
152,135,29914
149,144,29915
148,148,29916
147,152,29917
142,160,29918
141,163,29919
142,162,29920
130,175,29921
128,177,29922
125,180,29923
123,182,29924
115,186,29925
108,189,29926
113,188,29927
101,191,29928
95,192,29929
96,193,29930
76,190,29931
76,191,29932
78,192,29933
70,190,29934
58,184,29935
56,183,29936
54,182,29937
49,179,29938
38,167,29939
39,169,29940
33,161,29941
28,152,29942
30,158,29943
22,140,29944
20,134,29945
19,131,29946
17,123,29947
16,116,29948
17,94,29949
15,111,29950
16,91,29951
18,82,29952
16,85,29953
20,72,29954
25,59,29955
21,66,29956
32,46,29957
34,42,29958
36,39,29959
47,27,29960
55,21,29961
55,20,29962
56,19,29963
68,12,29964
75,9,29965
76,8,29966
83,6,29967
94,4,29968
101,3,29969
113,4,29970
116,4,29971
123,5,29972
95,116,29973
91,117,29974
89,116,29975
87,115,29976
86,113,29977
84,112,29978
84,109,29979
83,109,29980
84,103,29981
82,105,29982
84,99,29983
84,98,29984
86,94,29985
85,94,29986
89,90,29987
89,89,29988
91,87,29989
94,86,29990
96,85,29991
98,84,29992
99,83,29993
106,84,29994
104,82,29995
108,83,29996
113,85,29997
114,85,29998
117,87,29999
121,91,30000
120,88,30001
126,97,30002
125,94,30003
129,102,30004
129,100,30005
131,104,30006
132,108,30007
133,111,30008
133,120,30009
134,120,30010
133,126,30011
134,126,30012
132,134,30013
132,135,30014
128,144,30015
132,138,30016
127,147,30017
124,152,30018
124,153,30019
117,159,30020
115,161,30021
115,162,30022
106,166,30023
108,166,30024
103,168,30025
99,169,30026
96,170,30027
92,171,30028
84,170,30029
79,169,30030
75,168,30031
76,169,30032
69,166,30033
67,165,30034
61,161,30035
57,158,30036
55,156,30037
50,150,30038
47,146,30039
45,143,30040
41,135,30041
40,133,30042
38,128,30043
37,124,30044
35,113,30045
35,108,30046
34,108,30047
35,96,30048
36,88,30049
37,83,30050
37,82,30051
40,73,30052
43,66,30053
43,65,30054
49,56,30055
52,52,30056
52,51,30057
58,45,30058
65,39,30059
70,36,30060
77,32,30061
76,32,30062
83,29,30063
91,27,30064
96,26,30065
107,26,30066
110,26,30067
116,27,30068
122,28,30069
123,28,30070
133,32,30071
140,36,30072
146,40,30073
150,43,30074
153,46,30075
157,50,30076
161,54,30077
167,63,30078
169,66,30079
176,81,30080
176,80,30081
180,93,30082
180,92,30083
183,111,30084
183,117,30085
184,118,30086
182,139,30087
181,144,30088
182,142,30089
180,151,30090
174,168,30091
173,171,30092
170,177,30093
165,185,30094
161,191,30095
155,198,30096
148,205,30097
145,208,30098
137,214,30099
96,108,30100
98,105,30101
100,104,30102
101,103,30103
105,104,30104
105,103,30105
108,106,30106
108,103,30107
112,111,30108
113,110,30109
114,112,30110
114,110,30111
115,118,30112
116,118,30113
116,121,30114
116,122,30115
115,127,30116
113,131,30117
114,131,30118
112,135,30119
111,137,30120
105,142,30121
108,141,30122
104,144,30123
102,145,30124
101,146,30125
94,147,30126
93,148,30127
93,149,30128
83,147,30129
84,148,30130
83,148,30131
77,146,30132
73,143,30133
74,145,30134
70,142,30135
67,139,30136
65,137,30137
60,127,30138
60,130,30139
59,129,30140
57,123,30141
55,115,30142
55,120,30143
54,111,30144
53,109,30145
53,103,30146
54,96,30147
54,95,30148
55,89,30149
57,83,30150
57,82,30151
61,75,30152
61,73,30153
64,69,30154
71,62,30155
68,64,30156
77,57,30157
82,54,30158
80,54,30159
87,51,30160
82,52,30161
98,49,30162
98,48,30163
103,48,30164
108,48,30165
111,48,30166
118,50,30167
121,50,30168
131,56,30169
131,55,30170
134,57,30171
141,63,30172
146,69,30173
148,71,30174
146,67,30175
155,83,30176
158,90,30177
157,84,30178
161,99,30179
163,107,30180
163,101,30181
164,116,30182
164,127,30183
165,123,30184
162,141,30185
162,143,30186
160,150,30187
159,153,30188
157,158,30189
153,166,30190
152,169,30191
145,178,30192
145,179,30193
141,183,30194
128,193,30195
128,194,30196
124,197,30197
112,202,30198
113,202,30199
105,204,30200
98,206,30201
93,206,30202
78,205,30203
85,207,30204
68,203,30205
64,202,30206
63,202,30207
55,198,30208
47,193,30209
46,193,30210
33,181,30211
32,180,30212
29,177,30213
24,171,30214
15,153,30215
13,150,30216
12,148,30217
8,136,30218
8,137,30219
6,129,30220
4,112,30221
4,97,30222
3,103,30223
4,92,30224
8,71,30225
5,80,30226
100,116,30227
100,119,30228
98,122,30229
98,124,30230
96,125,30231
96,126,30232
92,127,30233
92,128,30234
87,126,30235
87,128,30236
85,127,30237
83,127,30238
79,122,30239
79,123,30240
77,119,30241
76,119,30242
75,118,30243
73,112,30244
73,109,30245
72,109,30246
71,108,30247
73,98,30248
74,95,30249
72,97,30250
73,93,30251
73,92,30252
80,83,30253
79,83,30254
77,84,30255
88,76,30256
84,77,30257
87,75,30258
87,74,30259
96,72,30260
95,71,30261
98,70,30262
103,70,30263
108,70,30264
115,73,30265
113,71,30266
115,71,30267
120,74,30268
122,75,30269
125,77,30270
131,83,30271
131,82,30272
130,79,30273
140,99,30274
138,92,30275
140,94,30276
143,107,30277
143,103,30278
144,107,30279
145,114,30280
146,116,30281
145,126,30282
146,125,30283
142,141,30284
140,146,30285
144,139,30286
139,150,30287
140,150,30288
131,162,30289
134,160,30290
123,170,30291
130,166,30292
122,172,30293
114,177,30294
115,177,30295
106,181,30296
107,181,30297
99,183,30298
94,184,30299
88,184,30300
84,184,30301
80,184,30302
72,181,30303
62,176,30304
71,182,30305
56,173,30306
53,171,30307
54,173,30308
43,161,30309
39,156,30310
45,166,30311
33,145,30312
32,145,30313
30,141,30314
27,132,30315
26,130,30316
24,116,30317
23,113,30318
23,102,30319
22,102,30320
23,93,30321
29,71,30322
25,80,30323
28,70,30324
33,60,30325
31,62,30326
42,45,30327
41,45,30328
44,41,30329
60,28,30330
44,39,30331
61,26,30332
69,21,30333
68,21,30334
77,17,30335
82,15,30336
89,13,30337
100,12,30338
108,12,30339
117,13,30340
128,16,30341
120,13,30342
135,18,30343
145,24,30344
145,23,30345
152,28,30346
154,29,30347
168,44,30348
165,39,30349
172,48,30350
182,65,30351
179,58,30352
186,73,30353
93,113,30354
90,110,30355
90,107,30356
89,107,30357
90,102,30358
88,103,30359
92,98,30360
89,99,30361
97,95,30362
94,94,30363
97,93,30364
98,92,30365
103,92,30366
104,91,30367
107,92,30368
107,91,30369
110,92,30370
112,93,30371
114,94,30372
117,96,30373
118,97,30374
122,105,30375
121,99,30376
124,107,30377
125,110,30378
126,111,30379
126,120,30380
127,118,30381
128,117,30382
122,136,30383
126,129,30384
126,132,30385
124,136,30386
122,140,30387
123,141,30388
119,146,30389
115,150,30390
112,153,30391
109,155,30392
107,157,30393
105,158,30394
103,159,30395
96,161,30396
100,161,30397
92,162,30398
87,162,30399
88,163,30400
74,158,30401
77,160,30402
77,161,30403
65,153,30404
68,157,30405
62,151,30406
59,149,30407
57,147,30408
53,142,30409
50,136,30410
49,135,30411
46,128,30412
45,125,30413
43,117,30414
43,122,30415
42,107,30416
41,108,30417
43,93,30418
41,101,30419
43,88,30420
46,80,30421
45,80,30422
49,71,30423
53,64,30424
53,63,30425
59,56,30426
60,54,30427
70,46,30428
61,52,30429
78,41,30430
82,39,30431
79,39,30432
91,36,30433
95,35,30434
95,34,30435
111,35,30436
108,34,30437
108,33,30438
133,43,30439
128,39,30440
127,38,30441
133,41,30442
144,49,30443
147,51,30444
149,53,30445
155,59,30446
163,72,30447
161,67,30448
167,79,30449
171,91,30450
170,84,30451
173,96,30452
175,106,30453
176,114,30454
176,118,30455
177,120,30456
173,143,30457
177,129,30458
173,149,30459
168,162,30460
172,154,30461
168,164,30462
158,181,30463
164,174,30464
150,191,30465
148,194,30466
148,195,30467
137,204,30468
119,213,30469
124,212,30470
122,213,30471
106,218,30472
107,218,30473
98,220,30474
89,220,30475
88,221,30476
75,219,30477
61,215,30478
63,216,30479
56,214,30480
98,110,30481
102,109,30482
104,111,30483
106,111,30484
107,114,30485
108,115,30486
108,119,30487
109,119,30488
107,126,30489
109,125,30490
107,128,30491
107,130,30492
103,133,30493
102,135,30494
103,135,30495
100,137,30496
97,139,30497
94,139,30498
93,140,30499
91,141,30500
88,141,30501
83,139,30502
82,139,30503
80,139,30504
77,137,30505
74,135,30506
72,133,30507
71,132,30508
68,129,30509
66,124,30510
66,126,30511
64,121,30512
62,116,30513
62,104,30514
61,113,30515
60,108,30516
61,101,30517
60,102,30518
63,90,30519
62,91,30520
66,82,30521
64,84,30522
70,75,30523
66,79,30524
72,72,30525
77,67,30526
76,67,30527
84,62,30528
83,62,30529
87,60,30530
93,58,30531
94,57,30532
103,57,30533
102,56,30534
107,56,30535
113,57,30536
116,58,30537
119,59,30538
126,62,30539
128,63,30540
131,65,30541
135,68,30542
141,75,30543
143,77,30544
145,80,30545
147,83,30546
150,89,30547
152,93,30548
154,100,30549
156,109,30550
156,106,30551
157,114,30552
157,122,30553
157,127,30554
157,132,30555
154,143,30556
153,147,30557
153,148,30558
147,161,30559
148,160,30560
143,168,30561
145,166,30562
132,180,30563
135,178,30564
131,182,30565
120,189,30566
121,189,30567
110,194,30568
103,196,30569
104,196,30570
92,197,30571
92,198,30572
87,198,30573
78,197,30574
71,195,30575
65,193,30576
60,191,30577
55,189,30578
51,186,30579
42,179,30580
38,175,30581
32,168,30582
31,167,30583
26,159,30584
24,156,30585
18,142,30586
18,144,30587
14,130,30588
14,131,30589
12,120,30590
11,113,30591
12,91,30592
11,96,30593
11,92,30594
15,73,30595
17,67,30596
19,60,30597
22,53,30598
28,43,30599
29,41,30600
34,34,30601
39,28,30602
46,21,30603
52,16,30604
59,11,30605
69,6,30606
68,6,30607
97,115,30608
94,120,30609
92,120,30610
90,121,30611
88,120,30612
87,120,30613
84,116,30614
83,119,30615
81,111,30616
80,114,30617
80,109,30618
79,107,30619
79,103,30620
79,101,30621
80,98,30622
79,98,30623
79,97,30624
82,92,30625
83,89,30626
85,87,30627
86,85,30628
92,82,30629
92,81,30630
93,80,30631
96,79,30632
97,78,30633
106,79,30634
104,78,30635
106,77,30636
117,83,30637
114,80,30638
116,81,30639
116,80,30640
122,85,30641
125,87,30642
126,87,30643
130,93,30644
131,95,30645
134,103,30646
135,103,30647
136,104,30648
137,112,30649
138,115,30650
138,119,30651
138,125,30652
138,128,30653
138,129,30654
136,137,30655
135,141,30656
133,146,30657
132,148,30658
131,150,30659
126,157,30660
126,158,30661
123,161,30662
118,165,30663
118,166,30664
110,170,30665
102,173,30666
105,173,30667
98,175,30668
92,175,30669
84,175,30670
87,176,30671
77,174,30672
74,173,30673
70,172,30674
66,170,30675
62,168,30676
56,163,30677
55,163,30678
52,160,30679
46,153,30680
44,150,30681
39,142,30682
41,147,30683
35,131,30684
32,119,30685
34,133,30686
31,113,30687
30,110,30688
30,101,30689
30,97,30690
31,91,30691
31,87,30692
35,74,30693
35,73,30694
38,66,30695
41,60,30696
46,52,30697
48,49,30698
51,45,30699
60,37,30700
58,38,30701
63,34,30702
80,26,30703
80,25,30704
78,25,30705
91,22,30706
95,21,30707
102,20,30708
113,21,30709
115,21,30710
126,24,30711
123,22,30712
134,27,30713
140,30,30714
141,30,30715
149,36,30716
154,40,30717
160,46,30718
166,53,30719
170,59,30720
176,69,30721
175,66,30722
184,95,30723
183,87,30724
186,98,30725
187,107,30726
188,113,30727
188,119,30728
188,127,30729
186,144,30730
185,149,30731
183,157,30732
179,168,30733
180,167,30734
94,109,30735
94,106,30736
96,103,30737
96,101,30738
99,101,30739
99,99,30740
103,99,30741
104,98,30742
109,102,30743
109,100,30744
110,101,30745
110,99,30746
115,107,30747
116,107,30748
117,110,30749
118,111,30750
119,113,30751
119,119,30752
120,119,30753
121,119,30754
120,124,30755
117,132,30756
118,131,30757
118,133,30758
117,136,30759
116,138,30760
111,143,30761
110,145,30762
110,146,30763
100,150,30764
103,150,30765
99,152,30766
100,152,30767
91,153,30768
94,154,30769
88,154,30770
83,153,30771
82,153,30772
73,148,30773
75,151,30774
73,150,30775
66,144,30776
65,144,30777
63,142,30778
60,138,30779
58,135,30780
59,139,30781
53,123,30782
52,122,30783
52,125,30784
50,112,30785
49,112,30786
50,97,30787
48,104,30788
49,96,30789
51,89,30790
49,92,30791
55,77,30792
59,70,30793
54,76,30794
60,67,30795
58,68,30796
70,57,30797
66,59,30798
76,52,30799
69,55,30800
82,48,30801
91,45,30802
88,45,30803
96,43,30804
102,43,30805
101,42,30806
111,43,30807
115,44,30808
117,44,30809
120,44,30810
132,51,30811
139,56,30812
132,49,30813
147,63,30814
150,66,30815
145,59,30816
157,77,30817
157,76,30818
156,72,30819
165,98,30820
165,95,30821
167,101,30822
168,109,30823
168,126,30824
169,120,30825
169,127,30826
167,140,30827
168,138,30828
165,150,30829
158,165,30830
161,161,30831
159,166,30832
150,179,30833
154,175,30834
141,189,30835
140,191,30836
137,194,30837
118,204,30838
133,198,30839
117,206,30840
111,208,30841
104,210,30842
105,210,30843
87,211,30844
91,212,30845
80,211,30846
73,210,30847
61,206,30848
61,207,30849
48,199,30850
47,199,30851
37,191,30852
37,192,30853
27,182,30854
25,180,30855
16,166,30856
18,171,30857
10,155,30858
8,150,30859
7,149,30860
3,135,30861
101,113,30862
102,114,30863
102,120,30864
104,120,30865
102,123,30866
102,125,30867
98,128,30868
100,129,30869
94,130,30870
96,131,30871
93,132,30872
92,133,30873
88,132,30874
84,131,30875
82,130,30876
82,131,30877
79,129,30878
78,129,30879
76,127,30880
74,124,30881
72,122,30882
70,115,30883
70,119,30884
69,114,30885
68,111,30886
67,109,30887
69,98,30888
67,103,30889
67,99,30890
73,87,30891
70,90,30892
70,88,30893
73,83,30894
78,78,30895
74,80,30896
79,75,30897
85,71,30898
85,70,30899
88,69,30900
93,67,30901
94,66,30902
99,65,30903
103,65,30904
108,65,30905
109,65,30906
111,65,30907
110,64,30908
122,70,30909
126,72,30910
125,70,30911
133,78,30912
130,73,30913
134,78,30914
139,85,30915
141,88,30916
143,90,30917
146,100,30918
147,103,30919
148,105,30920
149,110,30921
150,115,30922
150,123,30923
150,124,30924
149,134,30925
146,143,30926
149,137,30927
146,146,30928
139,159,30929
142,155,30930
138,162,30931
133,168,30932
133,169,30933
127,174,30934
123,178,30935
125,177,30936
112,184,30937
102,187,30938
99,188,30939
104,188,30940
93,189,30941
86,189,30942
88,190,30943
74,187,30944
73,187,30945
75,189,30946
52,175,30947
58,181,30948
52,177,30949
49,175,30950
39,164,30951
38,163,30952
33,156,30953
33,157,30954
26,142,30955
26,143,30956
22,131,30957
21,126,30958
20,125,30959
19,100,30960
18,109,30961
19,94,30962
18,97,30963
19,87,30964
26,66,30965
18,87,30966
29,57,30967
31,53,30968
29,55,30969
33,48,30970
43,36,30971
44,34,30972
57,23,30973
58,22,30974
58,21,30975
69,15,30976
89,9,30977
81,10,30978
88,8,30979
97,7,30980
103,6,30981
105,6,30982
122,9,30983
126,9,30984
136,13,30985
140,15,30986
146,18,30987
153,22,30988
94,115,30989
92,115,30990
88,112,30991
87,112,30992
86,108,30993
85,108,30994
86,103,30995
84,104,30996
89,97,30997
85,99,30998
89,94,30999
89,93,31000
93,91,31001
92,90,31002
96,88,31003
96,87,31004
99,87,31005
105,87,31006
103,86,31007
107,86,31008
106,85,31009
114,90,31010
114,88,31011
117,91,31012
120,93,31013
122,95,31014
123,96,31015
126,102,31016
126,99,31017
129,111,31018
129,107,31019
130,112,31020
131,114,31021
130,124,31022
132,119,31023
131,127,31024
129,133,31025
130,134,31026
126,142,31027
128,140,31028
124,146,31029
121,150,31030
119,153,31031
122,151,31032
115,157,31033
113,159,31034
111,161,31035
102,164,31036
102,165,31037
100,166,31038
92,167,31039
93,168,31040
82,166,31041
82,167,31042
81,167,31043
74,165,31044
69,162,31045
64,159,31046
62,158,31047
59,156,31048
56,153,31049
54,151,31050
47,139,31051
47,141,31052
43,133,31053
41,127,31054
41,128,31055
39,120,31056
38,114,31057
37,109,31058
37,103,31059
37,98,31060
40,84,31061
38,90,31062
39,84,31063
43,74,31064
48,64,31065
46,66,31066
49,61,31067
54,54,31068
62,46,31069
62,45,31070
68,41,31071
74,37,31072
73,37,31073
86,32,31074
88,31,31075
93,30,31076
97,29,31077
105,29,31078
115,30,31079
113,29,31080
121,31,31081
127,33,31082
134,36,31083
142,41,31084
148,46,31085
146,43,31086
154,51,31087
159,57,31088
163,62,31089
165,65,31090
170,74,31091
173,81,31092
176,89,31093
177,93,31094
179,100,31095
180,109,31096
181,115,31097
181,122,31098
181,130,31099
178,145,31100
176,154,31101
176,156,31102
171,168,31103
164,180,31104
169,173,31105
161,186,31106
154,194,31107
152,197,31108
146,203,31109
138,209,31110
134,212,31111
125,217,31112
118,220,31113
112,222,31114
105,224,31115
97,108,31116
100,106,31117
103,106,31118
103,105,31119
105,106,31120
107,107,31121
109,110,31122
110,109,31123
111,115,31124
113,115,31125
112,122,31126
113,122,31127
112,126,31128
113,125,31129
112,128,31130
111,131,31131
109,134,31132
108,136,31133
105,139,31134
104,140,31135
103,141,31136
97,143,31137
97,144,31138
96,145,31139
92,145,31140
90,146,31141
86,145,31142
83,145,31143
82,145,31144
74,140,31145
73,140,31146
72,139,31147
71,139,31148
67,134,31149
65,133,31150
64,131,31151
61,126,31152
59,121,31153
58,113,31154
57,114,31155
57,107,31156
56,108,31157
56,103,31158
56,100,31159
57,93,31160
57,92,31161
59,85,31162
61,81,31163
62,78,31164
65,73,31165
67,70,31166
70,67,31167
74,63,31168
74,62,31169
80,58,31170
82,57,31171
85,55,31172
92,53,31173
98,52,31174
98,51,31175
105,51,31176
107,51,31177
114,52,31178
115,52,31179
121,54,31180
127,57,31181
131,59,31182
136,63,31183
137,63,31184
143,70,31185
146,73,31186
149,77,31187
153,84,31188
155,89,31189
156,91,31190
157,91,31191
160,109,31192
161,113,31193
161,105,31194
162,121,31195
161,132,31196
161,134,31197
160,139,31198
158,147,31199
158,149,31200
153,160,31201
149,167,31202
146,172,31203
142,177,31204
140,180,31205
133,186,31206
134,186,31207
127,191,31208
119,196,31209
115,198,31210
101,201,31211
100,202,31212
103,202,31213
90,203,31214
83,203,31215
78,202,31216
72,201,31217
65,199,31218
59,196,31219
59,197,31220
48,190,31221
41,185,31222
39,183,31223
30,173,31224
27,170,31225
20,158,31226
18,155,31227
15,148,31228
12,140,31229
11,139,31230
8,116,31231
7,116,31232
7,100,31233
6,105,31234
7,91,31235
8,83,31236
9,77,31237
12,66,31238
15,58,31239
17,53,31240
20,47,31241
25,38,31242
97,113,31243
98,120,31244
95,122,31245
96,123,31246
92,124,31247
91,125,31248
88,124,31249
87,125,31250
83,120,31251
84,124,31252
81,122,31253
80,122,31254
78,115,31255
77,114,31256
76,111,31257
75,111,31258
74,109,31259
75,103,31260
74,104,31261
75,98,31262
74,99,31263
78,91,31264
78,90,31265
77,89,31266
80,85,31267
81,84,31268
88,79,31269
88,78,31270
86,78,31271
97,75,31272
97,74,31273
99,73,31274
103,73,31275
105,73,31276
104,72,31277
110,73,31278
117,76,31279
116,75,31280
126,83,31281
125,81,31282
123,78,31283
132,89,31284
134,92,31285
134,90,31286
138,100,31287
139,101,31288
137,93,31289
141,112,31290
142,111,31291
142,118,31292
143,119,31293
143,124,31294
141,133,31295
142,133,31296
142,134,31297
139,143,31298
138,147,31299
134,153,31300
128,161,31301
133,157,31302
123,167,31303
128,164,31304
112,174,31305
116,173,31306
106,177,31307
114,175,31308
101,179,31309
95,180,31310
94,181,31311
89,181,31312
80,180,31313
82,181,31314
72,178,31315
65,175,31316
60,172,31317
63,175,31318
51,165,31319
46,159,31320
52,168,31321
40,152,31322
38,149,31323
38,151,31324
31,133,31325
30,132,31326
33,143,31327
27,115,31328
26,116,31329
26,107,31330
25,107,31331
27,89,31332
26,91,31333
27,85,31334
30,74,31335
29,75,31336
34,64,31337
42,51,31338
38,55,31339
41,50,31340
51,39,31341
50,39,31342
64,28,31343
64,27,31344
69,24,31345
88,18,31346
71,22,31347
87,17,31348
98,16,31349
97,15,31350
107,15,31351
120,17,31352
119,16,31353
128,19,31354
135,22,31355
143,26,31356
146,27,31357
158,38,31358
159,38,31359
168,48,31360
170,50,31361
174,56,31362
174,55,31363
183,75,31364
182,70,31365
188,88,31366
190,97,31367
191,98,31368
192,110,31369
92,111,31370
92,110,31371
92,104,31372
91,104,31373
93,101,31374
92,100,31375
95,98,31376
94,96,31377
102,96,31378
100,94,31379
103,94,31380
103,93,31381
109,96,31382
109,95,31383
112,97,31384
114,98,31385
116,99,31386
118,102,31387
119,103,31388
121,106,31389
122,108,31390
123,115,31391
123,117,31392
124,116,31393
124,120,31394
124,125,31395
122,131,31396
124,128,31397
124,131,31398
117,141,31399
119,141,31400
118,143,31401
116,145,31402
112,149,31403
112,150,31404
106,154,31405
104,155,31406
102,156,31407
91,157,31408
96,158,31409
93,159,31410
88,159,31411
80,157,31412
81,158,31413
78,157,31414
74,156,31415
75,157,31416
64,148,31417
62,147,31418
64,151,31419
57,141,31420
55,140,31421
54,138,31422
51,132,31423
50,131,31424
47,123,31425
46,117,31426
45,111,31427
45,104,31428
44,108,31429
45,95,31430
45,93,31431
47,85,31432
47,84,31433
53,71,31434
48,79,31435
55,66,31436
61,59,31437
59,60,31438
63,55,31439
67,52,31440
71,48,31441
81,43,31442
79,43,31443
83,41,31444
87,40,31445
98,38,31446
103,38,31447
106,37,31448
113,38,31449
118,39,31450
120,39,31451
129,43,31452
131,44,31453
124,39,31454
147,57,31455
146,54,31456
148,56,31457
152,60,31458
160,72,31459
162,76,31460
165,81,31461
167,85,31462
170,97,31463
171,99,31464
172,125,31465
173,114,31466
174,115,31467
172,136,31468
173,134,31469
169,150,31470
171,146,31471
169,153,31472
158,174,31473
169,156,31474
157,178,31475
154,182,31476
154,183,31477
144,194,31478
137,200,31479
136,201,31480
121,209,31481
122,209,31482
122,210,31483
106,215,31484
94,216,31485
94,217,31486
80,216,31487
83,217,31488
74,216,31489
62,212,31490
55,209,31491
55,210,31492
42,202,31493
37,198,31494
31,193,31495
30,193,31496
101,111,31497
103,111,31498
104,114,31499
106,116,31500
106,119,31501
107,119,31502
105,124,31503
107,123,31504
103,129,31505
105,129,31506
101,132,31507
102,133,31508
97,135,31509
96,136,31510
93,136,31511
93,137,31512
90,137,31513
87,137,31514
87,138,31515
84,137,31516
81,136,31517
76,132,31518
77,134,31519
74,131,31520
72,129,31521
69,125,31522
68,123,31523
66,118,31524
66,120,31525
65,106,31526
64,107,31527
63,109,31528
63,102,31529
66,92,31530
62,101,31531
64,94,31532
67,86,31533
66,86,31534
71,79,31535
72,77,31536
74,74,31537
78,70,31538
79,69,31539
76,70,31540
87,64,31541
91,62,31542
86,63,31543
98,60,31544
102,60,31545
101,59,31546
109,60,31547
109,59,31548
118,62,31549
121,63,31550
122,63,31551
124,64,31552
132,70,31553
134,72,31554
136,73,31555
142,81,31556
143,82,31557
143,81,31558
150,98,31559
149,93,31560
151,99,31561
153,107,31562
154,112,31563
154,121,31564
155,119,31565
154,128,31566
154,131,31567
153,138,31568
149,149,31569
151,146,31570
148,154,31571
141,165,31572
139,168,31573
137,171,31574
134,175,31575
129,179,31576
127,181,31577
125,183,31578
111,190,31579
108,191,31580
108,192,31581
94,194,31582
92,194,31583
90,195,31584
87,195,31585
72,192,31586
68,191,31587
65,190,31588
62,189,31589
54,184,31590
52,183,31591
39,171,31592
37,169,31593
37,170,31594
32,163,31595
28,157,31596
24,149,31597
20,140,31598
18,134,31599
16,125,31600
15,123,31601
14,112,31602
14,102,31603
13,106,31604
14,94,31605
16,81,31606
15,82,31607
22,62,31608
21,63,31609
27,50,31610
30,45,31611
39,34,31612
37,35,31613
42,29,31614
50,22,31615
53,19,31616
60,14,31617
72,8,31618
77,6,31619
80,5,31620
88,3,31621
93,2,31622
100,1,31623
95,117,31624
93,118,31625
91,118,31626
88,117,31627
87,117,31628
85,115,31629
83,111,31630
82,113,31631
83,105,31632
81,108,31633
82,101,31634
82,100,31635
82,98,31636
83,95,31637
85,93,31638
85,91,31639
86,90,31640
89,87,31641
90,86,31642
93,84,31643
94,83,31644
101,82,31645
99,81,31646
103,81,31647
105,81,31648
107,81,31649
113,83,31650
115,84,31651
115,83,31652
121,88,31653
123,89,31654
127,95,31655
126,92,31656
129,96,31657
131,101,31658
132,103,31659
133,105,31660
134,109,31661
135,117,31662
136,116,31663
135,126,31664
135,128,31665
134,133,31666
135,132,31667
132,140,31668
132,141,31669
131,144,31670
125,153,31671
126,153,31672
123,156,31673
118,161,31674
117,162,31675
113,165,31676
108,168,31677
106,169,31678
100,171,31679
97,172,31680
90,172,31681
85,172,31682
87,173,31683
82,172,31684
74,170,31685
71,169,31686
67,167,31687
63,165,31688
56,159,31689
55,159,31690
50,153,31691
48,151,31692
46,148,31693
42,141,31694
39,135,31695
37,130,31696
35,123,31697
34,118,31698
34,122,31699
33,106,31700
33,100,31701
33,95,31702
34,88,31703
35,83,31704
36,79,31705
39,71,31706
42,64,31707
41,65,31708
46,57,31709
52,49,31710
59,42,31711
62,39,31712
66,36,31713
67,35,31714
79,29,31715
78,29,31716
83,27,31717
90,25,31718
102,24,31719
109,24,31720
104,23,31721
118,25,31722
123,26,31723
131,29,31724
137,32,31725
141,34,31726
149,40,31727
150,40,31728
155,45,31729
163,54,31730
166,58,31731
168,61,31732
175,74,31733
176,76,31734
180,87,31735
182,95,31736
183,99,31737
184,100,31738
185,124,31739
185,129,31740
184,139,31741
184,140,31742
183,146,31743
181,154,31744
176,168,31745
174,173,31746
169,182,31747
166,187,31748
161,194,31749
157,199,31750
95,108,31751
96,105,31752
99,103,31753
99,102,31754
102,102,31755
103,101,31756
108,104,31757
110,106,31758
107,101,31759
112,106,31760
113,107,31761
113,105,31762
115,113,31763
116,114,31764
117,117,31765
117,119,31766
118,121,31767
115,129,31768
116,129,31769
117,128,31770
116,131,31771
110,139,31772
113,137,31773
110,141,31774
109,142,31775
106,145,31776
101,147,31777
101,148,31778
99,149,31779
90,149,31780
91,150,31781
89,151,31782
84,150,31783
79,148,31784
83,151,31785
76,148,31786
72,145,31787
70,144,31788
65,138,31789
63,137,31790
63,138,31791
60,133,31792
58,129,31793
57,130,31794
54,118,31795
53,116,31796
53,121,31797
52,108,31798
52,102,31799
52,98,31800
52,97,31801
52,93,31802
57,80,31803
55,82,31804
56,80,31805
61,71,31806
59,73,31807
66,64,31808
72,59,31809
68,61,31810
73,57,31811
74,55,31812
87,50,31813
86,49,31814
95,47,31815
90,47,31816
100,46,31817
106,46,31818
111,46,31819
118,48,31820
120,48,31821
121,48,31822
132,54,31823
135,56,31824
139,59,31825
137,56,31826
149,70,31827
154,78,31828
148,66,31829
157,83,31830
160,89,31831
158,82,31832
164,105,31833
164,102,31834
165,101,31835
166,119,31836
166,124,31837
166,128,31838
166,131,31839
163,145,31840
162,150,31841
162,151,31842
156,164,31843
155,167,31844
152,172,31845
141,184,31846
143,184,31847
141,186,31848
128,196,31849
132,194,31850
121,200,31851
121,201,31852
114,204,31853
96,207,31854
101,208,31855
90,208,31856
82,208,31857
86,209,31858
70,206,31859
62,203,31860
60,203,31861
53,199,31862
44,193,31863
39,189,31864
38,189,31865
26,175,31866
23,172,31867
18,164,31868
17,163,31869
12,153,31870
11,151,31871
6,134,31872
6,138,31873
3,119,31874
2,111,31875
2,103,31876
1,102,31877
100,115,31878
101,117,31879
100,121,31880
100,123,31881
99,124,31882
97,127,31883
94,128,31884
95,129,31885
89,128,31886
91,130,31887
89,130,31888
87,130,31889
81,126,31890
81,127,31891
78,123,31892
78,125,31893
75,121,31894
74,119,31895
73,118,31896
72,114,31897
71,113,31898
71,106,31899
71,103,31900
69,106,31901
70,101,31902
70,98,31903
74,89,31904
73,89,31905
72,89,31906
81,80,31907
78,81,31908
80,78,31909
82,76,31910
88,73,31911
87,72,31912
90,71,31913
96,69,31914
105,69,31915
97,68,31916
107,68,31917
104,67,31918
110,68,31919
118,71,31920
120,72,31921
124,74,31922
122,72,31923
122,71,31924
133,83,31925
134,83,31926
135,83,31927
140,93,31928
141,93,31929
142,95,31930
145,106,31931
146,108,31932
146,106,31933
147,116,31934
147,122,31935
146,130,31936
148,125,31937
145,139,31938
145,140,31939
140,151,31940
142,149,31941
133,162,31942
138,158,31943
132,165,31944
124,172,31945
124,173,31946
123,174,31947
117,178,31948
112,181,31949
102,184,31950
105,184,31951
100,185,31952
94,186,31953
88,186,31954
76,184,31955
81,186,31956
68,182,31957
62,179,31958
66,182,31959
54,174,31960
50,171,31961
54,176,31962
36,153,31963
40,161,31964
35,154,31965
32,149,31966
30,145,31967
25,130,31968
24,128,31969
23,126,31970
22,116,31971
21,111,31972
23,90,31973
21,97,31974
21,94,31975
25,76,31976
25,74,31977
30,62,31978
28,65,31979
32,56,31980
45,39,31981
33,52,31982
47,36,31983
52,31,31984
53,29,31985
60,24,31986
68,19,31987
71,17,31988
84,13,31989
87,12,31990
87,11,31991
99,10,31992
115,11,31993
118,11,31994
125,13,31995
124,12,31996
135,16,31997
138,17,31998
155,29,31999
149,23,32000
161,33,32001
170,43,32002
173,46,32003
176,50,32004
93,114,32005
90,112,32006
89,108,32007
88,109,32008
88,105,32009
87,104,32010
91,98,32011
87,101,32012
93,95,32013
90,95,32014
96,92,32015
98,91,32016
95,91,32017
99,90,32018
104,90,32019
105,89,32020
107,89,32021
111,91,32022
111,90,32023
114,92,32024
115,92,32025
119,97,32026
118,93,32027
122,100,32028
124,103,32029
124,102,32030
126,107,32031
127,112,32032
128,111,32033
127,124,32034
128,124,32035
129,121,32036
128,129,32037
126,134,32038
128,132,32039
125,139,32040
122,144,32041
120,147,32042
114,153,32043
117,152,32044
113,155,32045
110,157,32046
105,160,32047
109,159,32048
99,162,32049
97,163,32050
97,164,32051
85,163,32052
82,163,32053
88,165,32054
74,160,32055
77,163,32056
68,158,32057
65,156,32058
64,156,32059
60,153,32060
57,149,32061
52,143,32062
50,140,32063
47,134,32064
47,135,32065
45,132,32066
42,116,32067
41,117,32068
41,106,32069
40,110,32070
40,100,32071
42,90,32072
40,93,32073
43,83,32074
45,76,32075
44,77,32076
50,66,32077
48,68,32078
50,64,32079
59,53,32080
61,51,32081
65,47,32082
68,44,32083
75,40,32084
79,38,32085
77,38,32086
90,34,32087
96,33,32088
94,32,32089
114,34,32090
114,33,32091
117,33,32092
121,34,32093
130,38,32094
133,39,32095
138,42,32096
143,45,32097
150,52,32098
152,53,32099
159,62,32100
166,74,32101
164,68,32102
170,82,32103
170,81,32104
173,90,32105
175,96,32106
177,107,32107
177,122,32108
178,113,32109
178,126,32110
175,144,32111
178,133,32112
175,148,32113
171,160,32114
172,160,32115
160,181,32116
161,180,32117
160,183,32118
152,192,32119
141,202,32120
141,203,32121
143,202,32122
129,211,32123
126,213,32124
118,217,32125
107,220,32126
103,221,32127
95,222,32128
87,222,32129
76,221,32130
79,222,32131
98,109,32132
102,108,32133
103,108,32134
105,109,32135
107,111,32136
109,113,32137
109,115,32138
110,116,32139
110,121,32140
111,120,32141
110,124,32142
110,126,32143
108,130,32144
108,131,32145
107,133,32146
104,136,32147
103,137,32148
100,139,32149
98,140,32150
96,141,32151
94,142,32152
89,142,32153
89,143,32154
88,143,32155
82,141,32156
81,141,32157
77,139,32158
75,138,32159
72,136,32160
69,132,32161
67,130,32162
65,127,32163
64,126,32164
62,120,32165
61,119,32166
60,114,32167
60,106,32168
59,107,32169
60,97,32170
59,99,32171
60,94,32172
60,92,32173
63,84,32174
61,87,32175
65,79,32176
66,77,32177
68,73,32178
72,69,32179
76,65,32180
78,63,32181
83,60,32182
84,59,32183
89,57,32184
92,56,32185
96,55,32186
100,54,32187
104,54,32188
111,55,32189
116,56,32190
118,56,32191
120,57,32192
125,59,32193
131,63,32194
134,65,32195
140,71,32196
142,73,32197
143,74,32198
148,81,32199
150,85,32200
153,91,32201
155,96,32202
157,105,32203
158,110,32204
158,116,32205
159,115,32206
158,130,32207
158,132,32208
158,134,32209
156,144,32210
155,147,32211
152,155,32212
153,154,32213
145,168,32214
146,167,32215
142,173,32216
133,182,32217
130,185,32218
124,189,32219
119,192,32220
118,193,32221
113,195,32222
107,197,32223
99,199,32224
95,200,32225
89,200,32226
81,199,32227
78,199,32228
69,197,32229
66,196,32230
54,190,32231
52,189,32232
49,187,32233
42,182,32234
34,173,32235
34,174,32236
29,167,32237
24,160,32238
21,154,32239
17,146,32240
15,140,32241
12,129,32242
11,124,32243
10,116,32244
9,110,32245
10,92,32246
11,84,32247
11,81,32248
13,73,32249
17,61,32250
18,58,32251
21,51,32252
26,42,32253
28,39,32254
34,31,32255
39,25,32256
42,22,32257
50,15,32258
97,117,32259
96,120,32260
93,121,32261
92,122,32262
89,122,32263
87,122,32264
85,119,32265
85,122,32266
82,115,32267
81,118,32268
79,114,32269
79,115,32270
78,109,32271
77,107,32272
77,104,32273
77,102,32274
77,99,32275
80,94,32276
79,93,32277
80,91,32278
81,89,32279
86,84,32280
86,83,32281
87,82,32282
90,80,32283
91,79,32284
97,77,32285
100,77,32286
97,76,32287
110,78,32288
106,76,32289
113,78,32290
112,77,32291
117,79,32292
119,80,32293
121,81,32294
125,85,32295
127,86,32296
132,95,32297
132,93,32298
133,94,32299
136,102,32300
137,105,32301
137,101,32302
139,113,32303
140,115,32304
140,119,32305
139,129,32306
139,132,32307
139,133,32308
138,137,32309
138,139,32310
133,149,32311
132,152,32312
131,154,32313
126,160,32314
126,161,32315
119,166,32316
115,169,32317
116,170,32318
109,173,32319
109,174,32320
97,176,32321
97,177,32322
87,177,32323
83,177,32324
85,178,32325
77,176,32326
75,176,32327
63,170,32328
67,173,32329
60,169,32330
54,164,32331
50,160,32332
47,157,32333
50,162,32334
39,144,32335
36,138,32336
38,146,32337
32,127,32338
31,125,32339
31,129,32340
29,112,32341
28,108,32342
28,106,32343
30,88,32344
29,90,32345
32,78,32346
32,77,32347
34,71,32348
37,64,32349
38,61,32350
46,49,32351
43,52,32352
56,38,32353
66,31,32354
63,32,32355
62,32,32356
78,24,32357
79,23,32358
86,21,32359
88,20,32360
94,19,32361
110,19,32362
101,17,32363
118,20,32364
127,22,32365
126,21,32366
137,26,32367
142,29,32368
143,29,32369
154,38,32370
159,42,32371
161,44,32372
168,52,32373
176,67,32374
178,69,32375
180,74,32376
184,84,32377
185,87,32378
187,93,32379
189,112,32380
190,113,32381
190,120,32382
189,135,32383
187,147,32384
188,146,32385
94,111,32386
93,106,32387
94,103,32388
94,102,32389
97,100,32390
96,99,32391
100,98,32392
100,96,32393
107,99,32394
106,97,32395
108,98,32396
107,96,32397
113,102,32398
115,103,32399
116,105,32400
117,106,32401
119,109,32402
120,112,32403
120,115,32404
121,114,32405
122,117,32406
120,127,32407
121,125,32408
121,128,32409
121,129,32410
120,133,32411
115,140,32412
116,140,32413
117,140,32414
107,148,32415
109,148,32416
107,150,32417
106,151,32418
98,153,32419
100,154,32420
96,155,32421
91,155,32422
89,156,32423
80,153,32424
85,156,32425
78,154,32426
75,153,32427
69,149,32428
68,149,32429
64,145,32430
63,145,32431
63,146,32432
55,132,32433
55,134,32434
55,135,32435
50,120,32436
50,123,32437
49,119,32438
48,113,32439
47,110,32440
48,98,32441
47,98,32442
49,90,32443
51,83,32444
48,89,32445
53,76,32446
52,76,32447
61,64,32448
56,69,32449
67,57,32450
61,61,32451
69,54,32452
77,49,32453
75,49,32454
84,45,32455
85,44,32456
91,42,32457
98,41,32458
106,41,32459
104,40,32460
107,40,32461
122,44,32462
128,47,32463
123,43,32464
133,49,32465
138,52,32466
137,50,32467
146,59,32468
150,63,32469
146,57,32470
162,84,32471
160,78,32472
163,83,32473
165,89,32474
166,91,32475
169,106,32476
170,109,32477
170,124,32478
171,120,32479
171,125,32480
166,148,32481
169,142,32482
167,149,32483
161,164,32484
165,157,32485
154,176,32486
159,170,32487
150,183,32488
136,195,32489
153,181,32490
133,199,32491
130,201,32492
126,204,32493
117,208,32494
115,209,32495
109,211,32496
95,213,32497
92,214,32498
82,213,32499
83,214,32500
64,209,32501
60,208,32502
54,205,32503
54,206,32504
46,201,32505
38,195,32506
27,184,32507
29,188,32508
20,176,32509
15,168,32510
12,164,32511
7,153,32512
100,112,32513
103,114,32514
103,118,32515
105,118,32516
103,123,32517
105,122,32518
101,127,32519
104,126,32520
98,130,32521
100,131,32522
97,132,32523
96,134,32524
92,134,32525
89,134,32526
85,133,32527
85,134,32528
84,134,32529
80,132,32530
78,131,32531
76,129,32532
74,127,32533
72,123,32534
71,124,32535
69,119,32536
68,116,32537
67,115,32538
67,105,32539
66,109,32540
65,108,32541
69,93,32542
67,96,32543
66,96,32544
68,90,32545
71,85,32546
69,86,32547
73,80,32548
76,76,32549
77,75,32550
83,70,32551
86,68,32552
85,68,32553
90,66,32554
94,64,32555
92,64,32556
100,63,32557
102,62,32558
103,62,32559
117,66,32560
117,65,32561
116,64,32562
123,68,32563
124,67,32564
130,72,32565
135,77,32566
137,79,32567
136,77,32568
143,89,32569
144,89,32570
146,94,32571
148,99,32572
150,107,32573
150,102,32574
151,115,32575
152,116,32576
151,126,32577
152,127,32578
151,133,32579
147,146,32580
149,143,32581
146,150,32582
144,155,32583
144,156,32584
136,167,32585
135,169,32586
135,170,32587
125,178,32588
121,181,32589
116,184,32590
118,184,32591
107,188,32592
100,190,32593
104,190,32594
88,191,32595
83,191,32596
84,192,32597
63,184,32598
67,187,32599
70,189,32600
61,185,32601
55,181,32602
47,175,32603
41,169,32604
42,171,32605
34,160,32606
34,161,32607
28,151,32608
25,144,32609
25,146,32610
21,134,32611
19,126,32612
17,114,32613
17,109,32614
16,108,32615
20,81,32616
15,104,32617
18,84,32618
22,70,32619
19,75,32620
26,58,32621
32,48,32622
27,54,32623
41,36,32624
43,33,32625
44,31,32626
53,23,32627
71,13,32628
63,16,32629
68,13,32630
82,8,32631
85,7,32632
87,6,32633
103,5,32634
106,4,32635
114,5,32636
123,7,32637
125,7,32638
135,10,32639
94,116,32640
91,116,32641
89,115,32642
87,114,32643
86,111,32644
85,112,32645
84,107,32646
83,106,32647
86,100,32648
83,102,32649
85,98,32650
87,94,32651
88,93,32652
88,92,32653
92,89,32654
92,88,32655
93,87,32656
99,86,32657
99,85,32658
101,84,32659
102,83,32660
110,86,32661
108,84,32662
113,86,32663
115,87,32664
117,88,32665
120,91,32666
122,93,32667
122,91,32668
127,101,32669
129,104,32670
128,100,32671
131,108,32672
131,118,32673
132,112,32674
133,115,32675
132,125,32676
133,123,32677
131,132,32678
132,133,32679
129,139,32680
129,141,32681
125,147,32682
128,145,32683
122,152,32684
120,155,32685
120,156,32686
111,162,32687
112,162,32688
110,164,32689
100,167,32690
103,167,32691
91,168,32692
93,169,32693
91,170,32694
85,169,32695
76,167,32696
73,166,32697
70,165,32698
66,163,32699
64,162,32700
59,158,32701
56,155,32702
53,152,32703
51,150,32704
47,144,32705
44,139,32706
42,135,32707
39,127,32708
38,123,32709
37,119,32710
36,114,32711
36,102,32712
35,103,32713
35,101,32714
37,88,32715
39,81,32716
40,76,32717
43,69,32718
43,68,32719
49,58,32720
49,57,32721
56,49,32722
60,45,32723
58,46,32724
67,39,32725
73,35,32726
80,32,32727
85,30,32728
88,29,32729
92,28,32730
99,27,32731
109,27,32732
110,27,32733
121,29,32734
129,32,32735
131,33,32736
131,32,32737
141,38,32738
148,43,32739
151,45,32740
159,54,32741
160,55,32742
165,62,32743
168,66,32744
174,79,32745
175,80,32746
177,87,32747
180,97,32748
181,103,32749
182,109,32750
182,125,32751
182,132,32752
182,135,32753
180,145,32754
177,156,32755
177,158,32756
173,168,32757
169,176,32758
167,180,32759
164,185,32760
155,196,32761
152,200,32762
144,207,32763
136,213,32764
133,215,32765
128,218,32766
96,111,32767
99,105,32768
100,105,32769
102,104,32770
106,105,32771
107,105,32772
109,108,32773
109,105,32774
112,112,32775
113,111,32776
113,116,32777
114,117,32778
114,120,32779
115,121,32780
114,126,32781
114,127,32782
113,130,32783
112,132,32784
111,135,32785
109,137,32786
108,139,32787
101,143,32788
103,143,32789
102,144,32790
98,146,32791
96,147,32792
90,147,32793
90,148,32794
88,148,32795
81,145,32796
79,145,32797
78,145,32798
75,144,32799
70,139,32800
70,141,32801
67,138,32802
65,135,32803
62,131,32804
59,122,32805
58,123,32806
58,124,32807
56,115,32808
55,111,32809
55,107,32810
54,106,32811
54,103,32812
55,96,32813
55,94,32814
57,87,32815
58,83,32816
60,78,32817
63,73,32818
66,69,32819
64,70,32820
69,65,32821
76,59,32822
76,58,32823
82,55,32824
87,53,32825
87,52,32826
94,50,32827
91,50,32828
103,49,32829
108,49,32830
113,50,32831
117,51,32832
121,52,32833
126,54,32834
127,54,32835
136,61,32836
136,60,32837
143,67,32838
145,69,32839
150,76,32840
152,79,32841
150,74,32842
159,97,32843
160,99,32844
159,91,32845
162,110,32846
163,113,32847
163,119,32848
164,122,32849
163,130,32850
163,134,32851
160,145,32852
159,150,32853
156,158,32854
154,162,32855
152,166,32856
146,175,32857
145,177,32858
139,183,32859
139,184,32860
132,190,32861
114,199,32862
116,199,32863
116,200,32864
105,203,32865
100,204,32866
93,205,32867
90,205,32868
82,205,32869
70,202,32870
77,205,32871
60,199,32872
58,198,32873
55,197,32874
46,191,32875
44,190,32876
32,178,32877
29,175,32878
22,165,32879
20,162,32880
21,165,32881
10,136,32882
11,142,32883
8,133,32884
6,120,32885
5,116,32886
5,100,32887
5,94,32888
5,93,32889
6,84,32890
7,78,32891
12,62,32892
11,62,32893
99,116,32894
99,120,32895
97,122,32896
97,124,32897
94,125,32898
94,126,32899
91,126,32900
89,127,32901
84,123,32902
86,127,32903
83,125,32904
83,126,32905
78,119,32906
78,120,32907
76,115,32908
75,115,32909
74,113,32910
74,107,32911
73,106,32912
72,106,32913
72,104,32914
74,97,32915
76,92,32916
74,93,32917
75,91,32918
75,89,32919
82,82,32920
82,81,32921
80,81,32922
90,76,32923
89,75,32924
94,73,32925
91,73,32926
100,72,32927
99,71,32928
106,71,32929
107,71,32930
109,71,32931
119,76,32932
118,74,32933
119,74,32934
126,80,32935
126,79,32936
129,81,32937
134,88,32938
135,89,32939
133,84,32940
140,102,32941
141,101,32942
142,102,32943
143,112,32944
144,111,32945
144,121,32946
145,119,32947
145,122,32948
143,134,32949
144,133,32950
140,144,32951
135,154,32952
142,143,32953
136,154,32954
137,154,32955
126,166,32956
128,166,32957
116,174,32958
123,171,32959
112,177,32960
107,179,32961
106,180,32962
98,182,32963
93,182,32964
93,183,32965
88,183,32966
80,182,32967
75,181,32968
75,182,32969
60,174,32970
56,171,32971
64,178,32972
49,166,32973
47,164,32974
45,163,32975
38,152,32976
37,151,32977
37,154,32978
28,128,32979
28,132,32980
27,129,32981
25,118,32982
25,121,32983
24,108,32984
23,106,32985
25,89,32986
24,90,32987
27,78,32988
33,64,32989
28,73,32990
32,63,32991
40,50,32992
38,51,32993
48,39,32994
46,40,32995
50,36,32996
70,23,32997
53,32,32998
73,20,32999
81,17,33000
82,16,33001
92,14,33002
97,13,33003
100,13,33004
107,13,33005
116,14,33006
130,18,33007
127,16,33008
141,23,33009
142,23,33010
153,31,33011
154,31,33012
161,37,33013
166,42,33014
176,57,33015
177,57,33016
179,61,33017
186,77,33018
185,72,33019
191,93,33020
95,113,33021
91,110,33022
91,107,33023
89,105,33024
91,101,33025
89,102,33026
94,97,33027
92,97,33028
99,95,33029
96,94,33030
99,93,33031
100,92,33032
106,93,33033
105,92,33034
110,94,33035
111,94,33036
113,95,33037
115,96,33038
116,97,33039
119,100,33040
121,103,33041
123,110,33042
122,103,33043
124,111,33044
125,113,33045
126,114,33046
125,124,33047
126,124,33048
127,121,33049
120,138,33050
123,136,33051
124,135,33052
120,142,33053
117,146,33054
120,144,33055
115,149,33056
110,153,33057
108,155,33058
103,157,33059
105,157,33060
100,159,33061
97,160,33062
90,160,33063
89,161,33064
88,161,33065
81,160,33066
81,161,33067
72,156,33068
71,156,33069
72,158,33070
61,148,33071
64,153,33072
58,146,33073
54,141,33074
52,138,33075
51,137,33076
48,129,33077
46,123,33078
45,121,33079
44,117,33080
43,111,33081
43,101,33082
43,99,33083
43,95,33084
45,87,33085
44,88,33086
46,81,33087
51,71,33088
51,69,33089
54,64,33090
58,59,33091
58,58,33092
68,49,33093
67,49,33094
69,47,33095
78,42,33096
86,39,33097
88,38,33098
87,37,33099
98,36,33100
102,35,33101
103,35,33102
117,37,33103
118,37,33104
136,46,33105
116,35,33106
134,43,33107
140,47,33108
142,48,33109
150,56,33110
153,59,33111
157,64,33112
157,63,33113
165,78,33114
167,81,33115
169,87,33116
173,103,33117
173,98,33118
174,107,33119
175,113,33120
175,122,33121
175,130,33122
175,132,33123
167,160,33124
175,138,33125
169,158,33126
164,169,33127
163,172,33128
161,176,33129
150,190,33130
156,184,33131
138,201,33132
137,202,33133
137,203,33134
125,210,33135
113,214,33136
113,215,33137
107,217,33138
98,218,33139
94,219,33140
87,219,33141
73,217,33142
73,218,33143
59,213,33144
52,210,33145
45,206,33146
45,207,33147
99,110,33148
103,110,33149
105,113,33150
105,111,33151
107,117,33152
108,117,33153
108,121,33154
109,121,33155
106,127,33156
108,125,33157
104,131,33158
106,130,33159
101,134,33160
101,135,33161
99,136,33162
96,138,33163
95,138,33164
91,139,33165
90,139,33166
89,140,33167
87,140,33168
81,137,33169
79,137,33170
77,136,33171
74,133,33172
71,130,33173
72,132,33174
69,128,33175
67,125,33176
64,115,33177
64,119,33178
63,115,33179
62,113,33180
63,101,33181
61,109,33182
61,103,33183
63,94,33184
62,94,33185
66,85,33186
65,85,33187
70,77,33188
67,80,33189
73,73,33190
68,77,33191
79,67,33192
78,67,33193
81,64,33194
89,61,33195
90,60,33196
93,59,33197
98,58,33198
98,57,33199
107,58,33200
106,57,33201
113,58,33202
117,59,33203
123,62,33204
125,63,33205
129,65,33206
133,68,33207
138,73,33208
141,76,33209
146,85,33210
144,80,33211
148,87,33212
150,91,33213
153,100,33214
154,103,33215
155,109,33216
156,114,33217
156,120,33218
157,120,33219
154,138,33220
155,136,33221
155,139,33222
149,154,33223
148,156,33224
148,158,33225
145,163,33226
141,169,33227
136,175,33228
136,176,33229
124,185,33230
123,186,33231
124,186,33232
111,192,33233
110,193,33234
102,195,33235
98,196,33236
85,196,33237
84,196,33238
86,197,33239
74,195,33240
70,194,33241
61,190,33242
54,186,33243
52,185,33244
48,183,33245
42,178,33246
33,167,33247
31,165,33248
29,162,33249
24,154,33250
21,147,33251
20,146,33252
15,128,33253
15,131,33254
13,120,33255
12,112,33256
12,102,33257
11,104,33258
14,83,33259
15,77,33260
15,75,33261
19,64,33262
24,53,33263
26,48,33264
27,46,33265
36,34,33266
39,30,33267
42,26,33268
49,20,33269
55,15,33270
60,12,33271
65,9,33272
74,5,33273
82,2,33274
96,117,33275
94,119,33276
92,119,33277
90,120,33278
88,119,33279
85,118,33280
84,115,33281
83,117,33282
82,109,33283
80,112,33284
80,107,33285
80,103,33286
80,101,33287
80,100,33288
82,95,33289
81,95,33290
82,93,33291
85,89,33292
86,87,33293
87,86,33294
89,84,33295
96,82,33296
94,81,33297
96,80,33298
99,79,33299
102,79,33300
108,80,33301
110,80,33302
107,78,33303
116,83,33304
116,82,33305
121,86,33306
121,85,33307
126,90,33308
127,91,33309
129,93,33310
131,97,33311
133,101,33312
135,111,33313
135,106,33314
136,108,33315
137,116,33316
137,122,33317
137,127,33318
137,128,33319
136,134,33320
135,138,33321
132,144,33322
132,146,33323
131,148,33324
127,154,33325
125,157,33326
121,161,33327
119,163,33328
118,164,33329
110,169,33330
109,170,33331
102,172,33332
97,173,33333
97,174,33334
87,174,33335
84,174,33336
82,174,33337
77,173,33338
74,172,33339
67,169,33340
63,167,33341
59,164,33342
57,163,33343
53,159,33344
48,154,33345
46,151,33346
42,145,33347
38,137,33348
36,132,33349
36,135,33350
33,119,33351
32,113,33352
32,122,33353
31,107,33354
31,101,33355
31,97,33356
32,89,33357
34,81,33358
33,82,33359
39,67,33360
40,64,33361
44,57,33362
49,50,33363
51,47,33364
57,41,33365
59,39,33366
64,35,33367
70,31,33368
71,30,33369
90,24,33370
87,24,33371
87,23,33372
102,22,33373
103,21,33374
111,22,33375
118,23,33376
123,24,33377
131,27,33378
135,28,33379
148,37,33380
146,35,33381
153,40,33382
160,48,33383
160,47,33384
168,58,33385
173,66,33386
177,74,33387
179,79,33388
181,82,33389
185,106,33390
185,100,33391
186,105,33392
187,116,33393
187,125,33394
187,130,33395
185,143,33396
183,153,33397
179,165,33398
178,168,33399
175,175,33400
171,183,33401
95,111,33402
95,105,33403
97,103,33404
96,102,33405
101,101,33406
101,99,33407
103,100,33408
105,99,33409
110,104,33410
110,102,33411
112,103,33412
112,102,33413
115,109,33414
116,110,33415
117,112,33416
118,114,33417
119,115,33418
118,122,33419
119,122,33420
119,125,33421
119,126,33422
115,134,33423
115,136,33424
116,136,33425
114,139,33426
113,141,33427
106,146,33428
106,147,33429
107,147,33430
97,150,33431
98,151,33432
96,152,33433
91,152,33434
84,151,33435
87,153,33436
82,152,33437
80,151,33438
76,150,33439
69,144,33440
71,147,33441
69,146,33442
65,142,33443
60,135,33444
60,137,33445
56,129,33446
56,130,33447
56,132,33448
52,116,33449
51,114,33450
51,119,33451
50,107,33452
50,100,33453
52,91,33454
50,96,33455
50,94,33456
54,82,33457
52,84,33458
58,73,33459
63,66,33460
59,69,33461
65,62,33462
63,63,33463
79,52,33464
72,55,33465
86,48,33466
78,50,33467
91,46,33468
96,45,33469
96,44,33470
103,44,33471
108,44,33472
107,43,33473
119,46,33474
124,48,33475
127,49,33476
127,48,33477
140,58,33478
144,62,33479
139,55,33480
152,71,33481
154,73,33482
152,69,33483
161,88,33484
162,89,33485
161,84,33486
166,108,33487
167,109,33488
167,107,33489
168,116,33490
167,131,33491
168,127,33492
167,137,33493
165,145,33494
165,147,33495
161,158,33496
152,173,33497
157,167,33498
150,178,33499
144,185,33500
146,184,33501
131,196,33502
134,195,33503
131,197,33504
113,205,33505
120,204,33506
108,208,33507
100,209,33508
98,210,33509
91,211,33510
76,209,33511
77,210,33512
67,207,33513
61,205,33514
54,202,33515
55,203,33516
37,189,33517
36,189,33518
30,183,33519
30,184,33520
24,177,33521
19,170,33522
10,151,33523
13,160,33524
5,138,33525
3,130,33526
3,132,33527
1,119,33528
101,114,33529
102,116,33530
101,121,33531
103,120,33532
100,125,33533
101,125,33534
97,128,33535
99,129,33536
91,129,33537
94,131,33538
91,131,33539
89,132,33540
85,130,33541
84,130,33542
81,128,33543
80,128,33544
77,126,33545
76,126,33546
75,124,33547
72,119,33548
72,120,33549
70,112,33550
70,108,33551
69,111,33552
68,108,33553
68,104,33554
71,94,33555
69,96,33556
68,97,33557
75,85,33558
73,85,33559
74,83,33560
76,80,33561
81,76,33562
79,76,33563
83,73,33564
89,70,33565
89,69,33566
100,68,33567
97,67,33568
98,66,33569
103,66,33570
111,67,33571
109,66,33572
116,68,33573
117,68,33574
115,66,33575
128,76,33576
130,77,33577
129,74,33578
137,85,33579
134,79,33580
139,86,33581
143,95,33582
144,96,33583
145,97,33584
147,107,33585
148,112,33586
148,123,33587
149,115,33588
149,123,33589
149,126,33590
148,133,33591
146,142,33592
142,150,33593
146,144,33594
142,153,33595
135,163,33596
135,164,33597
132,168,33598
124,175,33599
125,175,33600
118,179,33601
118,180,33602
113,183,33603
107,185,33604
97,187,33605
86,187,33606
92,188,33607
86,188,33608
78,187,33609
80,188,33610
68,184,33611
63,182,33612
66,185,33613
43,165,33614
50,174,33615
43,167,33616
44,169,33617
35,157,33618
29,145,33619
30,149,33620
27,143,33621
23,130,33622
22,127,33623
21,121,33624
20,114,33625
19,112,33626
20,95,33627
19,98,33628
22,81,33629
22,78,33630
23,74,33631
34,52,33632
23,70,33633
36,47,33634
38,44,33635
40,40,33636
45,35,33637
51,29,33638
55,25,33639
67,18,33640
68,17,33641
68,16,33642
83,11,33643
96,9,33644
96,8,33645
105,8,33646
104,7,33647
113,8,33648
124,10,33649
134,14,33650
134,13,33651
147,20,33652
154,25,33653
157,27,33654
160,29,33655
95,114,33656
90,114,33657
89,112,33658
87,110,33659
87,107,33660
86,107,33661
87,102,33662
86,101,33663
90,97,33664
87,97,33665
91,94,33666
91,92,33667
94,91,33668
94,90,33669
99,89,33670
100,88,33671
102,87,33672
106,88,33673
107,87,33674
110,88,33675
109,87,33676
117,93,33677
119,94,33678
116,90,33679
122,97,33680
123,98,33681
125,101,33682
127,106,33683
127,103,33684
129,115,33685
129,116,33686
130,116,33687
130,120,33688
128,131,33689
131,123,33690
129,132,33691
127,137,33692
127,139,33693
123,145,33694
124,145,33695
121,149,33696
115,155,33697
113,157,33698
116,156,33699
109,160,33700
106,162,33701
106,163,33702
96,165,33703
93,165,33704
95,166,33705
84,165,33706
89,167,33707
78,164,33708
74,163,33709
75,164,33710
70,162,33711
63,157,33712
59,154,33713
56,151,33714
52,146,33715
51,145,33716
49,143,33717
44,130,33718
45,136,33719
42,127,33720
40,119,33721
39,115,33722
39,102,33723
38,108,33724
39,96,33725
39,93,33726
38,95,33727
42,80,33728
42,78,33729
43,75,33730
49,64,33731
53,58,33732
54,56,33733
57,52,33734
60,49,33735
63,46,33736
66,43,33737
79,36,33738
81,35,33739
79,35,33740
97,31,33741
100,31,33742
100,30,33743
108,30,33744
118,32,33745
123,33,33746
121,32,33747
129,35,33748
142,43,33749
143,43,33750
148,47,33751
157,57,33752
154,52,33753
160,60,33754
163,64,33755
168,73,33756
171,79,33757
173,84,33758
176,94,33759
177,97,33760
179,110,33761
179,124,33762
180,117,33763
179,134,33764
178,140,33765
179,140,33766
174,156,33767
171,165,33768
171,166,33769
168,172,33770
157,188,33771
159,187,33772
154,193,33773
141,205,33774
143,204,33775
141,206,33776
126,215,33777
120,218,33778
117,219,33779
107,222,33780
103,223,33781
97,224,33782
98,108,33783
100,107,33784
103,107,33785
104,107,33786
107,108,33787
108,109,33788
109,111,33789
111,112,33790
111,117,33791
112,117,33792
112,121,33793
112,124,33794
111,127,33795
110,130,33796
110,131,33797
108,134,33798
107,135,33799
105,138,33800
102,140,33801
101,141,33802
99,142,33803
94,143,33804
94,144,33805
91,144,33806
87,144,33807
86,144,33808
82,143,33809
80,143,33810
78,142,33811
74,139,33812
71,137,33813
68,134,33814
69,136,33815
65,130,33816
63,128,33817
61,123,33818
60,121,33819
59,118,33820
58,109,33821
57,110,33822
57,103,33823
57,101,33824
58,95,33825
58,93,33826
60,86,33827
61,83,33828
62,81,33829
66,74,33830
66,73,33831
70,69,33832
73,65,33833
77,62,33834
78,61,33835
80,59,33836
84,57,33837
89,55,33838
91,54,33839
101,53,33840
103,52,33841
107,52,33842
113,53,33843
117,54,33844
120,55,33845
125,57,33846
127,58,33847
134,63,33848
137,65,33849
139,67,33850
144,72,33851
149,80,33852
149,79,33853
152,85,33854
154,89,33855
157,98,33856
158,101,33857
159,101,33858
160,117,33859
161,119,33860
161,122,33861
160,133,33862
159,139,33863
157,147,33864
156,150,33865
154,155,33866
151,162,33867
148,167,33868
143,174,33869
140,178,33870
136,182,33871
133,185,33872
123,192,33873
120,194,33874
113,197,33875
111,198,33876
105,200,33877
93,201,33878
92,202,33879
88,202,33880
78,201,33881
77,201,33882
66,198,33883
61,196,33884
55,193,33885
49,189,33886
45,187,33887
35,177,33888
32,174,33889
30,172,33890
26,166,33891
21,158,33892
18,152,33893
15,145,33894
11,132,33895
10,128,33896
9,127,33897
8,107,33898
7,107,33899
8,94,33900
8,89,33901
10,78,33902
13,67,33903
15,61,33904
16,58,33905
20,49,33906
24,42,33907
30,33,33908
33,29,33909
98,117,33910
98,118,33911
94,122,33912
94,123,33913
92,123,33914
90,124,33915
86,122,33916
86,124,33917
82,117,33918
83,122,33919
81,120,33920
80,120,33921
78,113,33922
77,112,33923
76,108,33924
75,108,33925
75,105,33926
77,98,33927
76,98,33928
76,97,33929
76,95,33930
81,88,33931
80,88,33932
81,86,33933
83,83,33934
85,81,33935
91,78,33936
92,77,33937
92,76,33938
101,75,33939
100,74,33940
104,74,33941
105,74,33942
110,75,33943
110,74,33944
115,76,33945
120,79,33946
121,79,33947
129,88,33948
127,84,33949
129,85,33950
133,92,33951
136,97,33952
135,93,33953
139,106,33954
139,104,33955
139,100,33956
141,117,33957
142,116,33958
142,122,33959
141,130,33960
142,128,33961
138,141,33962
139,141,33963
139,142,33964
134,151,33965
136,149,33966
128,160,33967
124,164,33968
127,163,33969
119,169,33970
122,168,33971
110,174,33972
110,175,33973
99,178,33974
105,178,33975
95,179,33976
85,179,33977
89,180,33978
77,178,33979
75,178,33980
71,177,33981
64,173,33982
62,172,33983
55,167,33984
58,171,33985
45,157,33986
40,149,33987
49,164,33988
36,143,33989
34,139,33990
36,146,33991
29,122,33992
29,124,33993
30,133,33994
27,108,33995
26,109,33996
27,96,33997
27,92,33998
29,83,33999
29,80,34000
31,74,34001
38,59,34002
33,67,34003
41,53,34004
56,37,34005
47,44,34006
55,36,34007
63,30,34008
59,32,34009
73,24,34010
70,25,34011
81,20,34012
94,18,34013
85,18,34014
106,17,34015
104,16,34016
111,16,34017
120,18,34018
130,21,34019
129,20,34020
139,25,34021
144,28,34022
151,33,34023
152,33,34024
165,47,34025
169,51,34026
173,57,34027
176,61,34028
179,67,34029
180,68,34030
187,90,34031
186,83,34032
190,103,34033
191,112,34034
191,125,34035
192,119,34036
93,111,34037
92,108,34038
92,106,34039
92,103,34040
94,101,34041
94,99,34042
98,97,34043
97,96,34044
103,97,34045
102,95,34046
104,95,34047
105,94,34048
112,99,34049
111,97,34050
114,100,34051
115,100,34052
117,102,34053
119,106,34054
120,106,34055
121,109,34056
122,112,34057
122,119,34058
123,120,34059
124,119,34060
123,125,34061
121,132,34062
123,128,34063
121,134,34064
122,134,34065
113,145,34066
116,143,34067
114,146,34068
111,149,34069
106,152,34070
106,153,34071
101,155,34072
99,156,34073
96,157,34074
87,156,34075
92,158,34076
89,158,34077
82,157,34078
77,155,34079
76,155,34080
72,153,34081
69,152,34082
69,153,34083
61,144,34084
58,141,34085
59,144,34086
53,133,34087
53,134,34088
50,128,34089
49,124,34090
48,123,34091
47,119,34092
46,112,34093
46,100,34094
47,94,34095
45,98,34096
47,89,34097
47,87,34098
52,75,34099
49,80,34100
57,66,34101
52,72,34102
60,61,34103
65,56,34104
66,54,34105
71,50,34106
77,46,34107
78,45,34108
86,42,34109
84,42,34110
90,40,34111
97,39,34112
106,39,34113
114,40,34114
114,39,34115
120,41,34116
128,44,34117
123,41,34118
137,49,34119
140,51,34120
137,47,34121
154,67,34122
151,61,34123
155,66,34124
159,72,34125
163,79,34126
167,90,34127
168,92,34128
168,91,34129
171,108,34130
172,110,34131
171,129,34132
173,122,34133
172,133,34134
170,142,34135
170,145,34136
165,159,34137
166,159,34138
164,163,34139
153,180,34140
160,173,34141
149,187,34142
144,192,34143
145,192,34144
135,200,34145
129,204,34146
128,205,34147
110,212,34148
107,213,34149
107,214,34150
98,215,34151
85,215,34152
80,215,34153
74,214,34154
71,214,34155
64,212,34156
51,206,34157
45,202,34158
45,203,34159
34,194,34160
25,185,34161
23,183,34162
20,180,34163
100,111,34164
103,112,34165
104,116,34166
105,115,34167
105,119,34168
106,122,34169
103,126,34170
106,124,34171
101,129,34172
103,130,34173
99,132,34174
100,133,34175
95,135,34176
94,135,34177
90,135,34178
90,136,34179
86,136,34180
84,135,34181
84,136,34182
80,134,34183
78,133,34184
74,129,34185
75,131,34186
71,126,34187
70,124,34188
69,123,34189
67,119,34190
66,114,34191
65,114,34192
65,103,34193
65,101,34194
64,101,34195
64,99,34196
67,91,34197
64,95,34198
67,88,34199
70,82,34200
70,81,34201
76,74,34202
76,73,34203
77,72,34204
84,67,34205
85,66,34206
83,66,34207
93,63,34208
94,62,34209
95,61,34210
104,61,34211
107,61,34212
105,60,34213
116,63,34214
114,61,34215
124,66,34216
126,67,34217
128,68,34218
131,70,34219
138,78,34220
140,80,34221
141,81,34222
144,86,34223
147,92,34224
146,88,34225
151,106,34226
151,103,34227
152,118,34228
153,113,34229
153,126,34230
152,132,34231
153,132,34232
150,143,34233
151,141,34234
150,146,34235
145,156,34236
146,156,34237
145,158,34238
135,171,34239
130,176,34240
132,175,34241
128,179,34242
120,184,34243
115,187,34244
117,187,34245
108,190,34246
99,192,34247
100,193,34248
83,192,34249
83,193,34250
80,193,34251
74,192,34252
64,188,34253
62,187,34254
56,184,34255
52,182,34256
44,175,34257
43,174,34258
35,165,34259
31,159,34260
32,162,34261
26,151,34262
22,142,34263
19,133,34264
19,134,34265
16,120,34266
16,102,34267
15,116,34268
15,97,34269
17,84,34270
14,98,34271
18,76,34272
20,70,34273
19,70,34274
30,48,34275
30,47,34276
29,48,34277
39,35,34278
49,25,34279
49,24,34280
51,22,34281
65,13,34282
68,11,34283
67,11,34284
81,6,34285
89,4,34286
95,3,34287
108,3,34288
113,3,34289
109,2,34290
94,117,34291
93,117,34292
90,117,34293
88,116,34294
86,115,34295
85,114,34296
84,111,34297
82,111,34298
84,102,34299
81,106,34300
83,100,34301
84,97,34302
84,96,34303
84,95,34304
88,91,34305
88,89,34306
89,88,34307
92,86,34308
94,85,34309
96,84,34310
97,83,34311
104,83,34312
102,82,34313
106,82,34314
109,83,34315
113,84,34316
115,85,34317
119,88,34318
118,86,34319
124,93,34320
124,92,34321
128,98,34322
129,99,34323
129,98,34324
132,106,34325
133,109,34326
134,113,34327
134,117,34328
133,128,34329
135,121,34330
134,128,34331
133,133,34332
131,139,34333
132,139,34334
129,145,34335
126,150,34336
126,151,34337
121,156,34338
120,158,34339
117,161,34340
110,165,34341
111,165,34342
105,168,34343
102,169,34344
99,170,34345
95,171,34346
90,171,34347
81,170,34348
79,170,34349
77,170,34350
72,168,34351
66,165,34352
64,164,34353
61,162,34354
57,159,34355
54,156,34356
49,150,34357
46,146,34358
43,141,34359
41,137,34360
39,132,34361
38,130,34362
36,122,34363
35,118,34364
34,112,34365
34,104,34366
34,98,34367
35,90,34368
35,88,34369
36,83,34370
39,74,34371
41,68,34372
44,63,34373
49,55,34374
49,54,34375
55,47,34376
57,45,34377
67,37,34378
68,36,34379
71,34,34380
76,31,34381
85,28,34382
87,27,34383
96,25,34384
106,25,34385
114,26,34386
116,26,34387
118,26,34388
125,28,34389
132,31,34390
140,35,34391
143,37,34392
149,41,34393
156,48,34394
155,46,34395
163,56,34396
168,63,34397
174,75,34398
175,76,34399
178,84,34400
180,90,34401
182,99,34402
183,106,34403
184,113,34404
184,123,34405
183,137,34406
183,140,34407
182,145,34408
179,156,34409
177,163,34410
176,166,34411
171,176,34412
166,185,34413
161,192,34414
155,199,34415
152,203,34416
145,209,34417
96,107,34418
97,105,34419
99,104,34420
100,103,34421
104,103,34422
104,102,34423
108,105,34424
107,102,34425
112,110,34426
112,107,34427
114,111,34428
114,108,34429
115,116,34430
116,117,34431
116,120,34432
116,124,34433
116,126,34434
113,132,34435
115,130,34436
114,133,34437
113,135,34438
108,140,34439
110,140,34440
108,142,34441
105,144,34442
103,146,34443
99,147,34444
95,148,34445
96,149,34446
86,148,34447
86,149,34448
84,149,34449
80,148,34450
75,145,34451
76,147,34452
73,145,34453
68,141,34454
66,139,34455
62,132,34456
61,133,34457
60,132,34458
58,127,34459
56,121,34460
55,122,34461
54,113,34462
53,112,34463
53,106,34464
53,100,34465
53,98,34466
53,96,34467
55,87,34468
55,85,34469
59,78,34470
58,77,34471
60,74,34472
65,67,34473
65,66,34474
72,60,34475
76,57,34476
74,57,34477
83,52,34478
79,53,34479
94,49,34480
94,48,34481
101,47,34482
105,47,34483
109,47,34484
117,49,34485
119,49,34486
125,52,34487
125,51,34488
132,55,34489
137,59,34490
141,62,34491
143,64,34492
145,65,34493
154,80,34494
157,86,34495
153,75,34496
160,93,34497
161,95,34498
161,92,34499
164,111,34500
165,114,34501
165,118,34502
164,133,34503
164,136,34504
163,141,34505
162,146,34506
160,152,34507
156,162,34508
157,161,34509
148,175,34510
151,172,34511
144,181,34512
129,193,34513
137,188,34514
130,194,34515
118,200,34516
120,200,34517
111,203,34518
107,205,34519
102,206,34520
82,206,34521
94,208,34522
78,206,34523
71,205,34524
73,206,34525
62,202,34526
52,197,34527
49,196,34528
41,189,34529
36,185,34530
29,178,34531
31,181,34532
16,157,34533
18,162,34534
13,152,34535
10,145,34536
9,143,34537
6,132,34538
4,117,34539
4,123,34540
3,100,34541
3,97,34542
5,83,34543
3,89,34544
99,114,34545
101,118,34546
99,122,34547
99,123,34548
97,125,34549
97,126,34550
94,127,34551
93,129,34552
86,126,34553
89,129,34554
86,129,34555
85,128,34556
80,124,34557
79,124,34558
77,120,34559
77,122,34560
75,119,34561
73,114,34562
73,115,34563
72,111,34564
71,110,34565
72,101,34566
73,96,34567
71,99,34568
72,95,34569
71,96,34570
78,85,34571
77,85,34572
74,87,34573
85,77,34574
81,79,34575
86,75,34576
86,74,34577
93,72,34578
92,71,34579
96,70,34580
100,69,34581
102,69,34582
111,71,34583
108,69,34584
110,69,34585
116,71,34586
123,75,34587
122,74,34588
128,79,34589
129,79,34590
127,76,34591
138,93,34592
137,89,34593
139,91,34594
142,101,34595
142,98,34596
144,104,34597
145,111,34598
146,113,34599
146,122,34600
147,121,34601
144,136,34602
143,139,34603
146,133,34604
142,145,34605
143,144,34606
134,159,34607
136,158,34608
125,169,34609
134,162,34610
127,169,34611
117,176,34612
120,175,34613
113,179,34614
109,181,34615
106,182,34616
97,184,34617
95,185,34618
90,185,34619
84,185,34620
73,182,34621
66,179,34622
72,183,34623
61,177,34624
59,176,34625
57,176,34626
45,164,34627
42,161,34628
48,170,34629
32,144,34630
33,148,34631
33,149,34632
28,137,34633
26,132,34634
24,120,34635
23,118,34636
23,120,34637
22,109,34638
22,99,34639
27,76,34640
23,86,34641
25,78,34642
29,67,34643
30,63,34644
37,51,34645
35,53,34646
41,44,34647
54,32,34648
41,42,34649
57,28,34650
61,25,34651
60,25,34652
73,18,34653
80,15,34654
82,14,34655
95,12,34656
99,11,34657
104,11,34658
112,11,34659
127,15,34660
125,14,34661
137,19,34662
135,17,34663
149,25,34664
150,25,34665
167,42,34666
162,35,34667
168,42,34668
176,53,34669
176,52,34670
184,67,34671
92,113,34672
91,112,34673
90,108,34674
88,107,34675
89,104,34676
88,102,34677
91,99,34678
89,98,34679
95,95,34680
92,94,34681
97,92,34682
95,92,34683
101,91,34684
102,90,34685
105,91,34686
105,90,34687
107,90,34688
111,92,34689
114,93,34690
116,95,34691
119,98,34692
121,102,34693
119,95,34694
124,106,34695
125,108,34696
126,109,34697
126,118,34698
127,116,34699
128,115,34700
124,132,34701
127,126,34702
127,130,34703
125,135,34704
122,141,34705
125,138,34706
122,143,34707
118,148,34708
116,150,34709
113,153,34710
113,154,34711
110,156,34712
105,159,34713
99,161,34714
103,161,34715
95,162,34716
93,163,34717
87,163,34718
78,160,34719
79,161,34720
78,162,34721
68,156,34722
72,160,34723
64,154,34724
61,151,34725
58,149,34726
57,148,34727
51,139,34728
50,138,34729
47,132,34730
45,127,34731
44,124,34732
44,127,34733
42,111,34734
41,112,34735
42,97,34736
40,104,34737
41,97,34738
45,81,34739
42,88,34740
47,74,34741
48,72,34742
48,70,34743
55,60,34744
56,58,34745
57,56,34746
65,49,34747
73,43,34748
76,41,34749
76,40,34750
85,37,34751
88,36,34752
88,35,34753
106,34,34754
103,33,34755
101,32,34756
126,39,34757
121,36,34758
124,36,34759
128,38,34760
140,45,34761
142,46,34762
146,49,34763
153,56,34764
160,66,34765
159,63,34766
162,68,34767
170,86,34768
167,75,34769
171,87,34770
174,97,34771
175,103,34772
176,107,34773
177,115,34774
174,141,34775
178,123,34776
176,137,34777
172,152,34778
175,146,34779
169,163,34780
162,176,34781
170,163,34782
155,186,34783
152,190,34784
152,191,34785
144,199,34786
129,209,34787
134,207,34788
126,212,34789
118,215,34790
110,218,34791
107,219,34792
86,220,34793
93,221,34794
86,221,34795
73,219,34796
67,218,34797
62,217,34798
99,109,34799
103,109,34800
104,110,34801
105,110,34802
107,113,34803
108,113,34804
109,117,34805
110,118,34806
108,124,34807
110,122,34808
108,127,34809
108,129,34810
105,132,34811
105,133,34812
104,135,34813
103,136,34814
100,138,34815
95,139,34816
95,140,34817
93,141,34818
91,142,34819
84,140,34820
85,141,34821
84,141,34822
79,139,34823
77,138,34824
73,135,34825
71,133,34826
69,131,34827
66,125,34828
66,127,34829
64,122,34830
63,121,34831
62,107,34832
61,115,34833
60,110,34834
61,99,34835
60,100,34836
61,95,34837
61,92,34838
64,85,34839
63,85,34840
67,79,34841
65,80,34842
70,73,34843
72,71,34844
73,69,34845
78,65,34846
79,64,34847
83,61,34848
88,59,34849
89,58,34850
97,56,34851
99,56,34852
101,55,34853
110,56,34854
111,56,34855
115,57,34856
119,58,34857
122,59,34858
128,62,34859
132,65,34860
139,72,34861
138,70,34862
143,76,34863
146,80,34864
148,84,34865
151,89,34866
153,94,34867
155,101,34868
156,103,34869
157,110,34870
157,125,34871
158,121,34872
158,127,34873
156,138,34874
155,143,34875
154,147,34876
152,152,34877
151,155,34878
148,161,34879
145,167,34880
139,174,34881
137,177,34882
136,178,34883
128,185,34884
124,188,34885
118,191,34886
109,195,34887
107,196,34888
102,197,34889
97,198,34890
92,199,34891
89,199,34892
75,197,34893
68,195,34894
63,193,34895
64,194,34896
56,190,34897
50,186,34898
44,182,34899
38,176,34900
35,173,34901
27,162,34902
27,163,34903
21,151,34904
19,148,34905
17,142,34906
15,137,34907
13,129,34908
11,118,34909
11,97,34910
10,102,34911
10,97,34912
12,84,34913
16,68,34914
14,73,34915
18,61,34916
23,50,34917
24,48,34918
30,38,34919
33,34,34920
39,27,34921
45,21,34922
52,15,34923
58,11,34924
59,10,34925
97,114,34926
95,120,34927
93,120,34928
91,121,34929
88,121,34930
86,120,34931
84,117,34932
84,120,34933
81,112,34934
80,115,34935
79,112,34936
79,108,34937
78,106,34938
78,103,34939
79,99,34940
78,99,34941
79,96,34942
81,93,34943
81,91,34944
83,88,34945
84,87,34946
90,83,34947
89,82,34948
90,81,34949
92,80,34950
93,79,34951
101,78,34952
106,78,34953
101,76,34954
113,80,34955
113,79,34956
115,80,34957
117,80,34958
121,83,34959
123,84,34960
124,85,34961
127,88,34962
131,94,34963
133,99,34964
134,99,34965
135,100,34966
137,109,34967
138,112,34968
138,108,34969
139,118,34970
139,123,34971
139,126,34972
138,131,34973
137,136,34974
136,140,34975
135,143,34976
133,148,34977
129,154,34978
129,155,34979
126,159,34980
120,164,34981
120,165,34982
113,169,34983
104,173,34984
107,173,34985
100,175,34986
104,175,34987
92,176,34988
92,177,34989
84,176,34990
75,174,34991
76,175,34992
71,173,34993
68,172,34994
59,166,34995
59,167,34996
54,163,34997
51,160,34998
44,151,34999
42,148,35000
42,150,35001
35,133,35002
34,130,35003
36,140,35004
31,118,35005
30,114,35006
30,120,35007
29,105,35008
30,94,35009
29,96,35010
33,79,35011
32,80,35012
36,69,35013
38,65,35014
39,62,35015
45,52,35016
47,49,35017
52,43,35018
56,39,35019
57,38,35020
73,28,35021
72,28,35022
70,28,35023
87,22,35024
90,21,35025
97,20,35026
107,20,35027
104,19,35028
117,21,35029
112,19,35030
131,25,35031
136,27,35032
135,26,35033
146,33,35034
148,34,35035
157,42,35036
162,47,35037
168,55,35038
171,59,35039
171,58,35040
182,84,35041
181,79,35042
185,91,35043
186,97,35044
188,108,35045
188,105,35046
189,121,35047
188,133,35048
188,137,35049
186,148,35050
184,155,35051
183,161,35052
94,110,35053
94,105,35054
95,103,35055
95,102,35056
99,100,35057
98,99,35058
102,98,35059
102,97,35060
107,100,35061
108,99,35062
110,100,35063
109,98,35064
115,106,35065
115,104,35066
117,108,35067
118,109,35068
119,111,35069
119,117,35070
120,118,35071
121,117,35072
121,121,35073
119,128,35074
119,130,35075
119,132,35076
118,135,35077
118,136,35078
112,143,35079
112,144,35080
114,143,35081
103,149,35082
106,149,35083
103,151,35084
102,152,35085
94,153,35086
96,154,35087
92,155,35088
85,154,35089
83,154,35090
75,150,35091
78,153,35092
74,151,35093
69,147,35094
67,146,35095
65,145,35096
60,139,35097
59,138,35098
59,140,35099
53,125,35100
53,127,35101
53,129,35102
50,115,35103
49,115,35104
49,102,35105
48,108,35106
48,101,35107
50,90,35108
48,95,35109
53,80,35110
56,74,35111
52,79,35112
58,69,35113
54,74,35114
68,58,35115
63,61,35116
72,54,35117
67,56,35118
77,50,35119
83,47,35120
83,46,35121
90,44,35122
92,43,35123
98,42,35124
107,42,35125
114,43,35126
116,43,35127
115,42,35128
128,48,35129
135,52,35130
130,47,35131
141,56,35132
148,63,35133
144,57,35134
153,69,35135
154,70,35136
152,65,35137
164,92,35138
164,90,35139
165,91,35140
167,100,35141
168,103,35142
169,115,35143
170,117,35144
169,130,35145
170,127,35146
168,141,35147
161,160,35148
165,153,35149
162,161,35150
154,174,35151
160,166,35152
146,185,35153
149,183,35154
141,191,35155
129,199,35156
139,194,35157
128,201,35158
116,207,35159
114,208,35160
107,210,35161
97,212,35162
98,212,35163
84,212,35164
81,212,35165
67,209,35166
68,210,35167
53,203,35168
54,204,35169
46,199,35170
42,197,35171
36,192,35172
27,183,35173
19,172,35174
20,175,35175
14,165,35176
9,154,35177
7,151,35178
4,141,35179
98,112,35180
103,115,35181
102,118,35182
104,119,35183
102,124,35184
104,123,35185
99,128,35186
102,128,35187
95,130,35188
98,131,35189
94,132,35190
94,133,35191
89,133,35192
86,132,35193
85,132,35194
84,133,35195
81,131,35196
79,130,35197
77,129,35198
74,125,35199
74,126,35200
71,122,35201
70,116,35202
69,116,35203
68,113,35204
67,111,35205
68,101,35206
67,101,35207
66,102,35208
72,88,35209
69,91,35210
68,92,35211
70,87,35212
76,79,35213
72,82,35214
77,77,35215
81,73,35216
80,73,35217
89,68,35218
88,68,35219
89,67,35220
96,65,35221
99,64,35222
102,64,35223
106,64,35224
109,64,35225
107,63,35226
123,70,35227
124,70,35228
121,67,35229
130,74,35230
127,70,35231
133,76,35232
138,82,35233
140,85,35234
140,84,35235
146,98,35236
146,97,35237
147,99,35238
149,107,35239
150,111,35240
150,118,35241
151,121,35242
150,130,35243
148,139,35244
150,135,35245
148,142,35246
143,153,35247
144,152,35248
140,160,35249
137,164,35250
137,165,35251
129,173,35252
131,172,35253
126,177,35254
119,181,35255
108,186,35256
109,186,35257
112,186,35258
97,189,35259
93,190,35260
94,191,35261
80,189,35262
78,189,35263
82,191,35264
58,180,35265
60,183,35266
58,182,35267
52,178,35268
45,172,35269
39,165,35270
38,164,35271
38,165,35272
30,152,35273
28,149,35274
25,142,35275
22,132,35276
21,131,35277
19,121,35278
18,114,35279
18,101,35280
17,103,35281
17,100,35282
25,67,35283
17,90,35284
24,67,35285
27,60,35286
26,60,35287
30,52,35288
38,41,35289
33,46,35290
51,27,35291
49,28,35292
57,21,35293
62,18,35294
82,10,35295
73,12,35296
85,8,35297
92,7,35298
97,6,35299
100,5,35300
121,8,35301
114,6,35302
127,9,35303
137,13,35304
144,16,35305
143,15,35306
93,116,35307
90,115,35308
88,113,35309
88,114,35310
86,109,35311
85,109,35312
85,105,35313
84,105,35314
87,99,35315
84,101,35316
88,95,35317
87,95,35318
91,91,35319
90,91,35320
94,89,35321
95,87,35322
97,86,35323
102,86,35324
102,85,35325
105,85,35326
104,84,35327
112,88,35328
113,87,35329
116,89,35330
118,91,35331
119,91,35332
122,94,35333
125,99,35334
124,95,35335
128,106,35336
128,102,35337
130,110,35338
131,112,35339
131,121,35340
132,116,35341
132,123,35342
130,132,35343
131,131,35344
129,136,35345
130,137,35346
126,144,35347
126,145,35348
121,151,35349
124,150,35350
116,157,35351
114,159,35352
115,159,35353
107,163,35354
104,165,35355
105,165,35356
95,167,35357
96,168,35358
85,167,35359
85,168,35360
83,168,35361
79,167,35362
72,164,35363
66,161,35364
68,163,35365
62,159,35366
58,156,35367
55,153,35368
49,144,35369
48,144,35370
46,140,35371
43,134,35372
42,132,35373
40,127,35374
38,118,35375
37,113,35376
37,105,35377
36,108,35378
38,91,35379
37,93,35380
37,91,35381
42,75,35382
45,68,35383
43,71,35384
46,65,35385
50,58,35386
55,52,35387
55,51,35388
67,41,35389
65,42,35390
70,38,35391
76,35,35392
82,32,35393
86,31,35394
93,29,35395
99,28,35396
105,28,35397
110,28,35398
115,29,35399
120,30,35400
131,34,35401
135,36,35402
144,42,35403
140,38,35404
150,46,35405
158,55,35406
156,52,35407
163,61,35408
167,67,35409
171,75,35410
171,74,35411
177,91,35412
178,93,35413
180,104,35414
181,109,35415
181,119,35416
182,117,35417
180,137,35418
179,145,35419
180,142,35420
174,162,35421
167,176,35422
171,170,35423
168,176,35424
160,188,35425
158,191,35426
154,196,35427
149,201,35428
141,208,35429
132,214,35430
127,217,35431
120,220,35432
112,223,35433
97,107,35434
99,106,35435
102,105,35436
104,105,35437
106,106,35438
108,107,35439
110,111,35440
110,108,35441
112,115,35442
113,113,35443
113,118,35444
114,119,35445
113,124,35446
113,126,35447
112,129,35448
112,130,35449
111,132,35450
110,134,35451
108,137,35452
105,140,35453
106,140,35454
99,143,35455
99,144,35456
98,145,35457
95,146,35458
92,146,35459
89,146,35460
85,146,35461
83,146,35462
75,141,35463
75,142,35464
77,144,35465
72,141,35466
68,136,35467
66,135,35468
64,132,35469
62,129,35470
60,125,35471
58,116,35472
58,120,35473
57,118,35474
56,111,35475
56,102,35476
56,98,35477
55,102,35478
56,94,35479
57,90,35480
59,84,35481
60,81,35482
62,77,35483
64,73,35484
67,69,35485
71,65,35486
70,65,35487
76,60,35488
79,58,35489
82,56,35490
89,53,35491
95,52,35492
94,51,35493
99,50,35494
105,50,35495
112,51,35496
114,51,35497
120,53,35498
124,55,35499
129,57,35500
132,59,35501
133,59,35502
142,68,35503
142,67,35504
146,72,35505
150,78,35506
153,83,35507
156,89,35508
156,87,35509
160,105,35510
161,109,35511
161,101,35512
162,117,35513
162,127,35514
162,130,35515
162,131,35516
160,141,35517
160,144,35518
155,157,35519
152,163,35520
153,162,35521
146,173,35522
145,175,35523
135,185,35524
139,182,35525
128,191,35526
127,192,35527
124,194,35528
108,200,35529
111,200,35530
110,201,35531
93,203,35532
92,204,35533
80,203,35534
78,203,35535
72,202,35536
64,199,35537
64,200,35538
53,194,35539
44,188,35540
42,187,35541
31,175,35542
35,181,35543
24,166,35544
23,165,35545
19,158,35546
14,147,35547
15,151,35548
8,121,35549
8,127,35550
7,123,35551
6,111,35552
6,97,35553
6,94,35554
7,85,35555
9,75,35556
10,71,35557
12,63,35558
17,52,35559
20,45,35560
98,114,35561
99,118,35562
96,122,35563
97,123,35564
94,124,35565
92,126,35566
89,125,35567
88,126,35568
83,121,35569
85,125,35570
82,123,35571
81,123,35572
78,117,35573
77,116,35574
76,112,35575
75,112,35576
74,110,35577
75,102,35578
74,103,35579
74,100,35580
73,102,35581
76,94,35582
78,89,35583
76,90,35584
78,87,35585
79,85,35586
87,79,35587
87,78,35588
84,79,35589
95,75,35590
95,74,35591
97,73,35592
101,73,35593
107,73,35594
106,72,35595
108,72,35596
114,74,35597
113,73,35598
123,80,35599
122,78,35600
121,76,35601
128,83,35602
131,86,35603
131,85,35604
136,94,35605
138,97,35606
135,88,35607
141,109,35608
142,108,35609
142,105,35610
143,116,35611
144,116,35612
142,131,35613
144,124,35614
143,132,35615
140,142,35616
141,141,35617
134,154,35618
131,158,35619
135,155,35620
129,162,35621
131,161,35622
117,172,35623
123,169,35624
110,176,35625
119,173,35626
107,178,35627
99,180,35628
98,181,35629
91,181,35630
83,181,35631
85,182,35632
76,180,35633
73,179,35634
68,177,35635
70,179,35636
55,169,35637
47,161,35638
56,172,35639
42,156,35640
43,158,35641
41,157,35642
33,140,35643
33,141,35644
32,142,35645
27,119,35646
27,125,35647
26,119,35648
25,111,35649
26,93,35650
25,96,35651
25,94,35652
28,79,35653
27,80,35654
31,69,35655
40,53,35656
34,61,35657
37,55,35658
47,42,35659
45,43,35660
55,34,35661
55,33,35662
60,29,35663
82,19,35664
66,24,35665
81,18,35666
91,16,35667
92,15,35668
100,14,35669
111,15,35670
111,14,35671
120,16,35672
128,18,35673
135,21,35674
153,33,35675
139,22,35676
154,33,35677
161,39,35678
165,43,35679
170,49,35680
172,51,35681
181,69,35682
182,69,35683
185,77,35684
189,90,35685
189,87,35686
192,104,35687
93,112,35688
91,108,35689
91,106,35690
90,105,35691
92,101,35692
92,99,35693
96,97,35694
93,97,35695
101,95,35696
98,94,35697
102,94,35698
102,93,35699
108,95,35700
108,94,35701
112,96,35702
113,97,35703
115,98,35704
117,99,35705
119,102,35706
120,103,35707
121,105,35708
123,113,35709
123,107,35710
124,114,35711
125,116,35712
125,121,35713
123,130,35714
125,126,35715
125,129,35716
117,142,35717
121,138,35718
121,139,35719
117,145,35720
113,149,35721
115,148,35722
110,152,35723
107,154,35724
104,156,35725
100,157,35726
99,158,35727
95,159,35728
92,160,35729
87,159,35730
83,159,35731
82,159,35732
77,158,35733
78,159,35734
66,151,35735
64,150,35736
67,154,35737
57,142,35738
58,145,35739
56,142,35740
52,135,35741
50,132,35742
49,131,35743
46,120,35744
45,114,35745
44,112,35746
45,101,35747
44,100,35748
44,96,35749
45,92,35750
45,88,35751
50,76,35752
47,80,35753
50,74,35754
57,63,35755
55,64,35756
59,59,35757
65,53,35758
63,54,35759
74,46,35760
74,45,35761
77,43,35762
85,40,35763
94,38,35764
98,37,35765
93,37,35766
104,36,35767
111,37,35768
115,37,35769
126,41,35770
128,42,35771
123,38,35772
145,54,35773
141,49,35774
146,53,35775
150,57,35776
157,66,35777
159,69,35778
160,70,35779
165,79,35780
169,91,35781
169,89,35782
172,101,35783
173,109,35784
174,111,35785
174,122,35786
175,121,35787
172,141,35788
173,139,35789
172,144,35790
161,170,35791
170,155,35792
163,169,35793
157,179,35794
156,181,35795
155,183,35796
146,193,35797
141,198,35798
129,206,35799
121,210,35800
129,207,35801
115,213,35802
100,216,35803
105,216,35804
91,217,35805
90,218,35806
85,218,35807
73,216,35808
63,213,35809
63,214,35810
49,207,35811
41,202,35812
37,199,35813
36,199,35814
98,111,35815
101,110,35816
104,113,35817
106,114,35818
106,118,35819
107,118,35820
107,121,35821
107,124,35822
104,128,35823
106,128,35824
103,131,35825
103,132,35826
99,134,35827
99,135,35828
96,137,35829
94,137,35830
92,138,35831
89,138,35832
89,139,35833
85,138,35834
84,138,35835
78,134,35836
79,136,35837
75,133,35838
73,131,35839
71,129,35840
69,126,35841
67,122,35842
66,121,35843
64,112,35844
64,109,35845
63,111,35846
62,109,35847
65,94,35848
61,105,35849
63,96,35850
66,87,35851
64,90,35852
69,81,35853
69,80,35854
71,77,35855
74,73,35856
77,70,35857
74,71,35858
84,65,35859
85,64,35860
85,63,35861
92,61,35862
99,60,35863
98,59,35864
105,59,35865
103,58,35866
113,60,35867
115,60,35868
119,61,35869
121,62,35870
129,67,35871
132,69,35872
134,70,35873
138,75,35874
141,78,35875
143,80,35876
148,91,35877
148,89,35878
151,97,35879
153,104,35880
154,109,35881
154,119,35882
155,115,35883
155,121,35884
155,126,35885
155,131,35886
152,142,35887
153,141,35888
152,146,35889
146,158,35890
142,165,35891
142,166,35892
138,171,35893
131,178,35894
128,181,35895
130,180,35896
117,188,35897
115,189,35898
117,189,35899
98,194,35900
102,194,35901
95,195,35902
91,196,35903
78,194,35904
73,193,35905
74,194,35906
68,192,35907
56,186,35908
54,185,35909
47,180,35910
42,175,35911
42,176,35912
34,167,35913
29,160,35914
25,153,35915
23,149,35916
20,142,35917
17,132,35918
16,131,35919
14,117,35920
14,120,35921
13,111,35922
13,100,35923
14,89,35924
13,91,35925
18,71,35926
19,67,35927
18,68,35928
27,49,35929
34,39,35930
33,39,35931
36,35,35932
48,23,35933
45,25,35934
49,21,35935
64,11,35936
68,9,35937
75,6,35938
77,5,35939
88,2,35940
94,1,35941
96,116,35942
94,118,35943
91,119,35944
88,118,35945
86,117,35946
85,117,35947
83,112,35948
82,114,35949
82,107,35950
81,109,35951
81,105,35952
81,101,35953
81,100,35954
82,96,35955
84,93,35956
84,92,35957
85,90,35958
88,87,35959
89,86,35960
90,85,35961
92,83,35962
99,82,35963
97,81,35964
100,80,35965
104,80,35966
105,80,35967
109,81,35968
113,82,35969
111,80,35970
119,86,35971
121,87,35972
124,90,35973
125,90,35974
128,94,35975
130,97,35976
131,98,35977
132,101,35978
134,106,35979
135,115,35980
136,113,35981
136,120,35982
136,124,35983
135,131,35984
136,130,35985
134,136,35986
134,138,35987
133,141,35988
127,151,35989
128,151,35990
126,154,35991
122,158,35992
118,162,35993
117,163,35994
113,166,35995
110,168,35996
105,170,35997
103,171,35998
93,172,35999
91,173,36000
92,174,36001
84,173,36002
79,172,36003
74,171,36004
72,170,36005
67,168,36006
60,163,36007
58,162,36008
52,156,36009
53,158,36010
46,149,36011
45,148,36012
42,143,36013
40,139,36014
36,129,36015
35,125,36016
35,128,36017
33,110,36018
32,107,36019
32,102,36020
32,98,36021
33,90,36022
34,85,36023
36,77,36024
39,69,36025
38,70,36026
43,61,36027
48,53,36028
51,49,36029
58,42,36030
56,43,36031
66,35,36032
71,32,36033
72,31,36034
81,27,36035
83,26,36036
97,24,36037
99,23,36038
108,23,36039
109,23,36040
118,24,36041
121,25,36042
128,27,36043
133,29,36044
140,33,36045
143,34,36046
153,42,36047
157,46,36048
159,48,36049
166,57,36050
169,61,36051
173,68,36052
179,82,36053
181,88,36054
183,96,36055
183,92,36056
185,115,36057
186,115,36058
185,134,36059
186,130,36060
184,144,36061
183,148,36062
179,162,36063
177,168,36064
172,178,36065
168,185,36066
167,187,36067
165,190,36068
95,110,36069
95,107,36070
97,104,36071
97,102,36072
101,102,36073
104,101,36074
106,102,36075
105,100,36076
111,106,36077
110,103,36078
112,105,36079
113,104,36080
115,112,36081
116,112,36082
117,115,36083
118,117,36084
118,119,36085
117,124,36086
118,124,36087
118,126,36088
117,130,36089
112,137,36090
113,138,36091
113,139,36092
111,141,36093
108,144,36094
103,147,36095
104,147,36096
101,149,36097
93,150,36098
94,151,36099
92,151,36100
87,151,36101
80,149,36102
85,152,36103
80,150,36104
75,148,36105
73,147,36106
66,140,36107
67,143,36108
64,140,36109
60,134,36110
58,130,36111
59,134,36112
54,120,36113
54,122,36114
54,125,36115
52,111,36116
51,109,36117
51,102,36118
51,101,36119
51,96,36120
54,87,36121
53,86,36122
53,85,36123
58,75,36124
57,75,36125
63,67,36126
70,60,36127
64,64,36128
72,57,36129
68,59,36130
85,50,36131
82,50,36132
89,48,36133
97,46,36134
87,47,36135
102,45,36136
107,45,36137
113,46,36138
115,46,36139
120,47,36140
126,50,36141
130,52,36142
136,56,36143
134,53,36144
144,63,36145
150,71,36146
146,63,36147
155,78,36148
158,83,36149
156,77,36150
162,94,36151
163,95,36152
164,95,36153
166,115,36154
167,116,36155
167,123,36156
167,126,36157
165,138,36158
165,142,36159
163,149,36160
159,159,36161
161,156,36162
155,168,36163
145,181,36164
148,179,36165
145,183,36166
137,190,36167
137,191,36168
124,199,36169
126,199,36170
118,203,36171
101,207,36172
112,206,36173
103,208,36174
87,209,36175
89,210,36176
81,209,36177
72,207,36178
69,207,36179
55,201,36180
50,198,36181
45,195,36182
43,194,36183
31,182,36184
26,177,36185
21,170,36186
21,171,36187
15,161,36188
13,157,36189
8,143,36190
8,146,36191
3,124,36192
2,117,36193
2,98,36194
1,109,36195
100,114,36196
101,115,36197
101,119,36198
101,122,36199
100,124,36200
99,126,36201
95,128,36202
97,129,36203
90,128,36204
92,130,36205
89,131,36206
88,131,36207
82,127,36208
82,128,36209
79,125,36210
77,124,36211
77,125,36212
75,122,36213
74,121,36214
72,116,36215
71,115,36216
70,109,36217
71,101,36218
69,108,36219
69,104,36220
69,102,36221
72,93,36222
71,93,36223
70,93,36224
78,82,36225
76,82,36226
78,80,36227
78,79,36228
85,74,36229
83,74,36230
88,71,36231
91,70,36232
95,68,36233
104,68,36234
101,67,36235
106,67,36236
108,67,36237
115,69,36238
118,70,36239
123,73,36240
123,72,36241
123,71,36242
132,81,36243
133,81,36244
132,78,36245
139,90,36246
139,88,36247
142,94,36248
145,104,36249
145,101,36250
146,103,36251
147,113,36252
148,117,36253
147,126,36254
149,121,36255
147,132,36256
147,134,36257
143,146,36258
145,143,36259
138,156,36260
141,154,36261
135,162,36262
126,171,36263
126,172,36264
124,174,36265
121,176,36266
119,178,36267
110,182,36268
110,183,36269
104,185,36270
98,186,36271
91,187,36272
83,186,36273
84,187,36274
75,185,36275
69,183,36276
72,185,36277
57,177,36278
54,175,36279
59,180,36280
40,160,36281
46,169,36282
40,162,36283
38,160,36284
33,152,36285
27,138,36286
26,137,36287
24,132,36288
22,121,36289
21,115,36290
21,103,36291
20,106,36292
20,101,36293
22,86,36294
22,83,36295
26,70,36296
25,71,36297
28,63,36298
39,46,36299
28,60,36300
43,39,36301
50,32,36302
46,35,36303
56,26,36304
60,23,36305
61,22,36306
76,15,36307
84,12,36308
81,12,36309
93,10,36310
111,10,36311
106,9,36312
115,10,36313
119,10,36314
126,12,36315
135,15,36316
150,24,36317
147,21,36318
155,27,36319
163,34,36320
167,38,36321
170,41,36322
94,114,36323
90,113,36324
89,110,36325
88,110,36326
88,104,36327
86,105,36328
89,100,36329
87,100,36330
92,95,36331
88,97,36332
93,93,36333
93,92,36334
98,90,36335
98,89,36336
102,89,36337
103,89,36338
104,88,36339
109,90,36340
110,89,36341
112,90,36342
114,91,36343
119,96,36344
116,91,36345
122,99,36346
123,100,36347
124,101,36348
126,105,36349
127,110,36350
128,109,36351
128,122,36352
129,120,36353
129,124,36354
129,126,36355
126,135,36356
130,127,36357
126,138,36358
124,142,36359
123,144,36360
119,149,36361
120,149,36362
117,153,36363
111,157,36364
110,158,36365
112,158,36366
102,162,36367
100,163,36368
100,164,36369
88,164,36370
85,164,36371
90,166,36372
77,162,36373
82,165,36374
73,161,36375
70,160,36376
67,159,36377
64,157,36378
58,151,36379
55,148,36380
53,146,36381
51,143,36382
48,138,36383
46,136,36384
42,120,36385
43,128,36386
41,119,36387
40,113,36388
39,109,36389
41,92,36390
39,99,36391
42,85,36392
42,84,36393
42,81,36394
47,71,36395
46,71,36396
47,68,36397
55,57,36398
59,52,36399
63,48,36400
61,49,36401
69,43,36402
74,40,36403
74,39,36404
87,34,36405
92,33,36406
91,32,36407
112,33,36408
111,32,36409
108,31,36410
116,32,36411
124,35,36412
128,36,36413
133,38,36414
135,39,36415
147,48,36416
148,48,36417
156,57,36418
160,63,36419
160,61,36420
166,72,36421
168,75,36422
172,85,36423
174,90,36424
176,98,36425
177,126,36426
178,108,36427
179,118,36428
177,136,36429
179,129,36430
177,141,36431
175,150,36432
176,150,36433
166,172,36434
165,175,36435
166,174,36436
157,187,36437
149,196,36438
150,196,36439
146,200,36440
135,208,36441
131,211,36442
130,212,36443
113,219,36444
106,221,36445
100,222,36446
95,223,36447
88,223,36448
81,223,36449
99,108,36450
100,108,36451
104,108,36452
106,109,36453
107,110,36454
108,111,36455
109,114,36456
110,115,36457
110,120,36458
111,122,36459
110,125,36460
110,127,36461
109,129,36462
109,130,36463
108,132,36464
105,136,36465
104,137,36466
103,138,36467
100,140,36468
98,141,36469
96,142,36470
90,142,36471
91,143,36472
86,143,36473
83,142,36474
82,142,36475
79,141,36476
77,140,36477
74,138,36478
71,135,36479
68,132,36480
67,131,36481
66,130,36482
63,125,36483
62,123,36484
60,117,36485
59,113,36486
59,110,36487
59,101,36488
58,104,36489
59,96,36490
59,94,36491
60,90,36492
60,89,36493
63,81,36494
64,79,36495
65,77,36496
69,71,36497
71,69,36498
76,64,36499
77,63,36500
81,60,36501
83,59,36502
89,56,36503
92,55,36504
97,54,36505
106,54,36506
108,54,36507
110,54,36508
112,54,36509
119,56,36510
122,57,36511
126,59,36512
131,62,36513
135,65,36514
140,70,36515
142,72,36516
146,77,36517
148,80,36518
151,85,36519
152,87,36520
156,98,36521
157,101,36522
158,106,36523
159,111,36524
159,124,36525
159,128,36526
159,131,36527
158,138,36528
157,143,36529
156,146,36530
155,150,36531
151,159,36532
149,163,36533
145,170,36534
141,175,36535
134,182,36536
132,184,36537
127,188,36538
126,189,36539
119,193,36540
110,197,36541
102,199,36542
99,200,36543
92,200,36544
84,200,36545
81,200,36546
79,200,36547
70,198,36548
62,195,36549
59,194,36550
54,191,36551
49,188,36552
36,176,36553
36,177,36554
31,171,36555
30,170,36556
24,161,36557
21,156,36558
16,145,36559
15,142,36560
11,128,36561
10,121,36562
9,115,36563
9,100,36564
9,96,36565
9,92,36566
11,79,36567
13,71,36568
15,64,36569
16,61,36570
20,52,36571
26,41,36572
30,35,36573
34,30,36574
39,24,36575
43,20,36576
97,118,36577
97,119,36578
94,121,36579
93,122,36580
90,123,36581
89,123,36582
86,121,36583
85,123,36584
82,116,36585
81,119,36586
80,117,36587
79,116,36588
78,110,36589
77,109,36590
77,105,36591
76,104,36592
76,102,36593
79,95,36594
78,94,36595
78,93,36596
79,91,36597
84,86,36598
84,84,36599
86,82,36600
89,80,36601
88,80,36602
96,77,36603
98,77,36604
95,76,36605
104,76,36606
104,75,36607
109,76,36608
111,76,36609
116,78,36610
117,78,36611
119,79,36612
124,83,36613
125,83,36614
131,92,36615
130,89,36616
131,89,36617
136,100,36618
137,102,36619
137,100,36620
139,111,36621
140,112,36622
140,107,36623
140,125,36624
141,122,36625
140,130,36626
139,136,36627
140,134,36628
135,146,36629
136,146,36630
134,150,36631
129,157,36632
130,157,36633
120,166,36634
116,169,36635
122,166,36636
114,171,36637
115,172,36638
101,176,36639
101,177,36640
94,178,36641
90,178,36642
88,179,36643
79,177,36644
77,177,36645
69,174,36646
72,176,36647
62,171,36648
58,168,36649
54,165,36650
49,160,36651
52,165,36652
41,149,36653
37,142,36654
40,151,36655
32,129,36656
32,131,36657
33,137,36658
29,116,36659
28,112,36660
28,120,36661
28,99,36662
28,93,36663
30,83,36664
30,81,36665
34,70,36666
34,69,36667
35,66,36668
40,57,36669
39,57,36670
47,46,36671
57,37,36672
53,39,36673
61,32,36674
70,27,36675
71,26,36676
84,21,36677
85,20,36678
89,19,36679
102,18,36680
96,17,36681
117,19,36682
119,19,36683
118,18,36684
132,23,36685
136,25,36686
138,25,36687
149,33,36688
155,38,36689
160,42,36690
160,41,36691
174,62,36692
175,62,36693
177,66,36694
181,74,36695
185,85,36696
185,83,36697
189,107,36698
189,100,36699
190,116,36700
190,130,36701
189,139,36702
191,128,36703
95,112,36704
93,108,36705
93,105,36706
93,103,36707
96,100,36708
95,99,36709
99,98,36710
99,96,36711
106,98,36712
104,96,36713
108,97,36714
106,95,36715
113,101,36716
113,100,36717
116,104,36718
116,103,36719
118,105,36720
120,111,36721
120,109,36722
121,112,36723
122,115,36724
121,124,36725
122,122,36726
122,126,36727
122,127,36728
122,130,36729
117,138,36730
118,138,36731
120,137,36732
108,148,36733
113,146,36734
109,149,36735
107,151,36736
101,153,36737
102,154,36738
98,155,36739
95,156,36740
91,156,36741
81,154,36742
87,157,36743
83,156,36744
78,155,36745
73,152,36746
69,150,36747
67,149,36748
66,148,36749
66,149,36750
56,135,36751
57,138,36752
56,138,36753
52,128,36754
50,125,36755
49,122,36756
48,116,36757
47,113,36758
47,104,36759
46,107,36760
48,92,36761
49,88,36762
46,96,36763
50,82,36764
50,80,36765
58,67,36766
56,68,36767
63,60,36768
57,65,36769
65,57,36770
74,50,36771
71,51,36772
78,47,36773
79,46,36774
89,42,36775
94,41,36776
96,40,36777
101,40,36778
103,39,36779
114,41,36780
123,44,36781
119,41,36782
131,47,36783
133,48,36784
135,48,36785
143,55,36786
148,60,36787
143,53,36788
158,75,36789
158,73,36790
158,72,36791
163,82,36792
166,89,36793
169,102,36794
170,106,36795
170,103,36796
171,115,36797
172,118,36798
168,143,36799
171,133,36800
169,144,36801
165,156,36802
165,158,36803
159,169,36804
161,168,36805
157,174,36806
143,190,36807
155,179,36808
139,195,36809
131,201,36810
135,199,36811
127,204,36812
119,208,36813
112,211,36814
100,213,36815
97,214,36816
87,214,36817
90,215,36818
76,213,36819
67,211,36820
59,208,36821
57,208,36822
48,203,36823
43,200,36824
34,192,36825
35,194,36826
23,181,36827
19,176,36828
15,170,36829
12,165,36830
101,112,36831
103,113,36832
103,116,36833
105,117,36834
104,122,36835
105,123,36836
103,125,36837
104,127,36838
99,130,36839
101,131,36840
96,133,36841
97,134,36842
93,134,36843
91,135,36844
87,134,36845
87,135,36846
85,135,36847
81,133,36848
80,133,36849
77,130,36850
76,130,36851
72,124,36852
73,128,36853
70,123,36854
69,120,36855
68,119,36856
67,107,36857
66,111,36858
65,110,36859
67,98,36860
66,98,36861
65,98,36862
66,94,36863
71,84,36864
66,91,36865
70,83,36866
74,78,36867
74,77,36868
81,71,36869
80,71,36870
84,68,36871
88,66,36872
87,66,36873
87,65,36874
97,63,36875
99,62,36876
99,61,36877
110,63,36878
112,63,36879
115,63,36880
124,68,36881
117,63,36882
127,69,36883
131,72,36884
133,74,36885
134,74,36886
141,84,36887
141,83,36888
144,88,36889
147,95,36890
148,97,36891
149,97,36892
151,112,36893
152,112,36894
151,129,36895
153,118,36896
152,129,36897
149,142,36898
151,137,36899
147,149,36900
145,154,36901
147,151,36902
141,161,36903
139,165,36904
139,166,36905
126,178,36906
125,179,36907
121,182,36908
119,184,36909
109,188,36910
106,189,36911
107,190,36912
92,191,36913
92,192,36914
94,193,36915
71,188,36916
73,190,36917
75,191,36918
64,187,36919
54,181,36920
55,182,36921
49,178,36922
46,176,36923
40,169,36924
37,166,36925
32,159,36926
25,145,36927
27,152,36928
21,136,36929
19,129,36930
18,125,36931
17,120,36932
16,113,36933
18,89,36934
15,108,36935
17,86,36936
20,75,36937
16,87,36938
23,64,36939
29,52,36940
25,57,36941
36,41,36942
37,39,36943
39,36,36944
45,29,36945
62,17,36946
57,19,36947
65,14,36948
69,12,36949
82,7,36950
84,6,36951
90,5,36952
98,4,36953
111,4,36954
116,5,36955
124,6,36956
125,6,36957
96,114,36958
92,117,36959
90,116,36960
88,115,36961
86,113,36962
85,113,36963
84,108,36964
83,108,36965
85,101,36966
82,104,36967
84,99,36968
85,96,36969
87,93,36970
86,93,36971
91,89,36972
91,88,36973
92,87,36974
95,86,36975
97,85,36976
99,84,36977
100,83,36978
109,85,36979
106,83,36980
110,84,36981
112,85,36982
115,86,36983
119,89,36984
122,92,36985
121,90,36986
126,98,36987
127,97,36988
129,103,36989
130,104,36990
131,105,36991
132,110,36992
133,113,36993
133,121,36994
134,121,36995
132,130,36996
134,125,36997
131,136,36998
130,140,36999
126,146,37000
130,142,37001
126,148,37002
123,153,37003
123,154,37004
115,160,37005
113,162,37006
113,163,37007
105,166,37008
107,166,37009
101,168,37010
97,169,37011
94,170,37012
88,170,37013
86,170,37014
77,168,37015
76,168,37016
72,167,37017
68,165,37018
63,162,37019
59,159,37020
56,156,37021
52,152,37022
49,148,37023
45,142,37024
43,139,37025
41,134,37026
39,129,37027
38,126,37028
36,118,37029
35,111,37030
35,106,37031
34,105,37032
36,90,37033
37,86,37034
37,84,37035
40,74,37036
41,71,37037
44,65,37038
44,64,37039
52,53,37040
55,49,37041
55,48,37042
62,42,37043
66,39,37044
74,34,37045
80,31,37046
82,30,37047
88,28,37048
94,27,37049
99,26,37050
103,26,37051
114,27,37052
119,28,37053
126,30,37054
125,29,37055
134,33,37056
145,40,37057
148,42,37058
152,46,37059
155,48,37060
163,58,37061
162,56,37062
170,69,37063
171,70,37064
177,85,37065
177,84,37066
181,99,37067
182,104,37068
183,114,37069
183,124,37070
184,121,37071
181,143,37072
179,151,37073
179,153,37074
177,160,37075
173,169,37076
170,176,37077
166,183,37078
161,190,37079
157,195,37080
152,201,37081
145,207,37082
143,209,37083
133,216,37084
96,109,37085
98,105,37086
101,104,37087
102,103,37088
104,104,37089
105,103,37090
109,107,37091
111,110,37092
109,104,37093
113,110,37094
114,113,37095
114,115,37096
115,119,37097
115,120,37098
115,124,37099
115,126,37100
114,129,37101
112,133,37102
113,133,37103
111,136,37104
110,138,37105
104,142,37106
106,142,37107
105,143,37108
99,146,37109
100,146,37110
93,147,37111
92,148,37112
92,149,37113
82,146,37114
82,147,37115
80,147,37116
78,146,37117
71,141,37118
73,144,37119
69,141,37120
65,136,37121
64,135,37122
60,126,37123
60,129,37124
59,128,37125
56,118,37126
55,113,37127
55,119,37128
54,109,37129
54,101,37130
54,99,37131
54,97,37132
56,88,37133
55,90,37134
57,84,37135
59,79,37136
62,74,37137
62,72,37138
66,67,37139
74,60,37140
69,63,37141
81,55,37142
83,54,37143
83,53,37144
88,51,37145
88,50,37146
100,49,37147
100,48,37148
104,48,37149
112,49,37150
114,49,37151
120,51,37152
122,51,37153
132,57,37154
132,56,37155
137,60,37156
141,64,37157
148,72,37158
149,73,37159
150,73,37160
157,89,37161
158,91,37162
158,87,37163
162,106,37164
163,109,37165
163,103,37166
164,118,37167
164,124,37168
164,130,37169
161,144,37170
162,142,37171
158,154,37172
156,159,37173
155,162,37174
152,167,37175
148,174,37176
142,181,37177
142,182,37178
139,185,37179
124,195,37180
122,197,37181
125,196,37182
107,203,37183
108,203,37184
98,205,37185
96,206,37186
87,206,37187
75,204,37188
88,207,37189
66,202,37190
63,201,37191
60,200,37192
49,194,37193
46,192,37194
37,184,37195
35,183,37196
26,172,37197
27,174,37198
23,169,37199
14,150,37200
11,144,37201
10,142,37202
7,129,37203
7,132,37204
5,121,37205
4,108,37206
4,101,37207
4,95,37208
5,86,37209
10,66,37210
7,73,37211
99,115,37212
100,119,37213
98,122,37214
98,123,37215
95,125,37216
95,126,37217
91,127,37218
92,128,37219
86,125,37220
88,128,37221
84,126,37222
84,127,37223
79,121,37224
78,121,37225
76,117,37226
75,117,37227
74,115,37228
73,111,37229
73,108,37230
72,108,37231
72,105,37232
73,99,37233
75,93,37234
72,98,37235
73,94,37236
74,90,37237
81,82,37238
80,82,37239
78,83,37240
89,76,37241
88,75,37242
89,74,37243
97,72,37244
89,73,37245
96,71,37246
100,70,37247
104,70,37248
106,70,37249
117,74,37250
115,72,37251
114,71,37252
124,78,37253
124,77,37254
127,79,37255
130,82,37256
133,85,37257
132,82,37258
140,100,37259
140,97,37260
141,98,37261
143,109,37262
144,108,37263
144,119,37264
145,116,37265
145,125,37266
144,131,37267
145,131,37268
141,143,37269
139,147,37270
143,141,37271
137,153,37272
138,153,37273
129,164,37274
132,162,37275
120,172,37276
125,170,37277
117,175,37278
111,178,37279
113,178,37280
105,181,37281
103,182,37282
97,183,37283
91,184,37284
83,183,37285
81,183,37286
82,184,37287
68,179,37288
59,174,37289
67,180,37290
53,170,37291
50,168,37292
52,171,37293
41,158,37294
37,152,37295
43,163,37296
31,139,37297
30,139,37298
29,137,37299
26,127,37300
25,125,37301
24,113,37302
23,110,37303
24,93,37304
23,95,37305
24,89,37306
31,67,37307
27,74,37308
30,66,37309
35,57,37310
35,55,37311
44,43,37312
40,47,37313
47,38,37314
62,27,37315
51,33,37316
63,25,37317
70,21,37318
75,18,37319
81,16,37320
87,14,37321
93,13,37322
104,12,37323
105,12,37324
120,14,37325
118,13,37326
134,19,37327
140,21,37328
149,27,37329
149,26,37330
155,31,37331
158,33,37332
172,50,37333
171,47,37334
175,53,37335
185,73,37336
183,66,37337
189,83,37338
94,113,37339
91,111,37340
90,106,37341
89,106,37342
90,103,37343
89,101,37344
93,98,37345
90,98,37346
97,95,37347
95,94,37348
98,93,37349
99,92,37350
104,92,37351
106,92,37352
109,93,37353
109,92,37354
111,93,37355
113,94,37356
115,95,37357
118,98,37358
119,99,37359
123,109,37360
121,100,37361
124,109,37362
125,111,37363
126,112,37364
126,121,37365
127,119,37366
128,118,37367
122,135,37368
125,131,37369
125,134,37370
122,139,37371
119,144,37372
123,140,37373
118,147,37374
114,151,37375
113,152,37376
107,156,37377
108,156,37378
104,158,37379
99,160,37380
94,161,37381
92,161,37382
90,162,37383
89,162,37384
84,162,37385
75,158,37386
73,158,37387
75,160,37388
64,152,37389
67,156,37390
59,148,37391
58,147,37392
56,145,37393
52,140,37394
48,131,37395
47,129,37396
46,127,37397
45,124,37398
43,115,37399
43,120,37400
42,105,37401
42,101,37402
44,89,37403
42,95,37404
44,85,37405
48,76,37406
47,76,37407
51,68,37408
54,63,37409
55,61,37410
61,54,37411
65,50,37412
63,51,37413
75,43,37414
79,41,37415
83,39,37416
78,40,37417
93,36,37418
98,35,37419
98,34,37420
108,35,37421
112,35,37422
105,33,37423
132,43,37424
127,39,37425
134,42,37426
139,45,37427
147,52,37428
151,56,37429
153,58,37430
157,62,37431
163,73,37432
164,73,37433
167,80,37434
171,92,37435
171,88,37436
174,102,37437
175,109,37438
175,126,37439
176,120,37440
176,127,37441
170,153,37442
176,136,37443
172,151,37444
166,166,37445
169,161,37446
166,168,37447
153,187,37448
161,178,37449
147,194,37450
143,198,37451
144,198,37452
130,208,37453
118,213,37454
125,211,37455
116,215,37456
104,218,37457
100,219,37458
94,220,37459
83,219,37460
83,220,37461
68,217,37462
62,215,37463
55,212,37464
53,212,37465
100,109,37466
101,109,37467
105,112,37468
106,112,37469
107,115,37470
108,115,37471
108,120,37472
109,120,37473
107,125,37474
109,124,37475
106,129,37476
106,131,37477
102,134,37478
103,134,37479
101,136,37480
99,137,37481
96,139,37482
93,139,37483
92,140,37484
90,140,37485
89,141,37486
84,139,37487
80,138,37488
79,138,37489
75,135,37490
74,134,37491
70,130,37492
69,129,37493
69,130,37494
65,120,37495
65,123,37496
63,117,37497
62,115,37498
61,112,37499
62,103,37500
61,102,37501
62,97,37502
61,97,37503
64,88,37504
63,88,37505
66,83,37506
65,83,37507
70,76,37508
67,78,37509
74,70,37510
76,68,37511
79,65,37512
85,62,37513
86,61,37514
88,60,37515
95,58,37516
95,57,37517
104,57,37518
104,56,37519
105,56,37520
111,57,37521
120,60,37522
123,61,37523
127,63,37524
130,65,37525
133,67,37526
139,73,37527
142,77,37528
144,79,37529
148,86,37530
149,87,37531
152,95,37532
152,94,37533
154,101,37534
156,111,37535
156,117,37536
157,116,37537
156,129,37538
156,133,37539
157,130,37540
152,148,37541
150,153,37542
152,150,37543
148,159,37544
144,166,37545
141,170,37546
140,172,37547
129,182,37548
131,181,37549
125,186,37550
119,189,37551
114,192,37552
108,194,37553
101,196,37554
97,197,37555
90,197,37556
90,198,37557
81,197,37558
75,196,37559
69,194,37560
59,190,37561
54,187,37562
54,188,37563
46,182,37564
39,175,37565
35,171,37566
31,166,37567
28,162,37568
23,153,37569
22,152,37570
17,138,37571
16,137,37572
13,123,37573
13,124,37574
12,107,37575
11,109,37576
12,94,37577
12,90,37578
12,87,37579
16,71,37580
22,56,37581
20,59,37582
24,50,37583
31,39,37584
33,36,37585
37,31,37586
42,25,37587
49,19,37588
57,13,37589
58,12,37590
72,5,37591
74,4,37592
96,118,37593
95,119,37594
91,120,37595
89,120,37596
88,120,37597
86,119,37598
84,119,37599
83,114,37600
81,110,37601
80,113,37602
80,108,37603
79,106,37604
79,104,37605
79,102,37606
81,96,37607
80,96,37608
80,95,37609
83,91,37610
84,89,37611
86,86,37612
88,84,37613
94,82,37614
91,82,37615
94,80,37616
97,79,37617
100,79,37618
105,79,37619
108,79,37620
104,77,37621
115,82,37622
117,82,37623
119,83,37624
119,82,37625
124,87,37626
127,90,37627
126,88,37628
129,92,37629
133,100,37630
135,108,37631
135,104,37632
136,105,37633
137,114,37634
137,120,37635
138,120,37636
138,123,37637
138,126,37638
137,132,37639
134,141,37640
135,140,37641
133,145,37642
131,149,37643
128,154,37644
124,159,37645
123,160,37646
119,164,37647
116,166,37648
114,168,37649
107,171,37650
100,173,37651
101,174,37652
95,175,37653
90,175,37654
86,175,37655
82,175,37656
75,173,37657
70,171,37658
69,171,37659
65,169,37660
61,167,37661
53,160,37662
53,161,37663
49,156,37664
45,151,37665
41,144,37666
39,141,37667
39,143,37668
34,126,37669
32,117,37670
32,125,37671
31,111,37672
30,108,37673
30,104,37674
31,92,37675
33,83,37676
32,83,37677
37,70,37678
38,67,37679
40,62,37680
44,56,37681
47,51,37682
51,46,37683
57,40,37684
58,39,37685
64,34,37686
65,33,37687
84,25,37688
84,24,37689
94,22,37690
85,23,37691
98,21,37692
107,21,37693
110,21,37694
118,22,37695
125,24,37696
124,23,37697
137,29,37698
141,31,37699
146,34,37700
159,46,37701
159,45,37702
168,57,37703
167,55,37704
171,61,37705
178,75,37706
178,73,37707
185,102,37708
184,92,37709
186,100,37710
187,111,37711
188,116,37712
188,123,37713
187,134,37714
185,147,37715
183,155,37716
183,156,37717
176,174,37718
176,175,37719
94,108,37720
94,107,37721
96,103,37722
97,101,37723
100,101,37724
100,99,37725
104,100,37726
103,98,37727
109,103,37728
108,100,37729
111,102,37730
111,100,37731
115,108,37732
116,108,37733
117,111,37734
118,112,37735
119,114,37736
119,120,37737
119,123,37738
120,122,37739
120,123,37740
117,131,37741
116,135,37742
117,135,37743
116,137,37744
115,139,37745
108,145,37746
108,146,37747
108,147,37748
99,150,37749
102,150,37750
101,151,37751
93,152,37752
90,153,37753
92,154,37754
89,154,37755
81,152,37756
79,152,37757
71,146,37758
74,150,37759
72,149,37760
65,143,37761
64,142,37762
64,143,37763
58,134,37764
57,133,37765
58,137,37766
52,118,37767
51,117,37768
51,122,37769
50,110,37770
49,110,37771
50,99,37772
49,100,37773
49,98,37774
53,83,37775
50,89,37776
56,76,37777
60,69,37778
56,73,37779
62,65,37780
60,66,37781
73,55,37782
71,55,37783
80,50,37784
75,51,37785
88,46,37786
93,45,37787
89,45,37788
99,43,37789
105,43,37790
104,42,37791
114,44,37792
121,46,37793
122,46,37794
124,46,37795
136,54,37796
142,59,37797
133,50,37798
149,66,37799
148,64,37800
149,64,37801
158,80,37802
160,83,37803
158,76,37804
165,100,37805
165,96,37806
167,103,37807
168,111,37808
168,123,37809
169,121,37810
169,124,37811
167,138,37812
167,141,37813
164,152,37814
154,171,37815
160,162,37816
159,165,37817
148,181,37818
150,180,37819
137,192,37820
143,188,37821
136,194,37822
115,205,37823
129,200,37824
116,206,37825
105,209,37826
107,209,37827
96,211,37828
89,211,37829
89,212,37830
76,210,37831
71,209,37832
57,204,37833
58,205,37834
43,195,37835
41,194,37836
34,188,37837
33,188,37838
30,185,37839
21,174,37840
15,163,37841
15,165,37842
10,154,37843
5,140,37844
4,139,37845
1,123,37846
101,113,37847
102,115,37848
102,119,37849
103,121,37850
101,124,37851
102,125,37852
99,127,37853
100,128,37854
93,130,37855
95,131,37856
92,132,37857
91,133,37858
86,131,37859
85,131,37860
81,129,37861
81,130,37862
79,128,37863
78,128,37864
75,125,37865
73,121,37866
73,123,37867
70,114,37868
70,118,37869
69,113,37870
68,110,37871
68,106,37872
70,95,37873
68,98,37874
67,100,37875
74,86,37876
71,88,37877
73,84,37878
72,85,37879
80,76,37880
75,79,37881
81,74,37882
84,72,37883
84,71,37884
92,68,37885
94,67,37886
96,66,37887
100,65,37888
104,65,37889
106,65,37890
112,66,37891
113,66,37892
114,65,37893
126,73,37894
128,74,37895
126,71,37896
134,80,37897
132,76,37898
136,81,37899
140,87,37900
143,92,37901
144,93,37902
146,101,37903
148,109,37904
148,107,37905
149,112,37906
150,117,37907
150,122,37908
149,130,37909
149,132,37910
144,147,37911
147,142,37912
144,150,37913
139,158,37914
140,158,37915
136,164,37916
131,170,37917
131,171,37918
124,176,37919
121,179,37920
118,181,37921
109,185,37922
101,187,37923
97,188,37924
102,188,37925
90,189,37926
88,189,37927
83,189,37928
72,186,37929
66,184,37930
73,188,37931
50,173,37932
54,178,37933
50,175,37934
46,172,37935
41,166,37936
35,158,37937
31,152,37938
30,151,37939
26,141,37940
23,133,37941
21,125,37942
20,118,37943
20,123,37944
19,105,37945
18,106,37946
20,89,37947
20,85,37948
21,79,37949
29,60,37950
19,83,37951
30,56,37952
35,47,37953
33,49,37954
37,43,37955
49,30,37956
48,30,37957
59,22,37958
65,18,37959
65,17,37960
77,12,37961
91,9,37962
92,8,37963
108,8,37964
100,7,37965
110,7,37966
118,8,37967
131,12,37968
124,9,37969
135,13,37970
148,20,37971
150,21,37972
151,21,37973
94,115,37974
92,115,37975
89,113,37976
87,111,37977
87,108,37978
85,107,37979
86,104,37980
85,102,37981
89,97,37982
85,100,37983
89,95,37984
90,93,37985
95,90,37986
93,90,37987
97,88,37988
97,87,37989
100,87,37990
104,87,37991
104,86,37992
106,86,37993
110,87,37994
115,91,37995
115,89,37996
118,92,37997
121,95,37998
123,97,37999
125,100,38000
127,105,38001
126,100,38002
129,113,38003
129,108,38004
130,114,38005
131,116,38006
129,129,38007
132,120,38008
131,126,38009
128,136,38010
129,135,38011
125,143,38012
127,141,38013
123,147,38014
120,151,38015
115,156,38016
120,153,38017
110,160,38018
111,160,38019
110,161,38020
98,165,38021
100,165,38022
98,166,38023
88,166,38024
87,167,38025
79,165,38026
80,166,38027
79,166,38028
73,164,38029
68,161,38030
62,157,38031
60,156,38032
56,152,38033
54,150,38034
52,148,38035
46,137,38036
45,137,38037
42,129,38038
41,125,38039
40,123,38040
39,118,38041
38,112,38042
38,101,38043
38,98,38044
37,100,38045
40,86,38046
39,86,38047
40,82,38048
45,70,38049
49,63,38050
50,60,38051
53,56,38052
56,52,38053
59,49,38054
59,48,38055
72,39,38056
77,36,38057
80,34,38058
88,32,38059
89,31,38060
96,30,38061
100,29,38062
111,30,38063
118,31,38064
117,30,38065
123,32,38066
132,36,38067
133,36,38068
144,43,38069
154,53,38070
149,46,38071
157,55,38072
163,63,38073
165,66,38074
168,71,38075
170,75,38076
175,88,38077
175,87,38078
178,100,38079
179,103,38080
180,112,38081
180,128,38082
180,129,38083
181,127,38084
175,155,38085
175,156,38086
175,158,38087
170,169,38088
161,184,38089
165,179,38090
159,188,38091
151,197,38092
150,199,38093
142,206,38094
136,210,38095
126,216,38096
119,219,38097
114,221,38098
111,222,38099
103,224,38100
97,108,38101
100,106,38102
103,106,38103
104,106,38104
106,107,38105
108,108,38106
110,112,38107
111,111,38108
111,116,38109
112,116,38110
112,120,38111
113,121,38112
112,125,38113
112,127,38114
111,130,38115
110,132,38116
108,135,38117
107,137,38118
106,138,38119
102,141,38120
101,142,38121
96,143,38122
96,144,38123
94,145,38124
90,145,38125
88,145,38126
83,144,38127
84,145,38128
80,144,38129
76,141,38130
73,139,38131
71,138,38132
69,137,38133
66,132,38134
65,132,38135
62,127,38136
60,122,38137
59,120,38138
58,112,38139
57,113,38140
57,106,38141
56,107,38142
57,98,38143
57,95,38144
58,91,38145
58,90,38146
60,84,38147
63,78,38148
63,77,38149
67,71,38150
69,68,38151
71,66,38152
77,61,38153
77,60,38154
81,58,38155
87,55,38156
86,55,38157
94,53,38158
100,52,38159
100,51,38160
110,52,38161
111,52,38162
116,53,38163
120,54,38164
125,56,38165
128,58,38166
133,61,38167
138,65,38168
139,65,38169
145,73,38170
145,72,38171
150,80,38172
153,85,38173
156,93,38174
157,95,38175
158,96,38176
160,111,38177
161,115,38178
161,124,38179
161,129,38180
161,130,38181
160,137,38182
159,142,38183
157,149,38184
155,155,38185
151,163,38186
146,171,38187
144,174,38188
139,180,38189
135,184,38190
130,188,38191
128,190,38192
123,193,38193
118,196,38194
111,199,38195
98,201,38196
97,202,38197
95,203,38198
81,202,38199
79,202,38200
71,200,38201
64,198,38202
61,197,38203
54,193,38204
56,195,38205
47,189,38206
39,182,38207
37,181,38208
26,167,38209
27,169,38210
21,159,38211
16,149,38212
14,144,38213
12,138,38214
12,141,38215
8,113,38216
7,113,38217
7,102,38218
6,103,38219
8,85,38220
9,80,38221
10,75,38222
15,59,38223
18,52,38224
20,48,38225
24,41,38226
26,37,38227
97,113,38228
98,119,38229
96,121,38230
96,123,38231
92,124,38232
91,125,38233
88,124,38234
88,125,38235
82,119,38236
83,123,38237
81,121,38238
80,121,38239
78,114,38240
77,113,38241
76,110,38242
75,110,38243
75,107,38244
76,99,38245
75,101,38246
75,99,38247
75,96,38248
79,90,38249
80,87,38250
78,88,38251
81,85,38252
82,83,38253
90,78,38254
90,77,38255
88,77,38256
98,75,38257
98,74,38258
101,74,38259
104,73,38260
109,74,38261
109,73,38262
112,74,38263
116,76,38264
118,76,38265
126,84,38266
126,82,38267
125,80,38268
131,88,38269
135,94,38270
135,92,38271
138,101,38272
138,99,38273
139,98,38274
141,114,38275
142,113,38276
142,120,38277
142,126,38278
143,121,38279
140,136,38280
141,136,38281
141,137,38282
137,147,38283
137,148,38284
131,157,38285
126,163,38286
131,159,38287
124,166,38288
124,167,38289
109,175,38290
115,173,38291
101,178,38292
112,176,38293
99,179,38294
93,180,38295
92,181,38296
84,180,38297
82,180,38298
79,180,38299
68,176,38300
66,175,38301
59,171,38302
60,173,38303
47,160,38304
44,156,38305
49,165,38306
38,148,38307
36,145,38308
37,149,38309
31,132,38310
32,140,38311
29,127,38312
27,112,38313
26,113,38314
26,105,38315
26,97,38316
28,85,38317
27,87,38318
29,78,38319
32,70,38320
30,73,38321
36,60,38322
47,45,38323
41,51,38324
45,45,38325
58,33,38326
52,37,38327
68,26,38328
63,28,38329
74,22,38330
90,18,38331
79,19,38332
96,16,38333
101,16,38334
100,15,38335
114,16,38336
118,17,38337
125,18,38338
132,21,38339
142,26,38340
144,27,38341
145,27,38342
164,45,38343
164,44,38344
171,53,38345
170,51,38346
176,60,38347
177,61,38348
186,85,38349
186,81,38350
189,94,38351
191,106,38352
191,101,38353
192,113,38354
92,111,38355
92,109,38356
92,105,38357
91,104,38358
94,100,38359
93,99,38360
97,97,38361
95,96,38362
103,96,38363
101,94,38364
104,94,38365
104,93,38366
110,97,38367
110,96,38368
113,98,38369
115,99,38370
116,100,38371
118,103,38372
120,105,38373
121,107,38374
122,110,38375
123,116,38376
123,118,38377
124,117,38378
124,122,38379
124,124,38380
121,133,38381
123,131,38382
123,133,38383
115,143,38384
120,139,38385
117,144,38386
114,147,38387
110,150,38388
109,152,38389
105,154,38390
100,156,38391
101,156,38392
90,157,38393
95,158,38394
91,159,38395
84,158,38396
81,157,38397
79,157,38398
74,155,38399
73,155,38400
73,156,38401
62,146,38402
59,143,38403
63,149,38404
54,136,38405
55,139,38406
52,134,38407
49,126,38408
48,125,38409
47,122,38410
46,115,38411
45,109,38412
46,97,38413
44,106,38414
45,97,38415
46,89,38416
48,83,38417
49,79,38418
53,72,38419
50,75,38420
56,65,38421
63,57,38422
61,58,38423
65,54,38424
70,50,38425
72,48,38426
82,43,38427
78,44,38428
85,41,38429
93,39,38430
101,38,38431
104,38,38432
104,37,38433
116,39,38434
119,40,38435
122,40,38436
132,45,38437
137,48,38438
130,42,38439
151,62,38440
149,58,38441
151,60,38442
154,63,38443
161,74,38444
164,81,38445
166,84,38446
168,89,38447
171,103,38448
171,101,38449
172,123,38450
173,117,38451
173,127,38452
171,140,38453
172,139,38454
169,149,38455
169,152,38456
168,155,38457
155,178,38458
165,165,38459
152,184,38460
153,183,38461
148,189,38462
140,197,38463
135,201,38464
131,204,38465
120,209,38466
119,210,38467
116,212,38468
103,215,38469
91,216,38470
84,216,38471
76,215,38472
79,216,38473
72,215,38474
63,212,38475
47,204,38476
52,208,38477
43,202,38478
34,195,38479
29,191,38480
25,187,38481
101,111,38482
102,111,38483
104,115,38484
106,116,38485
105,121,38486
107,120,38487
105,124,38488
106,125,38489
103,128,38490
105,128,38491
100,132,38492
101,133,38493
98,134,38494
95,136,38495
92,136,38496
92,137,38497
88,137,38498
85,136,38499
85,137,38500
82,136,38501
80,135,38502
76,131,38503
76,133,38504
73,130,38505
71,127,38506
69,124,38507
67,121,38508
66,117,38509
65,116,38510
65,105,38511
64,106,38512
63,107,38513
63,104,38514
66,93,38515
63,97,38516
66,89,38517
68,84,38518
68,83,38519
73,77,38520
73,76,38521
76,72,38522
80,69,38523
82,67,38524
79,68,38525
88,64,38526
89,63,38527
90,62,38528
102,61,38529
103,60,38530
103,59,38531
112,61,38532
107,59,38533
119,63,38534
122,64,38535
123,64,38536
128,67,38537
134,73,38538
135,73,38539
138,76,38540
143,83,38541
145,86,38542
145,85,38543
150,100,38544
151,100,38545
152,105,38546
153,109,38547
154,114,38548
153,128,38549
154,127,38550
153,133,38551
152,139,38552
152,141,38553
147,153,38554
149,150,38555
145,159,38556
139,167,38557
136,171,38558
135,173,38559
131,177,38560
123,183,38561
120,185,38562
120,186,38563
112,189,38564
103,192,38565
103,193,38566
88,193,38567
90,194,38568
83,194,38569
81,194,38570
71,191,38571
67,190,38572
62,188,38573
59,187,38574
49,180,38575
46,178,38576
42,174,38577
36,167,38578
35,167,38579
28,156,38580
25,151,38581
21,141,38582
20,139,38583
17,129,38584
16,122,38585
15,121,38586
14,109,38587
15,94,38588
13,104,38589
15,88,38590
18,74,38591
16,79,38592
25,56,38593
24,57,38594
29,47,38595
33,41,38596
42,31,38597
41,31,38598
44,27,38599
56,18,38600
58,16,38601
59,15,38602
73,8,38603
82,5,38604
90,3,38605
96,2,38606
107,2,38607
103,1,38608
95,117,38609
92,118,38610
91,118,38611
88,117,38612
86,116,38613
85,115,38614
83,110,38615
82,113,38616
83,105,38617
81,107,38618
82,101,38619
83,98,38620
82,99,38621
83,96,38622
86,92,38623
86,91,38624
87,89,38625
91,86,38626
92,85,38627
94,84,38628
95,83,38629
103,83,38630
100,81,38631
104,81,38632
108,82,38633
110,82,38634
112,83,38635
116,85,38636
116,84,38637
122,89,38638
124,91,38639
126,94,38640
127,94,38641
129,97,38642
131,102,38643
132,104,38644
134,111,38645
134,110,38646
134,124,38647
135,119,38648
135,125,38649
134,131,38650
134,132,38651
134,134,38652
131,142,38653
130,145,38654
129,147,38655
124,154,38656
124,155,38657
122,157,38658
116,162,38659
115,163,38660
111,166,38661
104,169,38662
105,169,38663
98,171,38664
95,172,38665
89,172,38666
87,172,38667
83,172,38668
79,171,38669
75,170,38670
70,168,38671
66,166,38672
61,163,38673
52,154,38674
53,156,38675
48,150,38676
47,149,38677
45,146,38678
40,136,38679
38,132,38680
36,125,38681
35,122,38682
34,116,38683
33,112,38684
33,104,38685
34,93,38686
34,90,38687
35,85,38688
36,81,38689
38,74,38690
42,65,38691
45,60,38692
43,62,38693
51,51,38694
54,47,38695
57,44,38696
64,38,38697
68,35,38698
73,32,38699
80,29,38700
82,28,38701
88,26,38702
92,25,38703
104,24,38704
106,24,38705
110,24,38706
124,27,38707
125,27,38708
132,30,38709
138,33,38710
146,38,38711
151,42,38712
152,42,38713
159,50,38714
164,56,38715
168,62,38716
169,63,38717
176,77,38718
178,82,38719
180,88,38720
183,101,38721
184,107,38722
184,103,38723
185,122,38724
185,126,38725
184,136,38726
182,148,38727
180,156,38728
178,162,38729
174,171,38730
173,174,38731
168,183,38732
161,193,38733
158,197,38734
154,202,38735
95,108,38736
96,106,38737
98,104,38738
100,102,38739
103,102,38740
105,102,38741
108,104,38742
106,101,38743
111,108,38744
111,105,38745
113,108,38746
114,107,38747
115,114,38748
116,115,38749
117,118,38750
117,120,38751
117,123,38752
115,128,38753
116,128,38754
116,130,38755
115,133,38756
109,140,38757
112,138,38758
107,143,38759
106,144,38760
107,144,38761
100,147,38762
100,148,38763
98,149,38764
89,149,38765
88,150,38766
86,150,38767
82,149,38768
77,147,38769
81,150,38770
75,147,38771
70,143,38772
69,143,38773
62,133,38774
64,138,38775
64,139,38776
59,130,38777
57,126,38778
57,129,38779
54,116,38780
53,115,38781
53,119,38782
52,106,38783
52,104,38784
52,100,38785
53,93,38786
53,90,38787
57,81,38788
55,83,38789
57,78,38790
62,70,38791
62,69,38792
70,61,38793
75,57,38794
72,58,38795
78,54,38796
76,54,38797
91,49,38798
88,49,38799
97,47,38800
102,47,38801
102,46,38802
111,47,38803
109,46,38804
120,49,38805
119,48,38806
126,51,38807
134,56,38808
137,58,38809
142,62,38810
139,58,38811
150,72,38812
153,77,38813
149,68,38814
158,86,38815
161,93,38816
159,85,38817
164,107,38818
165,110,38819
165,104,38820
165,128,38821
165,132,38822
165,134,38823
164,141,38824
162,147,38825
160,154,38826
159,158,38827
152,170,38828
153,170,38829
148,177,38830
134,190,38831
139,187,38832
136,190,38833
124,198,38834
125,198,38835
113,203,38836
113,204,38837
106,206,38838
93,207,38839
99,208,38840
81,207,38841
77,207,38842
80,208,38843
68,205,38844
56,200,38845
59,202,38846
46,194,38847
41,190,38848
36,186,38849
35,186,38850
23,170,38851
19,165,38852
17,161,38853
14,157,38854
10,147,38855
7,138,38856
4,122,38857
4,128,38858
3,116,38859
2,108,38860
3,94,38861
2,93,38862
100,115,38863
101,117,38864
100,120,38865
100,122,38866
99,124,38867
98,126,38868
95,127,38869
94,129,38870
87,127,38871
90,130,38872
87,129,38873
85,129,38874
82,126,38875
80,126,38876
77,121,38877
76,121,38878
76,122,38879
74,118,38880
73,117,38881
72,113,38882
71,112,38883
71,105,38884
72,99,38885
70,103,38886
71,97,38887
70,99,38888
76,87,38889
74,88,38890
72,90,38891
83,78,38892
80,79,38893
82,77,38894
81,77,38895
91,72,38896
91,71,38897
93,70,38898
97,69,38899
99,68,38900
109,70,38901
106,68,38902
108,68,38903
115,70,38904
119,72,38905
123,74,38906
125,75,38907
126,75,38908
125,73,38909
136,88,38910
135,85,38911
136,85,38912
142,99,38913
141,94,38914
143,99,38915
145,108,38916
146,110,38917
146,119,38918
147,118,38919
146,128,38920
145,134,38921
147,131,38922
144,141,38923
144,142,38924
138,154,38925
139,154,38926
131,164,38927
138,157,38928
130,167,38929
121,174,38930
121,175,38931
116,178,38932
113,180,38933
111,181,38934
104,183,38935
103,184,38936
94,185,38937
92,186,38938
83,185,38939
75,183,38940
77,185,38941
67,181,38942
63,179,38943
61,179,38944
52,172,38945
44,164,38946
52,174,38947
35,151,38948
39,159,38949
36,155,38950
31,146,38951
28,140,38952
25,128,38953
24,126,38954
23,124,38955
22,113,38956
21,108,38957
24,86,38958
22,90,38959
22,89,38960
25,77,38961
27,69,38962
33,57,38963
31,59,38964
33,55,38965
52,33,38966
34,51,38967
50,33,38968
55,29,38969
56,27,38970
67,20,38971
69,19,38972
77,15,38973
86,13,38974
88,12,38975
90,11,38976
102,10,38977
118,12,38978
121,12,38979
127,14,38980
132,15,38981
138,18,38982
143,20,38983
158,32,38984
156,29,38985
167,40,38986
172,46,38987
174,48,38988
178,54,38989
93,114,38990
90,112,38991
89,108,38992
88,108,38993
89,103,38994
87,104,38995
91,98,38996
88,99,38997
94,95,38998
91,95,38999
95,93,39000
94,92,39001
99,91,39002
100,90,39003
106,91,39004
106,90,39005
108,90,39006
110,91,39007
112,91,39008
115,93,39009
117,95,39010
121,101,39011
118,94,39012
123,102,39013
125,107,39014
125,105,39015
126,116,39016
127,114,39017
128,112,39018
126,128,39019
127,128,39020
128,127,39021
127,131,39022
125,136,39023
127,135,39024
124,140,39025
120,146,39026
118,149,39027
115,152,39028
115,153,39029
111,156,39030
106,159,39031
103,160,39032
104,161,39033
98,162,39034
96,163,39035
95,164,39036
82,162,39037
80,162,39038
84,164,39039
72,159,39040
75,162,39041
67,157,39042
63,154,39043
62,154,39044
59,151,39045
55,146,39046
51,141,39047
50,139,39048
46,131,39049
45,129,39050
44,129,39051
42,114,39052
41,115,39053
41,104,39054
40,107,39055
40,103,39056
43,87,39057
41,90,39058
45,78,39059
46,75,39060
46,73,39061
51,65,39062
51,64,39063
53,60,39064
63,50,39065
69,45,39066
67,46,39067
69,44,39068
78,39,39069
83,37,39070
83,36,39071
93,34,39072
99,33,39073
97,32,39074
120,36,39075
116,34,39076
119,34,39077
125,36,39078
133,40,39079
137,42,39080
139,43,39081
146,48,39082
154,57,39083
155,57,39084
162,67,39085
166,75,39086
163,67,39087
170,83,39088
173,91,39089
175,99,39090
176,102,39091
177,110,39092
176,131,39093
178,116,39094
177,134,39095
173,151,39096
176,144,39097
173,153,39098
167,168,39099
172,159,39100
159,182,39101
157,185,39102
157,186,39103
149,195,39104
135,206,39105
135,207,39106
137,206,39107
120,215,39108
118,216,39109
114,218,39110
104,220,39111
99,221,39112
91,222,39113
80,221,39114
73,220,39115
70,220,39116
98,109,39117
101,108,39118
104,109,39119
106,110,39120
107,112,39121
108,112,39122
109,116,39123
110,117,39124
109,123,39125
111,121,39126
109,126,39127
109,128,39128
107,131,39129
107,132,39130
105,134,39131
102,137,39132
101,138,39133
99,139,39134
97,140,39135
95,141,39136
93,142,39137
86,141,39138
86,142,39139
85,142,39140
80,140,39141
79,140,39142
76,138,39143
73,136,39144
70,133,39145
67,128,39146
66,128,39147
64,124,39148
64,125,39149
62,119,39150
61,118,39151
60,113,39152
60,105,39153
59,106,39154
60,98,39155
59,100,39156
62,89,39157
61,90,39158
65,81,39159
63,83,39160
66,78,39161
69,73,39162
70,71,39163
74,67,39164
78,64,39165
80,62,39166
84,60,39167
85,59,39168
90,57,39169
94,56,39170
98,55,39171
106,55,39172
108,55,39173
114,56,39174
118,57,39175
119,57,39176
124,59,39177
126,60,39178
133,65,39179
136,67,39180
139,70,39181
144,76,39182
147,81,39183
148,82,39184
151,88,39185
154,95,39186
155,97,39187
157,106,39188
158,112,39189
158,118,39190
159,117,39191
158,128,39192
157,137,39193
157,138,39194
155,146,39195
154,149,39196
148,162,39197
150,160,39198
143,170,39199
141,173,39200
139,176,39201
135,180,39202
128,186,39203
123,189,39204
116,193,39205
117,193,39206
106,197,39207
102,198,39208
96,199,39209
86,199,39210
84,199,39211
73,197,39212
71,197,39213
65,195,39214
60,193,39215
55,190,39216
47,185,39217
43,182,39218
40,179,39219
32,170,39220
32,171,39221
25,160,39222
24,159,39223
17,144,39224
16,142,39225
14,135,39226
11,122,39227
10,114,39228
10,107,39229
9,107,39230
11,86,39231
12,81,39232
12,78,39233
13,74,39234
17,62,39235
20,55,39236
25,45,39237
30,37,39238
33,33,39239
38,27,39240
45,20,39241
47,18,39242
52,14,39243
97,117,39244
96,119,39245
92,121,39246
91,122,39247
90,122,39248
88,122,39249
85,119,39250
84,121,39251
82,115,39252
81,117,39253
79,113,39254
79,110,39255
78,108,39256
78,105,39257
78,101,39258
77,103,39259
77,100,39260
81,92,39261
79,94,39262
81,90,39263
82,88,39264
87,84,39265
85,84,39266
89,81,39267
91,80,39268
92,79,39269
99,78,39270
102,77,39271
99,76,39272
109,78,39273
109,77,39274
112,78,39275
114,78,39276
119,81,39277
121,82,39278
123,83,39279
126,86,39280
130,91,39281
133,97,39282
133,95,39283
134,96,39284
137,107,39285
138,110,39286
138,105,39287
139,115,39288
140,116,39289
140,121,39290
139,128,39291
139,130,39292
137,139,39293
136,142,39294
136,143,39295
132,150,39296
133,150,39297
129,156,39298
122,163,39299
122,164,39300
114,169,39301
111,171,39302
115,170,39303
108,173,39304
108,174,39305
95,176,39306
95,177,39307
88,177,39308
85,177,39309
82,177,39310
75,175,39311
71,174,39312
62,169,39313
62,170,39314
58,167,39315
52,162,39316
47,156,39317
46,155,39318
44,154,39319
38,142,39320
38,145,39321
34,132,39322
32,126,39323
31,123,39324
30,124,39325
29,109,39326
29,100,39327
28,102,39328
31,84,39329
30,86,39330
33,76,39331
35,70,39332
37,65,39333
41,57,39334
42,55,39335
47,48,39336
48,46,39337
53,41,39338
70,29,39339
67,30,39340
64,31,39341
79,24,39342
83,22,39343
93,20,39344
90,20,39345
101,19,39346
107,19,39347
108,18,39348
121,21,39349
126,22,39350
130,23,39351
136,26,39352
146,32,39353
148,33,39354
160,44,39355
161,45,39356
167,52,39357
171,57,39358
180,77,39359
180,75,39360
181,77,39361
185,89,39362
187,97,39363
188,100,39364
189,116,39365
189,126,39366
190,122,39367
188,141,39368
185,154,39369
187,149,39370
94,111,39371
93,107,39372
94,104,39373
95,101,39374
98,100,39375
97,99,39376
101,98,39377
100,97,39378
106,99,39379
105,97,39380
109,99,39381
109,97,39382
114,103,39383
114,102,39384
117,107,39385
118,108,39386
118,107,39387
120,113,39388
120,116,39389
121,115,39390
121,120,39391
120,126,39392
120,128,39393
121,127,39394
120,132,39395
119,135,39396
114,141,39397
114,142,39398
116,141,39399
105,149,39400
107,149,39401
108,149,39402
105,151,39403
97,153,39404
99,154,39405
94,155,39406
90,155,39407
86,155,39408
78,152,39409
81,155,39410
79,154,39411
74,152,39412
70,149,39413
68,148,39414
62,142,39415
62,143,39416
61,143,39417
55,131,39418
54,131,39419
53,131,39420
50,118,39421
50,121,39422
49,107,39423
48,111,39424
47,108,39425
49,93,39426
47,100,39427
51,84,39428
53,79,39429
50,83,39430
54,75,39431
53,75,39432
63,62,39433
60,64,39434
70,55,39435
63,59,39436
74,51,39437
81,47,39438
78,48,39439
85,45,39440
86,44,39441
94,42,39442
100,41,39443
104,41,39444
109,41,39445
113,41,39446
123,45,39447
131,49,39448
127,45,39449
137,52,39450
141,55,39451
140,53,39452
150,64,39453
154,69,39454
147,58,39455
162,85,39456
162,83,39457
161,79,39458
167,97,39459
168,99,39460
169,109,39461
170,112,39462
170,123,39463
171,122,39464
170,133,39465
163,156,39466
168,144,39467
165,155,39468
159,167,39469
162,163,39470
150,181,39471
155,176,39472
152,180,39473
130,199,39474
145,189,39475
132,199,39476
124,204,39477
121,206,39478
116,208,39479
111,210,39480
103,212,39481
92,213,39482
86,213,39483
77,212,39484
78,213,39485
60,207,39486
61,208,39487
45,199,39488
48,202,39489
41,197,39490
35,192,39491
25,181,39492
28,186,39493
19,174,39494
11,160,39495
12,163,39496
7,152,39497
100,112,39498
102,113,39499
103,118,39500
104,118,39501
103,123,39502
104,124,39503
101,127,39504
103,127,39505
97,130,39506
99,131,39507
96,132,39508
95,133,39509
91,134,39510
87,133,39511
86,133,39512
86,134,39513
83,133,39514
81,132,39515
79,131,39516
75,127,39517
75,128,39518
71,120,39519
72,125,39520
69,118,39521
68,115,39522
67,113,39523
67,104,39524
66,107,39525
65,107,39526
71,89,39527
68,93,39528
67,94,39529
69,88,39530
74,81,39531
70,84,39532
74,79,39533
78,75,39534
79,73,39535
84,70,39536
87,68,39537
88,67,39538
93,65,39539
96,64,39540
93,64,39541
102,63,39542
106,63,39543
104,62,39544
119,67,39545
118,66,39546
118,65,39547
127,71,39548
125,68,39549
131,74,39550
134,76,39551
138,81,39552
138,80,39553
145,94,39554
144,90,39555
146,95,39556
149,104,39557
150,108,39558
150,103,39559
151,118,39560
151,125,39561
150,131,39562
152,125,39563
150,136,39564
147,145,39565
146,149,39566
144,154,39567
141,159,39568
140,162,39569
134,169,39570
133,171,39571
133,172,39572
123,179,39573
115,184,39574
111,186,39575
114,186,39576
101,189,39577
98,190,39578
98,191,39579
82,190,39580
86,191,39581
86,192,39582
62,183,39583
65,186,39584
64,186,39585
60,184,39586
49,176,39587
45,173,39588
43,171,39589
38,166,39590
33,158,39591
30,154,39592
27,148,39593
22,135,39594
23,140,39595
20,129,39596
18,118,39597
17,111,39598
17,106,39599
16,105,39600
21,78,39601
16,95,39602
21,74,39603
25,63,39604
21,71,39605
26,59,39606
36,43,39607
31,48,39608
45,32,39609
45,31,39610
51,25,39611
55,22,39612
74,12,39613
69,13,39614
76,10,39615
87,7,39616
92,6,39617
95,5,39618
113,6,39619
112,5,39620
118,6,39621
134,11,39622
133,10,39623
134,10,39624
94,116,39625
92,116,39626
89,114,39627
87,113,39628
86,110,39629
85,111,39630
85,106,39631
84,106,39632
87,98,39633
83,103,39634
86,97,39635
86,96,39636
89,92,39637
89,91,39638
93,89,39639
93,88,39640
94,87,39641
100,86,39642
100,85,39643
102,84,39644
109,86,39645
105,84,39646
110,85,39647
114,87,39648
117,89,39649
118,89,39650
121,92,39651
125,98,39652
124,94,39653
128,104,39654
127,99,39655
130,108,39656
131,109,39657
131,119,39658
132,114,39659
133,117,39660
131,129,39661
132,129,39662
129,137,39663
131,135,39664
127,143,39665
128,143,39666
124,148,39667
125,149,39668
121,153,39669
116,158,39670
117,158,39671
110,162,39672
110,163,39673
107,165,39674
98,167,39675
102,167,39676
88,168,39677
91,169,39678
86,169,39679
81,168,39680
75,166,39681
72,165,39682
67,163,39683
65,162,39684
62,160,39685
57,156,39686
52,150,39687
51,149,39688
48,145,39689
45,140,39690
43,136,39691
40,129,39692
38,120,39693
37,116,39694
37,117,39695
36,112,39696
37,95,39697
36,97,39698
36,94,39699
39,82,39700
41,76,39701
42,72,39702
46,64,39703
45,65,39704
50,57,39705
51,55,39706
60,46,39707
64,42,39708
62,43,39709
73,36,39710
74,35,39711
83,31,39712
87,30,39713
94,28,39714
101,28,39715
102,27,39716
106,27,39717
114,28,39718
122,30,39719
130,33,39720
138,37,39721
138,36,39722
146,42,39723
151,46,39724
155,50,39725
161,57,39726
164,61,39727
167,66,39728
172,75,39729
175,83,39730
176,84,39731
179,96,39732
179,94,39733
181,106,39734
182,112,39735
181,133,39736
182,129,39737
181,140,39738
177,155,39739
174,163,39740
174,165,39741
172,169,39742
166,180,39743
162,187,39744
159,191,39745
152,199,39746
148,203,39747
142,208,39748
137,212,39749
124,219,39750
125,219,39751
96,111,39752
98,106,39753
101,105,39754
103,104,39755
105,105,39756
107,106,39757
110,110,39758
109,106,39759
112,113,39760
113,112,39761
113,117,39762
114,117,39763
114,122,39764
114,124,39765
114,125,39766
113,129,39767
112,131,39768
110,135,39769
110,136,39770
108,138,39771
107,140,39772
102,142,39773
102,143,39774
100,145,39775
97,146,39776
95,147,39777
87,146,39778
88,147,39779
89,148,39780
79,144,39781
78,144,39782
76,144,39783
74,143,39784
68,137,39785
70,140,39786
66,136,39787
63,132,39788
62,130,39789
58,118,39790
58,122,39791
57,121,39792
56,114,39793
55,109,39794
55,105,39795
55,100,39796
55,97,39797
56,92,39798
56,91,39799
59,82,39800
60,80,39801
61,77,39802
62,75,39803
68,67,39804
66,68,39805
71,63,39806
78,58,39807
77,58,39808
85,54,39809
91,52,39810
91,51,39811
96,50,39812
101,50,39813
108,50,39814
106,49,39815
116,51,39816
119,52,39817
122,53,39818
130,57,39819
128,55,39820
138,63,39821
138,62,39822
141,65,39823
146,71,39824
152,80,39825
154,83,39826
152,78,39827
159,98,39828
161,106,39829
160,95,39830
162,113,39831
163,115,39832
163,120,39833
163,127,39834
162,134,39835
162,137,39836
158,151,39837
157,154,39838
155,159,39839
150,168,39840
147,173,39841
143,178,39842
143,179,39843
134,187,39844
135,187,39845
127,193,39846
110,200,39847
115,199,39848
112,201,39849
102,203,39850
97,204,39851
84,204,39852
80,204,39853
78,204,39854
65,200,39855
70,203,39856
59,198,39857
55,196,39858
51,194,39859
39,184,39860
39,185,39861
30,175,39862
27,172,39863
20,161,39864
17,156,39865
18,159,39866
9,130,39867
9,134,39868
8,131,39869
6,116,39870
5,113,39871
5,105,39872
5,97,39873
6,88,39874
8,76,39875
10,68,39876
15,55,39877
13,58,39878
99,116,39879
99,120,39880
97,122,39881
96,124,39882
93,125,39883
93,126,39884
90,126,39885
90,127,39886
84,123,39887
85,126,39888
82,124,39889
82,125,39890
79,120,39891
77,118,39892
76,114,39893
75,114,39894
74,112,39895
74,106,39896
73,105,39897
73,103,39898
73,100,39899
75,95,39900
77,90,39901
74,94,39902
76,89,39903
77,87,39904
85,80,39905
85,79,39906
82,80,39907
93,75,39908
90,75,39909
92,74,39910
92,73,39911
101,72,39912
100,71,39913
105,71,39914
109,72,39915
111,72,39916
121,78,39917
120,76,39918
122,76,39919
128,82,39920
128,81,39921
130,83,39922
134,89,39923
135,90,39924
134,86,39925
141,107,39926
141,103,39927
141,100,39928
143,113,39929
144,113,39930
143,128,39931
145,121,39932
144,128,39933
141,140,39934
143,136,39935
137,150,39936
134,155,39937
140,147,39938
133,158,39939
136,155,39940
123,168,39941
127,166,39942
115,174,39943
120,173,39944
111,177,39945
106,179,39946
101,181,39947
97,182,39948
91,182,39949
91,183,39950
82,182,39951
74,180,39952
73,180,39953
74,181,39954
61,174,39955
53,168,39956
61,176,39957
47,163,39958
48,166,39959
43,159,39960
36,148,39961
34,145,39962
37,153,39963
28,126,39964
27,127,39965
26,123,39966
25,116,39967
25,100,39968
24,105,39969
24,99,39970
26,85,39971
25,86,39972
28,76,39973
37,57,39974
32,64,39975
36,56,39976
44,45,39977
42,46,39978
50,38,39979
49,38,39980
54,33,39981
71,23,39982
56,30,39983
72,21,39984
87,16,39985
89,15,39986
94,14,39987
106,14,39988
106,13,39989
113,14,39990
124,16,39991
129,18,39992
129,17,39993
148,28,39994
149,28,39995
156,34,39996
157,34,39997
165,42,39998
163,39,39999
179,63,40000
176,56,40001
183,70,40002
188,84,40003
188,81,40004
191,95,40005
95,113,40006
91,109,40007
91,105,40008
90,104,40009
91,102,40010
90,101,40011
95,97,40012
92,97,40013
100,95,40014
97,94,40015
100,93,40016
101,92,40017
105,93,40018
107,93,40019
111,95,40020
112,95,40021
114,96,40022
115,97,40023
117,98,40024
119,101,40025
120,102,40026
123,111,40027
123,105,40028
124,112,40029
125,114,40030
125,119,40031
124,127,40032
126,122,40033
126,126,40034
118,141,40035
124,133,40036
123,137,40037
119,143,40038
115,147,40039
118,146,40040
114,150,40041
111,152,40042
109,154,40043
105,156,40044
101,158,40045
98,159,40046
95,160,40047
89,160,40048
85,160,40049
83,160,40050
82,160,40051
83,161,40052
71,155,40053
67,153,40054
71,157,40055
58,144,40056
62,150,40057
56,143,40058
54,140,40059
52,137,40060
51,136,40061
47,125,40062
45,117,40063
45,119,40064
44,115,40065
43,109,40066
43,102,40067
44,94,40068
44,91,40069
47,82,40070
45,85,40071
48,77,40072
53,68,40073
52,68,40074
55,63,40075
61,56,40076
61,55,40077
66,51,40078
70,47,40079
68,48,40080
81,41,40081
91,38,40082
90,38,40083
89,37,40084
100,36,40085
107,36,40086
104,35,40087
119,38,40088
123,39,40089
118,36,40090
141,50,40091
138,46,40092
141,48,40093
145,51,40094
153,60,40095
155,62,40096
160,69,40097
161,70,40098
168,86,40099
167,82,40100
170,91,40101
173,105,40102
173,101,40103
174,119,40104
175,116,40105
174,131,40106
174,136,40107
174,137,40108
167,159,40109
174,142,40110
166,164,40111
163,170,40112
161,175,40113
158,180,40114
149,190,40115
148,192,40116
136,202,40117
132,205,40118
135,204,40119
124,210,40120
108,215,40121
108,216,40122
105,217,40123
95,218,40124
91,219,40125
81,218,40126
71,216,40127
67,216,40128
55,211,40129
53,210,40130
44,205,40131
40,203,40132
99,110,40133
102,110,40134
104,112,40135
106,113,40136
107,117,40137
108,118,40138
107,122,40139
108,123,40140
106,126,40141
108,125,40142
104,130,40143
105,131,40144
100,134,40145
100,135,40146
97,137,40147
98,137,40148
94,138,40149
90,138,40150
88,139,40151
86,139,40152
85,139,40153
80,136,40154
80,137,40155
76,135,40156
73,132,40157
72,131,40158
70,129,40159
67,124,40160
66,123,40161
64,114,40162
64,118,40163
63,113,40164
62,111,40165
64,96,40166
61,108,40167
62,99,40168
64,92,40169
63,91,40170
67,83,40171
67,82,40172
71,76,40173
69,78,40174
74,72,40175
71,74,40176
81,66,40177
80,66,40178
82,64,40179
90,61,40180
92,60,40181
95,59,40182
100,58,40183
100,57,40184
111,59,40185
110,58,40186
115,59,40187
119,60,40188
124,63,40189
129,66,40190
131,67,40191
135,70,40192
137,72,40193
139,74,40194
146,86,40195
146,84,40196
149,90,40197
152,98,40198
153,101,40199
154,105,40200
155,111,40201
155,125,40202
156,122,40203
156,126,40204
154,136,40205
154,140,40206
154,141,40207
149,153,40208
145,161,40209
147,159,40210
142,167,40211
138,172,40212
131,179,40213
131,180,40214
122,186,40215
120,187,40216
118,189,40217
107,193,40218
105,194,40219
99,195,40220
95,196,40221
88,196,40222
79,195,40223
81,196,40224
72,194,40225
66,192,40226
56,187,40227
53,185,40228
46,180,40229
46,181,40230
39,174,40231
32,165,40232
31,164,40233
27,158,40234
23,151,40235
20,143,40236
19,142,40237
15,126,40238
14,125,40239
13,117,40240
12,109,40241
13,93,40242
12,96,40243
15,80,40244
16,75,40245
17,69,40246
20,62,40247
29,45,40248
27,47,40249
30,42,40250
39,31,40251
42,27,40252
47,22,40253
55,16,40254
61,12,40255
68,8,40256
70,7,40257
78,4,40258
84,2,40259
96,117,40260
93,119,40261
90,119,40262
89,119,40263
87,118,40264
86,118,40265
83,113,40266
83,116,40267
82,108,40268
80,111,40269
80,106,40270
80,104,40271
80,102,40272
81,98,40273
83,94,40274
82,94,40275
83,92,40276
86,88,40277
88,86,40278
89,85,40279
91,83,40280
97,82,40281
95,81,40282
98,80,40283
102,80,40284
103,79,40285
107,80,40286
112,81,40287
117,84,40288
110,79,40289
119,84,40290
123,88,40291
122,86,40292
127,92,40293
128,93,40294
129,94,40295
132,99,40296
133,102,40297
135,112,40298
136,111,40299
136,118,40300
137,118,40301
136,128,40302
137,125,40303
136,131,40304
136,133,40305
135,137,40306
130,147,40307
131,147,40308
130,149,40309
125,156,40310
123,158,40311
119,162,40312
116,165,40313
113,167,40314
109,169,40315
108,170,40316
100,172,40317
95,173,40318
95,174,40319
88,174,40320
86,174,40321
79,173,40322
75,172,40323
70,170,40324
63,166,40325
62,166,40326
57,162,40327
55,161,40328
50,155,40329
47,152,40330
43,146,40331
39,138,40332
38,136,40333
36,131,40334
36,133,40335
33,116,40336
32,111,40337
32,120,40338
31,104,40339
32,93,40340
32,91,40341
34,82,40342
37,73,40343
35,76,40344
43,60,40345
44,58,40346
47,53,40347
51,48,40348
54,44,40349
61,38,40350
62,37,40351
66,34,40352
77,28,40353
78,27,40354
93,24,40355
94,23,40356
95,22,40357
105,22,40358
110,22,40359
115,23,40360
127,26,40361
125,25,40362
138,31,40363
136,29,40364
150,39,40365
152,40,40366
155,43,40367
163,52,40368
166,55,40369
172,65,40370
174,69,40371
177,75,40372
181,86,40373
181,83,40374
185,110,40375
186,109,40376
186,125,40377
187,120,40378
186,134,40379
186,136,40380
182,154,40381
182,155,40382
179,164,40383
174,176,40384
172,180,40385
169,185,40386
95,111,40387
95,106,40388
97,103,40389
98,101,40390
102,101,40391
101,100,40392
105,101,40393
104,99,40394
110,105,40395
111,103,40396
112,104,40397
113,103,40398
115,110,40399
116,111,40400
117,113,40401
118,115,40402
118,118,40403
117,126,40404
118,125,40405
119,124,40406
118,129,40407
114,135,40408
114,137,40409
115,137,40410
113,140,40411
111,142,40412
107,145,40413
105,147,40414
105,148,40415
95,150,40416
96,151,40417
95,152,40418
89,152,40419
85,151,40420
89,153,40421
83,152,40422
76,149,40423
75,149,40424
67,142,40425
69,145,40426
68,145,40427
63,139,40428
59,133,40429
59,135,40430
56,128,40431
54,124,40432
54,127,40433
52,114,40434
51,112,40435
51,107,40436
50,105,40437
50,102,40438
53,88,40439
51,93,40440
51,91,40441
56,78,40442
54,80,40443
59,72,40444
65,64,40445
61,67,40446
67,61,40447
65,61,40448
80,52,40449
77,52,40450
87,48,40451
79,50,40452
93,46,40453
99,45,40454
98,44,40455
110,45,40456
113,45,40457
111,44,40458
123,48,40459
128,50,40460
133,53,40461
130,50,40462
143,61,40463
147,66,40464
142,58,40465
153,73,40466
155,76,40467
153,71,40468
162,92,40469
163,93,40470
162,87,40471
166,111,40472
167,111,40473
167,118,40474
168,119,40475
166,136,40476
167,133,40477
166,140,40478
163,150,40479
162,155,40480
158,164,40481
148,178,40482
153,173,40483
151,176,40484
142,186,40485
143,186,40486
127,198,40487
129,198,40488
125,200,40489
108,206,40490
119,204,40491
110,207,40492
95,209,40493
95,210,40494
86,210,40495
73,208,40496
74,209,40497
60,204,40498
58,203,40499
50,199,40500
47,198,40501
34,186,40502
32,185,40503
26,178,40504
27,180,40505
21,172,40506
16,164,40507
8,145,40508
11,155,40509
4,132,40510
3,128,40511
2,125,40512
1,115,40513
101,114,40514
102,117,40515
101,120,40516
102,122,40517
101,123,40518
100,126,40519
98,127,40520
98,129,40521
91,129,40522
93,131,40523
90,131,40524
89,132,40525
84,129,40526
82,129,40527
80,127,40528
79,127,40529
76,124,40530
76,125,40531
74,122,40532
72,117,40533
71,117,40534
70,111,40535
70,106,40536
69,110,40537
69,105,40538
68,103,40539
72,92,40540
70,94,40541
69,94,40542
76,84,40543
73,86,40544
75,82,40545
77,79,40546
83,75,40547
82,74,40548
87,71,40549
90,70,40550
90,69,40551
102,68,40552
99,67,40553
100,66,40554
104,66,40555
110,67,40556
112,67,40557
117,69,40558
119,69,40559
119,68,40560
130,78,40561
131,78,40562
130,76,40563
138,87,40564
138,85,40565
139,87,40566
143,96,40567
144,97,40568
145,98,40569
147,109,40570
148,114,40571
148,122,40572
149,117,40573
148,130,40574
148,131,40575
146,140,40576
146,141,40577
139,155,40578
145,146,40579
138,159,40580
133,165,40581
133,166,40582
130,170,40583
122,176,40584
122,177,40585
114,181,40586
114,182,40587
112,183,40588
102,186,40589
95,187,40590
90,187,40591
90,188,40592
81,187,40593
76,186,40594
73,186,40595
64,182,40596
59,179,40597
67,185,40598
46,168,40599
47,171,40600
40,163,40601
42,166,40602
33,153,40603
30,147,40604
29,146,40605
27,142,40606
23,129,40607
21,119,40608
21,101,40609
20,111,40610
19,109,40611
21,89,40612
20,92,40613
24,75,40614
23,76,40615
24,72,40616
35,51,40617
24,68,40618
40,42,40619
39,43,40620
42,38,40621
47,33,40622
55,26,40623
57,24,40624
72,16,40625
71,16,40626
71,15,40627
84,11,40628
99,9,40629
99,8,40630
111,9,40631
110,8,40632
117,9,40633
129,12,40634
140,17,40635
143,18,40636
152,24,40637
157,28,40638
161,31,40639
164,33,40640
95,114,40641
91,114,40642
89,111,40643
87,109,40644
87,106,40645
86,106,40646
88,101,40647
86,102,40648
91,96,40649
88,96,40650
91,94,40651
92,92,40652
96,90,40653
96,89,40654
100,89,40655
101,88,40656
103,88,40657
108,89,40658
108,88,40659
109,88,40660
112,89,40661
117,94,40662
114,89,40663
120,95,40664
121,96,40665
124,100,40666
125,102,40667
127,108,40668
128,107,40669
128,119,40670
129,118,40671
130,118,40672
130,123,40673
128,130,40674
131,122,40675
129,131,40676
126,139,40677
125,142,40678
121,147,40679
122,147,40680
119,151,40681
113,156,40682
114,156,40683
117,155,40684
106,161,40685
102,163,40686
107,162,40687
92,164,40688
91,165,40689
93,166,40690
81,164,40691
85,166,40692
76,163,40693
72,162,40694
71,162,40695
69,161,40696
61,155,40697
56,150,40698
57,152,40699
51,144,40700
49,141,40701
50,144,40702
43,126,40703
44,132,40704
42,126,40705
40,117,40706
39,113,40707
39,103,40708
38,106,40709
40,91,40710
40,90,40711
40,87,40712
44,76,40713
44,74,40714
45,71,40715
50,63,40716
55,56,40717
56,54,40718
59,50,40719
64,46,40720
69,42,40721
71,40,40722
80,36,40723
89,33,40724
85,33,40725
99,31,40726
102,31,40727
103,30,40728
106,30,40729
120,33,40730
125,34,40731
128,35,40732
136,39,40733
143,44,40734
141,42,40735
154,54,40736
158,59,40737
157,56,40738
163,65,40739
165,68,40740
169,76,40741
173,85,40742
174,88,40743
177,100,40744
177,98,40745
179,113,40746
179,121,40747
180,120,40748
179,131,40749
176,148,40750
179,138,40751
170,165,40752
171,164,40753
169,169,40754
161,183,40755
153,192,40756
155,191,40757
151,196,40758
139,206,40759
140,206,40760
133,211,40761
125,215,40762
116,219,40763
109,221,40764
99,223,40765
85,223,40766
93,224,40767
98,108,40768
100,107,40769
103,107,40770
104,107,40771
106,108,40772
108,110,40773
110,113,40774
111,113,40775
111,118,40776
112,118,40777
111,124,40778
112,123,40779
111,126,40780
110,129,40781
109,132,40782
107,134,40783
106,136,40784
104,138,40785
103,139,40786
100,141,40787
98,142,40788
93,143,40789
93,144,40790
90,144,40791
88,144,40792
83,143,40793
80,142,40794
79,142,40795
76,140,40796
72,137,40797
69,134,40798
67,132,40799
66,131,40800
63,126,40801
62,125,40802
61,121,40803
60,119,40804
59,116,40805
58,107,40806
58,105,40807
58,100,40808
58,97,40809
59,92,40810
59,91,40811
61,85,40812
62,82,40813
63,79,40814
65,76,40815
67,72,40816
71,68,40817
72,66,40818
76,63,40819
80,60,40820
83,58,40821
90,55,40822
93,54,40823
96,53,40824
103,53,40825
108,53,40826
105,52,40827
111,53,40828
119,55,40829
124,57,40830
126,58,40831
131,61,40832
136,65,40833
141,70,40834
143,72,40835
145,74,40836
150,82,40837
151,83,40838
153,88,40839
156,95,40840
157,99,40841
159,107,40842
159,104,40843
160,120,40844
160,125,40845
160,128,40846
159,137,40847
157,145,40848
156,149,40849
153,156,40850
151,161,40851
150,163,40852
147,168,40853
140,177,40854
135,182,40855
132,185,40856
127,189,40857
122,192,40858
117,195,40859
109,198,40860
110,198,40861
102,200,40862
90,201,40863
85,201,40864
81,201,40865
75,200,40866
74,200,40867
62,196,40868
56,193,40869
54,192,40870
48,188,40871
43,185,40872
38,180,40873
30,171,40874
29,170,40875
22,159,40876
18,151,40877
15,144,40878
13,138,40879
11,130,40880
10,126,40881
9,125,40882
8,105,40883
8,97,40884
9,87,40885
9,85,40886
11,76,40887
14,65,40888
15,62,40889
20,50,40890
24,43,40891
27,38,40892
33,30,40893
37,25,40894
98,117,40895
97,120,40896
95,121,40897
94,123,40898
91,123,40899
88,123,40900
87,124,40901
85,121,40902
81,115,40903
82,121,40904
80,118,40905
79,118,40906
78,112,40907
77,111,40908
76,107,40909
76,106,40910
75,104,40911
78,96,40912
77,97,40913
77,94,40914
77,93,40915
83,86,40916
82,86,40917
82,85,40918
85,82,40919
87,80,40920
95,77,40921
93,77,40922
93,76,40923
103,76,40924
103,75,40925
107,75,40926
109,75,40927
113,76,40928
112,75,40929
117,77,40930
121,80,40931
122,80,40932
130,90,40933
129,87,40934
128,84,40935
134,95,40936
135,96,40937
137,98,40938
139,108,40939
140,109,40940
140,104,40941
141,119,40942
141,124,40943
141,126,40944
141,128,40945
141,132,40946
136,145,40947
139,140,40948
137,146,40949
133,152,40950
134,152,40951
126,162,40952
122,165,40953
125,164,40954
117,170,40955
120,169,40956
106,175,40957
106,176,40958
97,178,40959
103,178,40960
93,179,40961
87,179,40962
83,179,40963
75,177,40964
73,177,40965
70,176,40966
61,171,40967
58,169,40968
53,165,40969
55,168,40970
44,155,40971
41,150,40972
46,160,40973
34,137,40974
34,138,40975
35,143,40976
29,120,40977
28,116,40978
28,124,40979
27,105,40980
27,100,40981
28,90,40982
28,88,40983
31,77,40984
30,78,40985
32,72,40986
40,56,40987
36,61,40988
44,49,40989
54,39,40990
50,41,40991
52,39,40992
67,28,40993
64,29,40994
72,25,40995
77,22,40996
82,20,40997
97,18,40998
87,18,40999
104,17,41000
110,17,41001
108,16,41002
126,20,41003
133,23,41004
133,22,41005
140,26,41006
150,33,41007
155,37,41008
156,37,41009
169,53,41010
169,52,41011
176,63,41012
177,64,41013
182,75,41014
183,76,41015
188,97,41016
187,88,41017
190,106,41018
191,115,41019
191,121,41020
192,121,41021
93,111,41022
92,107,41023
93,104,41024
92,103,41025
95,100,41026
96,98,41027
99,97,41028
98,96,41029
104,97,41030
103,95,41031
106,96,41032
107,95,41033
111,99,41034
112,98,41035
115,101,41036
116,102,41037
118,104,41038
119,107,41039
120,107,41040
121,110,41041
122,113,41042
122,120,41043
122,124,41044
123,122,41045
123,124,41046
123,127,41047
119,136,41048
120,136,41049
121,136,41050
112,145,41051
115,144,41052
113,147,41053
109,150,41054
103,153,41055
107,152,41056
100,155,41057
97,156,41058
95,157,41059
88,156,41060
90,158,41061
84,157,41062
83,157,41063
76,154,41064
73,153,41065
69,151,41066
68,151,41067
68,152,41068
60,142,41069
57,139,41070
58,142,41071
53,132,41072
51,129,41073
50,127,41074
48,119,41075
47,117,41076
47,106,41077
46,110,41078
46,102,41079
48,90,41080
45,100,41081
48,86,41082
48,85,41083
54,72,41084
51,76,41085
60,63,41086
54,69,41087
62,59,41088
68,54,41089
65,55,41090
73,49,41091
76,47,41092
84,43,41093
91,41,41094
89,41,41095
93,40,41096
99,39,41097
112,40,41098
116,41,41099
112,39,41100
125,43,41101
129,45,41102
129,44,41103
139,51,41104
143,54,41105
139,49,41106
157,72,41107
155,67,41108
156,68,41109
161,76,41110
162,78,41111
168,95,41112
169,97,41113
170,99,41114
171,111,41115
172,113,41116
170,135,41117
172,127,41118
172,130,41119
169,145,41120
168,151,41121
162,165,41122
166,158,41123
162,167,41124
147,187,41125
159,174,41126
146,189,41127
141,194,41128
141,195,41129
133,201,41130
123,207,41131
122,208,41132
108,212,41133
101,214,41134
105,214,41135
95,215,41136
79,214,41137
76,214,41138
71,213,41139
66,212,41140
58,209,41141
48,204,41142
39,197,41143
44,202,41144
31,191,41145
23,182,41146
22,181,41147
17,175,41148
100,111,41149
102,112,41150
104,117,41151
105,115,41152
105,120,41153
106,121,41154
102,127,41155
105,126,41156
101,129,41157
102,130,41158
97,133,41159
99,133,41160
95,134,41161
92,135,41162
89,135,41163
88,136,41164
87,136,41165
82,134,41166
82,135,41167
79,133,41168
77,132,41169
74,128,41170
73,129,41171
72,127,41172
69,121,41173
68,121,41174
67,117,41175
66,113,41176
65,113,41177
66,101,41178
65,102,41179
64,102,41180
65,96,41181
68,89,41182
65,93,41183
69,84,41184
71,81,41185
72,79,41186
79,72,41187
77,73,41188
80,70,41189
83,68,41190
88,65,41191
84,66,41192
95,63,41193
96,62,41194
96,61,41195
108,62,41196
111,62,41197
109,61,41198
120,65,41199
116,62,41200
125,67,41201
128,69,41202
129,69,41203
133,72,41204
139,80,41205
141,82,41206
143,85,41207
146,91,41208
148,95,41209
148,93,41210
151,109,41211
152,109,41212
152,120,41213
153,115,41214
153,124,41215
151,136,41216
153,130,41217
150,142,41218
149,146,41219
150,145,41220
144,157,41221
143,160,41222
143,161,41223
129,176,41224
132,174,41225
129,177,41226
126,180,41227
116,186,41228
111,188,41229
116,187,41230
103,191,41231
96,192,41232
98,193,41233
75,190,41234
79,192,41235
76,192,41236
73,191,41237
63,187,41238
59,185,41239
52,181,41240
54,183,41241
43,173,41242
37,167,41243
34,163,41244
28,153,41245
31,160,41246
23,143,41247
22,141,41248
20,135,41249
17,124,41250
16,118,41251
15,113,41252
17,92,41253
15,100,41254
18,81,41255
15,91,41256
20,71,41257
23,63,41258
20,68,41259
33,44,41260
33,43,41261
32,44,41262
42,32,41263
52,23,41264
52,22,41265
54,20,41266
64,14,41267
74,9,41268
75,8,41269
86,5,41270
92,4,41271
98,3,41272
104,3,41273
110,3,41274
120,4,41275
94,117,41276
91,117,41277
90,117,41278
87,115,41279
86,114,41280
84,112,41281
84,110,41282
83,109,41283
84,103,41284
82,103,41285
83,101,41286
84,98,41287
85,95,41288
85,94,41289
89,90,41290
88,90,41291
91,87,41292
93,86,41293
95,85,41294
97,84,41295
99,83,41296
107,84,41297
104,82,41298
105,82,41299
111,84,41300
112,84,41301
116,86,41302
120,89,41303
120,88,41304
125,95,41305
126,95,41306
129,101,41307
130,102,41308
130,101,41309
132,107,41310
133,110,41311
133,119,41312
134,119,41313
133,127,41314
134,127,41315
133,131,41316
132,136,41317
129,142,41318
131,141,41319
126,149,41320
125,151,41321
125,152,41322
119,158,41323
118,159,41324
119,159,41325
109,165,41326
106,167,41327
107,167,41328
100,169,41329
97,170,41330
93,171,41331
89,171,41332
83,170,41333
77,169,41334
75,169,41335
73,168,41336
65,164,41337
62,162,41338
58,159,41339
53,154,41340
49,149,41341
50,151,41342
44,142,41343
42,138,41344
40,134,41345
39,131,41346
36,120,41347
35,114,41348
35,116,41349
34,109,41350
35,94,41351
35,93,41352
36,86,41353
36,85,41354
38,78,41355
42,68,41356
41,69,41357
47,59,41358
51,53,41359
50,53,41360
59,44,41361
62,41,41362
71,35,41363
74,33,41364
78,31,41365
82,29,41366
90,27,41367
94,26,41368
99,25,41369
104,25,41370
112,26,41371
119,27,41372
124,28,41373
129,30,41374
139,35,41375
145,39,41376
148,41,41377
151,43,41378
159,52,41379
158,50,41380
168,64,41381
170,67,41382
175,78,41383
176,79,41384
178,85,41385
181,95,41386
182,102,41387
183,109,41388
184,116,41389
183,132,41390
182,140,41391
182,144,41392
179,155,41393
177,161,41394
175,167,41395
172,174,41396
166,184,41397
162,190,41398
157,196,41399
152,202,41400
151,203,41401
143,210,41402
96,107,41403
97,106,41404
100,104,41405
101,103,41406
103,103,41407
106,103,41408
108,106,41409
107,102,41410
111,109,41411
112,108,41412
114,112,41413
114,109,41414
115,117,41415
116,118,41416
116,121,41417
116,123,41418
116,125,41419
113,131,41420
114,132,41421
113,134,41422
112,136,41423
105,142,41424
107,142,41425
106,143,41426
103,145,41427
101,146,41428
96,148,41429
94,148,41430
94,149,41431
87,148,41432
87,149,41433
82,148,41434
79,147,41435
74,144,41436
75,146,41437
71,143,41438
66,138,41439
64,136,41440
60,128,41441
61,132,41442
60,131,41443
57,124,41444
55,116,41445
55,121,41446
54,112,41447
53,110,41448
53,104,41449
53,102,41450
54,94,41451
54,92,41452
56,85,41453
55,86,41454
62,73,41455
59,76,41456
63,70,41457
67,65,41458
67,64,41459
74,59,41460
80,55,41461
76,56,41462
84,52,41463
84,51,41464
96,49,41465
96,48,41466
106,48,41467
109,48,41468
107,47,41469
119,50,41470
118,49,41471
128,54,41472
126,52,41473
133,56,41474
140,62,41475
143,65,41476
146,68,41477
147,68,41478
156,85,41479
158,89,41480
155,79,41481
162,103,41482
162,101,41483
163,100,41484
164,114,41485
165,117,41486
165,124,41487
163,137,41488
163,140,41489
161,147,41490
161,148,41491
159,154,41492
155,163,41493
154,166,41494
149,173,41495
147,177,41496
137,187,41497
127,194,41498
130,193,41499
126,196,41500
117,200,41501
114,202,41502
106,204,41503
105,205,41504
99,206,41505
85,206,41506
91,208,41507
75,205,41508
66,203,41509
68,204,41510
56,199,41511
48,194,41512
50,196,41513
38,186,41514
30,178,41515
32,181,41516
25,173,41517
16,156,41518
14,153,41519
13,151,41520
9,141,41521
8,138,41522
6,130,41523
4,114,41524
3,112,41525
3,102,41526
4,89,41527
6,79,41528
5,79,41529
99,114,41530
100,117,41531
99,121,41532
98,124,41533
97,125,41534
97,126,41535
93,127,41536
93,128,41537
87,126,41538
89,129,41539
86,128,41540
84,128,41541
80,123,41542
78,122,41543
76,118,41544
76,120,41545
74,116,41546
73,113,41547
73,110,41548
72,110,41549
71,109,41550
72,102,41551
73,97,41552
71,100,41553
72,96,41554
72,94,41555
79,84,41556
78,84,41557
76,85,41558
86,77,41559
82,78,41560
85,76,41561
85,75,41562
95,72,41563
94,71,41564
97,70,41565
102,70,41566
104,69,41567
113,72,41568
111,70,41569
113,70,41570
119,73,41571
124,76,41572
126,77,41573
130,81,41574
132,83,41575
129,78,41576
138,94,41577
139,93,41578
139,92,41579
143,106,41580
143,102,41581
144,106,41582
145,113,41583
146,115,41584
145,127,41585
146,126,41586
143,138,41587
141,144,41588
145,136,41589
140,149,41590
142,146,41591
132,161,41592
135,159,41593
122,171,41594
132,164,41595
124,171,41596
116,176,41597
114,178,41598
109,180,41599
108,181,41600
101,183,41601
95,184,41602
90,184,41603
83,184,41604
86,185,41605
71,181,41606
65,178,41607
68,181,41608
57,174,41609
55,173,41610
56,175,41611
47,166,41612
41,159,41613
47,168,41614
31,141,41615
31,143,41616
30,142,41617
27,133,41618
27,134,41619
24,118,41620
23,115,41621
23,101,41622
22,106,41623
23,92,41624
27,77,41625
24,83,41626
26,76,41627
32,61,41628
30,64,41629
37,52,41630
36,52,41631
43,42,41632
57,30,41633
40,44,41634
59,27,41635
65,23,41636
67,21,41637
74,18,41638
81,15,41639
84,14,41640
98,12,41641
102,11,41642
111,12,41643
116,12,41644
129,16,41645
133,17,41646
144,23,41647
142,21,41648
151,27,41649
152,27,41650
164,39,41651
167,41,41652
173,49,41653
180,61,41654
181,61,41655
185,70,41656
92,113,41657
91,112,41658
90,108,41659
89,107,41660
90,102,41661
88,103,41662
92,98,41663
89,99,41664
96,95,41665
93,94,41666
96,93,41667
97,91,41668
102,91,41669
103,91,41670
108,92,41671
108,91,41672
109,91,41673
113,93,41674
115,94,41675
117,96,41676
118,97,41677
122,105,41678
121,99,41679
124,107,41680
125,109,41681
126,110,41682
126,119,41683
127,117,41684
128,116,41685
123,134,41686
126,130,41687
127,129,41688
124,137,41689
121,142,41690
124,139,41691
120,145,41692
116,149,41693
115,151,41694
111,154,41695
109,156,41696
106,158,41697
101,160,41698
97,161,41699
101,161,41700
93,162,41701
91,163,41702
90,163,41703
76,159,41704
76,160,41705
79,162,41706
67,155,41707
71,159,41708
62,152,41709
60,150,41710
56,146,41711
55,145,41712
51,138,41713
48,133,41714
47,131,41715
45,126,41716
44,122,41717
44,126,41718
42,109,41719
41,110,41720
42,99,41721
41,99,41722
42,92,41723
47,77,41724
44,82,41725
48,73,41726
51,67,41727
51,66,41728
57,58,41729
58,56,41730
59,54,41731
68,47,41732
74,43,41733
77,41,41734
75,41,41735
86,37,41736
93,35,41737
94,34,41738
105,34,41739
109,34,41740
129,41,41741
109,33,41742
123,37,41743
125,37,41744
132,40,41745
142,47,41746
145,49,41747
152,56,41748
151,54,41749
162,70,41750
160,65,41751
165,74,41752
170,87,41753
169,81,41754
173,95,41755
174,99,41756
176,112,41757
176,116,41758
177,118,41759
173,144,41760
177,131,41761
175,141,41762
169,160,41763
173,152,41764
167,167,41765
159,180,41766
167,169,41767
152,189,41768
149,193,41769
149,194,41770
140,202,41771
126,210,41772
128,210,41773
125,212,41774
114,216,41775
108,218,41776
105,219,41777
90,220,41778
87,221,41779
80,220,41780
70,218,41781
62,216,41782
58,215,41783
99,109,41784
103,109,41785
104,111,41786
106,111,41787
107,114,41788
108,114,41789
109,118,41790
110,119,41791
108,124,41792
109,125,41793
107,128,41794
107,130,41795
104,133,41796
104,134,41797
102,136,41798
101,137,41799
97,139,41800
94,139,41801
94,140,41802
92,141,41803
90,141,41804
85,140,41805
83,140,41806
80,139,41807
77,137,41808
75,136,41809
73,134,41810
70,131,41811
70,132,41812
65,122,41813
65,125,41814
64,121,41815
62,117,41816
62,105,41817
61,114,41818
60,109,41819
61,100,41820
60,101,41821
62,93,41822
62,90,41823
65,84,41824
63,86,41825
68,78,41826
71,73,41827
67,77,41828
74,69,41829
77,66,41830
82,63,41831
81,63,41832
86,60,41833
92,58,41834
90,58,41835
101,57,41836
101,56,41837
103,55,41838
108,56,41839
117,58,41840
120,59,41841
123,60,41842
127,62,41843
130,64,41844
134,67,41845
138,71,41846
140,73,41847
144,78,41848
145,79,41849
150,88,41850
151,90,41851
154,99,41852
155,103,41853
156,105,41854
157,112,41855
157,123,41856
157,129,41857
158,125,41858
155,140,41859
154,144,41860
152,151,41861
150,156,41862
149,159,41863
144,167,41864
144,168,41865
136,177,41866
134,179,41867
130,183,41868
124,187,41869
120,190,41870
113,193,41871
108,195,41872
105,196,41873
93,197,41874
94,198,41875
85,198,41876
83,198,41877
73,196,41878
64,193,41879
58,190,41880
58,191,41881
52,187,41882
44,181,41883
37,174,41884
35,172,41885
33,170,41886
25,158,41887
24,157,41888
20,148,41889
18,145,41890
16,138,41891
14,132,41892
12,122,41893
11,115,41894
11,101,41895
11,94,41896
11,90,41897
14,76,41898
17,66,41899
18,62,41900
20,57,41901
23,51,41902
27,44,41903
30,39,41904
37,30,41905
42,24,41906
49,18,41907
54,14,41908
64,8,41909
67,6,41910
97,114,41911
94,120,41912
92,120,41913
90,121,41914
89,121,41915
86,120,41916
84,116,41917
83,119,41918
81,111,41919
81,116,41920
79,111,41921
79,107,41922
79,105,41923
78,104,41924
79,100,41925
78,100,41926
79,97,41927
83,90,41928
82,90,41929
84,88,41930
85,86,41931
92,82,41932
90,82,41933
91,81,41934
95,79,41935
96,78,41936
103,78,41937
105,78,41938
102,76,41939
114,81,41940
114,80,41941
118,82,41942
118,81,41943
122,84,41944
124,86,41945
126,87,41946
128,90,41947
132,96,41948
134,102,41949
134,100,41950
135,101,41951
137,111,41952
138,114,41953
138,117,41954
139,120,41955
139,122,41956
138,130,41957
137,134,41958
136,139,41959
134,144,41960
133,147,41961
130,152,41962
127,156,41963
127,157,41964
124,160,41965
117,166,41966
117,167,41967
109,171,41968
103,173,41969
106,173,41970
99,175,41971
102,175,41972
90,176,41973
86,176,41974
81,175,41975
76,174,41976
74,174,41977
67,171,41978
65,170,41979
57,164,41980
57,165,41981
50,158,41982
48,156,41983
42,147,41984
40,144,41985
43,151,41986
34,128,41987
33,124,41988
34,134,41989
31,115,41990
30,112,41991
30,106,41992
30,96,41993
31,90,41994
30,91,41995
33,80,41996
34,75,41997
36,70,41998
42,58,41999
43,56,42000
44,54,42001
50,46,42002
54,42,42003
54,41,42004
60,36,42005
79,26,42006
75,27,42007
77,25,42008
89,22,42009
93,21,42010
100,20,42011
105,20,42012
110,20,42013
120,22,42014
120,21,42015
130,25,42016
137,28,42017
138,28,42018
152,38,42019
150,36,42020
162,48,42021
167,54,42022
169,57,42023
174,65,42024
173,62,42025
183,89,42026
182,83,42027
184,89,42028
187,105,42029
188,111,42030
188,126,42031
188,129,42032
187,139,42033
187,141,42034
185,150,42035
180,166,42036
181,165,42037
94,110,42038
94,106,42039
95,104,42040
96,101,42041
100,100,42042
99,99,42043
102,99,42044
104,98,42045
108,101,42046
109,100,42047
111,101,42048
110,99,42049
114,105,42050
115,105,42051
117,109,42052
118,110,42053
119,112,42054
119,118,42055
120,119,42056
121,118,42057
120,125,42058
118,130,42059
118,131,42060
119,131,42061
118,134,42062
117,137,42063
111,143,42064
111,144,42065
110,146,42066
101,150,42067
103,150,42068
102,151,42069
101,152,42070
92,153,42071
95,154,42072
90,154,42073
86,154,42074
81,153,42075
74,149,42076
77,152,42077
71,149,42078
67,145,42079
66,145,42080
62,141,42081
59,137,42082
57,134,42083
58,138,42084
52,120,42085
52,123,42086
52,126,42087
50,113,42088
49,113,42089
49,103,42090
48,106,42091
48,103,42092
51,88,42093
49,91,42094
53,81,42095
57,73,42096
52,80,42097
59,68,42098
56,71,42099
71,56,42100
65,59,42101
77,51,42102
70,54,42103
81,48,42104
90,45,42105
87,45,42106
91,44,42107
100,43,42108
100,42,42109
112,43,42110
116,44,42111
118,44,42112
117,43,42113
131,50,42114
138,55,42115
129,47,42116
144,59,42117
146,61,42118
147,61,42119
155,73,42120
156,74,42121
153,67,42122
164,94,42123
164,91,42124
165,92,42125
168,107,42126
169,113,42127
169,118,42128
170,119,42129
168,135,42130
169,133,42131
167,143,42132
160,161,42133
163,157,42134
161,162,42135
153,175,42136
155,174,42137
140,190,42138
147,185,42139
143,189,42140
123,202,42141
136,196,42142
120,205,42143
114,207,42144
113,208,42145
101,211,42146
85,211,42147
93,212,42148
78,211,42149
77,211,42150
63,207,42151
63,208,42152
49,200,42153
48,200,42154
39,193,42155
39,194,42156
32,188,42157
30,186,42158
17,168,42159
16,168,42160
11,158,42161
7,148,42162
7,150,42163
3,136,42164
98,112,42165
102,114,42166
102,118,42167
104,120,42168
102,124,42169
103,124,42170
98,128,42171
101,128,42172
94,130,42173
97,131,42174
93,132,42175
93,133,42176
87,132,42177
84,131,42178
83,131,42179
82,131,42180
80,130,42181
78,129,42182
77,128,42183
74,124,42184
73,124,42185
71,118,42186
70,120,42187
69,115,42188
68,112,42189
67,110,42190
69,98,42191
67,102,42192
66,103,42193
74,85,42194
69,92,42195
69,90,42196
72,84,42197
77,78,42198
73,81,42199
78,76,42200
83,72,42201
82,72,42202
90,68,42203
92,67,42204
93,66,42205
98,65,42206
102,65,42207
104,64,42208
105,64,42209
112,65,42210
112,64,42211
124,71,42212
125,71,42213
122,68,42214
132,77,42215
129,72,42216
135,79,42217
139,84,42218
140,86,42219
142,88,42220
146,99,42221
147,101,42222
148,104,42223
149,109,42224
150,113,42225
150,120,42226
150,126,42227
150,128,42228
147,141,42229
149,138,42230
147,144,42231
142,154,42232
141,157,42233
139,161,42234
134,167,42235
135,167,42236
126,175,42237
126,176,42238
121,180,42239
115,183,42240
107,186,42241
104,187,42242
105,188,42243
94,189,42244
91,190,42245
90,190,42246
76,188,42247
72,187,42248
78,190,42249
54,177,42250
59,182,42251
53,178,42252
51,177,42253
43,169,42254
37,162,42255
34,158,42256
34,159,42257
27,145,42258
25,141,42259
24,138,42260
20,122,42261
20,126,42262
19,118,42263
18,111,42264
19,92,42265
18,96,42266
18,93,42267
25,68,42268
18,86,42269
27,61,42270
29,56,42271
30,53,42272
31,51,42273
39,40,42274
37,41,42275
54,25,42276
56,23,42277
59,20,42278
73,13,42279
80,11,42280
80,10,42281
83,9,42282
95,7,42283
101,6,42284
107,6,42285
123,9,42286
123,8,42287
134,12,42288
144,17,42289
143,16,42290
149,19,42291
93,116,42292
91,115,42293
88,112,42294
87,112,42295
86,108,42296
85,109,42297
85,104,42298
84,104,42299
88,98,42300
85,99,42301
88,95,42302
88,94,42303
92,91,42304
92,90,42305
96,88,42306
96,87,42307
98,87,42308
103,87,42309
103,86,42310
104,85,42311
106,85,42312
113,89,42313
112,87,42314
117,90,42315
119,92,42316
122,95,42317
121,93,42318
126,101,42319
125,97,42320
129,111,42321
129,106,42322
130,111,42323
131,113,42324
130,125,42325
132,118,42326
132,122,42327
129,134,42328
131,130,42329
127,140,42330
129,138,42331
123,148,42332
124,147,42333
120,152,42334
125,148,42335
114,158,42336
112,160,42337
113,160,42338
104,164,42339
103,165,42340
101,166,42341
93,167,42342
94,168,42343
81,166,42344
87,168,42345
80,167,42346
77,166,42347
67,161,42348
65,160,42349
64,160,42350
60,157,42351
57,154,42352
53,150,42353
47,140,42354
49,145,42355
45,138,42356
42,130,42357
40,125,42358
39,121,42359
38,116,42360
37,111,42361
37,104,42362
36,105,42363
39,88,42364
38,89,42365
38,87,42366
43,73,42367
46,67,42368
45,67,42369
50,59,42370
52,56,42371
57,50,42372
65,43,42373
58,48,42374
72,38,42375
69,39,42376
82,33,42377
87,31,42378
92,30,42379
96,29,42380
107,29,42381
110,29,42382
107,28,42383
118,30,42384
126,32,42385
132,35,42386
136,37,42387
146,44,42388
145,42,42389
155,52,42390
160,58,42391
162,60,42392
164,63,42393
168,70,42394
171,76,42395
175,85,42396
178,96,42397
179,99,42398
180,107,42399
181,113,42400
181,123,42401
182,121,42402
179,141,42403
178,147,42404
177,153,42405
174,161,42406
166,177,42407
167,177,42408
164,182,42409
156,192,42410
155,194,42411
150,200,42412
140,208,42413
139,209,42414
131,214,42415
121,219,42416
119,220,42417
114,222,42418
97,107,42419
98,107,42420
101,106,42421
103,105,42422
105,106,42423
107,107,42424
109,110,42425
110,108,42426
112,115,42427
113,114,42428
113,119,42429
113,120,42430
113,123,42431
113,125,42432
112,128,42433
111,131,42434
110,133,42435
109,135,42436
107,138,42437
106,139,42438
104,141,42439
98,143,42440
98,144,42441
96,145,42442
92,145,42443
91,146,42444
85,145,42445
86,146,42446
84,146,42447
77,142,42448
74,141,42449
73,141,42450
71,139,42451
66,133,42452
67,136,42453
63,130,42454
62,128,42455
60,124,42456
58,114,42457
57,115,42458
57,108,42459
56,109,42460
56,104,42461
56,99,42462
56,97,42463
57,91,42464
58,88,42465
60,83,42466
61,80,42467
63,76,42468
65,72,42469
68,68,42470
75,62,42471
71,64,42472
78,59,42473
83,56,42474
87,54,42475
91,53,42476
97,52,42477
96,51,42478
106,51,42479
109,51,42480
110,51,42481
116,52,42482
119,53,42483
129,58,42484
128,57,42485
135,62,42486
135,61,42487
141,67,42488
145,71,42489
147,74,42490
152,82,42491
154,86,42492
157,93,42493
156,88,42494
160,107,42495
161,111,42496
161,103,42497
162,119,42498
162,124,42499
161,135,42500
160,140,42501
159,144,42502
159,146,42503
155,156,42504
150,166,42505
149,168,42506
144,175,42507
142,178,42508
137,183,42509
133,187,42510
124,193,42511
123,194,42512
120,196,42513
103,201,42514
106,201,42515
104,202,42516
91,203,42517
88,204,42518
76,202,42519
71,201,42520
70,201,42521
58,196,42522
58,197,42523
49,191,42524
42,186,42525
40,185,42526
34,178,42527
29,173,42528
24,165,42529
20,159,42530
16,151,42531
14,146,42532
14,148,42533
8,118,42534
7,118,42535
7,98,42536
6,107,42537
6,100,42538
7,87,42539
8,81,42540
11,69,42541
14,60,42542
15,57,42543
22,43,42544
21,44,42545
98,114,42546
99,118,42547
96,122,42548
95,124,42549
93,124,42550
92,125,42551
90,125,42552
89,126,42553
83,120,42554
84,124,42555
81,122,42556
80,122,42557
78,116,42558
77,115,42559
76,111,42560
75,111,42561
74,109,42562
75,103,42563
74,104,42564
74,101,42565
74,98,42566
77,92,42567
79,88,42568
76,91,42569
79,86,42570
80,84,42571
86,80,42572
86,79,42573
87,77,42574
96,75,42575
96,74,42576
98,73,42577
102,73,42578
106,73,42579
105,72,42580
111,73,42581
115,75,42582
117,75,42583
125,82,42584
124,80,42585
122,77,42586
131,87,42587
133,90,42588
132,87,42589
137,97,42590
138,98,42591
137,92,42592
141,111,42593
142,110,42594
142,107,42595
143,118,42596
143,125,42597
141,134,42598
143,129,42599
142,135,42600
140,141,42601
139,145,42602
133,155,42603
129,160,42604
134,156,42605
127,164,42606
129,163,42607
114,173,42608
118,172,42609
109,176,42610
113,176,42611
102,179,42612
97,180,42613
96,181,42614
90,181,42615
85,181,42616
87,182,42617
74,179,42618
69,177,42619
64,175,42620
66,177,42621
53,167,42622
49,163,42623
53,169,42624
42,155,42625
40,153,42626
41,156,42627
33,139,42628
31,135,42629
32,141,42630
27,116,42631
27,122,42632
26,108,42633
25,109,42634
26,95,42635
25,98,42636
27,84,42637
29,77,42638
28,78,42639
34,63,42640
41,52,42641
36,58,42642
40,51,42643
50,40,42644
48,40,42645
62,29,42646
58,31,42647
65,26,42648
83,19,42649
69,23,42650
86,17,42651
94,16,42652
95,15,42653
109,15,42654
116,16,42655
115,15,42656
129,19,42657
134,21,42658
140,24,42659
143,25,42660
156,36,42661
157,36,42662
163,42,42663
168,47,42664
171,51,42665
173,53,42666
184,77,42667
184,74,42668
188,87,42669
190,96,42670
190,92,42671
192,108,42672
93,112,42673
91,108,42674
92,104,42675
91,103,42676
93,100,42677
92,99,42678
95,98,42679
94,96,42680
101,96,42681
99,94,42682
103,94,42683
103,93,42684
109,96,42685
110,95,42686
111,96,42687
114,98,42688
116,99,42689
117,100,42690
118,101,42691
121,106,42692
122,108,42693
123,114,42694
123,108,42695
124,115,42696
125,118,42697
125,122,42698
123,129,42699
124,129,42700
125,128,42701
117,141,42702
120,140,42703
119,142,42704
116,146,42705
112,149,42706
111,151,42707
108,153,42708
105,155,42709
103,156,42710
92,157,42711
97,158,42712
94,159,42713
90,159,42714
83,158,42715
80,158,42716
77,157,42717
76,157,42718
74,157,42719
65,149,42720
63,148,42721
65,152,42722
56,140,42723
57,143,42724
53,137,42725
50,130,42726
49,129,42727
49,130,42728
46,118,42729
45,112,42730
45,102,42731
44,110,42732
44,102,42733
44,99,42734
46,88,42735
46,86,42736
51,75,42737
49,76,42738
53,69,42739
59,61,42740
57,62,42741
61,57,42742
68,51,42743
67,51,42744
75,46,42745
75,45,42746
80,42,42747
90,39,42748
97,38,42749
107,38,42750
102,37,42751
107,37,42752
114,38,42753
117,38,42754
125,41,42755
133,45,42756
127,40,42757
149,59,42758
144,52,42759
150,58,42760
153,61,42761
159,70,42762
162,75,42763
163,76,42764
166,82,42765
170,96,42766
170,94,42767
172,104,42768
173,112,42769
174,114,42770
173,129,42771
174,127,42772
171,143,42773
172,142,42774
169,154,42775
160,171,42776
169,157,42777
158,177,42778
152,185,42779
155,182,42780
148,190,42781
142,196,42782
139,199,42783
126,207,42784
118,211,42785
123,210,42786
114,213,42787
96,216,42788
96,217,42789
88,217,42790
81,217,42791
79,217,42792
67,214,42793
59,211,42794
59,212,42795
48,206,42796
43,203,42797
33,195,42798
32,195,42799
98,111,42800
103,111,42801
104,114,42802
106,115,42803
106,118,42804
107,119,42805
106,123,42806
107,124,42807
103,129,42808
105,129,42809
102,131,42810
102,133,42811
97,135,42812
97,136,42813
94,136,42814
93,137,42815
91,138,42816
86,137,42817
87,138,42818
83,137,42819
82,137,42820
77,133,42821
78,135,42822
74,132,42823
71,128,42824
69,125,42825
68,124,42826
66,119,42827
66,120,42828
64,110,42829
64,108,42830
63,110,42831
63,105,42832
65,95,42833
62,100,42834
64,94,42835
66,88,42836
65,88,42837
70,80,42838
71,78,42839
73,75,42840
75,72,42841
80,68,42842
77,69,42843
86,64,42844
88,63,42845
88,62,42846
97,60,42847
100,60,42848
100,59,42849
110,60,42850
104,58,42851
115,61,42852
119,62,42853
120,62,42854
126,65,42855
131,69,42856
134,71,42857
137,74,42858
140,78,42859
142,80,42860
144,82,42861
148,92,42862
150,95,42863
152,102,42864
153,105,42865
154,111,42866
154,123,42867
155,117,42868
154,129,42869
154,132,42870
154,135,42871
150,148,42872
150,149,42873
150,150,42874
142,164,42875
140,167,42876
139,169,42877
136,173,42878
128,180,42879
126,182,42880
127,182,42881
114,189,42882
109,191,42883
109,192,42884
96,194,42885
93,194,42886
92,195,42887
85,195,42888
75,193,42889
71,192,42890
69,192,42891
66,191,42892
51,182,42893
53,184,42894
44,177,42895
36,168,42896
40,174,42897
33,165,42898
27,156,42899
24,150,42900
23,148,42901
20,141,42902
16,126,42903
16,129,42904
14,114,42905
14,101,42906
13,108,42907
14,92,42908
15,85,42909
15,81,42910
19,69,42911
22,60,42912
23,57,42913
29,46,42914
37,36,42915
35,37,42916
40,31,42917
52,20,42918
49,22,42919
55,17,42920
65,11,42921
69,9,42922
76,6,42923
86,3,42924
91,2,42925
98,1,42926
96,116,42927
93,118,42928
90,118,42929
89,118,42930
87,117,42931
85,116,42932
83,111,42933
83,115,42934
82,106,42935
81,109,42936
81,104,42937
81,102,42938
82,98,42939
82,97,42940
85,92,42941
85,91,42942
86,89,42943
89,87,42944
91,85,42945
92,84,42946
94,83,42947
100,82,42948
98,81,42949
102,81,42950
106,81,42951
108,81,42952
111,82,42953
114,83,42954
114,82,42955
120,87,42956
122,88,42957
125,92,42958
124,89,42959
129,96,42960
131,100,42961
132,102,42962
133,104,42963
134,108,42964
135,116,42965
136,115,42966
136,122,42967
136,123,42968
135,129,42969
135,133,42970
133,138,42971
132,142,42972
131,145,42973
126,152,42974
127,152,42975
125,155,42976
121,159,42977
116,163,42978
115,164,42979
110,167,42980
109,168,42981
101,171,42982
98,172,42983
91,172,42984
89,173,42985
86,173,42986
81,172,42987
77,171,42988
73,170,42989
68,168,42990
66,167,42991
58,161,42992
56,160,42993
53,157,42994
50,154,42995
44,145,42996
43,144,42997
41,140,42998
38,133,42999
37,131,43000
35,124,43001
34,123,43002
33,108,43003
33,99,43004
33,94,43005
33,92,43006
34,87,43007
36,78,43008
38,73,43009
41,66,43010
40,67,43011
48,54,43012
50,51,43013
53,47,43014
57,43,43015
64,37,43016
68,34,43017
74,31,43018
75,30,43019
85,26,43020
88,25,43021
100,24,43022
102,23,43023
103,23,43024
113,24,43025
120,25,43026
129,28,43027
134,30,43028
138,32,43029
144,36,43030
145,36,43031
154,44,43032
160,50,43033
165,56,43034
167,59,43035
173,69,43036
175,73,43037
179,83,43038
181,90,43039
183,98,43040
184,98,43041
185,118,43042
186,118,43043
185,131,43044
185,135,43045
184,142,43046
182,151,43047
177,166,43048
176,169,43049
171,179,43050
168,184,43051
165,189,43052
160,196,43053
95,110,43054
96,105,43055
99,103,43056
98,102,43057
102,102,43058
104,101,43059
107,103,43060
107,101,43061
111,107,43062
111,104,43063
113,107,43064
115,113,43065
114,106,43066
116,113,43067
117,116,43068
117,119,43069
118,120,43070
116,127,43071
116,129,43072
117,129,43073
116,132,43074
110,139,43075
114,136,43076
111,140,43077
110,142,43078
109,143,43079
102,147,43080
102,148,43081
100,149,43082
90,149,43083
93,151,43084
90,151,43085
88,151,43086
81,149,43087
82,151,43088
78,149,43089
73,146,43090
71,145,43091
64,137,43092
66,141,43093
65,141,43094
61,135,43095
57,127,43096
58,132,43097
54,119,43098
53,117,43099
53,122,43100
52,109,43101
52,101,43102
51,103,43103
52,96,43104
51,97,43105
56,82,43106
54,84,43107
55,81,43108
59,74,43109
60,71,43110
65,65,43111
73,58,43112
66,62,43113
74,56,43114
71,57,43115
86,50,43116
83,50,43117
94,47,43118
88,47,43119
99,46,43120
107,46,43121
105,45,43122
115,47,43123
118,47,43124
127,51,43125
122,48,43126
131,53,43127
138,58,43128
136,55,43129
147,67,43130
151,73,43131
144,61,43132
157,82,43133
158,84,43134
158,81,43135
163,99,43136
164,101,43137
164,96,43138
166,118,43139
166,126,43140
166,130,43141
166,132,43142
164,142,43143
164,144,43144
161,154,43145
155,166,43146
158,162,43147
154,169,43148
142,184,43149
145,182,43150
142,185,43151
130,195,43152
134,193,43153
117,202,43154
123,200,43155
117,203,43156
98,207,43157
102,208,43158
86,208,43159
89,209,43160
84,209,43161
73,207,43162
66,205,43163
62,204,43164
56,201,43165
46,195,43166
42,192,43167
40,191,43168
25,174,43169
28,179,43170
19,166,43171
19,167,43172
13,156,43173
10,149,43174
6,135,43175
7,142,43176
3,121,43177
2,114,43178
2,102,43179
1,106,43180
100,114,43181
101,116,43182
100,121,43183
101,122,43184
99,125,43185
97,127,43186
94,128,43187
96,129,43188
89,128,43189
91,130,43190
88,130,43191
86,130,43192
81,126,43193
81,127,43194
78,124,43195
78,125,43196
75,121,43197
74,120,43198
73,119,43199
72,114,43200
71,114,43201
71,107,43202
71,102,43203
69,106,43204
70,100,43205
70,97,43206
74,89,43207
72,91,43208
71,91,43209
80,80,43210
77,82,43211
79,79,43212
80,77,43213
88,73,43214
85,73,43215
92,70,43216
95,69,43217
96,68,43218
106,69,43219
103,67,43220
105,67,43221
111,68,43222
116,70,43223
119,71,43224
121,72,43225
124,73,43226
124,72,43227
134,84,43228
135,84,43229
133,80,43230
141,95,43231
140,91,43232
143,97,43233
145,105,43234
145,103,43235
146,105,43236
147,115,43237
147,124,43238
146,131,43239
148,126,43240
146,135,43241
145,141,43242
141,150,43243
143,147,43244
135,160,43245
141,153,43246
133,164,43247
128,169,43248
129,169,43249
122,175,43250
119,177,43251
115,180,43252
106,183,43253
106,184,43254
102,185,43255
96,186,43256
87,186,43257
80,185,43258
79,186,43259
70,183,43260
66,181,43261
70,184,43262
56,176,43263
51,172,43264
58,179,43265
39,158,43266
42,164,43267
36,156,43268
34,153,43269
30,146,43270
26,134,43271
26,136,43272
25,134,43273
22,118,43274
21,113,43275
22,96,43276
20,103,43277
21,93,43278
23,83,43279
23,81,43280
28,66,43281
28,64,43282
29,62,43283
40,45,43284
31,55,43285
45,37,43286
54,29,43287
48,33,43288
61,23,43289
64,21,43290
67,19,43291
83,13,43292
86,12,43293
86,11,43294
97,10,43295
108,10,43296
113,10,43297
126,13,43298
122,11,43299
131,14,43300
136,16,43301
152,26,43302
151,24,43303
159,31,43304
166,38,43305
171,43,43306
172,44,43307
94,114,43308
91,113,43309
89,109,43310
88,110,43311
88,106,43312
87,103,43313
90,99,43314
87,101,43315
92,96,43316
89,96,43317
94,93,43318
98,91,43319
95,91,43320
99,90,43321
103,90,43322
105,89,43323
107,89,43324
111,91,43325
111,90,43326
113,91,43327
115,92,43328
119,97,43329
117,92,43330
121,98,43331
124,103,43332
124,102,43333
126,106,43334
127,111,43335
128,110,43336
127,125,43337
128,125,43338
129,123,43339
129,125,43340
125,137,43341
128,133,43342
126,137,43343
123,143,43344
121,146,43345
117,151,43346
118,151,43347
116,153,43348
109,158,43349
107,159,43350
108,160,43351
100,162,43352
98,163,43353
98,164,43354
84,163,43355
87,164,43356
87,165,43357
75,161,43358
80,164,43359
71,160,43360
66,157,43361
66,158,43362
62,155,43363
56,148,43364
53,145,43365
52,144,43366
49,139,43367
46,133,43368
46,135,43369
42,118,43370
42,123,43371
41,107,43372
40,111,43373
40,99,43374
41,94,43375
39,101,43376
42,86,43377
44,78,43378
43,79,43379
48,69,43380
49,66,43381
51,62,43382
58,54,43383
62,50,43384
66,46,43385
64,47,43386
73,41,43387
81,37,43388
78,37,43389
85,35,43390
95,33,43391
93,32,43392
110,33,43393
109,32,43394
113,32,43395
119,33,43396
126,36,43397
135,40,43398
137,41,43399
142,44,43400
153,55,43401
153,54,43402
158,60,43403
164,70,43404
161,63,43405
169,79,43406
171,83,43407
173,89,43408
174,91,43409
176,100,43410
177,123,43411
178,111,43412
178,128,43413
176,140,43414
178,135,43415
174,152,43416
173,155,43417
174,155,43418
165,173,43419
164,176,43420
164,177,43421
154,190,43422
145,199,43423
144,201,43424
142,203,43425
133,209,43426
125,214,43427
126,214,43428
108,220,43429
109,220,43430
97,222,43431
85,222,43432
82,222,43433
84,223,43434
99,108,43435
100,108,43436
104,108,43437
106,109,43438
107,110,43439
108,111,43440
109,115,43441
110,116,43442
110,121,43443
111,120,43444
110,124,43445
110,126,43446
108,130,43447
108,131,43448
107,133,43449
105,135,43450
102,138,43451
101,139,43452
99,140,43453
97,141,43454
95,142,43455
88,142,43456
90,143,43457
87,143,43458
84,142,43459
80,141,43460
78,140,43461
76,139,43462
73,137,43463
70,134,43464
69,133,43465
65,127,43466
64,126,43467
62,121,43468
62,122,43469
60,115,43470
59,111,43471
59,108,43472
59,103,43473
59,98,43474
60,93,43475
60,91,43476
62,86,43477
62,84,43478
64,80,43479
67,75,43480
66,76,43481
71,70,43482
73,67,43483
74,66,43484
81,61,43485
82,60,43486
88,57,43487
90,56,43488
94,55,43489
98,54,43490
105,54,43491
112,55,43492
113,55,43493
115,55,43494
123,58,43495
127,60,43496
130,62,43497
133,64,43498
137,67,43499
139,69,43500
146,78,43501
147,79,43502
150,84,43503
151,86,43504
153,90,43505
156,99,43506
157,103,43507
158,108,43508
159,113,43509
159,121,43510
159,126,43511
158,136,43512
157,141,43513
156,145,43514
153,153,43515
154,152,43516
147,165,43517
144,170,43518
143,172,43519
138,178,43520
136,180,43521
127,187,43522
123,190,43523
122,191,43524
116,194,43525
108,197,43526
105,198,43527
97,200,43528
90,200,43529
79,199,43530
77,199,43531
71,198,43532
68,197,43533
57,192,43534
53,190,43535
50,188,43536
48,187,43537
38,178,43538
38,179,43539
28,166,43540
27,165,43541
19,150,43542
19,151,43543
16,143,43544
13,134,43545
11,126,43546
10,118,43547
9,112,43548
9,103,43549
10,89,43550
10,86,43551
12,76,43552
14,69,43553
17,60,43554
19,55,43555
23,47,43556
27,40,43557
32,33,43558
37,27,43559
45,19,43560
47,17,43561
97,118,43562
97,119,43563
93,121,43564
93,122,43565
89,122,43566
87,122,43567
85,120,43568
86,123,43569
81,114,43570
82,120,43571
80,116,43572
79,115,43573
78,109,43574
77,108,43575
77,104,43576
77,101,43577
76,103,43578
80,93,43579
78,95,43580
79,92,43581
80,90,43582
86,84,43583
84,85,43584
85,83,43585
88,81,43586
90,79,43587
94,78,43588
99,77,43589
97,76,43590
107,77,43591
106,76,43592
111,77,43593
113,77,43594
115,78,43595
118,79,43596
120,80,43597
125,84,43598
126,85,43599
131,93,43600
131,91,43601
133,93,43602
136,101,43603
137,104,43604
138,103,43605
139,112,43606
140,114,43607
140,118,43608
140,123,43609
140,127,43610
139,134,43611
138,138,43612
138,140,43613
134,147,43614
135,147,43615
133,151,43616
127,159,43617
128,159,43618
118,167,43619
114,170,43620
119,168,43621
110,173,43622
114,172,43623
99,176,43624
99,177,43625
86,177,43626
89,178,43627
84,178,43628
76,176,43629
78,177,43630
68,173,43631
68,174,43632
63,171,43633
56,166,43634
49,159,43635
46,156,43636
49,161,43637
39,145,43638
37,141,43639
40,150,43640
32,128,43641
32,130,43642
32,133,43643
29,113,43644
28,109,43645
28,107,43646
29,93,43647
28,96,43648
31,80,43649
31,79,43650
35,68,43651
37,63,43652
39,59,43653
45,50,43654
42,53,43655
50,43,43656
64,32,43657
61,33,43658
59,34,43659
73,26,43660
76,24,43661
82,22,43662
83,21,43663
92,19,43664
104,18,43665
99,17,43666
120,20,43667
121,20,43668
120,19,43669
133,24,43670
139,27,43671
142,28,43672
152,36,43673
160,43,43674
163,46,43675
162,44,43676
177,68,43677
175,63,43678
179,71,43679
182,78,43680
184,83,43681
187,92,43682
189,110,43683
190,111,43684
190,125,43685
190,126,43686
188,143,43687
190,135,43688
95,112,43689
93,106,43690
94,103,43691
93,103,43692
97,100,43693
97,98,43694
99,98,43695
100,96,43696
105,98,43697
106,97,43698
107,97,43699
108,96,43700
113,102,43701
114,101,43702
116,105,43703
117,105,43704
118,106,43705
120,112,43706
120,110,43707
121,114,43708
122,116,43709
121,123,43710
121,125,43711
122,125,43712
121,130,43713
121,131,43714
116,139,43715
117,139,43716
118,139,43717
109,147,43718
111,147,43719
110,148,43720
108,150,43721
99,153,43722
101,154,43723
96,155,43724
93,156,43725
90,156,43726
79,153,43727
84,156,43728
80,155,43729
77,154,43730
72,151,43731
71,151,43732
65,146,43733
64,146,43734
64,147,43735
56,134,43736
56,136,43737
54,134,43738
51,124,43739
50,124,43740
49,120,43741
48,114,43742
47,111,43743
48,97,43744
46,105,43745
49,89,43746
50,86,43747
47,92,43748
52,78,43749
50,81,43750
60,65,43751
57,67,43752
68,56,43753
60,62,43754
70,53,43755
75,50,43756
73,50,43757
83,45,43758
82,45,43759
87,43,43760
96,41,43761
107,41,43762
103,40,43763
109,40,43764
119,43,43765
127,46,43766
120,42,43767
132,48,43768
134,49,43769
134,48,43770
148,61,43771
151,64,43772
146,56,43773
161,81,43774
162,82,43775
161,78,43776
164,86,43777
166,90,43778
169,104,43779
170,108,43780
170,126,43781
171,118,43782
171,127,43783
166,149,43784
170,138,43785
167,150,43786
163,160,43787
163,162,43788
155,175,43789
161,167,43790
154,178,43791
140,192,43792
150,185,43793
136,197,43794
132,200,43795
128,203,43796
120,207,43797
113,210,43798
110,211,43799
97,213,43800
94,214,43801
80,213,43802
81,214,43803
70,211,43804
62,209,43805
56,206,43806
56,207,43807
44,200,43808
40,197,43809
30,188,43810
32,191,43811
22,179,43812
17,172,43813
16,171,43814
9,158,43815
101,112,43816
103,114,43817
103,117,43818
105,118,43819
104,121,43820
105,122,43821
102,126,43822
104,127,43823
98,130,43824
101,130,43825
97,132,43826
98,133,43827
92,134,43828
90,134,43829
88,135,43830
85,133,43831
86,135,43832
82,133,43833
79,132,43834
76,129,43835
75,129,43836
72,123,43837
72,126,43838
69,119,43839
68,117,43840
67,116,43841
67,106,43842
66,110,43843
65,109,43844
68,95,43845
67,95,43846
65,99,43847
67,92,43848
72,83,43849
68,87,43850
72,81,43851
75,77,43852
76,75,43853
80,72,43854
84,69,43855
83,69,43856
92,65,43857
91,65,43858
91,64,43859
99,63,43860
101,62,43861
106,62,43862
113,64,43863
114,64,43864
114,63,43865
125,69,43866
121,65,43867
129,71,43868
132,74,43869
134,75,43870
137,78,43871
143,88,43872
143,87,43873
146,93,43874
147,96,43875
149,101,43876
149,98,43877
151,114,43878
152,115,43879
151,127,43880
153,121,43881
151,134,43882
148,144,43883
150,140,43884
146,151,43885
143,157,43886
145,155,43887
137,166,43888
137,167,43889
136,169,43890
128,176,43891
120,182,43892
117,184,43893
117,185,43894
104,189,43895
105,189,43896
105,190,43897
87,191,43898
89,192,43899
91,193,43900
65,185,43901
72,189,43902
67,188,43903
59,184,43904
53,180,43905
49,177,43906
46,175,43907
41,170,43908
35,162,43909
33,160,43910
30,155,43911
23,139,43912
26,149,43913
22,138,43914
19,127,43915
18,122,43916
17,117,43917
16,110,43918
19,85,43919
15,105,43920
19,79,43921
21,73,43922
17,83,43923
25,60,43924
31,49,43925
25,58,43926
39,38,43927
41,35,43928
42,33,43929
48,27,43930
66,15,43931
59,18,43932
66,14,43933
75,10,43934
84,7,43935
86,6,43936
102,5,43937
101,4,43938
107,4,43939
124,7,43940
126,7,43941
127,7,43942
96,114,43943
91,116,43944
89,115,43945
87,114,43946
86,112,43947
85,112,43948
84,108,43949
83,107,43950
86,99,43951
83,102,43952
85,97,43953
86,95,43954
88,93,43955
87,92,43956
90,90,43957
90,89,43958
93,87,43959
98,86,43960
98,85,43961
100,84,43962
102,83,43963
108,85,43964
109,84,43965
111,85,43966
115,87,43967
116,87,43968
120,90,43969
123,94,43970
123,92,43971
128,103,43972
127,98,43973
130,106,43974
130,105,43975
131,107,43976
132,111,43977
133,114,43978
132,126,43979
133,124,43980
131,133,43981
133,129,43982
129,140,43983
130,139,43984
124,149,43985
129,143,43986
124,151,43987
121,154,43988
121,155,43989
113,161,43990
114,161,43991
112,163,43992
101,167,43993
100,168,43994
96,169,43995
94,169,43996
92,170,43997
83,169,43998
82,169,43999
75,167,44000
72,166,44001
71,166,44002
67,164,44003
60,159,44004
54,153,44005
55,155,44006
50,149,44007
46,143,44008
45,141,44009
43,138,44010
40,130,44011
39,128,44012
37,121,44013
36,115,44014
36,101,44015
35,102,44016
35,99,44017
37,87,44018
38,83,44019
39,79,44020
41,73,44021
42,70,44022
45,64,44023
47,60,44024
55,50,44025
61,44,44026
60,44,44027
64,41,44028
71,36,44029
75,34,44030
84,30,44031
83,30,44032
90,28,44033
97,27,44034
102,26,44035
112,27,44036
118,28,44037
127,31,44038
132,33,44039
127,30,44040
140,37,44041
143,39,44042
150,44,44043
155,49,44044
157,51,44045
166,63,44046
165,61,44047
172,74,44048
173,75,44049
177,86,44050
178,88,44051
181,101,44052
182,107,44053
182,127,44054
183,121,44055
183,127,44056
181,141,44057
177,157,44058
179,152,44059
176,161,44060
171,173,44061
169,177,44062
163,187,44063
157,194,44064
154,198,44065
149,203,44066
142,209,44067
135,214,44068
134,215,44069
96,109,44070
99,105,44071
100,105,44072
102,104,44073
104,104,44074
106,104,44075
109,108,44076
109,105,44077
112,112,44078
112,109,44079
114,114,44080
114,116,44081
114,120,44082
115,122,44083
115,123,44084
115,125,44085
114,128,44086
112,132,44087
112,134,44088
110,137,44089
109,138,44090
103,142,44091
103,143,44092
103,144,44093
101,145,44094
97,147,44095
91,147,44096
91,148,44097
91,149,44098
80,145,44099
81,146,44100
79,146,44101
76,145,44102
71,140,44103
71,142,44104
68,139,44105
64,134,44106
63,133,44107
59,123,44108
59,126,44109
57,122,44110
56,116,44111
55,112,44112
55,117,44113
54,107,44114
54,104,44115
54,100,44116
55,93,44117
57,86,44118
57,85,44119
59,80,44120
60,77,44121
65,70,44122
63,71,44123
68,65,44124
73,61,44125
73,60,44126
80,56,44127
89,52,44128
84,53,44129
93,50,44130
89,50,44131
102,49,44132
102,48,44133
109,49,44134
118,51,44135
116,50,44136
124,53,44137
125,53,44138
135,60,44139
134,58,44140
139,62,44141
146,70,44142
148,73,44143
150,75,44144
151,75,44145
159,96,44146
159,95,44147
158,88,44148
162,108,44149
163,111,44150
163,106,44151
164,121,44152
163,131,44153
164,128,44154
160,146,44155
160,148,44156
158,153,44157
153,164,44158
154,163,44159
147,174,44160
149,172,44161
137,185,44162
140,183,44163
136,187,44164
117,198,44165
121,197,44166
119,199,44167
106,203,44168
102,204,44169
95,205,44170
86,205,44171
89,206,44172
77,204,44173
81,206,44174
62,200,44175
57,198,44176
56,198,44177
47,192,44178
40,187,44179
35,182,44180
33,180,44181
25,170,44182
22,166,44183
19,162,44184
10,137,44185
11,143,44186
8,134,44187
6,122,44188
5,117,44189
5,99,44190
4,105,44191
5,91,44192
5,89,44193
7,77,44194
11,64,44195
10,64,44196
99,115,44197
100,118,44198
98,121,44199
97,124,44200
94,125,44201
94,126,44202
91,127,44203
91,128,44204
85,124,44205
86,127,44206
83,125,44207
83,126,44208
78,119,44209
78,120,44210
76,116,44211
75,116,44212
74,114,44213
74,108,44214
73,107,44215
72,107,44216
72,103,44217
74,96,44218
75,94,44219
73,95,44220
75,90,44221
75,89,44222
82,82,44223
82,81,44224
79,82,44225
91,75,44226
87,76,44227
91,74,44228
90,73,44229
99,72,44230
98,71,44231
101,70,44232
108,71,44233
110,71,44234
118,75,44235
116,73,44236
118,73,44237
125,79,44238
125,78,44239
128,80,44240
132,85,44241
134,87,44242
134,85,44243
141,105,44244
140,98,44245
140,96,44246
143,110,44247
144,110,44248
144,123,44249
145,118,44250
145,123,44251
143,135,44252
145,129,44253
141,142,44254
137,151,44255
141,146,44256
135,156,44257
136,156,44258
125,167,44259
130,164,44260
118,173,44261
126,169,44262
116,175,44263
110,178,44264
109,179,44265
103,181,44266
100,182,44267
95,183,44268
86,183,44269
79,182,44270
78,182,44271
79,183,44272
65,177,44273
57,172,44274
63,178,44275
51,168,44276
45,162,44277
49,168,44278
38,153,44279
35,148,44280
41,160,44281
29,133,44282
30,138,44283
27,130,44284
25,120,44285
25,122,44286
24,109,44287
23,107,44288
24,96,44289
23,97,44290
26,81,44291
31,68,44292
28,72,44293
30,67,44294
39,51,44295
36,54,44296
46,41,44297
41,46,44298
49,37,44299
66,25,44300
55,30,44301
69,22,44302
75,19,44303
76,18,44304
91,14,44305
96,13,44306
98,13,44307
109,13,44308
118,14,44309
125,16,44310
124,15,44311
138,21,44312
139,21,44313
151,29,44314
152,29,44315
159,35,44316
161,36,44317
173,52,44318
172,49,44319
179,60,44320
185,74,44321
183,67,44322
190,88,44323
94,113,44324
91,111,44325
90,106,44326
89,105,44327
91,101,44328
89,102,44329
94,97,44330
91,97,44331
98,95,44332
95,94,44333
99,93,44334
100,92,44335
106,93,44336
105,92,44337
108,93,44338
110,93,44339
112,94,44340
114,95,44341
116,96,44342
119,100,44343
120,101,44344
122,107,44345
122,102,44346
124,110,44347
125,112,44348
126,113,44349
125,125,44350
126,124,44351
127,121,44352
119,140,44353
124,134,44354
125,133,44355
121,141,44356
118,145,44357
121,143,44358
116,148,44359
113,151,44360
111,153,44361
104,157,44362
103,158,44363
101,159,44364
98,160,44365
91,160,44366
90,161,44367
87,161,44368
85,161,44369
86,162,44370
70,155,44371
69,155,44372
74,159,44373
62,149,44374
65,154,44375
57,145,44376
56,144,44377
53,140,44378
52,139,44379
48,130,44380
46,125,44381
46,126,44382
44,119,44383
43,112,44384
43,106,44385
43,98,44386
42,103,44387
45,86,44388
43,91,44389
45,83,44390
52,69,44391
49,73,44392
52,67,44393
57,60,44394
57,59,44395
64,52,44396
62,53,44397
67,48,44398
74,44,44399
85,39,44400
87,38,44401
84,38,44402
96,36,44403
100,35,44404
107,35,44405
113,36,44406
119,37,44407
111,34,44408
138,47,44409
131,41,44410
136,44,44411
141,47,44412
151,57,44413
150,55,44414
155,61,44415
155,60,44416
166,80,44417
166,78,44418
169,86,44419
172,97,44420
172,93,44421
174,105,44422
175,112,44423
175,123,44424
176,122,44425
175,134,44426
168,158,44427
175,140,44428
170,156,44429
165,167,44430
166,167,44431
163,173,44432
155,184,44433
158,182,44434
142,198,44435
140,200,44436
136,204,44437
129,208,44438
111,215,44439
114,215,44440
108,217,44441
100,218,44442
96,219,44443
85,219,44444
72,217,44445
78,219,44446
63,215,44447
58,213,44448
51,210,44449
50,210,44450
100,109,44451
101,109,44452
105,113,44453
105,111,44454
107,116,44455
108,116,44456
108,120,44457
109,121,44458
106,127,44459
108,126,44460
105,130,44461
107,129,44462
101,134,44463
101,135,44464
100,136,44465
97,138,44466
98,138,44467
91,139,44468
91,140,44469
88,140,44470
86,140,44471
82,138,44472
79,137,44473
78,137,44474
75,134,44475
73,133,44476
71,131,44477
69,128,44478
67,126,44479
65,119,44480
64,120,44481
63,116,44482
62,113,44483
63,100,44484
61,110,44485
61,104,44486
63,93,44487
62,94,44488
65,87,44489
64,87,44490
68,80,44491
66,81,44492
72,74,44493
70,74,44494
76,69,44495
79,66,44496
78,66,44497
88,61,44498
87,61,44499
92,59,44500
97,58,44501
97,57,44502
109,58,44503
107,57,44504
109,57,44505
114,58,44506
121,61,44507
124,62,44508
128,64,44509
132,67,44510
135,69,44511
138,72,44512
144,81,44513
146,83,44514
149,89,44515
149,88,44516
153,99,44517
153,98,44518
155,108,44519
156,113,44520
156,119,44521
157,118,44522
155,134,44523
155,137,44524
156,134,44525
152,147,44526
148,157,44527
150,154,44528
144,165,44529
142,168,44530
138,173,44531
138,174,44532
126,184,44533
125,185,44534
121,188,44535
112,192,44536
111,193,44537
107,194,44538
99,196,44539
94,197,44540
82,196,44541
84,197,44542
77,196,44543
73,195,44544
65,192,44545
55,187,44546
53,186,44547
49,184,44548
43,179,44549
36,171,44550
33,168,44551
28,161,44552
26,158,44553
20,145,44554
22,151,44555
16,133,44556
15,132,44557
14,127,44558
12,114,44559
12,101,44560
11,106,44561
13,88,44562
14,80,44563
14,78,44564
18,66,44565
23,55,44566
24,51,44567
25,49,44568
33,37,44569
37,32,44570
41,27,44571
45,23,44572
52,17,44573
61,11,44574
66,8,44575
76,4,44576
75,4,44577
96,118,44578
94,119,44579
92,119,44580
90,120,44581
87,119,44582
85,118,44583
84,115,44584
83,118,44585
82,110,44586
80,112,44587
80,107,44588
80,105,44589
80,101,44590
80,99,44591
81,97,44592
80,97,44593
82,93,44594
84,90,44595
85,88,44596
88,85,44597
89,84,44598
95,82,44599
93,81,44600
96,80,44601
99,79,44602
101,79,44603
104,79,44604
110,80,44605
108,78,44606
118,84,44607
118,83,44608
121,86,44609
121,84,44610
125,88,44611
128,92,44612
129,93,44613
131,96,44614
132,98,44615
135,110,44616
136,109,44617
136,107,44618
137,115,44619
137,121,44620
138,122,44621
137,129,44622
137,130,44623
136,135,44624
133,142,44625
133,144,44626
130,150,44627
128,153,44628
126,156,44629
122,160,44630
122,161,44631
117,165,44632
114,167,44633
111,169,44634
103,172,44635
98,173,44636
99,174,44637
93,175,44638
89,175,44639
81,174,44640
79,174,44641
71,171,44642
69,170,44643
64,168,44644
61,166,44645
58,164,44646
51,157,44647
51,158,44648
45,150,44649
43,147,44650
39,140,44651
38,138,44652
38,140,44653
33,120,44654
32,115,44655
32,124,44656
31,108,44657
31,99,44658
31,95,44659
32,88,44660
35,77,44661
33,81,44662
38,68,44663
41,62,44664
43,58,44665
45,55,44666
49,49,44667
58,40,44668
55,42,44669
61,37,44670
68,32,44671
69,31,44672
89,24,44673
86,24,44674
83,24,44675
101,22,44676
101,21,44677
113,22,44678
119,23,44679
124,24,44680
132,27,44681
131,26,44682
141,32,44683
149,37,44684
147,35,44685
162,50,44686
162,49,44687
169,59,44688
171,62,44689
176,71,44690
180,81,44691
178,74,44692
185,104,44693
185,99,44694
186,103,44695
187,114,44696
187,127,44697
187,132,44698
185,145,44699
184,150,44700
180,163,44701
181,161,44702
177,171,44703
174,178,44704
94,108,44705
95,105,44706
96,104,44707
96,102,44708
100,101,44709
101,99,44710
104,100,44711
105,99,44712
110,104,44713
109,101,44714
112,103,44715
112,101,44716
115,109,44717
116,109,44718
117,112,44719
118,113,44720
119,115,44721
118,123,44722
119,122,44723
120,121,44724
119,127,44725
116,133,44726
116,134,44727
117,134,44728
115,138,44729
113,141,44730
109,144,44731
106,147,44732
109,146,44733
97,150,44734
99,151,44735
97,152,44736
92,152,44737
88,152,44738
91,154,44739
86,153,44740
79,151,44741
78,151,44742
70,145,44743
72,148,44744
70,147,44745
64,141,44746
61,137,44747
62,140,44748
57,131,44749
55,128,44750
56,133,44751
52,117,44752
51,115,44753
51,120,44754
50,108,44755
49,109,44756
51,95,44757
49,101,44758
50,93,44759
54,81,44760
51,87,44761
59,71,44762
62,67,44763
57,72,44764
64,63,44765
62,64,44766
75,54,44767
73,54,44768
83,49,44769
76,51,44770
89,46,44771
95,45,44772
95,44,44773
106,44,44774
109,44,44775
108,43,44776
116,45,44777
120,46,44778
125,48,44779
123,46,44780
139,57,44781
146,64,44782
138,54,44783
151,69,44784
152,70,44785
151,67,44786
159,83,44787
160,84,44788
159,79,44789
166,107,44790
166,102,44791
167,106,44792
168,114,44793
167,132,44794
168,129,44795
168,131,44796
165,146,44797
166,144,44798
163,154,44799
154,170,44800
158,166,44801
155,171,44802
146,183,44803
148,182,44804
135,193,44805
138,192,44806
130,198,44807
111,206,44808
123,203,44809
115,206,44810
102,209,44811
100,210,44812
93,211,44813
82,210,44814
83,211,44815
69,208,44816
63,206,44817
58,204,44818
51,201,44819
39,191,44820
38,191,44821
28,181,44822
28,182,44823
23,176,44824
20,172,44825
11,154,44826
12,159,44827
7,145,44828
5,139,44829
4,137,44830
1,121,44831
100,113,44832
102,116,44833
101,121,44834
103,120,44835
100,125,44836
101,126,44837
97,128,44838
99,129,44839
92,129,44840
94,131,44841
91,132,44842
90,132,44843
85,130,44844
83,130,44845
81,128,44846
80,129,44847
78,127,44848
76,126,44849
74,123,44850
72,119,44851
72,121,44852
70,113,44853
70,108,44854
69,112,44855
68,108,44856
68,105,44857
70,96,44858
69,96,44859
68,96,44860
76,83,44861
72,87,44862
72,86,44863
75,81,44864
82,75,44865
78,77,44866
80,75,44867
88,70,44868
87,70,44869
93,68,44870
96,67,44871
97,66,44872
106,66,44873
107,66,44874
110,66,44875
114,67,44876
115,67,44877
116,66,44878
128,75,44879
129,75,44880
128,73,44881
135,82,44882
135,80,44883
137,83,44884
141,90,44885
142,91,44886
144,94,44887
147,106,44888
148,111,44889
148,119,44890
149,114,44891
149,124,44892
149,128,44893
148,134,44894
148,136,44895
142,151,44896
145,147,44897
143,151,44898
136,162,44899
137,162,44900
134,166,44901
129,171,44902
130,171,44903
117,180,44904
119,180,44905
117,181,44906
104,186,44907
99,187,44908
95,188,44909
93,188,44910
84,188,44911
83,188,44912
78,188,44913
67,184,44914
61,181,44915
68,186,44916
47,170,44917
52,176,44918
47,172,44919
45,170,44920
36,159,44921
32,152,44922
31,151,44923
28,146,44924
25,137,44925
22,128,44926
21,123,44927
20,115,44928
19,114,44929
19,103,44930
19,96,44931
22,80,44932
21,82,44933
21,81,44934
32,55,44935
21,76,44936
35,48,44937
37,45,44938
36,45,44939
42,37,44940
53,27,44941
51,28,44942
63,20,44943
66,18,44944
64,18,44945
82,11,44946
94,9,44947
94,8,44948
106,8,44949
103,7,44950
115,8,44951
121,9,44952
137,15,44953
132,12,44954
144,18,44955
153,24,44956
155,25,44957
158,27,44958
93,115,44959
90,114,44960
89,112,44961
87,110,44962
87,107,44963
86,107,44964
86,104,44965
85,103,44966
90,96,44967
86,98,44968
90,94,44969
91,92,44970
94,91,44971
99,89,44972
95,89,44973
99,88,44974
101,87,44975
107,88,44976
107,87,44977
108,87,44978
109,87,44979
116,92,44980
113,88,44981
119,93,44982
120,94,44983
122,96,44984
124,99,44985
127,106,44986
127,102,44987
129,114,44988
129,109,44989
130,115,44990
131,117,44991
129,127,44992
131,124,44993
130,129,44994
128,135,44995
128,137,44996
124,144,44997
125,144,44998
122,148,44999
118,153,45000
117,154,45001
118,155,45002
111,159,45003
108,161,45004
108,162,45005
97,165,45006
94,165,45007
96,166,45008
83,165,45009
88,167,45010
77,164,45011
78,165,45012
74,164,45013
72,163,45014
64,158,45015
60,155,45016
58,154,45017
54,149,45018
52,147,45019
51,146,45020
44,131,45021
46,138,45022
42,128,45023
40,120,45024
39,117,45025
39,105,45026
38,110,45027
38,103,45028
39,92,45029
38,94,45030
41,83,45031
41,81,45032
42,77,45033
48,65,45034
50,62,45035
52,58,45036
55,54,45037
62,47,45038
64,45,45039
67,42,45040
76,37,45041
83,34,45042
76,36,45043
95,31,45044
92,31,45045
99,30,45046
103,29,45047
114,31,45048
116,31,45049
119,31,45050
130,35,45051
135,38,45052
139,40,45053
146,45,45054
152,51,45055
155,53,45056
158,57,45057
164,65,45058
168,72,45059
170,76,45060
174,86,45061
176,93,45062
177,95,45063
179,108,45064
179,126,45065
180,115,45066
180,125,45067
179,135,45068
180,134,45069
174,157,45070
172,163,45071
173,162,45072
166,176,45073
159,186,45074
160,186,45075
156,191,45076
146,201,45077
148,200,45078
140,207,45079
130,213,45080
127,215,45081
115,220,45082
112,221,45083
105,223,45084
99,224,45085
97,109,45086
99,107,45087
102,106,45088
105,107,45089
107,108,45090
108,109,45091
109,111,45092
111,112,45093
111,117,45094
112,117,45095
112,121,45096
112,124,45097
111,127,45098
111,128,45099
111,129,45100
109,133,45101
107,136,45102
106,137,45103
104,139,45104
103,140,45105
100,142,45106
95,143,45107
95,144,45108
93,145,45109
89,145,45110
85,144,45111
81,143,45112
82,144,45113
78,142,45114
74,139,45115
71,137,45116
70,137,45117
68,135,45118
64,129,45119
64,130,45120
62,126,45121
61,124,45122
59,119,45123
58,110,45124
57,111,45125
57,104,45126
57,100,45127
58,94,45128
58,92,45129
59,89,45130
60,85,45131
62,80,45132
64,77,45133
65,74,45134
68,70,45135
70,68,45136
75,63,45137
79,60,45138
78,60,45139
86,56,45140
88,55,45141
90,54,45142
100,53,45143
102,52,45144
102,51,45145
108,52,45146
114,53,45147
118,54,45148
123,56,45149
129,59,45150
133,62,45151
135,63,45152
142,70,45153
141,68,45154
146,75,45155
149,78,45156
152,84,45157
153,86,45158
157,97,45159
158,100,45160
158,97,45161
160,116,45162
161,118,45163
161,121,45164
161,126,45165
160,134,45166
158,144,45167
155,153,45168
154,156,45169
153,159,45170
149,166,45171
147,169,45172
142,176,45173
135,183,45174
137,182,45175
128,189,45176
124,192,45177
116,196,45178
112,198,45179
106,200,45180
95,201,45181
94,202,45182
87,202,45183
84,202,45184
76,201,45185
69,199,45186
63,197,45187
56,194,45188
50,190,45189
50,191,45190
46,188,45191
36,179,45192
33,176,45193
25,165,45194
23,162,45195
19,155,45196
14,143,45197
13,140,45198
10,129,45199
11,136,45200
8,109,45201
7,109,45202
8,92,45203
7,97,45204
9,81,45205
11,73,45206
12,69,45207
16,57,45208
21,47,45209
22,45,45210
29,34,45211
31,31,45212
98,115,45213
98,119,45214
96,121,45215
95,123,45216
91,124,45217
89,124,45218
87,123,45219
88,125,45220
82,118,45221
82,122,45222
80,119,45223
79,119,45224
78,113,45225
77,112,45226
76,109,45227
75,109,45228
75,106,45229
77,98,45230
76,98,45231
76,96,45232
75,97,45233
81,88,45234
80,88,45235
80,86,45236
82,84,45237
85,81,45238
91,78,45239
91,77,45240
91,76,45241
100,75,45242
100,74,45243
103,74,45244
106,74,45245
111,75,45246
111,74,45247
113,75,45248
119,78,45249
120,78,45250
127,85,45251
128,85,45252
127,82,45253
132,90,45254
135,95,45255
134,91,45256
138,102,45257
139,103,45258
139,99,45259
141,116,45260
142,115,45261
142,121,45262
142,124,45263
142,129,45264
139,138,45265
140,138,45266
140,139,45267
135,150,45268
135,151,45269
129,159,45270
123,165,45271
129,161,45272
121,168,45273
125,166,45274
108,175,45275
111,175,45276
100,178,45277
106,178,45278
96,179,45279
91,180,45280
87,180,45281
80,179,45282
78,179,45283
74,178,45284
67,175,45285
63,173,45286
57,169,45287
61,173,45288
49,162,45289
41,151,45290
47,162,45291
37,145,45292
36,144,45293
37,148,45294
30,127,45295
29,125,45296
29,130,45297
27,109,45298
26,110,45299
26,103,45300
26,100,45301
29,82,45302
28,84,45303
31,73,45304
35,64,45305
33,66,45306
40,54,45307
50,42,45308
45,46,45309
48,42,45310
60,32,45311
55,35,45312
69,26,45313
69,25,45314
73,23,45315
92,18,45316
84,18,45317
108,17,45318
103,16,45319
103,15,45320
117,17,45321
121,18,45322
127,19,45323
138,24,45324
143,27,45325
149,31,45326
150,31,45327
167,49,45328
167,48,45329
172,55,45330
175,59,45331
177,63,45332
180,67,45333
186,86,45334
186,82,45335
190,101,45336
191,109,45337
191,127,45338
192,117,45339
94,112,45340
92,109,45341
92,106,45342
92,102,45343
94,100,45344
94,99,45345
98,97,45346
96,96,45347
103,97,45348
102,95,45349
105,95,45350
106,94,45351
111,98,45352
111,97,45353
114,99,45354
116,101,45355
117,102,45356
119,105,45357
119,104,45358
121,109,45359
122,111,45360
122,118,45361
123,119,45362
124,119,45363
124,121,45364
124,123,45365
121,132,45366
122,132,45367
123,132,45368
114,144,45369
117,143,45370
115,145,45371
113,148,45372
108,151,45373
108,152,45374
104,154,45375
102,155,45376
97,157,45377
86,156,45378
93,158,45379
88,158,45380
86,158,45381
79,156,45382
75,155,45383
73,154,45384
72,154,45385
72,155,45386
60,143,45387
61,145,45388
61,147,45389
54,135,45390
53,135,45391
52,133,45392
48,121,45393
48,124,45394
47,121,45395
46,113,45396
45,107,45397
46,99,45398
44,104,45399
46,93,45400
46,91,45401
51,77,45402
50,77,45403
55,69,45404
52,71,45405
59,62,45406
66,55,45407
63,56,45408
68,52,45409
75,47,45410
76,46,45411
85,42,45412
86,41,45413
89,40,45414
95,39,45415
108,39,45416
109,39,45417
109,38,45418
118,40,45419
126,43,45420
126,42,45421
136,48,45422
139,50,45423
134,45,45424
152,64,45425
148,57,45426
153,63,45427
157,68,45428
161,75,45429
165,84,45430
167,88,45431
168,90,45432
171,106,45433
172,109,45434
171,131,45435
173,120,45436
173,124,45437
171,138,45438
171,142,45439
166,157,45440
167,157,45441
164,164,45442
151,183,45443
162,170,45444
150,186,45445
143,193,45446
146,191,45447
137,199,45448
134,201,45449
127,206,45450
114,211,45451
112,212,45452
108,214,45453
100,215,45454
82,215,45455
88,216,45456
78,215,45457
70,214,45458
66,213,45459
59,210,45460
43,201,45461
51,207,45462
36,196,45463
30,191,45464
28,189,45465
23,184,45466
99,111,45467
103,112,45468
104,116,45469
105,114,45470
105,119,45471
106,122,45472
104,125,45473
106,124,45474
102,129,45475
104,129,45476
99,132,45477
102,132,45478
96,135,45479
94,135,45480
91,136,45481
91,137,45482
89,137,45483
83,135,45484
84,136,45485
81,135,45486
79,134,45487
74,129,45488
75,132,45489
72,128,45490
70,124,45491
68,122,45492
67,120,45493
66,115,45494
65,115,45495
65,103,45496
65,100,45497
63,106,45498
64,99,45499
68,88,45500
63,98,45501
67,88,45502
69,83,45503
69,82,45504
75,75,45505
75,74,45506
78,71,45507
82,68,45508
83,67,45509
81,67,45510
92,63,45511
93,62,45512
93,61,45513
105,61,45514
108,61,45515
106,60,45516
114,62,45517
111,60,45518
120,64,45519
123,65,45520
124,65,45521
130,69,45522
135,74,45523
138,77,45524
139,78,45525
143,84,45526
145,87,45527
147,89,45528
151,105,45529
151,101,45530
152,107,45531
153,111,45532
154,117,45533
152,133,45534
154,125,45535
151,140,45536
151,142,45537
152,140,45538
144,158,45539
147,154,45540
146,157,45541
136,170,45542
134,173,45543
130,177,45544
127,180,45545
121,184,45546
117,186,45547
119,186,45548
106,191,45549
100,192,45550
101,193,45551
81,192,45552
82,193,45553
86,194,45554
77,193,45555
69,190,45556
61,187,45557
57,185,45558
58,186,45559
46,177,45560
44,176,45561
38,169,45562
32,161,45563
34,165,45564
27,153,45565
23,145,45566
20,137,45567
20,138,45568
17,127,45569
16,100,45570
15,118,45571
14,106,45572
16,89,45573
14,96,45574
17,79,45575
19,72,45576
17,76,45577
27,53,45578
28,50,45579
30,46,45580
37,37,45581
45,28,45582
44,28,45583
46,26,45584
58,17,45585
64,13,45586
65,12,45587
77,7,45588
83,5,45589
93,3,45590
99,2,45591
103,2,45592
111,2,45593
96,115,45594
93,117,45595
89,117,45596
87,116,45597
86,115,45598
84,113,45599
84,111,45600
82,112,45601
83,104,45602
81,106,45603
82,102,45604
83,99,45605
83,97,45606
84,94,45607
87,91,45608
88,89,45609
88,88,45610
92,86,45611
93,85,45612
95,84,45613
97,83,45614
105,83,45615
102,82,45616
107,82,45617
110,83,45618
111,83,45619
114,84,45620
118,87,45621
117,85,45622
123,91,45623
125,93,45624
127,96,45625
128,97,45626
131,103,45627
130,99,45628
133,108,45629
134,112,45630
134,116,45631
134,122,45632
135,123,45633
134,129,45634
133,134,45635
132,137,45636
133,136,45637
130,143,45638
128,147,45639
128,148,45640
122,155,45641
121,157,45642
120,159,45643
112,164,45644
113,164,45645
110,166,45646
103,169,45647
101,170,45648
96,171,45649
87,171,45650
85,171,45651
83,171,45652
80,171,45653
74,169,45654
69,167,45655
67,166,45656
62,163,45657
58,160,45658
55,157,45659
51,153,45660
48,149,45661
45,145,45662
42,140,45663
39,133,45664
37,127,45665
36,123,45666
35,120,45667
34,113,45668
34,101,45669
34,97,45670
34,95,45671
34,92,45672
37,79,45673
39,73,45674
38,75,45675
42,66,45676
48,56,45677
46,58,45678
54,48,45679
59,43,45680
64,39,45681
65,38,45682
72,33,45683
74,32,45684
84,28,45685
91,26,45686
95,25,45687
101,25,45688
108,25,45689
111,25,45690
114,25,45691
126,28,45692
131,30,45693
137,33,45694
142,36,45695
144,37,45696
157,49,45697
154,45,45698
161,53,45699
167,61,45700
171,68,45701
174,73,45702
176,78,45703
178,83,45704
182,98,45705
183,104,45706
184,111,45707
184,125,45708
184,129,45709
184,133,45710
182,146,45711
179,157,45712
179,158,45713
175,169,45714
169,180,45715
167,184,45716
165,187,45717
158,196,45718
154,201,45719
150,205,45720
95,109,45721
97,105,45722
99,104,45723
100,102,45724
104,103,45725
104,102,45726
107,104,45727
108,102,45728
112,110,45729
111,105,45730
113,109,45731
114,108,45732
115,115,45733
116,116,45734
116,119,45735
116,124,45736
117,122,45737
114,130,45738
115,130,45739
115,132,45740
114,134,45741
108,140,45742
111,139,45743
109,141,45744
104,145,45745
105,145,45746
97,148,45747
98,148,45748
97,149,45749
85,148,45750
89,150,45751
84,149,45752
83,149,45753
76,146,45754
78,148,45755
74,146,45756
69,142,45757
67,140,45758
61,131,45759
63,136,45760
61,134,45761
57,125,45762
56,122,45763
56,125,45764
54,114,45765
53,113,45766
53,107,45767
53,99,45768
53,97,45769
53,95,45770
54,90,45771
53,91,45772
59,77,45773
57,79,45774
59,75,45775
64,68,45776
64,67,45777
73,59,45778
77,56,45779
75,56,45780
81,53,45781
78,53,45782
93,49,45783
93,48,45784
99,47,45785
103,47,45786
104,46,45787
114,48,45788
113,47,45789
123,51,45790
121,49,45791
131,54,45792
136,58,45793
140,61,45794
144,65,45795
142,61,45796
153,78,45797
155,81,45798
153,74,45799
161,96,45800
161,94,45801
161,91,45802
164,110,45803
165,112,45804
165,106,45805
165,125,45806
165,129,45807
164,137,45808
164,139,45809
159,155,45810
158,158,45811
159,157,45812
149,174,45813
153,169,45814
146,179,45815
132,191,45816
135,190,45817
133,192,45818
123,198,45819
118,201,45820
112,203,45821
108,205,45822
103,206,45823
90,207,45824
96,208,45825
76,206,45826
74,206,45827
72,206,45828
61,202,45829
57,200,45830
52,198,45831
43,191,45832
38,187,45833
33,183,45834
29,179,45835
18,161,45836
20,166,45837
15,157,45838
13,153,45839
10,146,45840
6,133,45841
4,119,45842
4,126,45843
3,108,45844
3,95,45845
2,97,45846
5,81,45847
98,113,45848
101,118,45849
99,122,45850
100,122,45851
98,125,45852
96,127,45853
94,127,45854
93,129,45855
88,127,45856
88,129,45857
86,129,45858
85,128,45859
81,125,45860
80,125,45861
77,120,45862
77,122,45863
75,120,45864
74,117,45865
73,116,45866
72,111,45867
71,111,45868
71,104,45869
72,100,45870
70,104,45871
71,98,45872
71,95,45873
77,86,45874
76,86,45875
74,87,45876
82,79,45877
83,77,45878
84,76,45879
83,76,45880
92,72,45881
89,72,45882
95,70,45883
99,69,45884
101,69,45885
112,71,45886
109,69,45887
111,69,45888
114,70,45889
120,73,45890
124,75,45891
127,78,45892
128,78,45893
137,91,45894
127,75,45895
136,87,45896
138,89,45897
141,97,45898
143,100,45899
144,103,45900
145,110,45901
146,111,45902
146,123,45903
147,120,45904
145,132,45905
144,137,45906
147,129,45907
143,143,45908
142,147,45909
137,155,45910
137,157,45911
129,166,45912
135,161,45913
128,168,45914
119,175,45915
119,176,45916
115,178,45917
112,180,45918
103,183,45919
99,184,45920
96,185,45921
91,185,45922
89,186,45923
79,184,45924
70,181,45925
75,184,45926
62,178,45927
60,177,45928
58,177,45929
49,169,45930
47,167,45931
50,172,45932
35,150,45933
35,152,45934
34,151,45935
30,143,45936
27,136,45937
24,122,45938
24,124,45939
23,121,45940
22,111,45941
22,97,45942
25,83,45943
22,93,45944
24,81,45945
28,69,45946
27,70,45947
34,56,45948
33,56,45949
36,51,45950
50,35,45951
38,46,45952
53,31,45953
58,27,45954
58,26,45955
68,20,45956
72,18,45957
81,14,45958
93,12,45959
97,11,45960
103,11,45961
105,10,45962
121,13,45963
126,14,45964
136,18,45965
136,17,45966
143,21,45967
144,21,45968
162,36,45969
159,32,45970
170,44,45971
175,51,45972
177,53,45973
182,62,45974
96,113,45975
90,111,45976
90,109,45977
88,108,45978
89,103,45979
87,105,45980
90,100,45981
88,100,45982
95,95,45983
92,94,45984
95,93,45985
96,91,45986
100,91,45987
101,90,45988
105,91,45989
105,90,45990
107,90,45991
111,92,45992
114,93,45993
116,94,45994
118,96,45995
121,102,45996
119,95,45997
124,106,45998
124,105,45999
125,106,46000
126,117,46001
127,115,46002
128,114,46003
125,130,46004
127,127,46005
128,126,46006
126,133,46007
123,139,46008
126,136,46009
123,142,46010
119,147,46011
117,150,46012
112,154,46013
112,155,46014
109,157,46015
107,158,46016
102,160,46017
106,160,46018
96,162,46019
94,163,46020
94,164,46021
83,162,46022
81,162,46023
80,163,46024
71,158,46025
74,161,46026
65,155,46027
61,152,46028
60,151,46029
58,150,46030
52,141,46031
51,140,46032
48,135,46033
46,130,46034
44,125,46035
43,124,46036
42,112,46037
41,113,46038
42,96,46039
40,105,46040
41,96,46041
44,84,46042
42,87,46043
45,79,46044
48,71,46045
47,72,46046
52,64,46047
54,60,46048
55,58,46049
67,47,46050
71,44,46051
72,43,46052
74,41,46053
84,37,46054
87,36,46055
84,36,46056
101,34,46057
101,33,46058
99,32,46059
122,37,46060
119,35,46061
118,34,46062
131,39,46063
137,43,46064
138,43,46065
145,48,46066
148,50,46067
156,60,46068
157,60,46069
164,71,46070
169,83,46071
166,73,46072
172,90,46073
174,96,46074
175,101,46075
176,105,46076
177,113,46077
175,136,46078
178,119,46079
176,139,46080
172,153,46081
175,147,46082
170,161,46083
166,169,46084
171,161,46085
157,184,46086
154,188,46087
154,189,46088
142,201,46089
131,208,46090
133,208,46091
130,210,46092
119,215,46093
111,218,46094
109,219,46095
101,220,46096
96,221,46097
83,221,46098
76,220,46099
70,219,46100
68,219,46101
97,111,46102
101,108,46103
104,109,46104
106,110,46105
107,113,46106
108,113,46107
109,117,46108
110,118,46109
109,122,46110
110,123,46111
108,128,46112
109,127,46113
106,132,46114
106,133,46115
104,135,46116
103,136,46117
100,138,46118
98,139,46119
96,140,46120
94,141,46121
92,142,46122
87,141,46123
87,142,46124
83,141,46125
79,139,46126
77,138,46127
74,136,46128
72,134,46129
71,134,46130
67,127,46131
67,129,46132
64,123,46133
63,122,46134
62,118,46135
61,116,46136
60,111,46137
60,103,46138
59,104,46139
61,94,46140
60,96,46141
63,87,46142
62,87,46143
66,80,46144
64,81,46145
69,74,46146
71,72,46147
72,70,46148
75,67,46149
80,63,46150
81,62,46151
85,60,46152
86,59,46153
92,57,46154
95,56,46155
100,55,46156
104,55,46157
112,56,46158
116,57,46159
117,57,46160
123,59,46161
125,60,46162
130,63,46163
135,67,46164
137,69,46165
140,72,46166
144,77,46167
149,85,46168
150,86,46169
152,91,46170
155,100,46171
156,102,46172
157,108,46173
158,114,46174
158,120,46175
159,120,46176
157,133,46177
156,139,46178
155,144,46179
154,148,46180
151,156,46181
149,160,46182
149,161,46183
141,172,46184
139,175,46185
133,181,46186
132,182,46187
127,186,46188
117,192,46189
115,193,46190
111,195,46191
104,197,46192
99,198,46193
94,199,46194
88,199,46195
80,198,46196
71,196,46197
67,195,46198
61,193,46199
59,192,46200
51,187,46201
45,183,46202
37,175,46203
38,177,46204
29,165,46205
29,166,46206
22,154,46207
22,155,46208
16,140,46209
15,138,46210
13,130,46211
11,120,46212
10,111,46213
10,101,46214
10,95,46215
11,89,46216
15,71,46217
13,76,46218
17,63,46219
20,56,46220
22,51,46221
26,44,46222
29,39,46223
36,30,46224
41,24,46225
48,18,46226
53,14,46227
57,11,46228
97,116,46229
96,119,46230
93,120,46231
91,121,46232
88,121,46233
87,121,46234
84,118,46235
84,120,46236
81,113,46237
80,115,46238
79,112,46239
79,109,46240
78,107,46241
78,103,46242
78,102,46243
78,99,46244
78,98,46245
82,91,46246
80,92,46247
82,89,46248
84,87,46249
89,83,46250
87,83,46251
88,82,46252
94,79,46253
95,78,46254
101,78,46255
103,77,46256
100,76,46257
111,79,46258
111,78,46259
114,79,46260
115,79,46261
120,82,46262
122,83,46263
124,84,46264
128,89,46265
130,92,46266
134,101,46267
134,98,46268
134,97,46269
137,108,46270
138,111,46271
138,107,46272
139,117,46273
139,124,46274
139,127,46275
138,132,46276
137,137,46277
137,138,46278
136,141,46279
134,146,46280
131,151,46281
132,151,46282
127,158,46283
119,165,46284
123,163,46285
115,168,46286
110,171,46287
112,171,46288
104,174,46289
107,174,46290
93,176,46291
93,177,46292
82,176,46293
78,175,46294
79,176,46295
73,174,46296
67,172,46297
61,168,46298
61,169,46299
55,164,46300
52,161,46301
46,154,46302
42,149,46303
43,152,46304
36,136,46305
33,127,46306
35,138,46307
31,119,46308
30,116,46309
30,122,46310
29,106,46311
29,102,46312
29,95,46313
31,86,46314
30,87,46315
35,71,46316
37,66,46317
40,60,46318
41,58,46319
46,50,46320
50,45,46321
51,43,46322
59,36,46323
71,29,46324
73,27,46325
66,30,46326
80,24,46327
85,22,46328
96,20,46329
98,19,46330
103,19,46331
113,20,46332
114,19,46333
129,24,46334
132,25,46335
133,25,46336
142,30,46337
147,33,46338
156,41,46339
158,42,46340
169,56,46341
168,54,46342
170,56,46343
180,78,46344
182,81,46345
184,87,46346
186,96,46347
187,99,46348
188,103,46349
189,119,46350
189,123,46351
189,129,46352
187,144,46353
184,156,46354
185,155,46355
93,109,46356
94,105,46357
95,103,46358
95,102,46359
99,100,46360
97,99,46361
102,98,46362
101,97,46363
107,100,46364
107,98,46365
110,100,46366
110,98,46367
114,104,46368
115,104,46369
116,106,46370
118,109,46371
119,110,46372
119,117,46373
120,117,46374
121,117,46375
121,122,46376
119,129,46377
119,130,46378
120,130,46379
119,133,46380
119,134,46381
112,143,46382
113,143,46383
115,142,46384
104,149,46385
105,150,46386
104,151,46387
103,152,46388
94,153,46389
97,154,46390
92,155,46391
89,155,46392
87,155,46393
77,151,46394
80,154,46395
75,152,46396
72,150,46397
68,147,46398
66,146,46399
63,143,46400
61,141,46401
62,144,46402
54,128,46403
54,130,46404
52,127,46405
50,116,46406
49,117,46407
49,105,46408
48,109,46409
48,100,46410
49,95,46411
48,94,46412
52,82,46413
54,78,46414
51,81,46415
56,72,46416
55,72,46417
65,60,46418
62,62,46419
73,53,46420
68,55,46421
78,49,46422
82,47,46423
80,47,46424
89,44,46425
91,43,46426
96,42,46427
108,42,46428
110,42,46429
113,42,46430
116,42,46431
127,47,46432
132,50,46433
126,45,46434
140,55,46435
143,57,46436
142,55,46437
151,66,46438
155,71,46439
153,66,46440
162,86,46441
163,87,46442
165,90,46443
167,99,46444
168,101,46445
169,111,46446
170,115,46447
169,132,46448
170,128,46449
169,137,46450
163,155,46451
167,147,46452
163,159,46453
155,173,46454
158,170,46455
148,183,46456
153,178,46457
146,187,46458
131,198,46459
143,191,46460
130,200,46461
123,204,46462
115,208,46463
112,209,46464
105,211,46465
100,212,46466
82,212,46467
79,212,46468
74,211,46469
75,212,46470
59,206,46471
55,205,46472
44,198,46473
43,198,46474
38,194,46475
30,187,46476
23,178,46477
25,182,46478
15,167,46479
11,159,46480
9,156,46481
4,142,46482
99,112,46483
103,115,46484
103,119,46485
104,119,46486
103,122,46487
104,123,46488
100,127,46489
102,128,46490
96,130,46491
98,131,46492
95,132,46493
94,133,46494
90,133,46495
88,133,46496
84,132,46497
84,133,46498
82,132,46499
80,131,46500
78,130,46501
74,125,46502
73,125,46503
71,119,46504
71,123,46505
69,117,46506
68,114,46507
67,112,46508
68,100,46509
66,106,46510
66,105,46511
71,90,46512
68,94,46513
68,91,46514
69,89,46515
75,80,46516
70,85,46517
76,77,46518
79,74,46519
81,72,46520
87,69,46521
90,67,46522
91,66,46523
95,65,46524
98,64,46525
101,64,46526
107,64,46527
104,63,46528
108,63,46529
120,68,46530
121,68,46531
119,66,46532
129,73,46533
126,69,46534
134,77,46535
135,78,46536
139,83,46537
139,82,46538
145,95,46539
146,96,46540
148,102,46541
149,105,46542
150,110,46543
150,105,46544
151,120,46545
151,123,46546
149,135,46547
151,131,46548
149,139,46549
145,149,46550
144,153,46551
142,157,46552
138,163,46553
139,163,46554
128,174,46555
128,175,46556
131,173,46557
118,182,46558
114,184,46559
107,187,46560
110,187,46561
99,189,46562
95,190,46563
95,191,46564
85,190,46565
81,190,46566
80,191,46567
66,186,46568
56,179,46569
61,184,46570
56,181,46571
46,173,46572
44,171,46573
37,163,46574
36,163,46575
31,154,46576
29,151,46577
24,140,46578
22,133,46579
22,136,46580
19,123,46581
18,115,46582
18,99,46583
17,102,46584
17,98,46585
22,76,46586
16,98,46587
23,69,46588
27,59,46589
24,64,46590
28,55,46591
37,42,46592
32,47,46593
47,30,46594
51,26,46595
54,23,46596
63,17,46597
78,11,46598
68,14,46599
78,10,46600
89,7,46601
95,6,46602
98,5,46603
117,7,46604
109,5,46605
125,8,46606
133,11,46607
139,13,46608
142,14,46609
95,115,46610
90,115,46611
88,113,46612
88,114,46613
86,110,46614
85,110,46615
85,105,46616
84,106,46617
87,99,46618
84,100,46619
87,96,46620
87,95,46621
90,92,46622
91,90,46623
95,88,46624
95,87,46625
97,86,46626
101,86,46627
101,85,46628
103,85,46629
104,84,46630
111,87,46631
111,86,46632
115,88,46633
118,90,46634
119,91,46635
123,95,46636
124,97,46637
125,96,46638
128,105,46639
128,101,46640
130,109,46641
131,111,46642
131,121,46643
132,115,46644
133,118,46645
131,128,46646
132,127,46647
128,139,46648
131,134,46649
127,142,46650
127,144,46651
122,150,46652
126,147,46653
119,155,46654
118,156,46655
114,160,46656
105,164,46657
107,164,46658
103,166,46659
96,167,46660
97,168,46661
89,168,46662
89,169,46663
88,169,46664
82,168,46665
71,164,46666
67,162,46667
66,162,46668
63,160,46669
60,158,46670
57,155,46671
51,148,46672
50,147,46673
45,139,46674
43,135,46675
41,130,46676
40,128,46677
38,119,46678
37,115,46679
37,107,46680
36,109,46681
37,97,46682
37,92,46683
37,89,46684
40,80,46685
44,70,46686
41,75,46687
47,63,46688
49,59,46689
53,54,46690
54,52,46691
64,43,46692
62,44,46693
68,39,46694
78,34,46695
77,34,46696
85,31,46697
92,29,46698
97,28,46699
103,28,46700
105,27,46701
111,28,46702
117,29,46703
124,31,46704
137,37,46705
143,41,46706
139,37,46707
148,44,46708
154,50,46709
158,54,46710
162,59,46711
166,65,46712
172,77,46713
173,78,46714
175,84,46715
176,85,46716
180,103,46717
180,101,46718
181,118,46719
182,115,46720
180,139,46721
180,141,46722
180,144,46723
175,160,46724
171,169,46725
173,166,46726
170,173,46727
161,187,46728
160,189,46729
156,194,46730
147,203,46731
144,206,46732
134,213,46733
131,215,46734
123,219,46735
119,221,46736
96,110,46737
99,106,46738
102,105,46739
104,105,46740
106,106,46741
107,106,46742
109,109,46743
110,107,46744
112,114,46745
113,113,46746
113,118,46747
114,118,46748
114,121,46749
114,123,46750
113,127,46751
113,128,46752
111,132,46753
110,134,46754
109,136,46755
107,139,46756
105,141,46757
100,143,46758
100,144,46759
98,145,46760
96,146,46761
93,146,46762
88,146,46763
89,147,46764
86,147,46765
78,143,46766
75,142,46767
75,143,46768
73,142,46769
67,135,46770
68,138,46771
65,134,46772
63,131,46773
61,128,46774
58,117,46775
58,121,46776
57,119,46777
56,112,46778
56,105,46779
55,103,46780
55,101,46781
55,99,46782
57,89,46783
58,86,46784
59,83,46785
63,75,46786
63,74,46787
65,71,46788
70,66,46789
68,66,46790
73,62,46791
80,57,46792
81,56,46793
88,53,46794
93,52,46795
93,51,46796
98,50,46797
103,50,46798
106,50,46799
111,50,46800
118,52,46801
123,54,46802
126,55,46803
131,58,46804
132,58,46805
143,69,46806
140,64,46807
144,69,46808
150,77,46809
152,81,46810
154,84,46811
155,84,46812
159,99,46813
161,107,46814
161,100,46815
162,115,46816
163,118,46817
163,122,46818
162,132,46819
161,138,46820
161,141,46821
156,155,46822
154,160,46823
152,164,46824
147,172,46825
148,171,46826
141,180,46827
140,182,46828
131,189,46829
129,191,46830
123,195,46831
105,201,46832
109,201,46833
111,201,46834
99,203,46835
94,204,46836
87,204,46837
83,204,46838
75,203,46839
66,200,46840
69,202,46841
56,196,46842
49,192,46843
47,191,46844
35,180,46845
34,180,46846
28,172,46847
26,170,46848
21,162,46849
15,150,46850
16,154,46851
9,128,46852
8,128,46853
7,125,46854
6,113,46855
5,109,46856
6,92,46857
6,91,46858
8,78,46859
10,70,46860
10,69,46861
15,56,46862
17,50,46863
99,117,46864
99,119,46865
97,121,46866
97,123,46867
94,124,46868
92,126,46869
89,125,46870
88,126,46871
84,122,46872
84,125,46873
83,124,46874
81,124,46875
78,118,46876
77,117,46877
76,113,46878
75,113,46879
74,111,46880
74,105,46881
74,102,46882
73,104,46883
73,101,46884
76,93,46885
77,91,46886
75,92,46887
77,88,46888
78,86,46889
84,81,46890
84,80,46891
85,78,46892
94,75,46893
94,74,46894
96,73,46895
100,73,46896
103,72,46897
102,71,46898
104,71,46899
112,73,46900
114,73,46901
122,79,46902
121,77,46903
123,77,46904
129,84,46905
129,83,46906
132,86,46907
136,93,46908
137,94,46909
136,89,46910
141,108,46911
141,104,46912
142,104,46913
143,115,46914
144,115,46915
143,126,46916
144,125,46917
143,133,46918
141,139,46919
142,138,46920
136,151,46921
132,157,46922
138,150,46923
131,160,46924
133,159,46925
120,170,46926
122,170,46927
111,176,46928
118,174,46929
105,179,46930
100,180,46931
99,181,46932
94,182,46933
89,182,46934
84,182,46935
79,181,46936
72,179,46937
69,178,46938
69,179,46939
57,171,46940
51,166,46941
57,173,46942
45,160,46943
42,157,46944
44,161,46945
34,143,46946
34,144,46947
35,149,46948
28,125,46949
27,126,46950
26,121,46951
25,113,46952
25,104,46953
24,103,46954
25,92,46955
27,82,46956
26,83,46957
30,71,46958
38,56,46959
36,57,46960
38,53,46961
46,43,46962
41,48,46963
57,32,46964
51,36,46965
57,31,46966
76,21,46967
62,26,46968
75,20,46969
89,16,46970
86,16,46971
98,14,46972
113,15,46973
104,13,46974
117,15,46975
122,16,46976
131,19,46977
135,20,46978
151,31,46979
152,31,46980
162,40,46981
162,39,46982
167,45,46983
167,44,46984
181,68,46985
179,62,46986
183,71,46987
187,82,46988
188,82,46989
191,97,46990
92,112,46991
91,109,46992
91,105,46993
90,105,46994
92,101,46995
91,100,46996
94,98,46997
93,96,46998
101,95,46999
98,94,47000
101,93,47001
102,92,47002
107,94,47003
109,94,47004
112,96,47005
113,96,47006
114,97,47007
116,98,47008
118,100,47009
120,103,47010
121,104,47011
123,112,47012
123,106,47013
124,113,47014
125,116,47015
125,120,47016
124,126,47017
125,127,47018
126,125,47019
119,139,47020
122,137,47021
120,141,47022
118,144,47023
114,148,47024
117,147,47025
113,150,47026
109,153,47027
106,155,47028
101,157,47029
100,158,47030
96,159,47031
93,160,47032
86,159,47033
87,160,47034
81,159,47035
80,159,47036
80,160,47037
67,152,47038
65,151,47039
70,156,47040
60,146,47041
60,148,47042
55,141,47043
52,136,47044
50,133,47045
50,134,47046
47,124,47047
45,115,47048
45,106,47049
44,113,47050
43,107,47051
43,103,47052
45,91,47053
44,93,47054
49,78,47055
46,83,47056
50,73,47057
56,64,47058
53,67,47059
58,60,47060
66,52,47061
65,52,47062
69,49,47063
71,47,47064
75,44,47065
82,41,47066
93,38,47067
96,37,47068
91,37,47069
103,36,47070
112,37,47071
109,36,47072
121,39,47073
127,41,47074
120,37,47075
144,53,47076
140,48,47077
144,51,47078
147,53,47079
155,63,47080
158,67,47081
162,73,47082
164,76,47083
169,90,47084
169,88,47085
171,96,47086
173,108,47087
174,109,47088
174,123,47089
175,119,47090
173,136,47091
173,140,47092
173,141,47093
164,165,47094
172,149,47095
162,171,47096
159,176,47097
159,177,47098
156,182,47099
147,192,47100
145,195,47101
134,203,47102
124,209,47103
128,208,47104
116,213,47105
102,216,47106
106,216,47107
85,217,47108
91,218,47109
83,218,47110
77,217,47111
62,213,47112
65,215,47113
54,210,47114
45,205,47115
42,203,47116
38,201,47117
100,110,47118
102,110,47119
104,113,47120
106,114,47121
106,117,47122
108,118,47123
107,121,47124
108,122,47125
105,127,47126
107,127,47127
103,131,47128
104,132,47129
98,135,47130
99,135,47131
96,137,47132
95,137,47133
93,138,47134
89,138,47135
89,139,47136
87,139,47137
83,138,47138
78,134,47139
77,135,47140
76,134,47141
72,130,47142
71,129,47143
68,125,47144
67,123,47145
66,122,47146
64,112,47147
64,116,47148
63,112,47149
62,110,47150
64,98,47151
61,106,47152
63,95,47153
65,89,47154
64,89,47155
68,82,47156
68,81,47157
70,78,47158
73,74,47159
78,69,47160
73,72,47161
83,65,47162
84,64,47163
83,64,47164
95,60,47165
93,60,47166
97,59,47167
106,59,47168
106,58,47169
110,59,47170
116,60,47171
117,60,47172
120,61,47173
125,64,47174
131,68,47175
133,69,47176
136,72,47177
138,74,47178
141,77,47179
147,88,47180
148,88,47181
150,94,47182
152,100,47183
153,103,47184
154,107,47185
155,114,47186
155,123,47187
155,128,47188
156,124,47189
152,143,47190
152,145,47191
153,143,47192
147,157,47193
144,162,47194
144,163,47195
140,169,47196
136,174,47197
133,177,47198
134,177,47199
121,186,47200
116,189,47201
115,190,47202
104,193,47203
104,194,47204
96,195,47205
92,196,47206
82,195,47207
76,194,47208
73,194,47209
70,193,47210
61,189,47211
55,186,47212
48,181,47213
43,177,47214
43,178,47215
36,170,47216
31,163,47217
27,157,47218
24,152,47219
23,150,47220
17,133,47221
17,135,47222
14,118,47223
14,122,47224
13,113,47225
13,98,47226
13,96,47227
13,89,47228
18,70,47229
19,66,47230
18,67,47231
23,56,47232
33,40,47233
30,43,47234
34,37,47235
42,28,47236
47,23,47237
50,20,47238
57,15,47239
67,9,47240
74,6,47241
79,4,47242
86,2,47243
92,1,47244
95,118,47245
94,118,47246
91,119,47247
88,118,47248
87,118,47249
85,117,47250
84,114,47251
82,114,47252
82,107,47253
80,110,47254
81,103,47255
81,101,47256
81,99,47257
82,96,47258
84,93,47259
83,93,47260
84,91,47261
87,88,47262
87,87,47263
91,84,47264
92,83,47265
98,82,47266
96,81,47267
99,80,47268
103,80,47269
106,80,47270
109,81,47271
111,81,47272
111,80,47273
118,85,47274
120,86,47275
125,91,47276
124,88,47277
126,91,47278
130,97,47279
131,98,47280
133,103,47281
134,105,47282
135,114,47283
136,112,47284
136,119,47285
136,125,47286
136,126,47287
137,124,47288
134,137,47289
135,135,47290
134,139,47291
129,148,47292
130,148,47293
128,152,47294
123,157,47295
121,160,47296
116,164,47297
115,165,47298
112,167,47299
106,170,47300
107,170,47301
94,172,47302
93,173,47303
93,174,47304
83,173,47305
78,172,47306
76,172,47307
71,170,47308
65,167,47309
61,164,47310
60,164,47311
55,160,47312
52,157,47313
48,152,47314
46,150,47315
43,145,47316
39,137,47317
38,135,47318
35,126,47319
35,129,47320
33,114,47321
32,108,47322
32,105,47323
32,96,47324
33,89,47325
33,88,47326
34,83,47327
38,71,47328
37,72,47329
41,64,47330
47,54,47331
49,51,47332
54,45,47333
57,42,47334
63,37,47335
67,34,47336
70,32,47337
78,28,47338
82,26,47339
96,24,47340
97,23,47341
97,22,47342
111,23,47343
114,23,47344
122,25,47345
126,26,47346
134,29,47347
139,32,47348
142,33,47349
152,41,47350
158,47,47351
161,50,47352
167,58,47353
166,56,47354
171,64,47355
176,74,47356
179,81,47357
183,95,47358
185,113,47359
183,91,47360
186,112,47361
186,121,47362
187,122,47363
185,139,47364
184,145,47365
182,153,47366
178,166,47367
176,170,47368
174,175,47369
171,181,47370
166,189,47371
96,112,47372
95,107,47373
98,103,47374
97,102,47375
101,102,47376
102,100,47377
106,102,47378
106,100,47379
111,106,47380
110,103,47381
113,106,47382
113,104,47383
115,111,47384
116,112,47385
117,114,47386
118,116,47387
118,119,47388
117,125,47389
118,124,47390
118,127,47391
118,128,47392
112,137,47393
115,135,47394
113,139,47395
112,140,47396
110,143,47397
103,147,47398
103,148,47399
102,149,47400
94,150,47401
95,151,47402
92,151,47403
86,151,47404
83,150,47405
84,152,47406
79,150,47407
75,148,47408
74,148,47409
65,139,47410
68,144,47411
66,143,47412
61,136,47413
59,132,47414
60,136,47415
55,124,47416
54,123,47417
55,129,47418
52,112,47419
51,110,47420
51,105,47421
51,100,47422
50,104,47423
54,86,47424
52,90,47425
52,88,47426
57,77,47427
55,79,47428
62,68,47429
68,62,47430
63,65,47431
68,60,47432
69,58,47433
82,51,47434
80,51,47435
92,47,47436
84,48,47437
95,46,47438
101,45,47439
100,44,47440
108,45,47441
116,46,47442
114,45,47443
124,49,47444
127,50,47445
134,54,47446
131,51,47447
145,64,47448
151,72,47449
144,60,47450
155,77,47451
156,79,47452
157,78,47453
163,97,47454
163,94,47455
162,88,47456
166,114,47457
167,114,47458
167,120,47459
167,128,47460
165,140,47461
166,137,47462
164,147,47463
160,157,47464
162,154,47465
158,163,47466
147,179,47467
149,178,47468
146,182,47469
135,192,47470
141,188,47471
128,197,47472
130,197,47473
121,202,47474
107,206,47475
113,206,47476
104,208,47477
92,209,47478
91,210,47479
79,209,47480
71,207,47481
68,207,47482
59,203,47483
53,200,47484
49,198,47485
45,196,47486
29,180,47487
30,182,47488
25,176,47489
23,174,47490
17,165,47491
13,158,47492
8,144,47493
10,152,47494
3,125,47495
2,119,47496
2,122,47497
1,111,47498
99,113,47499
101,115,47500
101,119,47501
102,121,47502
100,124,47503
100,126,47504
96,128,47505
97,129,47506
90,129,47507
92,131,47508
89,131,47509
87,131,47510
83,128,47511
83,129,47512
79,126,47513
78,126,47514
77,125,47515
75,122,47516
73,120,47517
72,116,47518
71,116,47519
70,110,47520
70,105,47521
69,108,47522
69,103,47523
69,101,47524
73,90,47525
71,92,47526
70,92,47527
78,82,47528
75,83,47529
77,81,47530
77,80,47531
86,73,47532
84,73,47533
86,72,47534
93,69,47535
94,68,47536
104,68,47537
100,67,47538
102,66,47539
109,67,47540
112,68,47541
116,69,47542
120,71,47543
120,70,47544
120,69,47545
131,79,47546
134,82,47547
138,88,47548
133,79,47549
138,86,47550
141,91,47551
144,99,47552
144,98,47553
145,99,47554
147,111,47555
148,116,47556
147,127,47557
149,119,47558
148,128,47559
147,135,47560
145,142,47561
144,146,47562
137,158,47563
142,152,47564
137,160,47565
130,168,47566
131,168,47567
128,171,47568
120,177,47569
121,177,47570
113,181,47571
113,182,47572
108,184,47573
100,186,47574
92,187,47575
82,186,47576
89,188,47577
78,186,47578
74,185,47579
71,185,47580
63,181,47581
58,178,47582
60,181,47583
43,164,47584
44,167,47585
42,165,47586
37,159,47587
32,151,47588
27,139,47589
28,143,47590
26,138,47591
23,127,47592
21,117,47593
21,102,47594
20,108,47595
20,99,47596
22,85,47597
21,87,47598
24,76,47599
24,74,47600
25,70,47601
38,47,47602
26,64,47603
42,40,47604
46,36,47605
45,36,47606
52,29,47607
57,25,47608
62,21,47609
73,16,47610
77,14,47611
80,12,47612
91,10,47613
103,9,47614
109,9,47615
116,10,47616
114,9,47617
124,11,47618
133,14,47619
144,20,47620
146,20,47621
150,23,47622
161,32,47623
164,34,47624
166,36,47625
92,114,47626
90,113,47627
89,110,47628
88,111,47629
88,104,47630
86,105,47631
89,100,47632
86,102,47633
92,95,47634
88,97,47635
92,93,47636
91,93,47637
97,90,47638
97,89,47639
101,89,47640
102,88,47641
105,88,47642
110,90,47643
110,89,47644
111,89,47645
113,90,47646
119,96,47647
116,91,47648
121,97,47649
123,100,47650
123,99,47651
126,104,47652
127,109,47653
128,108,47654
128,121,47655
129,119,47656
130,119,47657
130,122,47658
127,132,47659
130,127,47660
127,136,47661
125,140,47662
123,144,47663
120,148,47664
121,148,47665
118,152,47666
114,155,47667
112,157,47668
114,157,47669
105,161,47670
101,163,47671
103,163,47672
90,164,47673
89,165,47674
91,166,47675
82,164,47676
81,165,47677
72,161,47678
71,161,47679
70,161,47680
65,158,47681
59,152,47682
57,151,47683
55,149,47684
50,142,47685
49,140,47686
47,138,47687
42,121,47688
42,125,47689
41,120,47690
40,115,47691
39,111,47692
40,98,47693
38,104,47694
41,88,47695
41,87,47696
41,84,47697
46,72,47698
44,75,47699
46,70,47700
54,58,47701
58,53,47702
58,52,47703
60,50,47704
70,42,47705
73,40,47706
70,41,47707
81,36,47708
90,33,47709
90,32,47710
105,32,47711
105,31,47712
109,31,47713
112,31,47714
125,35,47715
126,35,47716
131,37,47717
132,37,47718
145,46,47719
147,47,47720
151,51,47721
159,61,47722
159,59,47723
166,71,47724
168,74,47725
172,84,47726
173,86,47727
175,93,47728
177,103,47729
178,106,47730
179,116,47731
178,130,47732
180,122,47733
178,137,47734
175,151,47735
178,142,47736
167,171,47737
168,170,47738
164,178,47739
159,185,47740
150,195,47741
152,194,47742
144,202,47743
134,209,47744
135,209,47745
129,213,47746
119,217,47747
111,220,47748
107,221,47749
97,223,47750
87,223,47751
88,224,47752
97,110,47753
101,107,47754
102,107,47755
105,108,47756
107,109,47757
109,112,47758
110,114,47759
111,114,47760
111,119,47761
112,119,47762
111,123,47763
111,125,47764
110,128,47765
109,131,47766
108,133,47767
106,135,47768
105,137,47769
102,139,47770
101,140,47771
99,141,47772
97,142,47773
92,143,47774
92,144,47775
89,144,47776
85,143,47777
84,143,47778
81,142,47779
78,141,47780
75,139,47781
71,136,47782
70,135,47783
68,133,47784
65,129,47785
64,127,47786
62,124,47787
60,118,47788
59,114,47789
59,115,47790
58,106,47791
58,102,47792
58,101,47793
58,98,47794
59,93,47795
60,88,47796
62,83,47797
63,80,47798
66,75,47799
68,72,47800
69,70,47801
73,66,47802
74,65,47803
78,62,47804
84,58,47805
86,57,47806
91,55,47807
95,54,47808
98,53,47809
104,53,47810
106,53,47811
109,53,47812
114,54,47813
118,55,47814
125,58,47815
127,59,47816
133,63,47817
138,67,47818
139,68,47819
145,75,47820
146,76,47821
149,81,47822
152,86,47823
154,91,47824
157,100,47825
158,104,47826
159,109,47827
160,113,47828
160,122,47829
160,123,47830
159,134,47831
158,140,47832
157,144,47833
156,148,47834
151,160,47835
150,162,47836
146,169,47837
143,173,47838
138,179,47839
136,181,47840
129,187,47841
125,190,47842
118,194,47843
116,195,47844
108,198,47845
105,199,47846
100,200,47847
89,201,47848
87,201,47849
77,200,47850
69,198,47851
66,197,47852
61,195,47853
55,192,47854
50,189,47855
41,182,47856
41,183,47857
34,175,47858
29,169,47859
26,165,47860
23,160,47861
17,148,47862
14,140,47863
13,137,47864
10,124,47865
9,118,47866
9,122,47867
8,103,47868
8,100,47869
9,89,47870
11,77,47871
13,70,47872
17,58,47873
19,54,47874
24,44,47875
29,36,47876
32,32,47877
37,26,47878
45,18,47879
98,116,47880
97,120,47881
95,121,47882
93,123,47883
91,123,47884
88,123,47885
86,121,47886
85,123,47887
82,116,47888
81,119,47889
80,117,47890
79,117,47891
78,111,47892
77,110,47893
77,106,47894
76,105,47895
76,101,47896
78,97,47897
78,94,47898
77,95,47899
79,91,47900
84,86,47901
83,85,47902
83,84,47903
87,81,47904
86,81,47905
93,78,47906
94,77,47907
94,76,47908
104,76,47909
105,75,47910
106,75,47911
111,76,47912
114,77,47913
115,77,47914
118,78,47915
123,82,47916
124,82,47917
129,89,47918
131,90,47919
129,86,47920
135,97,47921
136,99,47922
136,96,47923
139,110,47924
140,111,47925
140,106,47926
140,126,47927
141,121,47928
140,131,47929
140,132,47930
140,135,47931
136,144,47932
137,144,47933
136,147,47934
131,155,47935
131,156,47936
123,164,47937
119,167,47938
121,167,47939
113,172,47940
118,170,47941
102,176,47942
105,176,47943
95,178,47944
91,178,47945
91,179,47946
82,178,47947
79,178,47948
73,176,47949
69,175,47950
65,173,47951
60,170,47952
55,166,47953
48,159,47954
53,166,47955
43,153,47956
39,146,47957
44,157,47958
34,136,47959
32,132,47960
34,140,47961
29,117,47962
28,114,47963
28,121,47964
28,98,47965
27,103,47966
29,87,47967
29,85,47968
33,72,47969
32,73,47970
33,70,47971
38,60,47972
37,60,47973
43,51,47974
59,35,47975
52,40,47976
57,35,47977
66,29,47978
70,26,47979
80,22,47980
78,22,47981
84,20,47982
100,18,47983
94,17,47984
111,18,47985
115,18,47986
114,17,47987
130,22,47988
134,24,47989
134,23,47990
147,31,47991
153,36,47992
161,43,47993
161,42,47994
172,58,47995
174,60,47996
176,64,47997
180,71,47998
184,81,47999
183,77,48000
189,104,48001
189,98,48002
190,110,48003
191,119,48004
190,132,48005
191,130,48006
93,110,48007
92,107,48008
93,105,48009
93,102,48010
96,100,48011
95,99,48012
98,98,48013
98,96,48014
106,98,48015
105,96,48016
108,97,48017
106,95,48018
112,100,48019
113,99,48020
115,102,48021
117,104,48022
118,105,48023
119,108,48024
120,108,48025
121,112,48026
122,114,48027
122,121,48028
122,122,48029
123,121,48030
122,128,48031
122,130,48032
118,137,48033
119,137,48034
120,137,48035
111,146,48036
114,145,48037
112,147,48038
110,149,48039
102,153,48040
102,154,48041
99,155,48042
96,156,48043
92,156,48044
84,155,48045
86,157,48046
82,156,48047
81,156,48048
74,153,48049
72,152,48050
68,150,48051
67,150,48052
66,150,48053
57,137,48054
58,140,48055
57,140,48056
51,126,48057
51,128,48058
49,123,48059
48,117,48060
47,115,48061
47,102,48062
46,108,48063
47,97,48064
49,87,48065
46,95,48066
49,84,48067
49,83,48068
57,68,48069
53,73,48070
62,61,48071
55,68,48072
64,57,48073
71,52,48074
68,53,48075
76,48,48076
83,44,48077
85,43,48078
93,41,48079
95,40,48080
99,40,48081
102,39,48082
115,41,48083
118,42,48084
115,40,48085
126,44,48086
130,46,48087
130,45,48088
142,54,48089
145,56,48090
142,52,48091
159,76,48092
156,69,48093
160,75,48094
162,79,48095
164,83,48096
168,97,48097
169,99,48098
170,101,48099
171,114,48100
172,116,48101
169,139,48102
171,134,48103
170,141,48104
167,151,48105
166,156,48106
161,166,48107
163,164,48108
158,173,48109
144,189,48110
156,178,48111
143,192,48112
138,196,48113
138,197,48114
126,205,48115
122,207,48116
118,209,48117
102,213,48118
99,214,48119
85,214,48120
91,215,48121
75,213,48122
69,212,48123
63,210,48124
64,211,48125
51,205,48126
49,204,48127
36,194,48128
37,196,48129
27,186,48130
21,179,48131
20,178,48132
15,171,48133
97,112,48134
103,113,48135
103,116,48136
105,116,48137
104,122,48138
106,120,48139
103,125,48140
105,125,48141
100,130,48142
101,131,48143
98,132,48144
97,134,48145
94,134,48146
91,135,48147
87,134,48148
89,136,48149
85,135,48150
83,134,48151
80,133,48152
78,132,48153
77,131,48154
73,126,48155
74,130,48156
70,123,48157
68,118,48158
68,120,48159
67,108,48160
66,112,48161
65,111,48162
67,97,48163
66,97,48164
64,103,48165
65,97,48166
70,86,48167
66,90,48168
70,83,48169
73,79,48170
73,78,48171
78,73,48172
81,70,48173
82,69,48174
86,67,48175
89,65,48176
89,64,48177
96,63,48178
98,62,48179
98,61,48180
111,63,48181
113,63,48182
113,62,48183
121,66,48184
118,63,48185
126,68,48186
130,71,48187
131,71,48188
136,76,48189
140,82,48190
142,84,48191
143,86,48192
146,92,48193
148,96,48194
149,96,48195
151,111,48196
152,111,48197
152,122,48198
153,117,48199
153,122,48200
150,138,48201
152,134,48202
148,147,48203
147,150,48204
148,149,48205
140,163,48206
142,161,48207
140,165,48208
132,173,48209
124,180,48210
126,179,48211
124,181,48212
112,187,48213
110,188,48214
110,189,48215
100,191,48216
94,192,48217
95,193,48218
73,189,48219
77,191,48220
74,191,48221
68,189,48222
60,185,48223
53,181,48224
50,179,48225
48,178,48226
39,168,48227
35,164,48228
31,158,48229
26,148,48230
29,156,48231
23,142,48232
21,137,48233
18,126,48234
17,122,48235
16,115,48236
17,95,48237
15,110,48238
16,92,48239
20,74,48240
16,86,48241
22,66,48242
26,57,48243
24,59,48244
34,43,48245
35,41,48246
37,38,48247
44,30,48248
57,20,48249
58,18,48250
59,17,48251
73,10,48252
78,8,48253
77,8,48254
88,5,48255
96,4,48256
102,3,48257
112,4,48258
115,4,48259
118,4,48260
95,116,48261
92,117,48262
89,116,48263
87,115,48264
86,113,48265
84,112,48266
84,109,48267
83,108,48268
85,101,48269
82,105,48270
84,99,48271
84,98,48272
86,94,48273
86,93,48274
91,89,48275
89,89,48276
90,88,48277
94,86,48278
96,85,48279
98,84,48280
100,83,48281
106,84,48282
107,83,48283
108,83,48284
112,85,48285
114,85,48286
118,88,48287
121,91,48288
121,89,48289
126,97,48290
127,97,48291
129,102,48292
130,103,48293
131,104,48294
132,109,48295
133,112,48296
133,121,48297
134,120,48298
132,131,48299
134,126,48300
132,134,48301
131,138,48302
127,145,48303
131,140,48304
125,150,48305
124,152,48306
124,153,48307
118,158,48308
116,160,48309
116,161,48310
108,165,48311
105,167,48312
103,168,48313
98,169,48314
95,170,48315
87,170,48316
85,170,48317
80,169,48318
75,168,48319
74,168,48320
69,166,48321
64,163,48322
60,160,48323
56,157,48324
54,155,48325
48,147,48326
47,146,48327
44,141,48328
42,137,48329
39,130,48330
38,127,48331
36,119,48332
35,112,48333
35,107,48334
34,107,48335
35,97,48336
36,89,48337
38,80,48338
38,79,48339
39,76,48340
45,63,48341
45,62,48342
50,55,48343
53,51,48344
53,50,48345
63,41,48346
64,40,48347
72,35,48348
75,33,48349
81,30,48350
87,28,48351
93,27,48352
97,26,48353
106,26,48354
109,26,48355
120,28,48356
121,28,48357
128,30,48358
135,33,48359
138,35,48360
143,38,48361
151,44,48362
156,49,48363
160,54,48364
165,60,48365
168,65,48366
170,68,48367
175,79,48368
177,83,48369
180,94,48370
182,103,48371
183,112,48372
183,125,48373
184,119,48374
182,138,48375
180,148,48376
181,146,48377
179,154,48378
175,165,48379
172,173,48380
171,175,48381
162,189,48382
159,193,48383
154,199,48384
150,203,48385
146,207,48386
141,211,48387
96,108,48388
98,105,48389
101,104,48390
101,103,48391
105,104,48392
105,103,48393
109,107,48394
108,103,48395
112,111,48396
113,110,48397
114,113,48398
114,110,48399
115,118,48400
115,120,48401
115,124,48402
116,122,48403
115,127,48404
112,133,48405
113,133,48406
112,135,48407
111,137,48408
106,141,48409
106,142,48410
104,144,48411
102,145,48412
98,147,48413
93,147,48414
93,148,48415
93,149,48416
84,147,48417
82,147,48418
83,148,48419
77,146,48420
72,142,48421
73,144,48422
70,142,48423
67,139,48424
63,134,48425
59,124,48426
60,130,48427
58,126,48428
56,119,48429
55,114,48430
55,120,48431
54,110,48432
53,108,48433
54,98,48434
54,96,48435
55,91,48436
56,86,48437
58,81,48438
57,82,48439
63,72,48440
60,75,48441
65,68,48442
71,62,48443
71,61,48444
79,56,48445
85,53,48446
80,54,48447
85,52,48448
85,51,48449
99,49,48450
98,48,48451
105,48,48452
113,49,48453
115,49,48454
121,51,48455
120,50,48456
129,55,48457
129,54,48458
135,58,48459
144,67,48460
145,68,48461
147,70,48462
149,71,48463
157,88,48464
159,93,48465
156,82,48466
162,104,48467
162,102,48468
163,102,48469
164,117,48470
164,126,48471
165,121,48472
162,140,48473
163,138,48474
160,149,48475
158,155,48476
156,160,48477
151,169,48478
153,167,48479
144,179,48480
144,180,48481
140,184,48482
123,196,48483
126,195,48484
122,198,48485
111,202,48486
110,203,48487
100,205,48488
103,205,48489
91,206,48490
79,205,48491
86,207,48492
72,204,48493
62,201,48494
61,201,48495
57,199,48496
43,190,48497
44,191,48498
36,184,48499
28,175,48500
26,173,48501
25,172,48502
13,148,48503
14,152,48504
11,145,48505
8,135,48506
7,133,48507
5,123,48508
4,110,48509
4,99,48510
4,93,48511
5,84,48512
8,72,48513
6,76,48514
100,116,48515
100,119,48516
98,122,48517
98,124,48518
96,125,48519
96,126,48520
92,127,48521
92,128,48522
86,125,48523
87,128,48524
85,127,48525
83,127,48526
79,122,48527
79,123,48528
76,117,48529
76,119,48530
75,118,48531
73,112,48532
73,109,48533
72,108,48534
71,108,48535
73,98,48536
74,95,48537
72,97,48538
73,94,48539
74,90,48540
80,83,48541
79,83,48542
77,84,48543
88,76,48544
86,76,48545
89,74,48546
87,74,48547
96,72,48548
95,71,48549
99,70,48550
105,70,48551
107,70,48552
115,73,48553
113,71,48554
117,72,48555
121,75,48556
123,76,48557
126,78,48558
131,83,48559
131,82,48560
139,97,48561
131,80,48562
139,94,48563
140,95,48564
143,107,48565
143,104,48566
144,118,48567
145,115,48568
146,117,48569
145,126,48570
146,124,48571
142,140,48572
139,148,48573
143,142,48574
138,152,48575
140,150,48576
130,163,48577
133,161,48578
124,169,48579
129,167,48580
119,174,48581
112,178,48582
111,179,48583
108,180,48584
104,182,48585
98,183,48586
93,184,48587
89,184,48588
85,184,48589
81,184,48590
70,180,48591
64,177,48592
66,180,48593
55,172,48594
52,170,48595
53,172,48596
44,162,48597
40,157,48598
46,167,48599
31,140,48600
30,140,48601
29,138,48602
26,128,48603
25,126,48604
24,115,48605
23,112,48606
23,104,48607
22,104,48608
23,94,48609
30,69,48610
25,81,48611
29,68,48612
34,58,48613
33,58,48614
40,48,48615
39,48,48616
45,40,48617
63,26,48618
47,37,48619
66,23,48620
71,20,48621
70,20,48622
80,16,48623
86,14,48624
91,13,48625
101,12,48626
107,12,48627
116,13,48628
114,12,48629
135,19,48630
134,18,48631
148,26,48632
143,22,48633
153,29,48634
156,31,48635
171,48,48636
169,44,48637
174,51,48638
183,68,48639
180,60,48640
187,76,48641
93,113,48642
90,110,48643
90,107,48644
89,107,48645
90,102,48646
89,101,48647
93,98,48648
90,98,48649
97,95,48650
94,94,48651
97,93,48652
98,92,48653
103,92,48654
104,91,48655
107,92,48656
107,91,48657
110,92,48658
112,93,48659
114,94,48660
117,97,48661
120,100,48662
122,106,48663
122,101,48664
124,108,48665
125,110,48666
126,111,48667
126,120,48668
127,118,48669
128,117,48670
122,136,48671
125,132,48672
126,131,48673
123,138,48674
120,143,48675
122,142,48676
119,146,48677
115,150,48678
112,153,48679
109,155,48680
107,157,48681
102,159,48682
100,160,48683
95,161,48684
93,161,48685
91,162,48686
88,162,48687
89,163,48688
77,159,48689
75,159,48690
77,161,48691
65,153,48692
70,158,48693
61,150,48694
57,146,48695
55,144,48696
54,143,48697
49,134,48698
48,132,48699
47,130,48700
44,121,48701
43,116,48702
43,121,48703
42,106,48704
42,100,48705
43,94,48706
42,94,48707
43,89,48708
48,75,48709
46,78,48710
50,69,48711
52,66,48712
52,65,48713
59,56,48714
60,54,48715
70,46,48716
61,52,48717
81,40,48718
80,40,48719
80,39,48720
92,36,48721
96,35,48722
96,34,48723
110,35,48724
107,34,48725
107,33,48726
131,42,48727
130,40,48728
129,39,48729
136,43,48730
145,50,48731
148,52,48732
150,54,48733
154,58,48734
161,69,48735
162,69,48736
166,77,48737
170,88,48738
169,82,48739
174,101,48740
175,107,48741
176,115,48742
176,119,48743
176,129,48744
172,147,48745
177,128,48746
174,144,48747
169,159,48748
171,157,48749
167,166,48750
157,182,48751
162,177,48752
148,193,48753
147,195,48754
142,200,48755
135,205,48756
121,212,48757
121,213,48758
117,215,48759
105,218,48760
102,219,48761
96,220,48762
81,219,48763
81,220,48764
71,218,48765
59,214,48766
56,213,48767
59,215,48768
98,110,48769
102,109,48770
104,111,48771
106,112,48772
107,115,48773
108,115,48774
108,119,48775
109,119,48776
107,126,48777
109,125,48778
106,129,48779
106,131,48780
103,133,48781
102,135,48782
103,135,48783
100,137,48784
96,139,48785
93,139,48786
93,140,48787
91,141,48788
88,141,48789
83,139,48790
80,138,48791
81,139,48792
76,136,48793
74,135,48794
72,133,48795
71,132,48796
69,130,48797
65,121,48798
65,124,48799
63,118,48800
62,116,48801
62,104,48802
61,112,48803
60,107,48804
62,96,48805
61,96,48806
63,90,48807
62,91,48808
66,82,48809
65,82,48810
69,77,48811
68,76,48812
73,71,48813
77,67,48814
76,67,48815
83,63,48816
85,61,48817
90,59,48818
94,58,48819
91,58,48820
103,57,48821
103,56,48822
106,56,48823
112,57,48824
118,59,48825
121,60,48826
126,62,48827
129,64,48828
132,66,48829
136,69,48830
140,74,48831
142,76,48832
146,82,48833
147,83,48834
151,92,48835
153,96,48836
155,105,48837
155,104,48838
156,107,48839
157,114,48840
156,130,48841
157,126,48842
157,131,48843
153,146,48844
152,149,48845
151,153,48846
149,157,48847
146,163,48848
142,169,48849
142,170,48850
133,179,48851
129,183,48852
127,185,48853
118,190,48854
119,190,48855
112,193,48856
106,195,48857
99,197,48858
91,197,48859
91,198,48860
88,198,48861
79,197,48862
68,194,48863
63,192,48864
55,188,48865
59,191,48866
47,183,48867
38,174,48868
40,177,48869
33,169,48870
29,164,48871
24,155,48872
21,150,48873
17,139,48874
17,141,48875
15,133,48876
13,126,48877
12,118,48878
11,111,48879
12,92,48880
12,88,48881
12,85,48882
16,70,48883
19,62,48884
20,58,48885
25,48,48886
27,45,48887
32,37,48888
35,33,48889
40,27,48890
44,23,48891
51,17,48892
56,13,48893
65,8,48894
66,7,48895
97,115,48896
94,120,48897
91,120,48898
89,120,48899
88,120,48900
87,120,48901
84,119,48902
83,114,48903
81,110,48904
80,114,48905
80,109,48906
79,106,48907
79,103,48908
79,101,48909
80,98,48910
79,98,48911
80,95,48912
82,92,48913
83,89,48914
85,87,48915
88,84,48916
93,82,48917
92,81,48918
94,80,48919
96,79,48920
98,78,48921
106,79,48922
104,78,48923
105,77,48924
117,83,48925
115,81,48926
116,81,48927
119,82,48928
123,86,48929
125,87,48930
127,89,48931
130,93,48932
132,97,48933
135,107,48934
135,103,48935
136,104,48936
137,113,48937
138,116,48938
138,119,48939
138,125,48940
138,127,48941
137,133,48942
135,139,48943
135,141,48944
134,143,48945
130,151,48946
129,153,48947
125,158,48948
126,158,48949
122,162,48950
115,167,48951
116,167,48952
110,170,48953
101,173,48954
102,174,48955
97,175,48956
91,175,48957
84,175,48958
88,176,48959
78,174,48960
74,173,48961
71,172,48962
63,168,48963
64,169,48964
55,162,48965
54,162,48966
48,155,48967
47,154,48968
41,145,48969
40,143,48970
40,145,48971
34,127,48972
33,123,48973
33,130,48974
31,113,48975
30,109,48976
30,105,48977
30,98,48978
32,86,48979
31,88,48980
36,72,48981
36,71,48982
39,64,48983
43,57,48984
44,55,48985
49,48,48986
52,44,48987
59,38,48988
62,35,48989
66,32,48990
83,25,48991
81,25,48992
81,24,48993
92,22,48994
96,21,48995
109,21,48996
112,21,48997
114,21,48998
122,23,48999
122,22,49000
139,30,49001
138,29,49002
144,32,49003
154,41,49004
155,41,49005
163,50,49006
168,56,49007
173,64,49008
175,68,49009
177,70,49010
185,101,49011
184,91,49012
185,94,49013
187,109,49014
188,114,49015
188,124,49016
187,136,49017
186,143,49018
185,148,49019
182,160,49020
178,170,49021
179,169,49022
94,109,49023
94,107,49024
96,103,49025
97,101,49026
99,101,49027
100,99,49028
103,99,49029
104,98,49030
109,102,49031
108,100,49032
110,101,49033
111,100,49034
115,107,49035
116,107,49036
117,110,49037
118,112,49038
119,113,49039
119,119,49040
120,120,49041
120,122,49042
120,124,49043
117,132,49044
117,133,49045
118,133,49046
117,136,49047
115,139,49048
110,144,49049
110,145,49050
111,145,49051
100,150,49052
100,151,49053
99,152,49054
96,153,49055
91,153,49056
93,154,49057
88,154,49058
84,153,49059
82,153,49060
72,147,49061
75,151,49062
70,148,49063
66,144,49064
63,141,49065
63,142,49066
59,136,49067
58,135,49068
57,136,49069
53,123,49070
52,121,49071
52,125,49072
50,111,49073
49,112,49074
50,98,49075
48,104,49076
49,97,49077
51,89,49078
50,88,49079
55,77,49080
58,72,49081
54,76,49082
61,66,49083
57,70,49084
74,54,49085
66,59,49086
78,51,49087
73,52,49088
85,47,49089
91,45,49090
92,44,49091
97,43,49092
103,43,49093
102,42,49094
110,43,49095
119,45,49096
120,45,49097
119,44,49098
135,53,49099
140,57,49100
135,51,49101
146,62,49102
149,65,49103
146,60,49104
158,79,49105
158,78,49106
157,74,49107
165,99,49108
166,99,49109
166,97,49110
168,110,49111
168,125,49112
169,123,49113
169,126,49114
167,139,49115
168,137,49116
166,146,49117
156,168,49118
160,163,49119
157,169,49120
149,180,49121
151,179,49122
142,188,49123
144,187,49124
139,192,49125
122,202,49126
134,197,49127
119,205,49128
106,209,49129
108,209,49130
98,211,49131
90,211,49132
90,212,49133
74,210,49134
70,209,49135
64,207,49136
62,207,49137
45,197,49138
43,196,49139
36,190,49140
35,190,49141
28,183,49142
23,177,49143
15,164,49144
17,169,49145
11,157,49146
5,141,49147
6,146,49148
2,130,49149
101,113,49150
102,115,49151
102,120,49152
103,121,49153
102,123,49154
102,125,49155
98,128,49156
100,129,49157
93,130,49158
96,131,49159
92,132,49160
92,133,49161
88,132,49162
85,131,49163
82,130,49164
81,130,49165
79,129,49166
78,128,49167
76,127,49168
73,122,49169
72,122,49170
70,115,49171
70,118,49172
69,114,49173
68,110,49174
67,109,49175
69,99,49176
67,103,49177
67,99,49178
75,84,49179
70,90,49180
71,87,49181
73,83,49182
79,77,49183
75,79,49184
82,73,49185
84,72,49186
85,70,49187
91,68,49188
93,67,49189
95,66,49190
99,65,49191
105,65,49192
107,65,49193
109,65,49194
114,66,49195
110,64,49196
125,72,49197
126,72,49198
123,69,49199
135,81,49200
131,75,49201
137,82,49202
139,85,49203
142,90,49204
143,90,49205
147,104,49206
148,108,49207
148,106,49208
149,111,49209
150,115,49210
150,121,49211
150,124,49212
149,133,49213
145,145,49214
148,140,49215
145,148,49216
140,157,49217
139,160,49218
138,162,49219
132,169,49220
132,170,49221
123,177,49222
124,177,49223
122,179,49224
114,183,49225
102,187,49226
103,187,49227
104,188,49228
92,189,49229
87,189,49230
89,190,49231
71,186,49232
70,186,49233
72,188,49234
51,174,49235
55,179,49236
51,176,49237
48,174,49238
40,165,49239
36,160,49240
32,154,49241
31,153,49242
27,144,49243
24,137,49244
23,134,49245
20,120,49246
20,124,49247
19,106,49248
18,108,49249
19,95,49250
19,90,49251
19,88,49252
27,64,49253
19,82,49254
31,54,49255
30,55,49256
32,50,49257
34,47,49258
44,35,49259
49,29,49260
60,21,49261
61,20,49262
63,18,49263
74,13,49264
90,9,49265
85,9,49266
90,8,49267
98,7,49268
104,6,49269
114,7,49270
125,10,49271
125,9,49272
138,14,49273
145,18,49274
152,22,49275
150,20,49276
94,115,49277
92,115,49278
89,113,49279
87,111,49280
86,108,49281
85,108,49282
86,103,49283
85,102,49284
89,97,49285
85,100,49286
89,94,49287
89,93,49288
93,91,49289
93,90,49290
97,88,49291
97,87,49292
99,87,49293
105,87,49294
105,86,49295
107,86,49296
108,86,49297
115,91,49298
114,88,49299
117,91,49300
120,93,49301
121,94,49302
124,98,49303
126,102,49304
126,99,49305
129,112,49306
129,107,49307
130,113,49308
131,115,49309
130,124,49310
132,119,49311
131,127,49312
129,133,49313
130,133,49314
126,141,49315
128,140,49316
122,149,49317
121,150,49318
118,154,49319
121,152,49320
112,159,49321
113,159,49322
111,161,49323
102,164,49324
101,165,49325
99,166,49326
92,167,49327
91,167,49328
82,166,49329
83,167,49330
78,166,49331
75,165,49332
66,160,49333
63,158,49334
62,158,49335
58,155,49336
53,149,49337
51,147,49338
45,135,49339
46,139,49340
44,135,49341
41,126,49342
40,124,49343
39,119,49344
38,113,49345
37,109,49346
38,96,49347
37,99,49348
39,89,49349
39,85,49350
40,81,49351
43,74,49352
47,66,49353
48,63,49354
51,58,49355
55,53,49356
61,47,49357
61,46,49358
71,39,49359
73,38,49360
75,36,49361
87,32,49362
85,32,49363
94,30,49364
98,29,49365
104,29,49366
114,30,49367
112,29,49368
126,33,49369
129,34,49370
137,38,49371
143,42,49372
149,47,49373
147,44,49374
152,49,49375
161,60,49376
162,61,49377
166,67,49378
172,79,49379
173,82,49380
175,86,49381
178,99,49382
179,101,49383
180,110,49384
181,116,49385
180,131,49386
181,129,49387
177,149,49388
177,150,49389
177,152,49390
172,165,49391
165,178,49392
166,178,49393
163,183,49394
153,195,49395
151,198,49396
147,202,49397
135,211,49398
130,214,49399
127,216,49400
120,219,49401
115,221,49402
109,223,49403
97,108,49404
100,106,49405
103,106,49406
104,106,49407
106,107,49408
108,108,49409
109,110,49410
110,109,49411
111,115,49412
113,115,49413
112,122,49414
113,122,49415
112,126,49416
112,127,49417
111,130,49418
110,132,49419
108,135,49420
108,136,49421
105,139,49422
104,140,49423
103,141,49424
97,143,49425
97,144,49426
95,145,49427
91,145,49428
87,145,49429
83,144,49430
84,145,49431
82,145,49432
74,140,49433
73,140,49434
72,139,49435
70,138,49436
65,131,49437
66,134,49438
63,129,49439
61,125,49440
60,123,49441
58,113,49442
57,114,49443
57,107,49444
56,108,49445
56,101,49446
57,97,49447
57,94,49448
58,89,49449
59,86,49450
62,79,49451
64,75,49452
65,73,49453
67,70,49454
70,67,49455
73,64,49456
73,63,49457
79,59,49458
84,56,49459
88,54,49460
93,53,49461
99,52,49462
99,51,49463
105,51,49464
107,51,49465
113,52,49466
118,53,49467
123,55,49468
130,59,49469
132,60,49470
137,64,49471
138,64,49472
146,74,49473
146,73,49474
150,79,49475
154,87,49476
156,92,49477
157,94,49478
157,92,49479
160,110,49480
161,114,49481
161,125,49482
162,122,49483
161,131,49484
161,133,49485
159,143,49486
157,150,49487
157,151,49488
152,162,49489
147,170,49490
148,169,49491
141,178,49492
139,181,49493
134,185,49494
131,188,49495
122,194,49496
116,197,49497
117,197,49498
100,201,49499
99,202,49500
97,203,49501
88,203,49502
84,203,49503
73,201,49504
66,199,49505
68,200,49506
57,195,49507
57,196,49508
44,187,49509
40,184,49510
38,182,49511
31,174,49512
28,171,49513
23,163,49514
19,156,49515
14,145,49516
12,139,49517
12,142,49518
8,115,49519
7,115,49520
7,101,49521
6,102,49522
7,92,49523
8,84,49524
10,74,49525
12,67,49526
16,56,49527
18,51,49528
23,42,49529
24,40,49530
97,113,49531
98,120,49532
95,122,49533
96,123,49534
92,124,49535
91,125,49536
88,124,49537
87,125,49538
82,119,49539
83,123,49540
81,121,49541
80,121,49542
78,115,49543
77,114,49544
76,110,49545
75,110,49546
75,107,49547
76,99,49548
75,100,49549
75,99,49550
75,96,49551
79,90,49552
80,87,49553
78,88,49554
80,85,49555
81,84,49556
88,79,49557
90,77,49558
88,77,49559
98,75,49560
97,74,49561
99,73,49562
103,73,49563
105,73,49564
109,73,49565
110,73,49566
117,76,49567
116,75,49568
126,83,49569
125,81,49570
124,79,49571
132,89,49572
134,92,49573
134,90,49574
138,100,49575
139,101,49576
138,95,49577
141,113,49578
142,112,49579
142,119,49580
143,120,49581
143,123,49582
140,137,49583
142,132,49584
141,138,49585
138,145,49586
138,146,49587
132,156,49588
127,162,49589
132,158,49590
126,164,49591
127,165,49592
113,173,49593
114,174,49594
105,177,49595
110,177,49596
100,179,49597
94,180,49598
93,181,49599
83,180,49600
81,180,49601
78,180,49602
72,178,49603
64,174,49604
62,173,49605
65,176,49606
50,164,49607
43,155,49608
51,167,49609
39,150,49610
38,149,49611
40,154,49612
30,129,49613
31,134,49614
31,138,49615
27,114,49616
26,115,49617
26,106,49618
25,106,49619
27,90,49620
26,92,49621
28,81,49622
30,75,49623
30,72,49624
37,58,49625
45,47,49626
40,52,49627
44,46,49628
53,37,49629
53,36,49630
66,27,49631
60,30,49632
68,25,49633
85,19,49634
76,20,49635
88,17,49636
99,16,49637
98,15,49638
106,15,49639
119,17,49640
118,16,49641
133,21,49642
139,24,49643
146,28,49644
144,26,49645
161,41,49646
161,40,49647
166,46,49648
169,49,49649
175,58,49650
175,57,49651
186,84,49652
185,78,49653
189,93,49654
191,105,49655
190,94,49656
192,111,49657
92,111,49658
92,110,49659
92,104,49660
91,104,49661
93,101,49662
92,100,49663
95,98,49664
95,96,49665
102,96,49666
100,94,49667
103,94,49668
104,93,49669
110,97,49670
109,95,49671
113,98,49672
115,99,49673
117,101,49674
118,102,49675
119,103,49676
121,107,49677
122,109,49678
123,115,49679
123,117,49680
124,117,49681
124,120,49682
124,125,49683
122,131,49684
123,131,49685
124,130,49686
116,142,49687
119,141,49688
117,144,49689
115,146,49690
109,151,49691
112,150,49692
107,153,49693
103,155,49694
99,157,49695
91,157,49696
96,158,49697
92,159,49698
89,159,49699
80,157,49700
81,158,49701
76,156,49702
75,156,49703
75,157,49704
64,148,49705
61,146,49706
63,150,49707
55,138,49708
56,141,49709
53,136,49710
50,129,49711
49,128,49712
47,123,49713
46,116,49714
45,110,49715
45,103,49716
44,108,49717
45,96,49718
45,94,49719
47,86,49720
47,84,49721
54,70,49722
49,77,49723
54,68,49724
61,59,49725
60,59,49726
66,53,49727
71,49,49728
70,49,49729
79,44,49730
82,42,49731
81,42,49732
91,39,49733
99,38,49734
105,38,49735
103,37,49736
112,38,49737
117,39,49738
119,39,49739
128,43,49740
136,47,49741
126,40,49742
152,63,49743
147,55,49744
153,62,49745
155,64,49746
158,69,49747
163,78,49748
164,79,49749
166,83,49750
171,102,49751
171,100,49752
172,124,49753
173,115,49754
174,117,49755
172,135,49756
173,133,49757
170,146,49758
170,149,49759
168,156,49760
156,177,49761
167,161,49762
156,179,49763
150,187,49764
150,188,49765
146,192,49766
138,199,49767
133,203,49768
123,208,49769
117,211,49770
117,212,49771
109,214,49772
93,216,49773
93,217,49774
81,216,49775
77,216,49776
76,216,49777
65,213,49778
53,208,49779
50,207,49780
44,203,49781
36,197,49782
30,192,49783
29,192,49784
101,111,49785
103,111,49786
104,115,49787
106,116,49788
106,119,49789
107,120,49790
105,124,49791
107,123,49792
103,128,49793
105,128,49794
101,132,49795
101,133,49796
98,134,49797
96,136,49798
93,136,49799
92,137,49800
90,137,49801
87,137,49802
85,137,49803
84,137,49804
81,136,49805
76,131,49806
77,134,49807
74,131,49808
71,127,49809
70,126,49810
68,123,49811
66,117,49812
65,117,49813
65,106,49814
64,107,49815
63,108,49816
63,102,49817
66,93,49818
62,102,49819
65,91,49820
67,86,49821
67,85,49822
72,78,49823
72,77,49824
75,73,49825
77,71,49826
79,69,49827
80,67,49828
90,63,49829
91,62,49830
89,62,49831
101,61,49832
102,60,49833
102,59,49834
108,60,49835
108,59,49836
118,62,49837
120,63,49838
125,65,49839
124,64,49840
133,71,49841
137,75,49842
136,73,49843
141,80,49844
144,84,49845
143,81,49846
150,99,49847
150,96,49848
152,103,49849
153,108,49850
154,113,49851
154,122,49852
155,120,49853
153,134,49854
153,136,49855
153,137,49856
148,151,49857
149,151,49858
148,154,49859
140,166,49860
138,169,49861
137,171,49862
130,178,49863
125,182,49864
124,183,49865
122,185,49866
113,189,49867
104,192,49868
107,192,49869
86,193,49870
91,194,49871
89,195,49872
88,195,49873
73,192,49874
69,191,49875
63,189,49876
60,188,49877
53,183,49878
48,180,49879
43,175,49880
38,170,49881
38,171,49882
30,160,49883
27,155,49884
22,144,49885
22,145,49886
19,137,49887
16,124,49888
15,122,49889
14,111,49890
14,103,49891
13,105,49892
15,86,49893
16,82,49894
16,78,49895
23,60,49896
22,61,49897
26,52,49898
32,42,49899
40,33,49900
39,33,49901
43,28,49902
54,19,49903
55,18,49904
57,16,49905
70,9,49906
81,5,49907
84,4,49908
94,2,49909
108,2,49910
101,1,49911
95,117,49912
92,118,49913
91,118,49914
88,117,49915
87,117,49916
85,115,49917
83,111,49918
82,113,49919
83,105,49920
81,108,49921
82,101,49922
82,100,49923
82,99,49924
83,95,49925
85,93,49926
86,91,49927
86,90,49928
91,86,49929
90,86,49930
93,84,49931
95,83,49932
101,82,49933
100,81,49934
103,81,49935
105,81,49936
110,82,49937
113,83,49938
116,85,49939
115,83,49940
122,89,49941
124,91,49942
127,95,49943
127,94,49944
128,95,49945
131,102,49946
132,103,49947
133,106,49948
134,109,49949
135,118,49950
136,116,49951
135,126,49952
135,127,49953
134,133,49954
134,135,49955
132,140,49956
131,143,49957
130,146,49958
125,153,49959
125,154,49960
123,156,49961
119,160,49962
114,164,49963
113,165,49964
107,168,49965
103,170,49966
99,171,49967
96,172,49968
88,172,49969
86,172,49970
88,173,49971
78,171,49972
72,169,49973
69,168,49974
64,165,49975
62,164,49976
55,158,49977
52,155,49978
51,154,49979
48,151,49980
43,143,49981
42,141,49982
40,137,49983
37,129,49984
35,123,49985
34,117,49986
34,121,49987
33,105,49988
33,101,49989
33,96,49990
34,89,49991
36,80,49992
37,76,49993
40,69,49994
44,61,49995
44,60,49996
49,53,49997
53,48,49998
58,43,49999
61,40,50000
65,37,50001
69,34,50002
77,30,50003
81,28,50004
87,26,50005
91,25,50006
103,24,50007
107,24,50008
112,24,50009
121,26,50010
122,26,50011
128,28,50012
135,31,50013
139,33,50014
145,37,50015
146,37,50016
156,46,50017
162,53,50018
165,57,50019
171,66,50020
174,72,50021
178,81,50022
179,84,50023
183,100,50024
184,105,50025
184,101,50026
185,123,50027
185,128,50028
184,137,50029
183,145,50030
182,149,50031
179,160,50032
175,170,50033
171,178,50034
170,180,50035
165,188,50036
160,195,50037
156,200,50038
95,108,50039
96,106,50040
99,103,50041
99,102,50042
103,102,50043
103,101,50044
108,104,50045
106,101,50046
110,106,50047
112,106,50048
113,108,50049
113,105,50050
115,114,50051
116,114,50052
117,117,50053
117,120,50054
118,121,50055
115,129,50056
116,128,50057
117,128,50058
116,131,50059
113,137,50060
109,140,50061
110,141,50062
108,143,50063
106,145,50064
101,147,50065
100,148,50066
99,149,50067
88,149,50068
90,150,50069
89,151,50070
85,150,50071
77,147,50072
83,151,50073
77,148,50074
71,144,50075
70,144,50076
63,135,50077
63,137,50078
63,138,50079
59,131,50080
58,129,50081
56,127,50082
54,117,50083
53,116,50084
53,120,50085
52,107,50086
52,102,50087
52,99,50088
53,92,50089
52,93,50090
56,83,50091
54,85,50092
56,80,50093
60,73,50094
61,70,50095
67,63,50096
71,60,50097
69,60,50098
76,55,50099
73,56,50100
90,49,50101
87,49,50102
96,47,50103
90,47,50104
101,46,50105
112,47,50106
111,46,50107
117,48,50108
122,49,50109
123,49,50110
130,53,50111
136,57,50112
140,60,50113
138,57,50114
148,69,50115
155,80,50116
147,65,50117
159,88,50118
159,87,50119
160,87,50120
164,106,50121
165,108,50122
165,102,50123
166,121,50124
166,123,50125
165,135,50126
165,136,50127
162,148,50128
162,149,50129
160,156,50130
154,167,50131
156,165,50132
149,176,50133
139,186,50134
138,188,50135
140,187,50136
126,197,50137
129,196,50138
114,203,50139
116,203,50140
110,205,50141
95,207,50142
105,207,50143
89,208,50144
83,208,50145
78,208,50146
67,205,50147
60,202,50148
58,202,50149
50,197,50150
43,192,50151
38,188,50152
37,188,50153
24,172,50154
20,167,50155
17,162,50156
16,161,50157
11,150,50158
10,148,50159
5,129,50160
6,137,50161
3,118,50162
2,110,50163
3,92,50164
1,104,50165
100,115,50166
101,117,50167
100,120,50168
100,123,50169
99,124,50170
98,126,50171
94,128,50172
95,129,50173
87,127,50174
91,130,50175
89,130,50176
87,130,50177
82,126,50178
80,126,50179
78,123,50180
77,123,50181
76,122,50182
74,119,50183
73,118,50184
72,113,50185
71,113,50186
71,106,50187
71,103,50188
70,102,50189
70,101,50190
70,98,50191
75,88,50192
74,88,50193
72,89,50194
81,80,50195
79,80,50196
82,77,50197
82,76,50198
90,72,50199
88,72,50200
90,71,50201
96,69,50202
98,68,50203
110,70,50204
107,68,50205
109,68,50206
113,69,50207
117,71,50208
120,72,50209
122,73,50210
125,74,50211
122,71,50212
135,86,50213
136,86,50214
137,86,50215
140,93,50216
142,96,50217
143,98,50218
145,107,50219
146,108,50220
146,118,50221
147,117,50222
147,122,50223
145,135,50224
148,124,50225
145,138,50226
145,140,50227
139,153,50228
141,151,50229
132,163,50230
139,156,50231
131,166,50232
125,171,50233
124,173,50234
120,176,50235
115,179,50236
109,182,50237
105,183,50238
104,184,50239
99,185,50240
93,186,50241
81,185,50242
77,184,50243
76,185,50244
71,183,50245
64,180,50246
64,181,50247
53,173,50248
49,170,50249
57,178,50250
38,156,50251
38,158,50252
37,157,50253
30,144,50254
31,147,50255
26,133,50256
25,131,50257
23,125,50258
22,115,50259
21,110,50260
23,91,50261
21,98,50262
22,88,50263
24,80,50264
24,78,50265
31,60,50266
29,63,50267
31,58,50268
46,38,50269
31,56,50270
51,32,50271
57,27,50272
52,30,50273
65,21,50274
70,18,50275
74,16,50276
85,13,50277
92,11,50278
88,11,50279
100,10,50280
113,11,50281
117,11,50282
128,14,50283
127,13,50284
139,18,50285
140,18,50286
156,30,50287
154,27,50288
162,34,50289
169,42,50290
172,45,50291
175,49,50292
93,114,50293
90,112,50294
89,108,50295
88,109,50296
88,105,50297
87,104,50298
91,98,50299
88,99,50300
93,95,50301
90,95,50302
96,92,50303
94,92,50304
99,91,50305
100,90,50306
104,90,50307
104,89,50308
106,89,50309
110,91,50310
112,91,50311
114,92,50312
116,93,50313
120,99,50314
118,94,50315
123,102,50316
124,104,50317
125,104,50318
126,108,50319
127,113,50320
128,112,50321
126,128,50322
128,123,50323
129,122,50324
128,128,50325
125,136,50326
128,132,50327
124,141,50328
121,145,50329
119,148,50330
116,151,50331
117,152,50332
114,154,50333
108,158,50334
104,160,50335
107,160,50336
99,162,50337
97,163,50338
96,164,50339
86,163,50340
82,163,50341
88,165,50342
74,160,50343
78,163,50344
70,159,50345
65,156,50346
64,156,50347
60,153,50348
54,145,50349
52,143,50350
50,140,50351
47,134,50352
45,130,50353
46,134,50354
42,116,50355
41,117,50356
41,105,50357
40,109,50358
40,101,50359
42,90,50360
40,94,50361
44,80,50362
44,79,50363
43,80,50364
49,68,50365
50,65,50366
52,61,50367
60,52,50368
66,47,50369
64,48,50370
67,45,50371
77,39,50372
82,37,50373
82,36,50374
91,34,50375
97,33,50376
95,32,50377
118,35,50378
113,33,50379
116,33,50380
120,34,50381
132,39,50382
136,41,50383
141,44,50384
144,46,50385
151,53,50386
151,52,50387
161,65,50388
165,73,50389
162,65,50390
169,80,50391
171,84,50392
175,98,50393
176,101,50394
177,108,50395
176,133,50396
178,114,50397
178,125,50398
174,148,50399
177,140,50400
173,154,50401
169,164,50402
173,157,50403
163,176,50404
159,183,50405
161,181,50406
150,194,50407
137,205,50408
142,202,50409
136,207,50410
123,214,50411
119,216,50412
120,216,50413
110,219,50414
101,221,50415
93,222,50416
89,222,50417
77,221,50418
73,221,50419
98,109,50420
102,108,50421
103,108,50422
105,109,50423
107,111,50424
109,113,50425
109,115,50426
110,116,50427
110,121,50428
111,121,50429
109,126,50430
109,128,50431
107,131,50432
107,132,50433
106,134,50434
104,136,50435
103,137,50436
100,139,50437
98,140,50438
96,141,50439
94,142,50440
89,142,50441
89,143,50442
88,143,50443
80,140,50444
79,140,50445
76,138,50446
74,137,50447
72,135,50448
68,130,50449
68,131,50450
65,126,50451
63,123,50452
62,120,50453
61,119,50454
60,114,50455
60,106,50456
59,107,50457
60,97,50458
59,99,50459
61,91,50460
61,89,50461
64,83,50462
62,85,50463
67,76,50464
68,74,50465
69,72,50466
73,68,50467
75,66,50468
77,64,50469
82,61,50470
87,58,50471
89,57,50472
92,56,50473
96,55,50474
100,54,50475
109,55,50476
110,55,50477
115,56,50478
117,56,50479
122,58,50480
128,61,50481
132,64,50482
135,66,50483
138,69,50484
141,72,50485
145,77,50486
149,83,50487
151,87,50488
152,89,50489
155,96,50490
157,105,50491
158,111,50492
158,117,50493
159,116,50494
158,129,50495
158,131,50496
157,139,50497
156,143,50498
154,150,50499
151,157,50500
152,156,50501
146,166,50502
143,171,50503
141,174,50504
134,181,50505
131,184,50506
125,188,50507
120,191,50508
115,194,50509
110,196,50510
103,198,50511
98,199,50512
94,200,50513
82,199,50514
76,198,50515
74,198,50516
70,197,50517
64,195,50518
56,191,50519
48,186,50520
45,184,50521
41,181,50522
36,175,50523
31,170,50524
27,164,50525
23,158,50526
18,147,50527
18,148,50528
14,136,50529
13,133,50530
11,123,50531
10,109,50532
9,109,50533
10,93,50534
11,85,50535
11,82,50536
14,70,50537
16,64,50538
20,54,50539
23,48,50540
27,41,50541
29,38,50542
36,29,50543
41,23,50544
49,16,50545
53,13,50546
97,117,50547
96,120,50548
93,121,50549
92,122,50550
89,122,50551
88,122,50552
85,119,50553
85,122,50554
82,115,50555
81,118,50556
79,114,50557
79,110,50558
78,108,50559
77,107,50560
78,101,50561
77,102,50562
77,99,50563
80,94,50564
79,94,50565
80,91,50566
82,88,50567
88,83,50568
86,83,50569
87,82,50570
90,80,50571
91,79,50572
99,78,50573
101,77,50574
98,76,50575
110,78,50576
110,77,50577
113,78,50578
112,77,50579
118,80,50580
120,81,50581
122,82,50582
127,87,50583
128,88,50584
132,95,50585
132,93,50586
133,94,50587
137,106,50588
138,109,50589
138,104,50590
139,114,50591
140,115,50592
140,120,50593
139,129,50594
139,131,50595
138,136,50596
137,140,50597
137,141,50598
131,152,50599
132,152,50600
131,154,50601
124,161,50602
126,161,50603
116,168,50604
113,170,50605
117,169,50606
109,173,50607
111,173,50608
97,176,50609
96,177,50610
90,177,50611
84,177,50612
86,178,50613
74,175,50614
72,175,50615
63,170,50616
65,172,50617
59,168,50618
53,163,50619
51,161,50620
48,158,50621
46,157,50622
37,140,50623
35,135,50624
37,144,50625
31,122,50626
31,124,50627
30,125,50628
29,111,50629
29,98,50630
28,101,50631
30,89,50632
29,91,50633
33,75,50634
33,74,50635
35,69,50636
39,60,50637
40,58,50638
44,52,50639
46,48,50640
52,42,50641
68,30,50642
62,33,50643
65,30,50644
81,23,50645
77,24,50646
87,21,50647
89,20,50648
99,19,50649
109,19,50650
102,17,50651
122,21,50652
129,23,50653
125,21,50654
140,28,50655
145,31,50656
146,31,50657
155,39,50658
163,47,50659
165,49,50660
167,51,50661
179,74,50662
179,72,50663
182,79,50664
185,88,50665
186,91,50666
187,94,50667
189,114,50668
189,128,50669
190,123,50670
189,134,50671
186,151,50672
189,140,50673
94,111,50674
93,106,50675
94,104,50676
94,102,50677
98,100,50678
96,99,50679
100,98,50680
100,97,50681
107,99,50682
105,97,50683
108,98,50684
107,96,50685
114,103,50686
115,103,50687
117,107,50688
117,106,50689
119,109,50690
120,113,50691
120,115,50692
121,115,50693
122,117,50694
120,127,50695
120,129,50696
121,128,50697
120,132,50698
120,133,50699
115,140,50700
115,141,50701
117,140,50702
107,148,50703
109,148,50704
107,150,50705
104,152,50706
98,153,50707
100,154,50708
95,155,50709
91,155,50710
85,155,50711
80,153,50712
85,156,50713
76,153,50714
75,153,50715
71,150,50716
67,148,50717
63,144,50718
61,142,50719
63,146,50720
54,129,50721
54,132,50722
54,133,50723
50,119,50724
50,123,50725
49,118,50726
48,112,50727
47,109,50728
48,99,50729
47,98,50730
50,87,50731
52,81,50732
49,86,50733
53,77,50734
51,79,50735
62,63,50736
58,66,50737
71,54,50738
62,60,50739
72,52,50740
79,48,50741
77,48,50742
87,44,50743
88,43,50744
92,42,50745
99,41,50746
103,41,50747
110,41,50748
106,40,50749
124,45,50750
130,48,50751
125,44,50752
136,51,50753
139,53,50754
138,51,50755
151,65,50756
149,62,50757
148,59,50758
161,82,50759
161,80,50760
162,81,50761
166,92,50762
167,95,50763
169,107,50764
170,110,50765
170,120,50766
171,123,50767
171,124,50768
165,151,50769
169,141,50770
166,152,50771
161,163,50772
163,161,50773
151,180,50774
156,175,50775
153,179,50776
132,198,50777
148,187,50778
134,198,50779
128,202,50780
125,204,50781
119,207,50782
112,210,50783
105,212,50784
94,213,50785
84,213,50786
83,213,50787
84,214,50788
62,208,50789
63,209,50790
51,203,50791
51,204,50792
43,199,50793
37,194,50794
28,185,50795
26,184,50796
18,173,50797
14,166,50798
14,167,50799
8,155,50800
100,112,50801
103,114,50802
103,118,50803
105,118,50804
103,123,50805
105,122,50806
101,127,50807
104,126,50808
97,130,50809
100,131,50810
96,132,50811
96,134,50812
91,134,50813
89,134,50814
86,133,50815
85,134,50816
83,133,50817
80,132,50818
79,131,50819
76,128,50820
74,127,50821
71,121,50822
71,124,50823
70,121,50824
68,116,50825
67,114,50826
67,105,50827
66,108,50828
65,108,50829
70,91,50830
67,96,50831
67,93,50832
68,90,50833
73,82,50834
69,86,50835
73,80,50836
77,76,50837
77,75,50838
82,71,50839
85,69,50840
87,67,50841
90,66,50842
95,64,50843
92,64,50844
101,63,50845
102,62,50846
105,62,50847
117,66,50848
116,65,50849
116,64,50850
126,70,50851
122,66,50852
131,73,50853
133,75,50854
136,78,50855
139,81,50856
143,89,50857
145,92,50858
146,94,50859
148,100,50860
150,107,50861
149,99,50862
151,116,50863
152,117,50864
150,133,50865
152,126,50866
151,132,50867
146,148,50868
148,145,50869
145,152,50870
142,158,50871
142,159,50872
135,168,50873
134,170,50874
134,171,50875
122,180,50876
119,182,50877
114,185,50878
116,185,50879
103,189,50880
99,190,50881
99,191,50882
89,191,50883
84,191,50884
85,192,50885
64,184,50886
70,188,50887
68,188,50888
58,183,50889
51,178,50890
46,174,50891
42,170,50892
43,172,50893
32,157,50894
32,158,50895
27,149,50896
24,141,50897
23,141,50898
20,130,50899
18,120,50900
17,113,50901
17,108,50902
16,107,50903
21,77,50904
15,103,50905
20,76,50906
24,65,50907
20,73,50908
24,63,50909
33,47,50910
29,51,50911
43,34,50912
44,32,50913
45,30,50914
52,24,50915
67,15,50916
65,15,50917
73,11,50918
79,9,50919
90,6,50920
88,6,50921
105,5,50922
105,4,50923
113,5,50924
132,10,50925
128,8,50926
132,9,50927
94,116,50928
92,116,50929
89,115,50930
87,114,50931
86,111,50932
85,111,50933
84,107,50934
83,106,50935
86,100,50936
83,103,50937
85,98,50938
87,94,50939
89,92,50940
88,92,50941
92,89,50942
92,88,50943
94,87,50944
99,86,50945
99,85,50946
101,84,50947
103,84,50948
110,86,50949
108,84,50950
112,86,50951
116,88,50952
118,89,50953
120,91,50954
124,96,50955
122,91,50956
127,101,50957
128,100,50958
130,107,50959
131,109,50960
131,118,50961
132,113,50962
133,116,50963
132,124,50964
133,123,50965
130,135,50966
132,132,50967
128,141,50968
129,141,50969
123,150,50970
127,146,50971
122,152,50972
119,156,50973
119,157,50974
109,163,50975
112,162,50976
109,164,50977
99,167,50978
99,168,50979
91,168,50980
92,169,50981
90,170,50982
85,169,50983
76,167,50984
74,166,50985
71,165,50986
66,163,50987
63,161,50988
58,157,50989
55,154,50990
53,152,50991
49,147,50992
46,142,50993
43,137,50994
42,135,50995
39,126,50996
38,122,50997
37,119,50998
36,113,50999
36,104,51000
36,96,51001
35,101,51002
38,84,51003
40,78,51004
41,74,51005
44,67,51006
44,66,51007
48,60,51008
50,56,51009
57,48,51010
59,46,51011
63,42,51012
71,37,51013
70,37,51014
78,33,51015
86,30,51016
89,29,51017
93,28,51018
100,27,51019
107,27,51020
116,28,51021
120,29,51022
126,31,51023
133,34,51024
133,33,51025
145,41,51026
149,44,51027
152,47,51028
158,53,51029
163,59,51030
166,64,51031
170,70,51032
173,77,51033
174,78,51034
179,95,51035
179,93,51036
181,104,51037
182,110,51038
182,123,51039
182,131,51040
182,134,51041
179,148,51042
175,161,51043
175,163,51044
172,170,51045
167,179,51046
165,183,51047
161,189,51048
154,197,51049
146,205,51050
145,206,51051
140,210,51052
129,217,51053
126,219,51054
96,111,51055
98,106,51056
101,105,51057
102,104,51058
106,105,51059
107,105,51060
110,110,51061
109,106,51062
112,112,51063
113,111,51064
113,116,51065
114,117,51066
114,122,51067
115,121,51068
114,126,51069
114,127,51070
113,130,51071
110,135,51072
110,136,51073
109,137,51074
108,139,51075
101,143,51076
101,144,51077
100,145,51078
98,146,51079
96,147,51080
90,147,51081
87,147,51082
89,148,51083
81,145,51084
79,145,51085
78,145,51086
77,145,51087
69,138,51088
70,141,51089
67,138,51090
65,135,51091
61,129,51092
58,119,51093
59,125,51094
58,124,51095
56,115,51096
55,110,51097
55,106,51098
54,105,51099
54,103,51100
55,96,51101
56,90,51102
58,84,51103
59,81,51104
60,78,51105
63,73,51106
67,68,51107
65,69,51108
70,64,51109
76,59,51110
76,58,51111
84,54,51112
90,52,51113
88,52,51114
95,50,51115
91,50,51116
104,49,51117
107,49,51118
112,50,51119
120,52,51120
121,52,51121
125,54,51122
130,56,51123
137,62,51124
137,61,51125
143,67,51126
144,68,51127
151,78,51128
153,81,51129
153,79,51130
159,97,51131
160,100,51132
162,111,51133
160,94,51134
163,114,51135
163,124,51136
163,129,51137
162,136,51138
163,133,51139
159,148,51140
158,152,51141
157,155,51142
151,167,51143
150,169,51144
145,176,51145
144,178,51146
138,184,51147
133,189,51148
129,192,51149
116,198,51150
118,198,51151
118,199,51152
104,203,51153
99,204,51154
92,205,51155
88,205,51156
84,205,51157
67,201,51158
73,204,51159
63,200,51160
56,197,51161
52,195,51162
41,187,51163
43,189,51164
33,179,51165
26,171,51166
21,163,51167
19,160,51168
20,163,51169
10,135,51170
9,135,51171
8,132,51172
6,119,51173
5,115,51174
5,106,51175
5,95,51176
6,87,51177
6,85,51178
8,74,51179
14,57,51180
12,60,51181
99,116,51182
99,120,51183
97,122,51184
97,124,51185
94,125,51186
94,126,51187
91,126,51188
89,127,51189
84,123,51190
85,126,51191
82,124,51192
82,125,51193
79,120,51194
77,118,51195
76,115,51196
75,115,51197
74,113,51198
74,107,51199
73,106,51200
73,103,51201
73,100,51202
75,95,51203
76,92,51204
74,93,51205
75,91,51206
76,88,51207
83,81,51208
83,80,51209
83,79,51210
92,75,51211
89,75,51212
94,73,51213
91,73,51214
100,72,51215
99,71,51216
103,71,51217
110,72,51218
112,72,51219
120,77,51220
119,75,51221
119,74,51222
127,81,51223
127,80,51224
131,84,51225
133,87,51226
136,91,51227
140,102,51228
135,87,51229
141,101,51230
142,102,51231
143,112,51232
144,112,51233
144,122,51234
145,120,51235
144,129,51236
142,137,51237
144,133,51238
139,146,51239
136,152,51240
141,145,51241
134,157,51242
135,157,51243
122,169,51244
125,168,51245
117,173,51246
123,171,51247
112,177,51248
103,180,51249
105,180,51250
102,181,51251
92,182,51252
92,183,51253
88,183,51254
77,181,51255
72,180,51256
76,182,51257
62,175,51258
55,170,51259
59,175,51260
46,162,51261
48,165,51262
46,164,51263
37,150,51264
36,149,51265
40,158,51266
29,131,51267
28,131,51268
26,124,51269
25,117,51270
25,99,51271
24,107,51272
24,97,51273
25,90,51274
24,91,51275
28,75,51276
34,62,51277
30,68,51278
33,61,51279
43,46,51280
37,53,51281
49,39,51282
47,39,51283
56,31,51284
72,22,51285
58,28,51286
76,19,51287
82,17,51288
80,17,51289
88,15,51290
108,14,51291
101,13,51292
115,14,51293
121,15,51294
127,17,51295
132,18,51296
144,25,51297
145,25,51298
154,32,51299
155,32,51300
162,38,51301
165,41,51302
177,59,51303
175,54,51304
182,67,51305
185,75,51306
186,75,51307
191,94,51308
95,113,51309
91,110,51310
91,107,51311
90,104,51312
91,102,51313
90,101,51314
95,97,51315
92,97,51316
99,95,51317
96,94,51318
99,93,51319
101,92,51320
105,93,51321
107,93,51322
110,94,51323
111,94,51324
113,95,51325
115,96,51326
116,97,51327
118,99,51328
121,103,51329
123,110,51330
122,103,51331
124,111,51332
125,114,51333
126,115,51334
125,123,51335
126,123,51336
127,122,51337
120,138,51338
123,136,51339
123,137,51340
121,140,51341
116,147,51342
119,145,51343
115,149,51344
110,153,51345
108,155,51346
103,157,51347
102,158,51348
99,159,51349
96,160,51350
88,160,51351
89,161,51352
88,161,51353
81,160,51354
82,161,51355
69,154,51356
68,154,51357
69,156,51358
60,147,51359
63,152,51360
59,147,51361
55,142,51362
53,139,51363
50,135,51364
48,129,51365
46,123,51366
45,121,51367
44,116,51368
43,110,51369
43,105,51370
43,100,51371
43,96,51372
46,84,51373
44,88,51374
46,81,51375
54,66,51376
50,71,51377
53,66,51378
59,58,51379
59,57,51380
67,50,51381
66,50,51382
72,45,51383
80,41,51384
87,39,51385
89,38,51386
88,37,51387
99,36,51388
108,36,51389
105,35,51390
116,37,51391
121,38,51392
115,35,51393
139,48,51394
132,42,51395
137,45,51396
143,49,51397
149,55,51398
152,58,51399
159,67,51400
159,66,51401
167,83,51402
166,79,51403
170,90,51404
173,104,51405
173,99,51406
174,118,51407
175,115,51408
174,132,51409
175,129,51410
174,139,51411
168,157,51412
174,143,51413
168,160,51414
161,174,51415
164,170,51416
162,174,51417
153,186,51418
155,185,51419
139,200,51420
134,204,51421
134,205,51422
120,212,51423
109,215,51424
109,216,51425
110,216,51426
97,218,51427
93,219,51428
79,218,51429
70,216,51430
70,217,51431
62,214,51432
49,208,51433
47,207,51434
44,206,51435
99,110,51436
103,110,51437
105,113,51438
106,113,51439
107,117,51440
108,117,51441
108,121,51442
108,123,51443
106,126,51444
108,125,51445
104,131,51446
106,130,51447
100,134,51448
100,135,51449
99,136,51450
96,138,51451
95,138,51452
90,138,51453
90,139,51454
89,140,51455
87,140,51456
80,136,51457
78,136,51458
77,136,51459
74,133,51460
71,130,51461
70,129,51462
68,126,51463
67,125,51464
64,115,51465
64,118,51466
63,114,51467
62,112,51468
63,101,51469
61,109,51470
62,98,51471
64,91,51472
62,95,51473
66,85,51474
66,84,51475
69,79,51476
68,79,51477
73,73,51478
68,77,51479
78,68,51480
81,65,51481
80,65,51482
89,61,51483
91,60,51484
94,59,51485
99,58,51486
99,57,51487
107,58,51488
111,58,51489
112,58,51490
116,59,51491
126,64,51492
125,63,51493
130,66,51494
134,69,51495
136,71,51496
141,76,51497
147,87,51498
145,82,51499
150,92,51500
151,94,51501
152,97,51502
154,104,51503
155,110,51504
156,115,51505
156,123,51506
156,127,51507
154,137,51508
155,135,51509
155,138,51510
149,154,51511
147,158,51512
146,161,51513
143,166,51514
140,170,51515
135,176,51516
135,177,51517
128,182,51518
121,187,51519
122,187,51520
110,192,51521
106,194,51522
101,195,51523
97,196,51524
87,196,51525
78,195,51526
79,196,51527
71,194,51528
67,193,51529
59,189,51530
51,184,51531
48,182,51532
51,185,51533
42,177,51534
34,168,51535
32,166,51536
26,157,51537
25,155,51538
20,144,51539
19,143,51540
16,132,51541
14,126,51542
13,119,51543
12,111,51544
12,104,51545
11,103,51546
14,84,51547
16,74,51548
16,72,51549
21,59,51550
27,48,51551
25,50,51552
31,40,51553
37,33,51554
40,29,51555
43,25,51556
56,15,51557
57,14,51558
62,11,51559
67,8,51560
80,3,51561
83,2,51562
96,117,51563
94,119,51564
90,119,51565
89,119,51566
88,119,51567
85,118,51568
83,113,51569
83,117,51570
82,109,51571
80,112,51572
80,106,51573
80,103,51574
80,102,51575
80,100,51576
82,95,51577
81,95,51578
83,92,51579
85,89,51580
86,87,51581
87,86,51582
91,83,51583
96,82,51584
94,81,51585
97,80,51586
101,80,51587
102,79,51588
107,80,51589
109,80,51590
107,78,51591
119,85,51592
119,84,51593
122,87,51594
121,85,51595
125,89,51596
127,91,51597
130,95,51598
131,97,51599
134,104,51600
135,111,51601
136,110,51602
136,108,51603
137,117,51604
137,122,51605
137,126,51606
136,132,51607
136,134,51608
135,138,51609
131,146,51610
132,145,51611
131,148,51612
126,155,51613
124,158,51614
118,163,51615
120,162,51616
115,166,51617
110,169,51618
106,171,51619
101,172,51620
96,173,51621
97,174,51622
90,174,51623
85,174,51624
83,174,51625
77,173,51626
72,171,51627
64,167,51628
65,168,51629
59,164,51630
56,162,51631
52,158,51632
49,155,51633
44,148,51634
41,143,51635
39,139,51636
37,134,51637
37,137,51638
33,118,51639
32,112,51640
32,121,51641
31,106,51642
31,101,51643
32,90,51644
33,85,51645
35,78,51646
34,79,51647
40,65,51648
43,59,51649
46,54,51650
50,49,51651
52,46,51652
55,43,51653
63,36,51654
67,33,51655
74,29,51656
73,29,51657
91,24,51658
92,23,51659
89,23,51660
106,22,51661
105,21,51662
117,23,51663
121,24,51664
126,25,51665
133,28,51666
138,30,51667
145,35,51668
151,39,51669
148,36,51670
159,47,51671
164,52,51672
171,63,51673
175,70,51674
176,72,51675
180,82,51676
180,80,51677
185,108,51678
186,107,51679
186,127,51680
187,118,51681
187,124,51682
186,138,51683
184,148,51684
183,152,51685
180,162,51686
176,172,51687
174,177,51688
170,184,51689
95,111,51690
95,105,51691
97,103,51692
98,101,51693
101,101,51694
101,100,51695
103,100,51696
104,99,51697
110,104,51698
110,102,51699
112,104,51700
112,102,51701
115,110,51702
116,110,51703
117,113,51704
118,114,51705
119,116,51706
118,122,51707
119,121,51708
119,124,51709
119,126,51710
114,135,51711
115,136,51712
115,137,51713
114,139,51714
112,141,51715
106,146,51716
107,146,51717
107,147,51718
96,150,51719
97,151,51720
96,152,51721
90,152,51722
84,151,51723
88,153,51724
82,152,51725
78,150,51726
77,150,51727
68,143,51728
70,146,51729
69,146,51730
62,138,51731
60,135,51732
61,138,51733
56,129,51734
55,127,51735
55,130,51736
52,115,51737
51,113,51738
51,118,51739
50,106,51740
50,100,51741
52,92,51742
50,96,51743
51,90,51744
54,82,51745
53,82,51746
60,70,51747
64,65,51748
60,68,51749
66,61,51750
64,62,51751
79,52,51752
75,53,51753
84,49,51754
80,49,51755
92,46,51756
97,45,51757
97,44,51758
105,44,51759
107,44,51760
106,43,51761
118,46,51762
126,49,51763
129,50,51764
129,49,51765
141,59,51766
148,67,51767
140,56,51768
151,70,51769
153,72,51770
154,72,51771
160,86,51772
161,87,51773
160,82,51774
166,109,51775
167,110,51776
167,108,51777
168,117,51778
167,130,51779
167,135,51780
166,141,51781
164,148,51782
163,153,51783
160,160,51784
149,177,51785
154,172,51786
152,175,51787
143,185,51788
145,185,51789
129,197,51790
135,194,51791
126,200,51792
110,206,51793
122,203,51794
111,207,51795
99,209,51796
97,210,51797
84,210,51798
77,209,51799
78,210,51800
62,205,51801
59,204,51802
53,201,51803
50,200,51804
36,188,51805
35,188,51806
31,184,51807
26,179,51808
22,174,51809
18,168,51810
11,153,51811
9,151,51812
6,141,51813
3,129,51814
2,127,51815
1,117,51816
101,114,51817
102,117,51818
101,121,51819
102,122,51820
100,125,51821
101,125,51822
98,127,51823
99,129,51824
91,129,51825
93,131,51826
91,131,51827
89,132,51828
84,129,51829
84,130,51830
80,127,51831
80,128,51832
77,126,51833
76,125,51834
75,124,51835
72,118,51836
72,120,51837
70,112,51838
70,107,51839
69,110,51840
68,107,51841
68,103,51842
71,94,51843
69,97,51844
69,94,51845
75,85,51846
74,84,51847
74,83,51848
76,80,51849
84,74,51850
79,76,51851
85,72,51852
92,69,51853
89,69,51854
101,68,51855
98,67,51856
99,66,51857
105,66,51858
111,67,51859
113,67,51860
115,68,51861
117,68,51862
117,67,51863
129,77,51864
130,77,51865
136,84,51866
130,75,51867
136,82,51868
140,88,51869
143,95,51870
143,94,51871
144,95,51872
147,108,51873
148,113,51874
148,123,51875
149,116,51876
149,122,51877
149,126,51878
147,137,51879
147,138,51880
141,152,51881
144,149,51882
140,156,51883
134,164,51884
134,165,51885
132,168,51886
125,174,51887
126,174,51888
116,180,51889
116,181,51890
110,184,51891
103,186,51892
96,187,51893
87,187,51894
91,188,51895
80,187,51896
79,187,51897
76,187,51898
66,183,51899
60,180,51900
69,186,51901
45,167,51902
49,173,51903
44,168,51904
40,164,51905
34,155,51906
31,149,51907
29,147,51908
28,145,51909
24,133,51910
22,126,51911
21,120,51912
20,113,51913
19,111,51914
20,96,51915
19,99,51916
22,82,51917
22,79,51918
24,71,51919
33,54,51920
22,74,51921
35,49,51922
41,40,51923
41,39,51924
46,34,51925
50,30,51926
54,26,51927
69,17,51928
75,14,51929
70,15,51930
87,10,51931
97,9,51932
97,8,51933
113,9,51934
112,8,51935
119,9,51936
127,11,51937
136,15,51938
138,15,51939
145,19,51940
155,26,51941
159,29,51942
162,31,51943
95,114,51944
91,114,51945
89,111,51946
87,109,51947
87,106,51948
86,107,51949
87,102,51950
86,101,51951
90,97,51952
87,97,51953
91,94,51954
92,92,51955
96,90,51956
94,90,51957
100,89,51958
100,88,51959
102,87,51960
106,88,51961
106,87,51962
110,88,51963
111,88,51964
117,94,51965
114,89,51966
119,94,51967
121,96,51968
123,98,51969
125,101,51970
127,107,51971
127,104,51972
128,119,51973
129,117,51974
130,117,51975
130,120,51976
128,131,51977
131,123,51978
129,132,51979
127,137,51980
126,140,51981
122,146,51982
123,146,51983
120,150,51984
116,154,51985
113,157,51986
116,156,51987
107,161,51988
105,162,51989
105,163,51990
95,165,51991
92,165,51992
94,166,51993
84,165,51994
84,166,51995
78,164,51996
74,163,51997
73,163,51998
67,160,51999
62,156,52000
59,153,52001
58,153,52002
53,147,52003
51,145,52004
48,141,52005
44,130,52006
44,133,52007
41,123,52008
40,118,52009
39,114,52010
39,104,52011
38,107,52012
39,97,52013
39,94,52014
39,90,52015
43,77,52016
43,76,52017
44,73,52018
51,61,52019
54,57,52020
54,56,52021
58,51,52022
60,49,52023
67,43,52024
69,41,52025
77,37,52026
84,34,52027
84,33,52028
98,31,52029
101,31,52030
101,30,52031
107,30,52032
117,32,52033
119,32,52034
124,33,52035
131,36,52036
139,41,52037
140,41,52038
149,48,52039
155,55,52040
152,50,52041
162,63,52042
166,69,52043
169,75,52044
170,77,52045
174,87,52046
177,99,52047
178,102,52048
179,111,52049
179,123,52050
180,118,52051
179,133,52052
177,145,52053
179,139,52054
172,161,52055
170,167,52056
169,170,52057
164,179,52058
155,190,52059
157,189,52060
153,194,52061
142,204,52062
144,203,52063
138,208,52064
121,217,52065
124,216,52066
110,221,52067
106,222,52068
102,223,52069
95,224,52070
98,108,52071
100,107,52072
103,107,52073
104,107,52074
106,108,52075
108,110,52076
110,113,52077
111,113,52078
111,118,52079
112,118,52080
111,124,52081
112,123,52082
111,126,52083
110,130,52084
110,131,52085
108,134,52086
107,135,52087
105,138,52088
102,140,52089
101,141,52090
99,142,52091
94,143,52092
94,144,52093
91,144,52094
87,144,52095
86,144,52096
82,143,52097
80,143,52098
77,141,52099
73,138,52100
70,136,52101
69,135,52102
67,133,52103
64,128,52104
63,127,52105
61,122,52106
60,120,52107
59,117,52108
58,108,52109
57,109,52110
58,99,52111
57,102,52112
58,96,52113
58,93,52114
60,86,52115
61,83,52116
62,81,52117
66,74,52118
66,73,52119
70,69,52120
73,65,52121
77,62,52122
81,59,52123
82,58,52124
87,56,52125
92,54,52126
95,53,52127
102,53,52128
104,52,52129
106,52,52130
112,53,52131
116,54,52132
122,56,52133
128,59,52134
130,60,52135
135,64,52136
138,66,52137
140,68,52138
143,71,52139
147,77,52140
150,81,52141
154,90,52142
155,92,52143
157,98,52144
158,101,52145
159,102,52146
160,118,52147
160,127,52148
160,130,52149
160,132,52150
159,138,52151
158,143,52152
155,152,52153
153,157,52154
152,160,52155
146,170,52156
142,175,52157
139,179,52158
137,181,52159
129,188,52160
126,190,52161
121,193,52162
115,196,52163
108,199,52164
104,200,52165
92,201,52166
91,202,52167
89,202,52168
80,201,52169
70,199,52170
67,198,52171
60,195,52172
57,194,52173
45,186,52174
48,189,52175
39,181,52176
33,175,52177
31,173,52178
23,161,52179
20,156,52180
16,147,52181
14,142,52182
12,135,52183
10,127,52184
10,131,52185
8,106,52186
7,106,52187
8,95,52188
8,90,52189
10,79,52190
12,71,52191
14,64,52192
18,54,52193
22,46,52194
25,41,52195
31,32,52196
35,27,52197
98,117,52198
98,118,52199
94,122,52200
94,123,52201
92,123,52202
90,124,52203
86,122,52204
86,124,52205
82,117,52206
83,122,52207
81,120,52208
80,120,52209
78,112,52210
77,111,52211
76,108,52212
75,108,52213
75,104,52214
78,96,52215
77,96,52216
77,94,52217
77,93,52218
82,87,52219
81,87,52220
81,86,52221
84,83,52222
84,82,52223
92,78,52224
92,77,52225
92,76,52226
101,75,52227
102,75,52228
104,74,52229
105,74,52230
110,75,52231
110,74,52232
115,76,52233
120,79,52234
121,79,52235
128,87,52236
130,88,52237
129,85,52238
133,92,52239
136,98,52240
136,95,52241
139,107,52242
140,108,52243
140,103,52244
141,118,52245
142,117,52246
141,127,52247
141,129,52248
142,127,52249
137,143,52250
138,143,52251
138,144,52252
134,151,52253
133,154,52254
127,161,52255
120,167,52256
127,163,52257
119,169,52258
119,170,52259
107,175,52260
110,175,52261
98,178,52262
104,178,52263
94,179,52264
85,179,52265
82,179,52266
78,178,52267
76,178,52268
72,177,52269
66,174,52270
59,170,52271
54,166,52272
57,170,52273
46,158,52274
42,152,52275
44,158,52276
35,140,52277
35,141,52278
35,144,52279
30,126,52280
29,123,52281
29,129,52282
27,107,52283
27,98,52284
27,97,52285
27,93,52286
30,79,52287
29,81,52288
33,69,52289
36,63,52290
34,65,52291
43,50,52292
55,38,52293
48,43,52294
51,40,52295
62,31,52296
62,30,52297
76,23,52298
74,23,52299
76,22,52300
95,18,52301
86,18,52302
103,17,52303
112,17,52304
110,16,52305
119,18,52306
129,21,52307
131,21,52308
137,24,52309
147,30,52310
153,35,52311
154,35,52312
168,51,52313
168,50,52314
172,56,52315
175,60,52316
181,72,52317
182,73,52318
187,91,52319
187,87,52320
190,104,52321
191,113,52322
191,124,52323
192,120,52324
93,111,52325
92,108,52326
92,106,52327
92,103,52328
94,101,52329
94,99,52330
99,97,52331
97,96,52332
103,97,52333
103,95,52334
104,95,52335
105,94,52336
112,99,52337
112,98,52338
114,100,52339
116,102,52340
118,104,52341
119,106,52342
120,106,52343
121,110,52344
122,112,52345
122,119,52346
122,124,52347
123,123,52348
123,125,52349
123,127,52350
120,134,52351
121,134,52352
122,134,52353
112,145,52354
116,143,52355
114,146,52356
112,148,52357
105,152,52358
106,153,52359
103,154,52360
98,156,52361
96,157,52362
87,156,52363
91,158,52364
89,158,52365
82,157,52366
75,154,52367
74,154,52368
72,153,52369
69,152,52370
71,154,52371
59,141,52372
58,141,52373
60,145,52374
52,130,52375
53,134,52376
51,130,52377
48,120,52378
48,122,52379
47,119,52380
46,111,52381
46,101,52382
47,94,52383
45,99,52384
47,90,52385
48,84,52386
53,74,52387
50,78,52388
58,65,52389
55,67,52390
61,60,52391
70,52,52392
64,56,52393
70,51,52394
74,48,52395
79,45,52396
87,42,52397
87,41,52398
91,40,52399
98,39,52400
105,39,52401
113,40,52402
113,39,52403
123,42,52404
127,44,52405
125,42,52406
138,50,52407
141,52,52408
135,46,52409
156,70,52410
154,65,52411
157,69,52412
160,74,52413
164,82,52414
166,88,52415
167,89,52416
169,95,52417
171,109,52418
172,111,52419
170,136,52420
172,129,52421
172,132,52422
169,146,52423
170,144,52424
164,161,52425
167,156,52426
163,165,52427
149,185,52428
161,171,52429
148,188,52430
139,196,52431
139,197,52432
136,199,52433
127,205,52434
126,206,52435
109,212,52436
110,213,52437
102,214,52438
97,215,52439
86,215,52440
81,215,52441
70,213,52442
65,212,52443
62,211,52444
55,208,52445
44,201,52446
42,201,52447
33,193,52448
26,186,52449
20,179,52450
18,177,52451
100,111,52452
103,112,52453
104,117,52454
105,115,52455
105,119,52456
106,121,52457
103,126,52458
105,126,52459
101,129,52460
103,130,52461
97,133,52462
100,133,52463
95,135,52464
93,135,52465
90,135,52466
88,136,52467
86,136,52468
84,135,52469
82,135,52470
80,134,52471
78,133,52472
73,127,52473
75,131,52474
72,127,52475
69,122,52476
69,123,52477
67,118,52478
66,114,52479
65,113,52480
66,100,52481
65,101,52482
64,102,52483
64,100,52484
67,91,52485
65,92,52486
68,86,52487
70,82,52488
71,80,52489
76,74,52490
78,72,52491
81,69,52492
84,67,52493
86,66,52494
85,65,52495
94,63,52496
95,62,52497
95,61,52498
109,62,52499
106,61,52500
105,60,52501
118,64,52502
113,61,52503
124,66,52504
127,68,52505
128,68,52506
132,71,52507
137,77,52508
140,80,52509
142,83,52510
145,88,52511
146,90,52512
147,90,52513
151,107,52514
152,108,52515
152,119,52516
153,113,52517
153,125,52518
152,131,52519
153,131,52520
151,139,52521
150,144,52522
149,148,52523
143,159,52524
144,159,52525
142,163,52526
134,172,52527
131,175,52528
127,179,52529
129,178,52530
118,185,52531
112,188,52532
115,188,52533
104,191,52534
98,192,52535
99,193,52536
78,191,52537
84,193,52538
81,193,52539
75,192,52540
67,189,52541
60,186,52542
53,182,52543
51,181,52544
40,170,52545
41,172,52546
36,166,52547
30,157,52548
30,159,52549
24,146,52550
21,139,52551
19,132,52552
18,130,52553
17,125,52554
16,104,52555
15,115,52556
15,98,52557
17,85,52558
15,89,52559
18,77,52560
21,67,52561
20,67,52562
28,52,52563
29,49,52564
33,42,52565
40,34,52566
48,26,52567
47,26,52568
55,19,52569
60,16,52570
67,12,52571
72,9,52572
78,7,52573
90,4,52574
96,3,52575
106,3,52576
112,3,52577
115,3,52578
94,117,52579
93,117,52580
90,117,52581
88,116,52582
86,114,52583
85,114,52584
84,110,52585
82,111,52586
84,102,52587
82,103,52588
83,100,52589
84,97,52590
84,96,52591
84,95,52592
88,91,52593
88,90,52594
89,88,52595
93,86,52596
94,85,52597
96,84,52598
98,83,52599
104,83,52600
103,82,52601
106,82,52602
109,83,52603
113,84,52604
116,86,52605
119,88,52606
119,87,52607
124,93,52608
124,92,52609
128,99,52610
129,99,52611
130,100,52612
132,106,52613
133,109,52614
134,114,52615
134,118,52616
133,128,52617
135,122,52618
133,132,52619
133,133,52620
130,141,52621
132,139,52622
128,146,52623
126,150,52624
126,151,52625
120,157,52626
117,160,52627
118,160,52628
111,164,52629
109,166,52630
105,168,52631
101,169,52632
99,170,52633
94,171,52634
88,171,52635
81,170,52636
80,170,52637
78,170,52638
70,167,52639
68,166,52640
63,163,52641
60,161,52642
56,158,52643
51,152,52644
47,147,52645
45,144,52646
43,141,52647
42,139,52648
38,129,52649
37,126,52650
36,121,52651
35,117,52652
34,111,52653
34,103,52654
34,99,52655
35,91,52656
36,84,52657
37,80,52658
40,72,52659
40,71,52660
46,60,52661
47,58,52662
47,57,52663
56,46,52664
63,40,52665
66,38,52666
70,35,52667
73,33,52668
79,30,52669
89,27,52670
93,26,52671
97,25,52672
103,25,52673
113,26,52674
120,27,52675
122,27,52676
130,30,52677
136,33,52678
138,34,52679
147,40,52680
145,38,52681
160,53,52682
159,51,52683
165,59,52684
169,65,52685
173,73,52686
174,74,52687
177,82,52688
179,87,52689
182,100,52690
183,107,52691
184,114,52692
183,134,52693
183,135,52694
183,139,52695
181,148,52696
178,159,52697
176,165,52698
174,170,52699
167,183,52700
163,189,52701
160,193,52702
154,200,52703
149,205,52704
147,207,52705
96,107,52706
97,106,52707
99,104,52708
100,103,52709
103,103,52710
104,102,52711
108,105,52712
107,102,52713
111,109,52714
112,107,52715
114,111,52716
114,109,52717
115,116,52718
116,117,52719
116,120,52720
116,123,52721
116,126,52722
113,132,52723
114,132,52724
114,133,52725
113,135,52726
107,141,52727
107,142,52728
108,142,52729
105,144,52730
102,146,52731
99,147,52732
95,148,52733
95,149,52734
87,148,52735
86,149,52736
85,149,52737
81,148,52738
75,145,52739
76,147,52740
72,144,52741
68,140,52742
66,139,52743
61,130,52744
62,134,52745
60,132,52746
58,127,52747
56,120,52748
56,124,52749
54,113,52750
53,111,52751
53,105,52752
53,100,52753
54,93,52754
54,91,52755
55,88,52756
55,85,52757
60,76,52758
58,78,52759
60,74,52760
66,66,52761
66,65,52762
75,58,52763
79,55,52764
82,53,52765
77,55,52766
79,53,52767
95,49,52768
95,48,52769
107,48,52770
104,47,52771
108,47,52772
116,49,52773
119,49,52774
127,53,52775
127,52,52776
132,55,52777
138,60,52778
144,66,52779
147,69,52780
144,64,52781
155,82,52782
156,84,52783
154,77,52784
161,97,52785
162,99,52786
162,96,52787
164,112,52788
165,115,52789
165,119,52790
164,132,52791
164,135,52792
162,145,52793
161,149,52794
158,157,52795
156,161,52796
156,163,52797
150,172,52798
148,176,52799
143,182,52800
130,192,52801
132,192,52802
131,193,52803
120,199,52804
119,200,52805
107,204,52806
110,204,52807
100,206,52808
83,206,52809
93,208,52810
73,205,52811
72,205,52812
70,205,52813
60,201,52814
49,195,52815
51,197,52816
40,188,52817
35,184,52818
30,179,52819
27,176,52820
15,154,52821
16,158,52822
14,154,52823
11,147,52824
9,142,52825
6,131,52826
4,116,52827
3,114,52828
3,101,52829
3,98,52830
6,78,52831
4,83,52832
99,114,52833
100,117,52834
99,121,52835
99,123,52836
97,125,52837
97,126,52838
93,127,52839
93,128,52840
86,126,52841
89,129,52842
86,128,52843
84,128,52844
80,124,52845
79,124,52846
76,118,52847
76,120,52848
75,119,52849
73,114,52850
73,115,52851
72,110,52852
71,109,52853
72,101,52854
73,96,52855
71,99,52856
72,96,52857
71,96,52858
78,85,52859
77,85,52860
75,86,52861
84,78,52862
81,79,52863
86,75,52864
86,74,52865
94,72,52866
93,71,52867
96,70,52868
100,69,52869
103,69,52870
114,72,52871
112,70,52872
110,69,52873
118,72,52874
121,74,52875
125,76,52876
129,80,52877
129,79,52878
128,77,52879
139,96,52880
138,91,52881
138,90,52882
142,101,52883
143,101,52884
144,105,52885
145,112,52886
146,113,52887
146,122,52888
146,127,52889
144,135,52890
142,142,52891
146,133,52892
141,147,52893
141,149,52894
133,160,52895
136,158,52896
127,167,52897
133,163,52898
123,172,52899
118,175,52900
118,176,52901
110,180,52902
111,180,52903
102,183,52904
97,184,52905
86,184,52906
88,185,52907
85,185,52908
74,182,52909
67,179,52910
73,183,52911
58,175,52912
56,174,52913
59,177,52914
46,165,52915
43,162,52916
47,169,52917
33,146,52918
32,146,52919
32,147,52920
29,139,52921
27,135,52922
24,119,52923
23,116,52924
23,99,52925
22,108,52926
22,100,52927
26,80,52928
23,87,52929
26,75,52930
30,65,52931
28,68,52932
38,50,52933
34,55,52934
39,47,52935
53,33,52936
42,41,52937
56,29,52938
66,22,52939
63,23,52940
71,19,52941
75,17,52942
83,14,52943
96,12,52944
100,11,52945
113,12,52946
110,11,52947
123,14,52948
131,16,52949
141,21,52950
141,20,52951
147,24,52952
151,26,52953
166,41,52954
164,37,52955
171,46,52956
178,57,52957
179,57,52958
183,65,52959
92,113,52960
91,112,52961
90,108,52962
88,107,52963
89,104,52964
88,102,52965
91,99,52966
89,98,52967
95,95,52968
92,94,52969
97,92,52970
95,92,52971
101,91,52972
102,90,52973
108,92,52974
108,91,52975
109,91,52976
113,93,52977
115,94,52978
116,95,52979
119,98,52980
122,104,52981
120,97,52982
123,104,52983
125,108,52984
126,109,52985
126,118,52986
127,116,52987
128,115,52988
124,132,52989
127,126,52990
127,130,52991
125,135,52992
122,141,52993
125,138,52994
121,144,52995
117,149,52996
114,152,52997
110,155,52998
111,155,52999
108,157,53000
104,159,53001
98,161,53002
102,161,53003
94,162,53004
92,163,53005
87,163,53006
78,160,53007
79,161,53008
78,162,53009
70,157,53010
69,158,53011
63,153,53012
58,148,53013
58,149,53014
57,148,53015
50,137,53016
49,136,53017
48,134,53018
46,129,53019
44,123,53020
43,123,53021
42,110,53022
41,111,53023
42,98,53024
41,98,53025
42,91,53026
45,82,53027
43,84,53028
46,77,53029
50,68,53030
50,67,53031
56,59,53032
57,57,53033
58,55,53034
69,46,53035
72,44,53036
75,42,53037
73,42,53038
89,36,53039
92,35,53040
89,35,53041
103,34,53042
104,33,53043
102,32,53044
128,40,53045
124,37,53046
126,37,53047
134,41,53048
141,46,53049
143,47,53050
147,50,53051
152,55,53052
159,65,53053
158,62,53054
164,72,53055
169,84,53056
167,76,53057
172,91,53058
174,98,53059
176,110,53060
176,108,53061
177,116,53062
174,140,53063
178,121,53064
175,142,53065
170,158,53066
174,150,53067
168,165,53068
163,174,53069
169,165,53070
154,187,53071
151,191,53072
151,192,53073
145,198,53074
128,209,53075
132,208,53076
127,211,53077
115,216,53078
109,218,53079
106,219,53080
91,220,53081
92,221,53082
78,220,53083
69,218,53084
68,218,53085
66,218,53086
99,109,53087
103,109,53088
104,110,53089
105,110,53090
107,113,53091
108,114,53092
109,118,53093
110,119,53094
108,124,53095
110,122,53096
108,127,53097
108,129,53098
105,132,53099
104,134,53100
102,136,53101
101,137,53102
99,138,53103
95,139,53104
95,140,53105
93,141,53106
91,142,53107
84,140,53108
83,140,53109
82,140,53110
78,138,53111
76,137,53112
73,135,53113
71,133,53114
69,131,53115
66,125,53116
65,125,53117
63,119,53118
63,120,53119
62,106,53120
61,115,53121
60,110,53122
61,99,53123
60,100,53124
62,92,53125
61,93,53126
64,86,53127
62,88,53128
69,76,53129
65,80,53130
70,73,53131
72,71,53132
74,68,53133
80,64,53134
82,62,53135
84,61,53136
89,59,53137
93,57,53138
97,56,53139
99,56,53140
102,55,53141
109,56,53142
114,57,53143
118,58,53144
121,59,53145
124,60,53146
126,61,53147
132,65,53148
137,70,53149
141,74,53150
142,75,53151
147,82,53152
149,86,53153
150,87,53154
153,95,53155
155,101,53156
156,104,53157
157,111,53158
157,124,53159
158,122,53160
158,126,53161
156,137,53162
155,142,53163
154,146,53164
152,152,53165
150,157,53166
146,164,53167
146,165,53168
138,175,53169
132,181,53170
134,180,53171
129,184,53172
122,189,53173
116,192,53174
111,194,53175
110,195,53176
101,197,53177
96,198,53178
91,199,53179
81,198,53180
76,197,53181
69,195,53182
61,192,53183
62,193,53184
53,188,53185
46,183,53186
43,181,53187
39,177,53188
36,174,53189
28,163,53190
28,164,53191
22,153,53192
20,150,53193
16,139,53194
14,133,53195
12,124,53196
11,117,53197
11,99,53198
10,103,53199
10,98,53200
13,79,53201
15,72,53202
15,70,53203
17,64,53204
22,52,53205
26,45,53206
29,40,53207
35,32,53208
40,26,53209
44,22,53210
51,16,53211
55,13,53212
61,9,53213
97,114,53214
95,120,53215
93,120,53216
91,121,53217
89,121,53218
86,120,53219
84,117,53220
84,120,53221
81,112,53222
81,116,53223
79,111,53224
79,108,53225
78,106,53226
78,104,53227
79,99,53228
78,100,53229
79,96,53230
81,93,53231
82,90,53232
83,88,53233
85,86,53234
90,83,53235
89,82,53236
91,81,53237
92,80,53238
96,78,53239
102,78,53240
106,78,53241
112,80,53242
102,76,53243
112,79,53244
117,81,53245
117,80,53246
121,83,53247
123,85,53248
125,86,53249
129,91,53250
131,94,53251
133,99,53252
135,102,53253
136,103,53254
137,110,53255
138,113,53256
138,108,53257
139,119,53258
139,121,53259
139,125,53260
137,135,53261
137,136,53262
135,142,53263
134,145,53264
132,149,53265
128,155,53266
129,155,53267
125,160,53268
121,163,53269
121,164,53270
111,170,53271
104,173,53272
109,172,53273
103,174,53274
103,175,53275
91,176,53276
91,177,53277
80,175,53278
79,175,53279
77,175,53280
69,172,53281
66,171,53282
59,166,53283
58,166,53284
53,162,53285
47,155,53286
45,152,53287
42,148,53288
41,148,53289
34,129,53290
33,126,53291
34,135,53292
31,117,53293
30,113,53294
30,119,53295
29,104,53296
30,95,53297
29,97,53298
34,76,53299
33,77,53300
35,72,53301
40,61,53302
42,57,53303
46,51,53304
48,48,53305
57,39,53306
53,42,53307
62,34,53308
74,28,53309
74,27,53310
72,27,53311
84,23,53312
91,21,53313
99,20,53314
106,20,53315
112,20,53316
121,22,53317
117,20,53318
128,24,53319
139,29,53320
137,27,53321
151,37,53322
154,39,53323
159,44,53324
165,51,53325
170,58,53326
172,61,53327
175,65,53328
183,88,53329
182,82,53330
184,88,53331
187,103,53332
188,109,53333
188,106,53334
188,131,53335
188,132,53336
188,136,53337
185,152,53338
181,164,53339
184,157,53340
94,110,53341
94,105,53342
95,104,53343
95,102,53344
100,100,53345
98,99,53346
102,99,53347
102,97,53348
108,101,53349
108,99,53350
110,100,53351
109,98,53352
115,106,53353
115,105,53354
117,108,53355
118,110,53356
119,111,53357
119,118,53358
120,118,53359
121,118,53360
121,121,53361
118,130,53362
118,132,53363
119,132,53364
118,135,53365
118,136,53366
112,142,53367
112,144,53368
113,144,53369
103,149,53370
104,150,53371
103,151,53372
101,152,53373
93,153,53374
96,154,53375
87,154,53376
85,154,53377
84,154,53378
75,150,53379
76,152,53380
74,151,53381
68,146,53382
67,146,53383
64,144,53384
61,140,53385
59,138,53386
60,141,53387
53,125,53388
52,124,53389
53,129,53390
50,114,53391
49,115,53392
49,104,53393
48,107,53394
48,102,53395
50,91,53396
48,96,53397
52,83,53398
58,71,53399
51,82,53400
58,69,53401
57,69,53402
68,58,53403
64,60,53404
75,52,53405
66,57,53406
79,49,53407
86,46,53408
86,45,53409
95,43,53410
93,43,53411
98,42,53412
106,42,53413
114,43,53414
115,43,53415
114,42,53416
133,51,53417
136,53,53418
131,48,53419
142,57,53420
147,62,53421
145,58,53422
155,72,53423
157,75,53424
154,68,53425
164,93,53426
165,93,53427
166,95,53428
168,105,53429
168,104,53430
169,116,53431
170,118,53432
169,129,53433
169,135,53434
168,140,53435
161,159,53436
164,155,53437
163,158,53438
155,172,53439
157,171,53440
145,186,53441
152,179,53442
144,188,53443
127,200,53444
140,193,53445
126,202,53446
115,207,53447
111,209,53448
102,211,53449
103,211,53450
95,212,53451
85,212,53452
75,211,53453
68,209,53454
72,211,53455
50,201,53456
49,201,53457
41,195,53458
41,196,53459
35,191,53460
28,184,53461
22,176,53462
21,176,53463
13,163,53464
8,151,53465
8,153,53466
3,137,53467
98,112,53468
103,115,53469
102,118,53470
104,119,53471
102,124,53472
103,124,53473
99,128,53474
101,128,53475
95,130,53476
97,131,53477
94,132,53478
93,133,53479
89,133,53480
86,132,53481
85,132,53482
83,132,53483
81,131,53484
79,130,53485
77,128,53486
75,126,53487
73,124,53488
70,116,53489
70,120,53490
69,116,53491
68,112,53492
67,111,53493
68,102,53494
67,101,53495
66,104,53496
72,88,53497
70,89,53498
68,92,53499
71,86,53500
77,78,53501
72,82,53502
77,77,53503
80,74,53504
83,71,53505
89,68,53506
91,67,53507
92,66,53508
97,65,53509
99,64,53510
103,64,53511
106,64,53512
108,64,53513
107,63,53514
121,69,53515
124,70,53516
124,69,53517
131,76,53518
128,71,53519
136,80,53520
137,81,53521
141,87,53522
140,84,53523
145,96,53524
147,100,53525
148,103,53526
149,107,53527
150,112,53528
150,119,53529
150,127,53530
150,130,53531
148,138,53532
150,134,53533
148,141,53534
141,156,53535
142,156,53536
141,158,53537
136,165,53538
136,166,53539
130,172,53540
130,173,53541
127,176,53542
117,182,53543
108,186,53544
106,187,53545
109,187,53546
96,189,53547
92,190,53548
86,190,53549
81,189,53550
74,188,53551
77,190,53552
55,178,53553
62,184,53554
57,181,53555
55,180,53556
42,168,53557
40,166,53558
35,160,53559
35,161,53560
28,148,53561
26,144,53562
23,136,53563
21,128,53564
20,127,53565
19,120,53566
18,112,53567
18,102,53568
18,94,53569
18,91,53570
24,70,53571
17,91,53572
25,65,53573
28,58,53574
27,58,53575
32,49,53576
42,36,53577
35,43,53578
50,28,53579
53,25,53580
52,25,53581
66,16,53582
79,11,53583
79,10,53584
82,9,53585
93,7,53586
98,6,53587
109,6,53588
115,7,53589
120,7,53590
132,11,53591
139,14,53592
142,15,53593
141,14,53594
93,116,53595
91,115,53596
88,113,53597
88,114,53598
86,109,53599
85,109,53600
85,104,53601
84,105,53602
87,99,53603
84,101,53604
88,95,53605
88,94,53606
91,91,53607
90,91,53608
94,89,53609
94,88,53610
98,87,53611
102,86,53612
102,85,53613
105,85,53614
107,85,53615
113,89,53616
113,87,53617
116,89,53618
118,91,53619
120,92,53620
121,93,53621
125,99,53622
124,95,53623
129,110,53624
129,105,53625
130,111,53626
131,112,53627
130,126,53628
132,117,53629
132,121,53630
130,131,53631
131,131,53632
128,138,53633
130,136,53634
125,145,53635
125,146,53636
121,151,53637
123,151,53638
117,156,53639
114,159,53640
112,161,53641
107,163,53642
106,164,53643
102,166,53644
95,167,53645
95,168,53646
85,167,53647
86,168,53648
84,168,53649
79,167,53650
70,163,53651
66,161,53652
65,161,53653
61,158,53654
58,156,53655
56,154,53656
49,144,53657
47,142,53658
44,136,53659
43,134,53660
40,126,53661
39,123,53662
38,117,53663
37,112,53664
37,105,53665
36,107,53666
38,92,53667
37,94,53668
38,86,53669
42,75,53670
47,65,53671
44,69,53672
49,60,53673
51,57,53674
55,52,53675
56,50,53676
66,42,53677
68,40,53678
72,37,53679
81,33,53680
80,33,53681
90,30,53682
94,29,53683
108,29,53684
104,28,53685
109,28,53686
119,30,53687
123,31,53688
128,33,53689
133,35,53690
141,40,53691
144,41,53692
151,47,53693
157,54,53694
159,56,53695
165,64,53696
168,69,53697
173,80,53698
173,79,53699
177,92,53700
177,90,53701
180,105,53702
181,111,53703
181,124,53704
182,119,53705
179,143,53706
179,144,53707
179,146,53708
175,159,53709
168,174,53710
169,174,53711
165,181,53712
158,190,53713
157,192,53714
152,198,53715
143,206,53716
142,207,53717
130,215,53718
124,218,53719
117,221,53720
118,221,53721
97,107,53722
98,107,53723
101,106,53724
104,105,53725
106,106,53726
108,107,53727
110,111,53728
110,108,53729
112,115,53730
113,114,53731
113,119,53732
114,119,53733
113,124,53734
113,126,53735
112,129,53736
112,130,53737
110,133,53738
109,135,53739
107,138,53740
105,140,53741
106,140,53742
99,143,53743
99,144,53744
97,145,53745
94,146,53746
91,146,53747
89,146,53748
85,146,53749
83,146,53750
75,141,53751
77,143,53752
74,142,53753
72,140,53754
66,133,53755
66,135,53756
64,132,53757
62,129,53758
61,127,53759
58,115,53760
57,116,53761
57,117,53762
56,110,53763
56,102,53764
56,98,53765
56,96,53766
56,95,53767
58,87,53768
60,82,53769
61,79,53770
62,77,53771
64,73,53772
67,69,53773
72,64,53774
72,63,53775
75,61,53776
81,57,53777
84,55,53778
89,53,53779
95,52,53780
95,51,53781
100,50,53782
104,50,53783
111,51,53784
113,51,53785
122,54,53786
124,55,53787
127,56,53788
133,60,53789
134,60,53790
140,66,53791
141,66,53792
148,75,53793
150,78,53794
154,85,53795
155,87,53796
155,85,53797
160,106,53798
161,110,53799
161,102,53800
162,118,53801
162,126,53802
162,129,53803
161,137,53804
159,145,53805
159,147,53806
156,154,53807
153,161,53808
150,167,53809
148,170,53810
144,176,53811
136,184,53812
137,184,53813
129,190,53814
125,193,53815
122,195,53816
104,201,53817
107,201,53818
106,202,53819
92,203,53820
91,204,53821
81,203,53822
74,202,53823
73,202,53824
62,198,53825
62,199,53826
50,192,53827
43,187,53828
46,190,53829
32,176,53830
32,177,53831
25,167,53832
22,163,53833
17,154,53834
13,144,53835
13,146,53836
8,120,53837
7,119,53838
7,121,53839
6,110,53840
6,98,53841
6,95,53842
7,86,53843
9,76,53844
13,62,53845
12,64,53846
18,50,53847
19,47,53848
98,114,53849
99,118,53850
96,122,53851
95,124,53852
93,124,53853
92,125,53854
90,125,53855
89,126,53856
83,121,53857
85,125,53858
82,123,53859
81,123,53860
78,117,53861
77,116,53862
76,112,53863
75,112,53864
74,110,53865
75,102,53866
74,103,53867
74,101,53868
74,98,53869
77,92,53870
79,88,53871
76,91,53872
78,87,53873
79,85,53874
87,79,53875
87,78,53876
84,79,53877
95,75,53878
95,74,53879
97,73,53880
101,73,53881
107,73,53882
106,72,53883
107,72,53884
113,74,53885
115,74,53886
124,81,53887
123,79,53888
121,76,53889
128,83,53890
131,86,53891
131,85,53892
136,94,53893
138,97,53894
136,90,53895
141,110,53896
142,109,53897
142,106,53898
143,117,53899
144,117,53900
142,130,53901
143,130,53902
143,131,53903
139,144,53904
140,143,53905
135,152,53906
130,159,53907
136,153,53908
128,163,53909
130,162,53910
118,171,53911
120,171,53912
112,175,53913
117,174,53914
104,179,53915
98,180,53916
97,181,53917
87,181,53918
84,181,53919
86,182,53920
77,180,53921
71,178,53922
66,176,53923
68,178,53924
54,168,53925
48,162,53926
55,171,53927
43,157,53928
41,155,53929
42,158,53930
34,142,53931
31,136,53932
34,146,53933
27,118,53934
27,124,53935
26,118,53936
25,110,53937
26,94,53938
25,97,53939
26,88,53940
29,76,53941
28,77,53942
32,67,53943
39,55,53944
35,59,53945
39,52,53946
48,41,53947
46,42,53948
59,31,53949
54,34,53950
63,27,53951
77,21,53952
68,23,53953
85,17,53954
92,16,53955
93,15,53956
101,14,53957
110,15,53958
109,14,53959
123,17,53960
127,18,53961
139,23,53962
140,23,53963
154,34,53964
155,34,53965
165,44,53966
164,42,53967
172,52,53968
171,50,53969
183,74,53970
180,65,53971
186,80,53972
190,95,53973
190,91,53974
192,105,53975
93,112,53976
91,108,53977
91,106,53978
91,103,53979
93,100,53980
92,99,53981
96,97,53982
93,97,53983
101,96,53984
99,94,53985
102,94,53986
102,93,53987
108,95,53988
108,94,53989
111,96,53990
113,97,53991
115,98,53992
117,99,53993
119,102,53994
120,104,53995
121,105,53996
123,113,53997
123,107,53998
124,114,53999
125,117,54000
125,121,54001
123,130,54002
125,126,54003
125,128,54004
118,140,54005
121,138,54006
121,139,54007
117,145,54008
111,150,54009
114,149,54010
110,152,54011
107,154,54012
104,156,54013
93,157,54014
98,158,54015
95,159,54016
92,160,54017
82,158,54018
84,159,54019
79,158,54020
78,158,54021
78,159,54022
65,150,54023
64,149,54024
66,153,54025
58,143,54026
58,145,54027
54,139,54028
51,133,54029
51,134,54030
48,128,54031
46,119,54032
45,113,54033
45,105,54034
44,111,54035
44,101,54036
44,97,54037
46,87,54038
45,89,54039
51,74,54040
48,78,54041
52,70,54042
58,62,54043
56,63,54044
60,58,54045
64,54,54046
64,53,54047
76,45,54048
73,46,54049
76,44,54050
89,39,54051
95,38,54052
99,37,54053
100,37,54054
109,37,54055
110,37,54056
114,37,54057
123,40,54058
132,44,54059
125,39,54060
146,55,54061
142,50,54062
147,54,54063
148,55,54064
156,65,54065
160,71,54066
162,74,54067
164,77,54068
170,95,54069
170,93,54070
172,102,54071
173,111,54072
174,112,54073
173,131,54074
174,129,54075
172,140,54076
172,143,54077
171,148,54078
162,168,54079
171,151,54080
161,172,54081
153,184,54082
153,185,54083
151,188,54084
140,198,54085
143,196,54086
130,205,54087
125,208,54088
127,208,54089
112,214,54090
98,216,54091
98,217,54092
87,217,54093
88,218,54094
86,218,54095
66,214,54096
56,210,54097
61,213,54098
51,208,54099
44,204,54100
36,198,54101
35,198,54102
98,111,54103
101,110,54104
104,113,54105
106,115,54106
106,118,54107
107,118,54108
106,123,54109
107,124,54110
104,128,54111
106,128,54112
102,131,54113
103,132,54114
99,134,54115
97,136,54116
94,136,54117
94,137,54118
92,138,54119
86,137,54120
86,138,54121
85,138,54122
84,138,54123
77,133,54124
79,136,54125
75,133,54126
71,128,54127
70,127,54128
69,126,54129
67,122,54130
65,118,54131
64,111,54132
64,109,54133
63,110,54134
62,108,54135
65,94,54136
61,105,54137
64,93,54138
65,90,54139
64,90,54140
69,81,54141
70,79,54142
72,76,54143
74,73,54144
76,71,54145
75,70,54146
84,65,54147
85,64,54148
87,62,54149
96,60,54150
99,60,54151
99,59,54152
104,59,54153
105,58,54154
113,60,54155
117,61,54156
118,61,54157
121,62,54158
129,67,54159
133,70,54160
135,71,54161
138,75,54162
140,77,54163
142,79,54164
149,94,54165
148,89,54166
151,98,54167
152,101,54168
154,109,54169
154,120,54170
155,116,54171
155,122,54172
155,126,54173
155,130,54174
151,145,54175
152,144,54176
151,148,54177
144,161,54178
143,163,54179
141,167,54180
137,172,54181
132,177,54182
129,180,54183
126,183,54184
118,187,54185
110,191,54186
112,191,54187
97,194,54188
101,194,54189
94,195,54190
90,196,54191
79,194,54192
70,192,54193
71,193,54194
63,190,54195
58,187,54196
51,183,54197
46,179,54198
40,173,54199
39,173,54200
35,168,54201
30,161,54202
26,154,54203
24,151,54204
19,139,54205
18,135,54206
17,134,54207
14,116,54208
14,100,54209
13,110,54210
13,101,54211
14,90,54212
14,85,54213
19,68,54214
21,62,54215
20,63,54216
26,51,54217
35,38,54218
31,42,54219
38,33,54220
47,24,54221
51,20,54222
53,18,54223
61,13,54224
73,7,54225
78,5,54226
81,4,54227
89,2,54228
95,1,54229
96,116,54230
94,118,54231
90,118,54232
89,118,54233
86,117,54234
85,116,54235
83,112,54236
82,114,54237
82,107,54238
81,109,54239
81,105,54240
81,102,54241
81,100,54242
82,97,54243
85,92,54244
84,92,54245
86,89,54246
88,87,54247
89,86,54248
90,85,54249
93,83,54250
99,82,54251
98,81,54252
100,80,54253
104,80,54254
108,81,54255
112,82,54256
113,82,54257
113,81,54258
119,86,54259
121,87,54260
126,93,54261
125,90,54262
127,93,54263
130,98,54264
131,99,54265
132,101,54266
134,107,54267
135,115,54268
136,114,54269
136,121,54270
136,124,54271
135,130,54272
136,129,54273
133,139,54274
133,140,54275
132,143,54276
127,151,54277
129,149,54278
126,154,54279
120,160,54280
119,161,54281
114,165,54282
111,167,54283
107,169,54284
105,170,54285
103,171,54286
92,172,54287
91,173,54288
91,174,54289
85,173,54290
76,171,54291
75,171,54292
70,169,54293
64,166,54294
59,162,54295
58,162,54296
52,156,54297
49,153,54298
47,150,54299
44,146,54300
41,141,54301
38,134,54302
36,128,54303
34,120,54304
35,128,54305
33,109,54306
32,106,54307
32,104,54308
32,99,54309
33,91,54310
35,81,54311
38,72,54312
39,70,54313
39,68,54314
45,58,54315
46,56,54316
52,48,54317
55,45,54318
61,39,54319
65,36,54320
73,31,54321
77,29,54322
79,28,54323
87,25,54324
98,24,54325
100,23,54326
107,23,54327
115,24,54328
117,24,54329
124,26,54330
132,29,54331
137,31,54332
143,35,54333
144,35,54334
153,43,54335
156,45,54336
163,53,54337
168,60,54338
171,65,54339
174,70,54340
177,77,54341
181,89,54342
182,92,54343
182,89,54344
185,116,54345
186,116,54346
185,133,54347
186,128,54348
185,137,54349
182,152,54350
178,164,54351
178,165,54352
174,174,54353
169,183,54354
164,191,54355
162,194,54356
95,110,54357
95,107,54358
97,104,54359
98,102,54360
101,102,54361
104,101,54362
107,103,54363
105,100,54364
111,107,54365
110,103,54366
112,105,54367
115,112,54368
114,106,54369
116,113,54370
117,116,54371
118,117,54372
118,120,54373
117,124,54374
117,127,54375
117,129,54376
117,130,54377
111,138,54378
113,138,54379
112,139,54380
110,142,54381
108,144,54382
104,146,54383
104,147,54384
101,149,54385
92,150,54386
94,151,54387
91,151,54388
88,151,54389
86,152,54390
80,149,54391
80,150,54392
74,147,54393
72,146,54394
66,140,54395
65,140,54396
66,142,54397
60,134,54398
57,128,54399
59,134,54400
55,123,54401
54,122,54402
54,125,54403
52,110,54404
51,109,54405
51,104,54406
52,95,54407
51,96,54408
55,84,54409
53,86,54410
54,83,54411
60,72,54412
57,75,54413
64,66,54414
69,61,54415
65,63,54416
71,58,54417
68,59,54418
83,51,54419
85,49,54420
93,47,54421
85,48,54422
97,46,54423
103,45,54424
106,45,54425
112,46,54426
114,46,54427
119,47,54428
128,51,54429
133,54,54430
136,56,54431
132,52,54432
148,68,54433
152,74,54434
145,62,54435
156,80,54436
157,81,54437
157,79,54438
163,98,54439
164,99,54440
163,92,54441
166,116,54442
166,127,54443
167,121,54444
167,125,54445
164,143,54446
165,141,54447
162,152,54448
158,161,54449
160,158,54450
156,166,54451
144,182,54452
147,180,54453
138,189,54454
133,193,54455
138,190,54456
122,200,54457
124,200,54458
115,204,54459
100,207,54460
108,207,54461
85,208,54462
90,209,54463
82,209,54464
76,208,54465
69,206,54466
67,206,54467
52,199,54468
47,196,54469
44,194,54470
42,193,54471
27,177,54472
27,178,54473
22,171,54474
18,166,54475
16,162,54476
11,152,54477
6,136,54478
7,143,54479
3,123,54480
2,116,54481
2,100,54482
1,108,54483
100,114,54484
101,116,54485
101,119,54486
101,122,54487
99,125,54488
99,126,54489
95,128,54490
96,129,54491
90,128,54492
92,130,54493
88,130,54494
88,131,54495
82,127,54496
82,128,54497
79,125,54498
77,124,54499
76,123,54500
74,120,54501
74,121,54502
72,115,54503
71,114,54504
70,109,54505
71,101,54506
69,107,54507
69,104,54508
69,102,54509
73,91,54510
71,93,54511
70,93,54512
79,81,54513
76,82,54514
78,80,54515
79,78,54516
87,73,54517
83,74,54518
89,71,54519
94,69,54520
95,68,54521
107,69,54522
102,67,54523
106,67,54524
107,67,54525
114,69,54526
117,70,54527
123,73,54528
121,71,54529
123,71,54530
132,81,54531
132,80,54532
134,81,54533
139,90,54534
140,90,54535
141,92,54536
145,104,54537
145,102,54538
146,104,54539
147,113,54540
147,125,54541
146,132,54542
148,127,54543
147,132,54544
146,138,54545
142,148,54546
143,148,54547
136,159,54548
140,155,54549
135,162,54550
127,170,54551
127,171,54552
124,174,54553
118,178,54554
117,179,54555
110,182,54556
107,184,54557
103,185,54558
97,186,54559
85,186,54560
84,186,54561
85,187,54562
72,184,54563
67,182,54564
67,183,54565
59,178,54566
53,174,54567
56,178,54568
41,161,54569
45,168,54570
37,158,54571
36,157,54572
32,150,54573
26,135,54574
25,133,54575
25,135,54576
22,120,54577
21,114,54578
22,94,54579
20,105,54580
20,102,54581
23,82,54582
22,84,54583
27,68,54584
26,69,54585
29,61,54586
42,42,54587
28,61,54588
40,43,54589
48,34,54590
47,34,54591
55,27,54592
59,24,54593
68,18,54594
79,14,54595
81,13,54596
85,11,54597
95,10,54598
110,10,54599
105,9,54600
119,11,54601
123,11,54602
132,14,54603
139,17,54604
151,25,54605
145,20,54606
157,29,54607
164,35,54608
166,37,54609
169,40,54610
94,114,54611
91,113,54612
89,109,54613
88,110,54614
88,106,54615
87,103,54616
89,100,54617
87,100,54618
92,96,54619
89,96,54620
93,93,54621
93,92,54622
98,90,54623
98,89,54624
102,89,54625
103,89,54626
104,88,54627
109,90,54628
109,89,54629
112,90,54630
114,91,54631
120,98,54632
117,92,54633
121,98,54634
123,101,54635
125,103,54636
126,106,54637
127,111,54638
128,109,54639
128,122,54640
128,125,54641
129,124,54642
129,126,54643
126,135,54644
129,130,54645
126,138,54646
124,142,54647
122,145,54648
118,150,54649
119,150,54650
115,154,54651
112,156,54652
108,159,54653
110,159,54654
101,162,54655
99,163,54656
99,164,54657
89,164,54658
86,164,54659
90,166,54660
77,162,54661
79,164,54662
73,161,54663
70,160,54664
69,160,54665
63,156,54666
58,151,54667
56,149,54668
54,147,54669
50,141,54670
47,136,54671
47,137,54672
42,119,54673
42,124,54674
41,118,54675
40,112,54676
39,108,54677
41,93,54678
39,100,54679
43,82,54680
42,84,54681
41,85,54682
49,67,54683
46,71,54684
49,65,54685
56,56,54686
60,51,54687
62,49,54688
66,45,54689
72,41,54690
76,39,54691
76,38,54692
88,34,54693
93,33,54694
92,32,54695
111,33,54696
110,32,54697
114,32,54698
115,32,54699
129,37,54700
132,38,54701
136,40,54702
138,41,54703
148,49,54704
149,49,54705
155,56,54706
162,66,54707
162,64,54708
168,76,54709
170,80,54710
173,88,54711
173,87,54712
176,99,54713
177,125,54714
178,109,54715
179,119,54716
177,135,54717
179,127,54718
176,145,54719
174,153,54720
176,149,54721
163,177,54722
166,173,54723
163,179,54724
156,188,54725
148,197,54726
149,197,54727
147,199,54728
130,211,54729
129,212,54730
128,213,54731
112,219,54732
110,220,54733
99,222,54734
93,223,54735
80,222,54736
82,223,54737
99,108,54738
100,108,54739
104,108,54740
106,109,54741
107,110,54742
108,111,54743
109,114,54744
110,115,54745
110,120,54746
111,122,54747
110,125,54748
110,127,54749
109,129,54750
109,130,54751
108,132,54752
105,136,54753
104,137,54754
103,138,54755
100,140,54756
98,141,54757
96,142,54758
90,142,54759
91,143,54760
86,143,54761
83,142,54762
82,142,54763
78,140,54764
76,139,54765
73,137,54766
70,134,54767
69,133,54768
66,129,54769
65,128,54770
63,124,54771
61,120,54772
60,116,54773
59,112,54774
59,109,54775
59,102,54776
58,103,54777
59,97,54778
59,95,54779
61,88,54780
61,86,54781
63,82,54782
65,78,54783
67,74,54784
70,70,54785
72,68,54786
75,65,54787
79,62,54788
80,61,54789
85,58,54790
87,57,54791
93,55,54792
97,54,54793
106,54,54794
108,54,54795
110,54,54796
112,54,54797
119,56,54798
122,57,54799
126,59,54800
131,62,54801
136,66,54802
138,68,54803
144,75,54804
145,76,54805
149,82,54806
152,88,54807
154,92,54808
155,95,54809
157,102,54810
158,107,54811
159,112,54812
159,123,54813
159,127,54814
159,130,54815
158,137,54816
157,142,54817
155,149,54818
153,155,54819
148,164,54820
147,166,54821
144,171,54822
140,176,54823
137,179,54824
129,186,54825
128,187,54826
121,192,54827
117,194,54828
112,196,54829
106,198,54830
98,200,54831
91,200,54832
85,200,54833
82,200,54834
74,199,54835
67,197,54836
60,194,54837
56,192,54838
51,189,54839
44,184,54840
37,177,54841
37,178,54842
29,168,54843
26,164,54844
22,157,54845
20,154,54846
16,144,54847
13,135,54848
11,127,54849
10,120,54850
9,114,54851
9,101,54852
9,97,54853
9,93,54854
12,75,54855
14,68,54856
16,62,54857
17,59,54858
21,50,54859
25,43,54860
28,38,54861
35,29,54862
40,23,54863
42,21,54864
97,118,54865
97,119,54866
94,121,54867
93,122,54868
90,123,54869
89,123,54870
86,121,54871
86,123,54872
82,116,54873
82,120,54874
80,116,54875
79,116,54876
78,110,54877
77,109,54878
77,105,54879
76,104,54880
76,102,54881
80,93,54882
78,95,54883
79,92,54884
80,90,54885
85,85,54886
84,84,54887
86,82,54888
89,80,54889
88,80,54890
96,77,54891
99,77,54892
96,76,54893
108,77,54894
107,76,54895
108,76,54896
110,76,54897
116,78,54898
117,78,54899
119,79,54900
124,83,54901
126,85,54902
132,94,54903
132,92,54904
132,91,54905
135,98,54906
137,103,54907
137,100,54908
139,111,54909
140,113,54910
140,107,54911
140,125,54912
140,128,54913
140,129,54914
139,135,54915
139,137,54916
134,148,54917
135,148,54918
134,150,54919
129,157,54920
129,158,54921
120,166,54922
117,168,54923
118,169,54924
112,172,54925
116,171,54926
100,176,54927
100,177,54928
93,178,54929
90,178,54930
89,179,54931
79,177,54932
74,176,54933
70,174,54934
70,175,54935
64,172,54936
57,167,54937
53,164,54938
51,162,54939
51,164,54940
40,147,54941
36,139,54942
41,152,54943
33,132,54944
31,127,54945
32,134,54946
29,115,54947
28,111,54948
28,119,54949
28,100,54950
28,95,54951
30,84,54952
29,86,54953
33,73,54954
35,67,54955
36,64,54956
42,54,54957
41,54,54958
48,45,54959
61,34,54960
58,35,54961
60,33,54962
72,26,54963
73,25,54964
81,22,54965
82,21,54966
90,19,54967
103,18,54968
97,17,54969
116,19,54970
118,19,54971
121,19,54972
129,22,54973
138,26,54974
139,26,54975
150,34,54976
156,39,54977
159,41,54978
164,46,54979
175,64,54980
173,59,54981
181,75,54982
182,77,54983
184,82,54984
185,84,54985
189,108,54986
189,101,54987
190,117,54988
190,129,54989
188,144,54990
190,137,54991
95,112,54992
93,108,54993
93,105,54994
93,103,54995
96,100,54996
97,98,54997
99,98,54998
99,96,54999
105,98,55000
104,96,55001
108,97,55002
108,96,55003
113,101,55004
113,100,55005
116,104,55006
116,103,55007
118,106,55008
120,111,55009
120,109,55010
121,113,55011
122,115,55012
121,124,55013
121,126,55014
122,126,55015
121,130,55016
122,129,55017
117,138,55018
117,139,55019
119,138,55020
108,148,55021
112,146,55022
109,149,55023
107,151,55024
100,153,55025
104,153,55026
97,155,55027
94,156,55028
91,156,55029
82,154,55030
88,157,55031
83,156,55032
79,155,55033
70,150,55034
69,150,55035
66,147,55036
65,147,55037
65,148,55038
55,133,55039
57,138,55040
55,136,55041
51,125,55042
50,125,55043
49,121,55044
48,115,55045
47,113,55046
47,103,55047
46,106,55048
48,93,55049
50,85,55050
47,91,55051
50,82,55052
51,78,55053
58,67,55054
55,70,55055
64,59,55056
58,64,55057
66,56,55058
73,51,55059
74,49,55060
80,46,55061
81,45,55062
89,42,55063
95,41,55064
97,40,55065
102,40,55066
104,39,55067
117,42,55068
125,45,55069
118,41,55070
131,47,55071
136,50,55072
133,47,55073
144,56,55074
146,58,55075
144,54,55076
159,77,55077
159,75,55078
159,74,55079
164,85,55080
165,87,55081
168,98,55082
169,101,55083
170,104,55084
171,116,55085
172,119,55086
168,142,55087
170,139,55088
169,143,55089
166,153,55090
166,155,55091
156,174,55092
159,171,55093
155,177,55094
138,194,55095
154,180,55096
140,194,55097
135,198,55098
133,200,55099
125,205,55100
121,207,55101
114,210,55102
99,213,55103
96,214,55104
88,214,55105
88,215,55106
69,211,55107
64,210,55108
57,207,55109
60,209,55110
50,204,55111
42,199,55112
32,190,55113
34,193,55114
24,182,55115
18,174,55116
17,173,55117
11,163,55118
101,112,55119
103,113,55120
103,117,55121
105,117,55122
104,121,55123
105,123,55124
103,125,55125
104,127,55126
99,130,55127
101,130,55128
96,133,55129
98,133,55130
93,134,55131
90,134,55132
88,134,55133
87,135,55134
86,135,55135
81,133,55136
79,132,55137
77,130,55138
75,129,55139
72,124,55140
73,128,55141
70,122,55142
69,120,55143
67,116,55144
67,107,55145
66,110,55146
65,110,55147
68,95,55148
66,99,55149
65,98,55150
66,95,55151
71,84,55152
67,89,55153
71,82,55154
74,78,55155
75,76,55156
81,71,55157
82,70,55158
84,68,55159
89,66,55160
90,65,55161
90,64,55162
98,63,55163
100,62,55164
100,61,55165
110,63,55166
115,64,55167
115,63,55168
122,67,55169
119,64,55170
127,69,55171
132,73,55172
133,74,55173
135,75,55174
142,86,55175
142,85,55176
145,90,55177
148,98,55178
149,100,55179
150,101,55180
151,113,55181
152,113,55182
151,128,55183
153,119,55184
152,128,55185
149,141,55186
151,137,55187
148,146,55188
145,154,55189
146,153,55190
139,164,55191
138,166,55192
138,167,55193
127,177,55194
122,181,55195
121,182,55196
122,182,55197
111,187,55198
102,190,55199
109,189,55200
91,191,55201
91,192,55202
93,193,55203
69,187,55204
74,190,55205
72,190,55206
62,186,55207
56,182,55208
51,179,55209
47,176,55210
45,175,55211
36,164,55212
34,162,55213
29,154,55214
26,147,55215
26,150,55216
21,135,55217
20,132,55218
18,124,55219
17,119,55220
16,112,55221
18,90,55222
15,107,55223
17,88,55224
21,72,55225
18,78,55226
22,67,55227
27,56,55228
23,62,55229
37,40,55230
39,37,55231
40,35,55232
50,25,55233
59,19,55234
60,17,55235
67,13,55236
74,10,55237
83,7,55238
81,7,55239
108,5,55240
99,4,55241
109,4,55242
121,6,55243
119,5,55244
128,7,55245
96,114,55246
92,117,55247
90,116,55248
88,115,55249
86,112,55250
85,113,55251
84,108,55252
83,107,55253
86,99,55254
82,104,55255
85,97,55256
85,96,55257
87,93,55258
87,92,55259
90,90,55260
91,88,55261
92,87,55262
98,86,55263
97,85,55264
99,84,55265
101,83,55266
108,85,55267
106,83,55268
111,85,55269
114,86,55270
115,86,55271
119,89,55272
123,94,55273
121,90,55274
127,100,55275
126,96,55276
130,106,55277
130,104,55278
131,106,55279
132,110,55280
133,113,55281
133,122,55282
133,125,55283
132,130,55284
133,130,55285
130,138,55286
131,137,55287
126,146,55288
129,144,55289
126,148,55290
122,153,55291
122,154,55292
116,159,55293
113,162,55294
114,162,55295
104,166,55296
104,167,55297
101,168,55298
95,169,55299
94,170,55300
89,170,55301
81,169,55302
78,168,55303
76,168,55304
70,166,55305
65,163,55306
62,161,55307
58,158,55308
54,154,55309
53,153,55310
47,145,55311
44,140,55312
42,136,55313
41,134,55314
38,125,55315
37,122,55316
36,117,55317
35,110,55318
35,105,55319
35,98,55320
36,91,55321
38,82,55322
38,81,55323
39,77,55324
42,69,55325
46,62,55326
46,61,55327
53,52,55328
56,48,55329
56,47,55330
61,43,55331
69,37,55332
76,33,55333
78,32,55334
85,29,55335
89,28,55336
95,27,55337
100,26,55338
104,26,55339
113,27,55340
122,29,55341
128,31,55342
130,31,55343
139,36,55344
142,38,55345
144,39,55346
156,50,55347
159,53,55348
164,60,55349
166,62,55350
171,71,55351
172,72,55352
176,83,55353
178,87,55354
181,100,55355
182,105,55356
183,115,55357
183,120,55358
183,129,55359
182,136,55360
178,154,55361
180,149,55362
177,159,55363
172,171,55364
171,174,55365
167,181,55366
160,191,55367
156,196,55368
147,205,55369
146,206,55370
140,211,55371
136,214,55372
96,109,55373
99,105,55374
101,104,55375
102,103,55376
104,104,55377
106,104,55378
109,107,55379
111,110,55380
109,104,55381
112,109,55382
114,114,55383
114,115,55384
115,119,55385
115,122,55386
115,123,55387
115,126,55388
114,129,55389
111,134,55390
112,134,55391
110,137,55392
110,138,55393
104,142,55394
104,143,55395
103,144,55396
99,146,55397
100,146,55398
92,147,55399
91,148,55400
92,149,55401
82,146,55402
80,146,55403
81,147,55404
76,145,55405
71,141,55406
72,143,55407
69,140,55408
66,137,55409
64,135,55410
60,126,55411
59,127,55412
58,125,55413
56,117,55414
55,113,55415
55,118,55416
54,108,55417
54,102,55418
54,99,55419
55,92,55420
56,89,55421
56,87,55422
57,84,55423
59,79,55424
64,71,55425
61,74,55426
67,66,55427
74,60,55428
70,62,55429
78,57,55430
86,53,55431
83,53,55432
89,51,55433
86,51,55434
101,49,55435
100,48,55436
111,49,55437
115,50,55438
117,50,55439
122,52,55440
124,52,55441
133,58,55442
133,57,55443
138,61,55444
141,64,55445
147,71,55446
151,76,55447
149,72,55448
158,92,55449
159,94,55450
157,85,55451
162,107,55452
163,110,55453
163,104,55454
164,119,55455
164,123,55456
164,129,55457
162,139,55458
161,146,55459
159,151,55460
155,161,55461
153,165,55462
150,170,55463
150,171,55464
141,182,55465
137,186,55466
134,189,55467
122,196,55468
120,198,55469
123,197,55470
113,201,55471
104,204,55472
97,205,55473
95,206,55474
88,206,55475
76,204,55476
79,206,55477
64,201,55478
61,200,55479
54,197,55480
51,195,55481
41,188,55482
36,183,55483
31,178,55484
24,169,55485
25,171,55486
20,164,55487
12,144,55488
13,149,55489
9,138,55490
6,123,55491
6,126,55492
5,119,55493
4,107,55494
4,102,55495
5,87,55496
6,81,55497
9,70,55498
8,70,55499
99,115,55500
100,118,55501
98,121,55502
98,123,55503
95,125,55504
95,126,55505
91,127,55506
91,128,55507
86,125,55508
88,128,55509
84,126,55510
84,127,55511
79,121,55512
78,121,55513
76,116,55514
75,117,55515
74,115,55516
73,111,55517
73,108,55518
72,107,55519
72,103,55520
74,96,55521
75,93,55522
72,98,55523
74,92,55524
74,91,55525
81,83,55526
81,81,55527
79,82,55528
89,76,55529
88,75,55530
90,74,55531
88,74,55532
98,72,55533
97,71,55534
100,70,55535
104,70,55536
106,70,55537
116,74,55538
117,73,55539
116,72,55540
124,78,55541
124,77,55542
127,79,55543
133,86,55544
132,84,55545
131,81,55546
140,101,55547
140,97,55548
141,98,55549
143,109,55550
144,109,55551
144,120,55552
145,117,55553
145,124,55554
144,131,55555
145,130,55556
140,145,55557
138,149,55558
142,144,55559
138,151,55560
139,151,55561
128,165,55562
131,163,55563
121,171,55564
128,167,55565
115,176,55566
111,178,55567
110,179,55568
104,181,55569
102,182,55570
96,183,55571
85,183,55572
84,183,55573
81,183,55574
77,183,55575
66,178,55576
61,175,55577
65,179,55578
52,169,55579
49,167,55580
51,170,55581
42,159,55582
39,155,55583
40,159,55584
30,136,55585
29,136,55586
28,134,55587
26,126,55588
25,124,55589
24,111,55590
23,109,55591
24,94,55592
23,96,55593
25,84,55594
30,70,55595
26,78,55596
29,69,55597
38,52,55598
33,59,55599
41,47,55600
43,43,55601
48,38,55602
67,24,55603
49,35,55604
65,24,55605
77,18,55606
73,19,55607
85,15,55608
88,14,55609
94,13,55610
111,13,55611
113,13,55612
123,15,55613
122,14,55614
136,20,55615
138,20,55616
150,28,55617
147,25,55618
157,33,55619
159,34,55620
174,53,55621
170,46,55622
178,58,55623
184,71,55624
185,71,55625
188,80,55626
94,113,55627
91,111,55628
90,106,55629
89,106,55630
90,103,55631
89,101,55632
93,98,55633
90,98,55634
98,95,55635
95,94,55636
98,93,55637
99,92,55638
104,92,55639
106,92,55640
109,93,55641
109,92,55642
112,94,55643
114,95,55644
116,96,55645
118,98,55646
119,99,55647
123,109,55648
121,100,55649
124,109,55650
125,112,55651
126,113,55652
125,125,55653
127,120,55654
127,123,55655
121,137,55656
125,131,55657
125,134,55658
122,139,55659
119,144,55660
123,140,55661
117,148,55662
112,152,55663
110,154,55664
106,156,55665
106,157,55666
104,158,55667
99,160,55668
94,161,55669
92,161,55670
90,162,55671
84,161,55672
85,162,55673
73,157,55674
72,157,55675
73,159,55676
63,151,55677
67,156,55678
60,149,55679
55,143,55680
54,142,55681
53,141,55682
49,133,55683
47,128,55684
45,123,55685
44,120,55686
43,114,55687
43,119,55688
42,104,55689
42,102,55690
44,90,55691
43,90,55692
44,86,55693
49,74,55694
48,74,55695
50,70,55696
55,62,55697
55,61,55698
65,51,55699
64,51,55700
62,52,55701
77,42,55702
82,40,55703
86,38,55704
83,38,55705
94,36,55706
98,35,55707
99,34,55708
114,36,55709
116,36,55710
113,34,55711
137,46,55712
129,40,55713
132,41,55714
140,46,55715
148,53,55716
149,54,55717
156,62,55718
156,61,55719
164,75,55720
165,75,55721
169,85,55722
172,96,55723
172,92,55724
174,103,55725
175,110,55726
175,125,55727
176,123,55728
176,126,55729
171,149,55730
176,135,55731
171,154,55732
167,163,55733
168,163,55734
165,170,55735
156,183,55736
159,181,55737
146,195,55738
144,197,55739
139,202,55740
133,206,55741
115,214,55742
118,214,55743
115,215,55744
102,218,55745
98,219,55746
93,220,55747
76,218,55748
84,220,55749
69,217,55750
57,213,55751
49,209,55752
51,211,55753
100,109,55754
101,109,55755
105,112,55756
106,112,55757
107,116,55758
108,116,55759
108,120,55760
109,120,55761
107,125,55762
109,124,55763
105,130,55764
107,129,55765
102,134,55766
103,134,55767
101,136,55768
97,138,55769
98,138,55770
92,139,55771
92,140,55772
90,140,55773
89,141,55774
82,138,55775
81,138,55776
79,138,55777
75,135,55778
74,134,55779
71,131,55780
68,127,55781
68,128,55782
65,120,55783
65,123,55784
63,117,55785
62,114,55786
61,111,55787
63,99,55788
61,102,55789
62,97,55790
61,98,55791
65,86,55792
63,89,55793
67,81,55794
65,83,55795
70,76,55796
69,75,55797
77,68,55798
75,69,55799
79,65,55800
85,62,55801
89,60,55802
91,59,55803
96,58,55804
96,57,55805
104,57,55806
104,56,55807
110,57,55808
115,58,55809
122,61,55810
126,63,55811
127,63,55812
131,66,55813
134,68,55814
136,70,55815
143,79,55816
143,78,55817
148,86,55818
150,90,55819
151,93,55820
153,97,55821
155,106,55822
156,111,55823
156,118,55824
157,117,55825
156,128,55826
156,132,55827
156,136,55828
151,150,55829
149,155,55830
151,152,55831
146,162,55832
145,164,55833
140,171,55834
139,173,55835
130,181,55836
127,184,55837
126,185,55838
115,191,55839
116,191,55840
104,195,55841
105,195,55842
96,197,55843
88,197,55844
89,198,55845
82,197,55846
76,196,55847
64,192,55848
58,189,55849
56,188,55850
53,187,55851
45,181,55852
40,176,55853
36,172,55854
32,167,55855
27,160,55856
22,150,55857
20,147,55858
16,134,55859
17,140,55860
14,128,55861
12,116,55862
12,100,55863
11,108,55864
13,86,55865
13,84,55866
13,81,55867
17,68,55868
23,54,55869
21,57,55870
23,52,55871
32,38,55872
35,34,55873
39,29,55874
47,21,55875
48,20,55876
59,12,55877
60,11,55878
68,7,55879
77,3,55880
96,118,55881
95,119,55882
91,120,55883
89,120,55884
87,119,55885
86,119,55886
83,114,55887
83,118,55888
82,110,55889
80,113,55890
80,108,55891
80,105,55892
79,104,55893
79,102,55894
81,96,55895
80,97,55896
81,94,55897
83,91,55898
85,88,55899
86,86,55900
87,85,55901
94,82,55902
91,82,55903
95,80,55904
98,79,55905
100,79,55906
105,79,55907
107,79,55908
104,77,55909
115,82,55910
117,82,55911
120,84,55912
120,83,55913
124,87,55914
126,89,55915
128,91,55916
130,94,55917
133,100,55918
135,109,55919
135,105,55920
136,106,55921
137,114,55922
137,123,55923
138,121,55924
138,123,55925
137,131,55926
137,132,55927
133,143,55928
134,142,55929
133,145,55930
129,152,55931
127,155,55932
123,159,55933
123,160,55934
120,163,55935
113,168,55936
112,169,55937
107,171,55938
99,173,55939
100,174,55940
95,175,55941
88,175,55942
87,175,55943
83,175,55944
76,173,55945
68,170,55946
67,170,55947
62,167,55948
60,166,55949
50,156,55950
50,157,55951
46,152,55952
43,148,55953
41,144,55954
37,136,55955
38,141,55956
34,126,55957
32,116,55958
33,128,55959
31,110,55960
30,107,55961
30,103,55962
31,93,55963
33,84,55964
32,84,55965
36,73,55966
39,65,55967
41,61,55968
46,53,55969
48,50,55970
52,45,55971
54,43,55972
62,36,55973
67,32,55974
70,30,55975
88,24,55976
85,24,55977
82,24,55978
99,22,55979
99,21,55980
106,21,55981
116,22,55982
117,22,55983
130,26,55984
127,24,55985
140,31,55986
144,33,55987
150,37,55988
158,45,55989
157,43,55990
165,53,55991
169,58,55992
173,65,55993
177,73,55994
177,71,55995
184,97,55996
184,93,55997
186,101,55998
187,112,55999
187,129,56000
188,121,56001
186,140,56002
184,151,56003
182,158,56004
181,162,56005
179,167,56006
175,177,56007
94,108,56008
94,107,56009
96,104,56010
97,101,56011
100,101,56012
100,99,56013
104,100,56014
103,98,56015
109,103,56016
109,101,56017
111,102,56018
111,100,56019
115,108,56020
116,108,56021
117,111,56022
118,113,56023
119,114,56024
118,123,56025
119,123,56026
120,121,56027
120,123,56028
116,133,56029
116,135,56030
117,134,56031
116,137,56032
114,140,56033
108,145,56034
109,145,56035
108,147,56036
98,150,56037
102,150,56038
98,152,56039
93,152,56040
87,152,56041
92,154,56042
85,153,56043
79,151,56044
80,152,56045
71,146,56046
73,149,56047
71,148,56048
63,140,56049
62,139,56050
61,139,56051
57,132,56052
56,131,56053
57,135,56054
52,118,56055
51,116,56056
51,121,56057
50,109,56058
49,110,56059
51,94,56060
49,100,56061
50,92,56062
53,83,56063
51,86,56064
56,76,56065
61,68,56066
56,73,56067
63,64,56068
60,66,56069
76,53,56070
70,56,56071
82,49,56072
75,51,56073
86,47,56074
94,45,56075
93,44,56076
102,44,56077
104,43,56078
109,43,56079
113,44,56080
123,47,56081
124,47,56082
126,47,56083
137,55,56084
143,60,56085
136,52,56086
148,65,56087
151,68,56088
152,68,56089
159,82,56090
159,81,56091
159,78,56092
166,105,56093
166,100,56094
167,104,56095
168,113,56096
168,121,56097
168,130,56098
168,133,56099
166,143,56100
166,145,56101
164,151,56102
155,169,56103
159,164,56104
156,170,56105
147,182,56106
152,177,56107
138,191,56108
142,189,56109
132,197,56110
117,204,56111
127,201,56112
113,207,56113
104,209,56114
102,210,56115
95,211,56116
80,210,56117
81,211,56118
72,209,56119
68,208,56120
62,206,56121
56,204,56122
41,193,56123
40,193,56124
33,187,56125
31,186,56126
25,179,56127
22,175,56128
12,157,56129
14,163,56130
7,146,56131
6,143,56132
4,138,56133
2,128,56134
100,113,56135
102,115,56136
102,119,56137
103,121,56138
101,124,56139
101,126,56140
99,127,56141
100,128,56142
93,130,56143
95,131,56144
91,132,56145
91,133,56146
86,131,56147
83,130,56148
81,129,56149
80,129,56150
79,128,56151
77,127,56152
74,123,56153
73,121,56154
72,121,56155
70,114,56156
70,117,56157
69,113,56158
68,109,56159
68,105,56160
70,95,56161
68,99,56162
67,100,56163
74,86,56164
71,88,56165
73,84,56166
74,82,56167
80,76,56168
76,78,56169
81,74,56170
86,71,56171
86,70,56172
92,68,56173
95,67,56174
96,66,56175
101,65,56176
108,66,56177
106,65,56178
111,66,56179
116,67,56180
113,65,56181
127,74,56182
128,74,56183
127,72,56184
136,83,56185
133,77,56186
138,84,56187
141,89,56188
143,93,56189
144,93,56190
147,105,56191
148,110,56192
148,118,56193
149,113,56194
150,117,56195
149,129,56196
149,130,56197
148,137,56198
143,149,56199
147,142,56200
143,152,56201
139,158,56202
138,161,56203
135,165,56204
127,173,56205
128,173,56206
121,178,56207
122,178,56208
116,182,56209
111,184,56210
100,187,56211
96,188,56212
101,188,56213
89,189,56214
81,188,56215
84,189,56216
69,185,56217
64,183,56218
70,187,56219
49,172,56220
53,177,56221
49,174,56222
42,167,56223
39,163,56224
34,156,56225
33,155,56226
29,149,56227
25,138,56228
24,136,56229
22,129,56230
20,117,56231
19,116,56232
19,102,56233
18,105,56234
20,90,56235
20,86,56236
20,84,56237
30,58,56238
20,79,56239
33,51,56240
34,49,56241
35,46,56242
41,38,56243
48,31,56244
47,31,56245
64,19,56246
67,17,56247
67,16,56248
75,13,56249
92,9,56250
93,8,56251
107,8,56252
102,7,56253
109,7,56254
117,8,56255
133,13,56256
127,10,56257
139,15,56258
146,19,56259
154,24,56260
156,25,56261
93,115,56262
90,114,56263
89,113,56264
87,110,56265
87,108,56266
85,107,56267
86,104,56268
85,103,56269
90,96,56270
86,98,56271
89,95,56272
90,93,56273
95,90,56274
95,89,56275
98,88,56276
99,88,56277
100,87,56278
104,87,56279
104,86,56280
106,86,56281
110,87,56282
116,92,56283
113,88,56284
118,92,56285
121,95,56286
123,97,56287
125,100,56288
126,103,56289
127,102,56290
129,113,56291
129,109,56292
130,114,56293
131,116,56294
129,128,56295
131,125,56296
130,130,56297
127,138,56298
129,135,56299
125,143,56300
126,143,56301
123,147,56302
119,152,56303
116,155,56304
119,154,56305
110,160,56306
109,161,56307
110,161,56308
101,164,56309
99,165,56310
97,166,56311
88,166,56312
90,167,56313
79,165,56314
77,165,56315
76,165,56316
71,163,56317
65,159,56318
61,156,56319
60,156,56320
57,153,56321
55,151,56322
50,145,56323
45,134,56324
44,134,56325
42,129,56326
40,121,56327
40,122,56328
39,107,56329
38,111,56330
38,102,56331
38,99,56332
37,101,56333
41,82,56334
40,83,56335
42,76,56336
46,68,56337
51,60,56338
49,62,56339
54,55,56340
57,51,56341
60,48,56342
64,44,56343
74,38,56344
80,35,56345
78,35,56346
89,32,56347
90,31,56348
97,30,56349
101,29,56350
110,30,56351
117,31,56352
120,31,56353
128,34,56354
134,37,56355
138,39,56356
141,41,56357
151,50,56358
150,47,56359
156,54,56360
162,62,56361
166,68,56362
169,73,56363
172,80,56364
176,92,56365
177,94,56366
179,107,56367
179,104,56368
180,113,56369
180,127,56370
179,137,56371
180,136,56372
176,151,56373
173,161,56374
174,160,56375
169,171,56376
160,185,56377
163,182,56378
158,189,56379
149,199,56380
145,203,56381
139,208,56382
131,213,56383
129,214,56384
121,218,56385
116,220,56386
107,223,56387
101,224,56388
97,109,56389
99,107,56390
102,106,56391
105,107,56392
106,107,56393
108,108,56394
110,112,56395
111,111,56396
111,116,56397
112,116,56398
112,120,56399
113,121,56400
112,125,56401
111,128,56402
111,129,56403
109,133,56404
107,136,56405
106,137,56406
106,138,56407
102,141,56408
101,142,56409
96,143,56410
96,144,56411
94,145,56412
90,145,56413
88,145,56414
84,144,56415
81,144,56416
79,143,56417
75,140,56418
72,138,56419
70,137,56420
68,135,56421
66,132,56422
65,132,56423
62,127,56424
60,122,56425
59,120,56426
58,111,56427
57,112,56428
57,105,56429
56,106,56430
57,99,56431
57,96,56432
59,88,56433
59,87,56434
61,82,56435
63,78,56436
63,77,56437
67,71,56438
69,68,56439
72,65,56440
76,62,56441
76,61,56442
83,57,56443
85,56,56444
89,54,56445
99,53,56446
101,52,56447
101,51,56448
109,52,56449
111,52,56450
116,53,56451
122,55,56452
124,56,56453
131,60,56454
134,62,56455
139,66,56456
142,69,56457
147,76,56458
147,75,56459
151,82,56460
154,88,56461
157,96,56462
158,99,56463
158,96,56464
160,114,56465
161,116,56466
161,120,56467
161,128,56468
160,136,56469
159,141,56470
158,145,56471
155,154,56472
154,157,56473
152,161,56474
145,172,56475
143,175,56476
134,184,56477
136,183,56478
131,187,56479
129,189,56480
121,194,56481
115,197,56482
113,198,56483
97,201,56484
96,202,56485
85,202,56486
82,202,56487
80,202,56488
68,199,56489
67,199,56490
60,196,56491
51,191,56492
51,192,56493
42,185,56494
35,178,56495
36,180,56496
29,171,56497
25,166,56498
20,157,56499
17,151,56500
13,141,56501
10,130,56502
11,137,56503
8,111,56504
7,111,56505
7,104,56506
7,94,56507
8,86,56508
10,76,56509
12,68,56510
14,62,56511
17,55,56512
19,50,56513
28,35,56514
27,36,56515
98,115,56516
98,119,56517
96,121,56518
95,123,56519
91,124,56520
89,124,56521
87,123,56522
88,125,56523
82,118,56524
82,122,56525
80,119,56526
79,119,56527
78,114,56528
77,113,56529
76,109,56530
75,109,56531
75,106,56532
76,100,56533
75,101,56534
76,96,56535
75,97,56536
80,89,56537
79,89,56538
79,87,56539
82,84,56540
83,82,56541
89,79,56542
89,78,56543
89,77,56544
99,75,56545
99,74,56546
102,74,56547
107,74,56548
108,74,56549
108,73,56550
114,75,56551
118,77,56552
119,77,56553
128,86,56554
127,83,56555
126,81,56556
133,91,56557
134,93,56558
133,89,56559
139,105,56560
139,102,56561
138,96,56562
141,115,56563
142,114,56564
142,123,56565
142,125,56566
143,122,56567
139,139,56568
141,135,56569
140,140,56570
136,148,56571
136,150,56572
130,158,56573
125,163,56574
130,160,56575
125,165,56576
126,165,56577
111,174,56578
113,174,56579
104,177,56580
109,177,56581
98,179,56582
92,180,56583
86,180,56584
85,180,56585
77,179,56586
76,179,56587
69,176,56588
61,172,56589
58,170,56590
62,174,56591
48,161,56592
42,153,56593
46,161,56594
39,149,56595
37,146,56596
36,147,56597
30,128,56598
30,130,56599
31,137,56600
27,111,56601
26,112,56602
26,102,56603
26,98,56604
28,86,56605
27,88,56606
29,79,56607
33,68,56608
32,68,56609
38,57,56610
48,44,56611
44,47,56612
46,44,56613
57,34,56614
57,33,56615
65,28,56616
65,27,56617
72,23,56618
86,19,56619
77,20,56620
90,17,56621
102,16,56622
101,15,56623
113,16,56624
122,18,56625
121,17,56626
134,22,56627
140,25,56628
147,29,56629
148,29,56630
163,44,56631
163,43,56632
168,49,56633
174,57,56634
177,62,56635
178,63,56636
185,82,56637
184,76,56638
190,100,56639
191,107,56640
191,102,56641
192,115,56642
94,112,56643
92,109,56644
92,105,56645
92,102,56646
94,100,56647
93,99,56648
97,97,56649
96,96,56650
103,96,56651
101,94,56652
104,94,56653
106,94,56654
111,98,56655
110,96,56656
114,99,56657
116,101,56658
116,100,56659
118,103,56660
120,105,56661
121,108,56662
122,110,56663
123,116,56664
123,119,56665
124,118,56666
124,122,56667
124,124,56668
120,135,56669
122,133,56670
123,133,56671
115,143,56672
118,142,56673
116,144,56674
114,147,56675
110,150,56676
110,151,56677
105,154,56678
100,156,56679
98,157,56680
89,157,56681
94,158,56682
87,158,56683
85,158,56684
78,156,56685
77,156,56686
74,155,56687
70,153,56688
70,154,56689
62,146,56690
59,143,56691
62,148,56692
55,137,56693
55,139,56694
51,131,56695
49,125,56696
49,127,56697
47,122,56698
46,114,56699
45,108,56700
46,98,56701
44,106,56702
46,92,56703
46,90,56704
49,81,56705
48,82,56706
56,67,56707
51,73,56708
57,64,56709
67,54,56710
62,57,56711
64,55,56712
73,48,56713
74,47,56714
80,44,56715
80,43,56716
85,41,56717
94,39,56718
102,38,56719
111,39,56720
110,38,56721
115,39,56722
122,41,56723
124,41,56724
130,44,56725
135,47,56726
133,44,56727
150,61,56728
147,56,56729
154,64,56730
156,66,56731
159,71,56732
166,86,56733
165,82,56734
167,87,56735
171,104,56736
172,107,56737
172,121,56738
173,118,56739
173,126,56740
171,139,56741
172,138,56742
168,152,56743
169,151,56744
166,160,56745
152,182,56746
165,164,56747
151,185,56748
147,189,56749
147,190,56750
141,196,56751
130,204,56752
129,205,56753
115,211,56754
116,211,56755
115,212,56756
102,215,56757
90,216,56758
86,216,56759
77,215,56760
73,215,56761
68,214,56762
56,209,56763
49,205,56764
47,205,56765
39,199,56766
32,193,56767
26,187,56768
27,189,56769
99,111,56770
102,111,56771
104,115,56772
105,114,56773
105,121,56774
107,120,56775
104,125,56776
106,125,56777
103,128,56778
104,129,56779
100,132,56780
101,133,56781
96,135,56782
95,136,56783
92,136,56784
91,137,56785
88,137,56786
83,135,56787
83,136,56788
82,136,56789
79,134,56790
75,130,56791
76,133,56792
72,128,56793
70,125,56794
69,124,56795
67,120,56796
66,116,56797
65,116,56798
65,104,56799
64,105,56800
63,107,56801
63,103,56802
67,90,56803
63,97,56804
67,87,56805
68,85,56806
68,83,56807
74,76,56808
74,75,56809
76,72,56810
79,70,56811
81,68,56812
79,68,56813
91,63,56814
92,62,56815
90,62,56816
103,61,56817
104,60,56818
103,59,56819
111,61,56820
112,60,56821
119,63,56822
125,66,56823
126,66,56824
128,67,56825
136,75,56826
136,74,56827
138,76,56828
142,82,56829
144,85,56830
146,87,56831
151,104,56832
150,97,56833
152,105,56834
153,110,56835
154,115,56836
153,128,56837
154,126,56838
152,137,56839
152,138,56840
151,144,56841
146,155,56842
148,152,56843
147,155,56844
138,168,56845
135,172,56846
134,174,56847
133,175,56848
124,182,56849
118,186,56850
123,184,56851
109,190,56852
102,192,56853
106,192,56854
89,193,56855
88,194,56856
84,194,56857
82,194,56858
68,190,56859
65,189,56860
60,187,56861
61,188,56862
48,179,56863
45,177,56864
41,173,56865
33,163,56866
33,164,56867
27,154,56868
24,148,56869
22,143,56870
19,136,56871
18,132,56872
16,121,56873
15,120,56874
14,108,56875
15,95,56876
13,103,56877
16,83,56878
19,71,56879
17,75,56880
26,54,56881
25,55,56882
28,49,56883
35,39,56884
46,27,56885
42,30,56886
49,23,56887
59,16,56888
60,15,56889
64,12,56890
76,7,56891
79,6,56892
91,3,56893
97,2,56894
102,2,56895
104,1,56896
96,115,56897
92,118,56898
89,117,56899
87,116,56900
86,116,56901
84,113,56902
83,110,56903
82,112,56904
83,104,56905
81,107,56906
82,102,56907
83,98,56908
83,97,56909
83,96,56910
86,92,56911
87,90,56912
87,89,56913
90,87,56914
92,85,56915
94,84,56916
96,83,56917
103,83,56918
101,81,56919
104,81,56920
108,82,56921
109,82,56922
112,83,56923
117,86,56924
116,84,56925
122,90,56926
123,90,56927
126,94,56928
128,96,56929
129,97,56930
132,105,56931
133,107,56932
134,112,56933
134,115,56934
134,123,56935
135,120,56936
135,124,56937
134,130,56938
133,135,56939
133,137,56940
130,144,56941
129,146,56942
127,150,56943
123,155,56944
122,156,56945
121,158,56946
114,163,56947
112,165,56948
109,167,56949
106,168,56950
102,170,56951
97,171,56952
91,171,56953
84,171,56954
82,171,56955
84,172,56956
76,170,56957
73,169,56958
68,167,56959
63,164,56960
60,162,56961
53,155,56962
54,157,56963
49,151,56964
46,147,56965
44,144,56966
41,138,56967
39,134,56968
37,128,56969
35,121,56970
34,115,56971
34,100,56972
33,103,56973
34,94,56974
34,91,56975
35,86,56976
37,78,56977
37,77,56978
43,64,56979
44,62,56980
45,59,56981
52,50,56982
55,46,56983
62,40,56984
63,39,56985
70,34,56986
75,31,56987
83,28,56988
85,27,56989
89,26,56990
93,25,56991
110,25,56992
113,25,56993
116,25,56994
120,26,56995
129,29,56996
136,32,56997
139,34,56998
143,36,56999
153,45,57000
157,48,57001
158,49,57002
163,55,57003
169,64,57004
171,67,57005
175,75,57006
179,85,57007
182,97,57008
183,102,57009
184,109,57010
184,127,57011
184,131,57012
184,135,57013
183,142,57014
181,151,57015
181,152,57016
179,159,57017
173,173,57018
169,181,57019
166,186,57020
160,194,57021
156,199,57022
148,207,57023
95,109,57024
96,106,57025
98,104,57026
100,102,57027
103,102,57028
105,102,57029
107,104,57030
106,101,57031
111,108,57032
111,105,57033
113,109,57034
114,107,57035
115,115,57036
116,115,57037
117,118,57038
117,121,57039
117,122,57040
115,128,57041
115,131,57042
115,132,57043
115,133,57044
109,139,57045
111,139,57046
107,143,57047
106,144,57048
105,145,57049
100,147,57050
99,148,57051
97,149,57052
89,149,57053
88,150,57054
87,150,57055
82,149,57056
78,147,57057
79,149,57058
75,147,57059
70,143,57060
68,142,57061
62,133,57062
62,135,57063
62,136,57064
59,130,57065
56,123,57066
56,126,57067
54,116,57068
53,114,57069
53,118,57070
52,105,57071
52,103,57072
53,94,57073
53,93,57074
53,90,57075
58,79,57076
56,81,57077
58,76,57078
63,69,57079
63,68,57080
70,61,57081
74,58,57082
71,59,57083
80,53,57084
75,55,57085
92,49,57086
88,49,57087
98,47,57088
106,47,57089
103,46,57090
110,47,57091
114,47,57092
122,50,57093
124,50,57094
128,52,57095
134,56,57096
138,59,57097
145,66,57098
140,59,57099
151,74,57100
154,79,57101
149,68,57102
159,89,57103
160,91,57104
161,90,57105
164,108,57106
165,111,57107
165,105,57108
165,127,57109
165,131,57110
165,133,57111
164,140,57112
160,153,57113
159,156,57114
158,160,57115
153,168,57116
152,171,57117
150,174,57118
135,189,57119
140,186,57120
137,189,57121
127,196,57122
123,199,57123
115,202,57124
115,203,57125
105,206,57126
92,207,57127
98,208,57128
82,207,57129
78,207,57130
75,207,57131
63,203,57132
59,201,57133
57,201,57134
45,193,57135
40,189,57136
32,182,57137
34,185,57138
21,167,57139
21,168,57140
14,155,57141
13,154,57142
9,144,57143
8,141,57144
4,121,57145
5,132,57146
3,110,57147
2,106,57148
4,86,57149
2,95,57150
98,113,57151
101,118,57152
100,120,57153
100,122,57154
98,125,57155
98,126,57156
95,127,57157
94,129,57158
88,127,57159
90,130,57160
87,129,57161
85,129,57162
81,125,57163
80,125,57164
77,121,57165
76,121,57166
75,120,57167
74,117,57168
73,117,57169
72,112,57170
71,111,57171
71,105,57172
72,99,57173
70,103,57174
71,98,57175
70,99,57176
76,87,57177
75,87,57178
73,88,57179
82,79,57180
80,79,57181
81,78,57182
84,75,57183
92,72,57184
91,71,57185
94,70,57186
98,69,57187
99,68,57188
109,70,57189
105,68,57190
112,69,57191
115,70,57192
119,72,57193
121,73,57194
126,76,57195
127,77,57196
126,74,57197
137,90,57198
137,88,57199
137,87,57200
142,99,57201
142,97,57202
144,102,57203
145,108,57204
146,110,57205
146,120,57206
147,119,57207
146,128,57208
144,138,57209
147,130,57210
144,140,57211
143,145,57212
136,157,57213
140,152,57214
130,165,57215
136,160,57216
129,168,57217
122,173,57218
122,174,57219
116,178,57220
110,181,57221
108,182,57222
100,184,57223
98,185,57224
93,185,57225
91,186,57226
78,184,57227
72,182,57228
78,185,57229
65,180,57230
58,176,57231
63,180,57232
51,171,57233
45,165,57234
51,173,57235
34,149,57236
37,156,57237
33,150,57238
29,141,57239
29,142,57240
24,123,57241
24,125,57242
23,123,57243
22,112,57244
21,107,57245
24,87,57246
22,91,57247
23,85,57248
26,74,57249
26,72,57250
32,59,57251
32,57,57252
35,52,57253
49,36,57254
35,50,57255
49,34,57256
59,26,57257
55,28,57258
64,22,57259
76,16,57260
75,16,57261
91,12,57262
95,11,57263
107,11,57264
106,10,57265
122,13,57266
124,13,57267
130,15,57268
129,14,57269
140,19,57270
146,22,57271
159,33,57272
157,30,57273
166,39,57274
174,49,57275
173,47,57276
180,58,57277
96,113,57278
90,111,57279
90,109,57280
88,108,57281
89,103,57282
87,105,57283
90,100,57284
88,100,57285
94,95,57286
91,95,57287
95,93,57288
96,91,57289
100,91,57290
101,90,57291
106,91,57292
106,90,57293
108,90,57294
112,92,57295
113,92,57296
115,93,57297
117,95,57298
121,101,57299
120,96,57300
123,103,57301
125,107,57302
125,105,57303
126,116,57304
127,114,57305
128,113,57306
126,127,57307
127,128,57308
128,127,57309
127,131,57310
124,138,57311
127,134,57312
124,140,57313
120,146,57314
118,149,57315
115,152,57316
116,152,57317
111,156,57318
106,159,57319
103,160,57320
104,161,57321
97,162,57322
95,163,57323
95,164,57324
82,162,57325
80,162,57326
84,164,57327
69,157,57328
75,162,57329
67,157,57330
63,154,57331
62,154,57332
59,151,57333
53,143,57334
52,142,57335
50,139,57336
46,131,57337
45,129,57338
45,131,57339
42,113,57340
41,114,57341
41,104,57342
40,107,57343
40,103,57344
44,83,57345
41,91,57346
46,76,57347
47,73,57348
46,73,57349
53,62,57350
53,61,57351
54,59,57352
62,51,57353
68,46,57354
67,46,57355
72,42,57356
81,38,57357
86,36,57358
86,35,57359
100,34,57360
100,33,57361
98,32,57362
119,36,57363
120,35,57364
122,35,57365
127,37,57366
136,42,57367
140,44,57368
143,46,57369
147,49,57370
157,61,57371
154,56,57372
163,69,57373
168,80,57374
164,69,57375
171,86,57376
172,88,57377
174,95,57378
176,103,57379
177,111,57380
176,130,57381
178,117,57382
177,133,57383
174,147,57384
177,138,57385
171,159,57386
166,170,57387
170,164,57388
158,183,57389
156,186,57390
156,187,57391
147,197,57392
136,205,57393
139,204,57394
134,208,57395
122,214,57396
115,217,57397
116,217,57398
103,220,57399
98,221,57400
90,222,57401
81,221,57402
69,219,57403
71,220,57404
97,111,57405
101,108,57406
104,109,57407
106,110,57408
107,112,57409
108,112,57410
109,116,57411
110,117,57412
109,123,57413
111,121,57414
108,128,57415
109,127,57416
106,132,57417
106,133,57418
105,134,57419
102,137,57420
101,138,57421
99,139,57422
97,140,57423
95,141,57424
93,142,57425
87,141,57426
87,142,57427
83,141,57428
81,140,57429
78,139,57430
75,137,57431
73,136,57432
70,133,57433
67,128,57434
66,128,57435
64,124,57436
64,125,57437
62,118,57438
61,117,57439
60,112,57440
60,104,57441
59,105,57442
60,99,57443
60,95,57444
62,89,57445
61,90,57446
65,81,57447
63,83,57448
68,75,57449
70,72,57450
71,71,57451
76,66,57452
77,65,57453
79,63,57454
87,59,57455
88,58,57456
91,57,57457
94,56,57458
98,55,57459
106,55,57460
107,55,57461
113,56,57462
120,58,57463
121,58,57464
127,61,57465
129,62,57466
134,66,57467
137,68,57468
142,74,57469
143,75,57470
147,81,57471
148,82,57472
153,93,57473
154,96,57474
155,98,57475
157,107,57476
158,113,57477
158,119,57478
159,118,57479
157,135,57480
157,136,57481
156,142,57482
155,145,57483
152,154,57484
150,158,57485
148,163,57486
142,171,57487
140,174,57488
138,177,57489
130,184,57490
129,185,57491
121,190,57492
118,192,57493
112,195,57494
109,196,57495
100,198,57496
95,199,57497
87,199,57498
78,198,57499
70,196,57500
72,197,57501
68,196,57502
58,192,57503
52,188,57504
50,187,57505
42,181,57506
39,178,57507
30,167,57508
28,165,57509
24,158,57510
23,157,57511
18,146,57512
15,139,57513
13,131,57514
12,127,57515
10,113,57516
10,100,57517
9,106,57518
11,88,57519
13,78,57520
13,75,57521
15,68,57522
18,60,57523
23,49,57524
24,47,57525
28,40,57526
34,32,57527
39,26,57528
44,21,57529
51,15,57530
55,12,57531
97,116,57532
96,119,57533
92,121,57534
91,122,57535
90,122,57536
88,122,57537
84,118,57538
84,121,57539
81,113,57540
81,117,57541
79,113,57542
79,109,57543
78,107,57544
78,105,57545
78,102,57546
77,103,57547
77,100,57548
82,91,57549
80,92,57550
82,89,57551
83,87,57552
87,84,57553
85,84,57554
88,82,57555
91,80,57556
95,78,57557
100,78,57558
102,77,57559
99,76,57560
111,79,57561
109,77,57562
114,79,57563
116,79,57564
119,81,57565
121,82,57566
123,83,57567
126,86,57568
129,90,57569
133,98,57570
133,96,57571
135,99,57572
137,107,57573
138,110,57574
138,106,57575
139,116,57576
140,117,57577
140,122,57578
138,133,57579
139,130,57580
138,135,57581
135,144,57582
135,145,57583
130,153,57584
131,153,57585
129,156,57586
123,162,57587
122,164,57588
112,170,57589
108,172,57590
113,171,57591
108,173,57592
105,175,57593
94,176,57594
94,177,57595
89,177,57596
80,176,57597
82,177,57598
72,174,57599
69,173,57600
64,170,57601
64,171,57602
57,166,57603
49,158,57604
48,157,57605
44,152,57606
45,155,57607
36,137,57608
35,134,57609
36,141,57610
31,121,57611
30,117,57612
30,123,57613
29,108,57614
29,101,57615
28,104,57616
31,85,57617
31,82,57618
34,73,57619
36,68,57620
39,61,57621
40,59,57622
45,51,57623
49,46,57624
49,45,57625
54,40,57626
67,31,57627
69,29,57628
69,28,57629
86,22,57630
84,22,57631
94,20,57632
96,19,57633
102,19,57634
115,20,57635
107,18,57636
124,22,57637
128,23,57638
132,24,57639
141,29,57640
150,35,57641
149,34,57642
157,41,57643
164,49,57644
169,55,57645
168,53,57646
181,80,57647
179,73,57648
182,80,57649
185,90,57650
186,93,57651
188,101,57652
189,117,57653
189,125,57654
189,132,57655
188,139,57656
186,149,57657
187,148,57658
93,109,57659
93,107,57660
94,104,57661
95,101,57662
98,100,57663
97,99,57664
101,98,57665
101,97,57666
106,99,57667
107,98,57668
109,99,57669
109,97,57670
114,104,57671
114,102,57672
116,106,57673
118,108,57674
118,107,57675
120,114,57676
120,116,57677
121,116,57678
121,120,57679
119,129,57680
120,128,57681
121,127,57682
120,131,57683
119,135,57684
113,142,57685
114,142,57686
116,141,57687
106,148,57688
107,149,57689
106,150,57690
105,151,57691
95,153,57692
98,154,57693
93,155,57694
88,155,57695
86,155,57696
76,151,57697
82,155,57698
77,153,57699
73,151,57700
70,149,57701
67,147,57702
62,142,57703
60,140,57704
61,143,57705
53,126,57706
53,128,57707
53,131,57708
50,117,57709
50,121,57710
49,106,57711
48,110,57712
47,108,57713
49,94,57714
47,100,57715
51,85,57716
54,77,57717
50,84,57718
55,73,57719
53,75,57720
64,61,57721
60,64,57722
69,56,57723
64,58,57724
74,51,57725
80,48,57726
78,48,57727
88,44,57728
89,43,57729
95,42,57730
101,41,57731
111,42,57732
108,41,57733
112,41,57734
125,46,57735
129,48,57736
124,44,57737
138,53,57738
141,55,57739
141,54,57740
149,63,57741
153,68,57742
151,63,57743
163,88,57744
163,86,57745
163,84,57746
166,94,57747
167,96,57748
169,110,57749
170,113,57750
170,121,57751
170,130,57752
170,132,57753
164,153,57754
167,148,57755
165,154,57756
157,170,57757
160,167,57758
149,182,57759
154,177,57760
148,185,57761
134,196,57762
142,192,57763
129,201,57764
122,205,57765
118,207,57766
113,209,57767
110,210,57768
102,212,57769
90,213,57770
87,213,57771
78,212,57772
79,213,57773
58,206,57774
57,206,57775
50,202,57776
50,203,57777
40,196,57778
34,191,57779
26,182,57780
29,187,57781
16,169,57782
10,157,57783
10,159,57784
5,146,57785
99,112,57786
102,113,57787
103,119,57788
104,118,57789
103,122,57790
104,124,57791
100,127,57792
103,127,57793
96,130,57794
99,131,57795
95,132,57796
95,133,57797
90,133,57798
87,133,57799
84,132,57800
86,134,57801
82,132,57802
81,132,57803
78,130,57804
75,127,57805
73,125,57806
71,120,57807
71,123,57808
69,118,57809
68,114,57810
67,113,57811
68,100,57812
66,107,57813
66,105,57814
71,89,57815
68,94,57816
67,94,57817
69,89,57818
74,81,57819
71,83,57820
75,78,57821
79,74,57822
78,74,57823
86,69,57824
87,68,57825
88,67,57826
94,65,57827
97,64,57828
100,64,57829
103,63,57830
105,63,57831
104,62,57832
118,67,57833
120,67,57834
120,66,57835
128,72,57836
123,67,57837
131,74,57838
136,79,57839
137,80,57840
140,83,57841
145,94,57842
145,93,57843
146,95,57844
148,101,57845
150,109,57846
150,104,57847
151,118,57848
151,124,57849
150,131,57850
152,124,57851
149,140,57852
145,150,57853
146,149,57854
143,156,57855
141,159,57856
141,160,57857
133,170,57858
132,172,57859
129,175,57860
120,181,57861
115,184,57862
113,185,57863
113,186,57864
100,189,57865
97,190,57866
97,191,57867
83,190,57868
80,190,57869
87,192,57870
59,181,57871
63,185,57872
62,185,57873
57,182,57874
48,175,57875
41,168,57876
39,166,57877
39,167,57878
30,153,57879
29,152,57880
25,143,57881
22,134,57882
22,137,57883
19,124,57884
18,117,57885
17,110,57886
17,101,57887
17,96,57888
22,75,57889
16,96,57890
22,71,57891
24,66,57892
22,68,57893
29,53,57894
39,39,57895
33,45,57896
48,29,57897
47,29,57898
50,26,57899
58,20,57900
70,14,57901
72,12,57902
77,10,57903
88,7,57904
93,6,57905
96,5,57906
111,6,57907
111,5,57908
122,7,57909
128,9,57910
135,11,57911
138,12,57912
95,115,57913
92,116,57914
89,114,57915
87,113,57916
86,110,57917
85,110,57918
85,106,57919
84,106,57920
87,98,57921
84,100,57922
86,97,57923
86,96,57924
90,92,57925
89,91,57926
93,89,57927
93,88,57928
96,86,57929
101,86,57930
100,85,57931
102,84,57932
105,84,57933
111,87,57934
110,85,57935
114,87,57936
117,89,57937
119,90,57938
121,92,57939
125,98,57940
123,93,57941
128,104,57942
128,101,57943
130,108,57944
131,110,57945
131,120,57946
132,114,57947
133,117,57948
131,129,57949
132,128,57950
129,137,57951
131,135,57952
127,143,57953
128,142,57954
123,149,57955
125,149,57956
120,154,57957
117,157,57958
118,157,57959
110,162,57960
108,164,57961
106,165,57962
98,167,57963
98,168,57964
88,168,57965
90,169,57966
87,169,57967
81,168,57968
75,166,57969
70,164,57970
69,164,57971
65,162,57972
61,159,57973
54,152,57974
53,151,57975
49,146,57976
47,143,57977
44,138,57978
42,133,57979
41,131,57980
38,120,57981
38,121,57982
37,108,57983
36,111,57984
37,96,57985
36,98,57986
36,95,57987
40,79,57988
42,74,57989
43,70,57990
44,68,57991
47,62,57992
51,56,57993
52,54,57994
59,47,57995
63,43,57996
65,41,57997
75,35,57998
76,34,57999
84,31,58000
91,29,58001
95,28,58002
102,28,58003
103,27,58004
113,28,58005
119,29,58006
125,31,58007
132,34,58008
136,36,58009
136,35,58010
143,40,58011
155,51,58012
154,49,58013
160,56,58014
163,60,58015
169,70,58016
170,71,58017
176,86,58018
175,82,58019
180,102,58020
180,99,58021
181,107,58022
182,113,58023
181,132,58024
181,136,58025
181,139,58026
178,151,58027
173,165,58028
173,167,58029
168,177,58030
164,183,58031
161,188,58032
158,192,58033
151,200,58034
149,202,58035
139,210,58036
135,213,58037
128,217,58038
120,221,58039
96,110,58040
99,106,58041
101,105,58042
103,104,58043
105,105,58044
107,106,58045
109,109,58046
110,107,58047
112,113,58048
113,112,58049
113,117,58050
114,118,58051
114,121,58052
114,124,58053
114,125,58054
113,129,58055
112,131,58056
111,133,58057
109,136,58058
107,139,58059
107,140,58060
102,142,58061
102,143,58062
99,145,58063
96,146,58064
93,146,58065
87,146,58066
88,147,58067
85,147,58068
76,142,58069
76,143,58070
75,143,58071
74,143,58072
68,137,58073
69,139,58074
67,137,58075
64,133,58076
61,128,58077
58,118,58078
58,122,58079
57,120,58080
56,113,58081
55,108,58082
55,105,58083
55,100,58084
55,98,58085
56,93,58086
57,88,58087
58,85,58088
60,80,58089
61,77,58090
64,72,58091
69,66,58092
67,67,58093
74,61,58094
78,58,58095
77,58,58096
83,55,58097
92,52,58098
92,51,58099
97,50,58100
101,50,58101
108,50,58102
105,49,58103
115,51,58104
121,53,58105
124,54,58106
130,57,58107
131,57,58108
139,64,58109
139,63,58110
145,70,58111
148,74,58112
152,80,58113
153,82,58114
153,80,58115
160,103,58116
160,102,58117
160,96,58118
162,113,58119
163,116,58120
163,123,58121
163,126,58122
161,139,58123
161,142,58124
157,153,58125
156,156,58126
154,161,58127
151,166,58128
149,170,58129
142,179,58130
142,180,58131
135,186,58132
131,190,58133
125,194,58134
112,199,58135
112,200,58136
114,200,58137
101,203,58138
96,204,58139
85,204,58140
81,204,58141
74,203,58142
68,201,58143
71,203,58144
57,197,58145
50,193,58146
48,192,58147
34,179,58148
38,184,58149
27,171,58150
25,169,58151
19,159,58152
18,157,58153
17,157,58154
8,124,58155
8,129,58156
7,126,58157
6,115,58158
5,111,58159
5,104,58160
5,98,58161
7,82,58162
8,77,58163
11,65,58164
17,51,58165
14,56,58166
99,117,58167
99,119,58168
97,121,58169
96,124,58170
93,125,58171
93,126,58172
90,126,58173
90,127,58174
84,122,58175
84,125,58176
83,124,58177
81,124,58178
78,118,58179
77,117,58180
76,114,58181
75,114,58182
74,112,58183
74,106,58184
73,105,58185
73,104,58186
73,101,58187
76,93,58188
77,91,58189
75,92,58190
76,89,58191
77,87,58192
85,80,58193
85,79,58194
82,80,58195
93,75,58196
93,74,58197
95,73,58198
93,73,58199
102,72,58200
101,71,58201
105,71,58202
109,72,58203
111,72,58204
121,78,58205
120,76,58206
120,75,58207
130,85,58208
130,84,58209
129,82,58210
135,91,58211
136,92,58212
134,86,58213
141,107,58214
141,103,58215
142,103,58216
143,114,58217
144,114,58218
143,127,58219
144,126,58220
144,127,58221
142,136,58222
143,136,58223
137,150,58224
135,153,58225
139,149,58226
132,159,58227
134,158,58228
119,171,58229
126,167,58230
113,175,58231
121,172,58232
108,178,58233
102,180,58234
104,180,58235
96,182,58236
90,182,58237
90,183,58238
83,182,58239
75,180,58240
71,179,58241
71,180,58242
58,172,58243
52,167,58244
58,174,58245
48,164,58246
44,160,58247
47,165,58248
35,146,58249
33,142,58250
36,151,58251
27,121,58252
28,130,58253
26,122,58254
25,115,58255
25,101,58256
24,102,58257
24,100,58258
26,86,58259
25,87,58260
29,73,58261
36,59,58262
33,62,58263
35,58,58264
45,44,58265
40,49,58266
52,36,58267
52,35,58268
59,29,58269
73,22,58270
60,27,58271
77,19,58272
84,17,58273
85,16,58274
96,14,58275
105,14,58276
103,13,58277
119,15,58278
123,16,58279
134,20,58280
131,18,58281
149,29,58282
150,29,58283
158,36,58284
159,36,58285
163,40,58286
178,62,58287
169,46,58288
177,58,58289
182,68,58290
187,81,58291
186,76,58292
192,101,58293
92,112,58294
91,109,58295
91,105,58296
90,104,58297
91,102,58298
91,100,58299
94,98,58300
93,96,58301
100,95,58302
97,94,58303
100,93,58304
102,92,58305
107,94,58306
109,94,58307
111,95,58308
112,95,58309
114,96,58310
115,97,58311
118,100,58312
119,101,58313
120,102,58314
123,111,58315
123,105,58316
124,112,58317
125,115,58318
125,119,58319
124,127,58320
126,122,58321
126,126,58322
118,141,58323
123,135,58324
122,138,58325
119,143,58326
115,147,58327
118,146,58328
112,151,58329
108,154,58330
107,155,58331
102,157,58332
101,158,58333
97,159,58334
94,160,58335
85,159,58336
86,160,58337
84,160,58338
79,159,58339
79,160,58340
68,153,58341
66,152,58342
68,155,58343
59,145,58344
62,150,58345
57,144,58346
53,138,58347
51,135,58348
49,132,58349
47,125,58350
45,117,58351
45,118,58352
44,114,58353
43,108,58354
43,104,58355
44,95,58356
44,91,58357
47,82,58358
46,82,58359
49,75,58360
55,65,58361
51,70,58362
56,62,58363
61,56,58364
62,54,58365
70,48,58366
69,48,58367
71,46,58368
79,42,58369
88,39,58370
95,37,58371
90,37,58372
101,36,58373
106,36,58374
111,36,58375
122,39,58376
125,40,58377
121,37,58378
142,51,58379
136,45,58380
142,49,58381
146,52,58382
152,59,58383
157,65,58384
161,71,58385
162,72,58386
167,84,58387
168,85,58388
171,95,58389
173,106,58390
174,108,58391
174,124,58392
175,118,58393
173,137,58394
174,135,58395
173,142,58396
166,161,58397
173,146,58398
165,166,58399
158,178,58400
160,176,58401
159,178,58402
148,191,58403
144,196,58404
133,204,58405
128,207,58406
130,207,58407
119,212,58408
103,216,58409
107,216,58410
104,217,58411
93,218,58412
89,219,58413
75,217,58414
68,215,58415
71,217,58416
60,213,58417
48,207,58418
43,204,58419
43,205,58420
100,110,58421
102,110,58422
104,112,58423
106,113,58424
106,117,58425
108,118,58426
107,122,58427
108,123,58428
105,127,58429
107,127,58430
104,130,58431
105,131,58432
98,135,58433
98,136,58434
97,137,58435
98,137,58436
93,138,58437
88,138,58438
88,139,58439
86,139,58440
83,138,58441
79,135,58442
80,137,58443
76,135,58444
73,132,58445
70,128,58446
69,127,58447
67,124,58448
66,122,58449
64,113,58450
64,117,58451
63,113,58452
62,111,58453
64,97,58454
61,107,58455
62,99,58456
64,92,58457
63,92,58458
67,84,58459
67,82,58460
71,76,58461
72,75,58462
75,71,58463
72,73,58464
81,66,58465
82,65,58466
84,63,58467
91,61,58468
92,60,58469
96,59,58470
101,58,58471
102,58,58472
111,59,58473
113,59,58474
114,59,58475
118,60,58476
127,65,58477
129,66,58478
132,68,58479
137,73,58480
140,76,58481
142,78,58482
148,90,58483
147,86,58484
150,93,58485
152,98,58486
153,102,58487
154,106,58488
155,112,58489
155,125,58490
155,129,58491
156,125,58492
153,140,58493
154,139,58494
153,144,58495
148,155,58496
146,159,58497
145,162,58498
141,168,58499
137,173,58500
132,178,58501
132,179,58502
123,185,58503
118,188,58504
116,190,58505
106,193,58506
108,193,58507
98,195,58508
94,196,58509
89,196,58510
75,194,58511
76,195,58512
69,193,58513
64,191,58514
58,188,58515
49,182,58516
45,179,58517
45,180,58518
40,175,58519
30,162,58520
29,161,58521
26,156,58522
21,146,58523
19,140,58524
17,136,58525
15,125,58526
14,124,58527
13,115,58528
12,108,58529
13,94,58530
12,97,58531
17,73,58532
17,72,58533
16,73,58534
21,60,58535
30,44,58536
29,44,58537
33,38,58538
40,30,58539
43,26,58540
45,24,58541
58,14,58542
63,11,58543
71,7,58544
73,6,58545
85,2,58546
89,1,58547
95,118,58548
93,119,58549
90,119,58550
89,119,58551
87,118,58552
86,118,58553
84,114,58554
83,116,58555
82,108,58556
80,111,58557
81,103,58558
80,104,58559
81,99,58560
81,98,58561
83,94,58562
82,94,58563
84,91,58564
86,88,58565
87,87,58566
89,85,58567
90,84,58568
97,82,58569
96,81,58570
98,80,58571
102,80,58572
103,79,58573
110,81,58574
112,81,58575
109,79,58576
117,84,58577
120,85,58578
123,88,58579
123,87,58580
127,92,58581
129,95,58582
130,96,58583
132,100,58584
133,102,58585
135,113,58586
136,111,58587
136,118,58588
137,119,58589
136,127,58590
137,125,58591
135,134,58592
135,136,58593
134,140,58594
130,147,58595
129,150,58596
130,149,58597
124,157,58598
122,159,58599
120,161,58600
116,165,58601
114,166,58602
109,169,58603
105,171,58604
99,172,58605
94,173,58606
95,174,58607
89,174,58608
81,173,58609
80,173,58610
73,171,58611
68,169,58612
63,166,58613
61,165,58614
56,161,58615
54,160,58616
47,151,58617
48,153,58618
45,149,58619
41,142,58620
37,133,58621
35,127,58622
36,133,58623
33,115,58624
32,110,58625
32,100,58626
31,103,58627
32,94,58628
32,92,58629
35,79,58630
36,76,58631
37,71,58632
42,62,58633
46,55,58634
45,56,58635
52,47,58636
58,41,58637
60,39,58638
64,36,58639
71,31,58640
73,30,58641
76,28,58642
94,24,58643
95,23,58644
96,22,58645
104,22,58646
109,22,58647
120,24,58648
129,27,58649
130,27,58650
136,30,58651
139,31,58652
146,36,58653
153,41,58654
156,44,58655
162,51,58656
165,54,58657
173,67,58658
175,71,58659
179,80,58660
182,90,58661
182,87,58662
185,111,58663
186,110,58664
186,120,58665
187,123,58666
186,132,58667
185,142,58668
183,150,58669
181,158,58670
176,171,58671
172,179,58672
170,183,58673
165,191,58674
96,112,58675
95,106,58676
98,103,58677
98,101,58678
102,101,58679
102,100,58680
105,101,58681
106,100,58682
110,105,58683
111,103,58684
112,104,58685
115,111,58686
113,103,58687
116,111,58688
117,114,58689
118,115,58690
118,118,58691
117,126,58692
118,125,58693
118,127,58694
118,129,58695
113,136,58696
114,137,58697
114,138,58698
112,140,58699
111,142,58700
105,146,58701
105,147,58702
104,148,58703
95,150,58704
96,151,58705
94,152,58706
89,152,58707
82,150,58708
89,153,58709
81,151,58710
77,149,58711
75,149,58712
67,141,58713
69,145,58714
67,144,58715
63,139,58716
58,131,58717
58,133,58718
55,125,58719
55,126,58720
54,127,58721
52,113,58722
51,112,58723
51,106,58724
51,99,58725
50,102,58726
53,89,58727
51,93,58728
52,87,58729
56,78,58730
55,78,58731
61,69,58732
66,63,58733
62,66,58734
67,61,58735
66,60,58736
84,50,58737
79,51,58738
88,48,58739
83,48,58740
94,46,58741
100,45,58742
99,44,58743
109,45,58744
112,45,58745
115,45,58746
123,48,58747
129,51,58748
131,52,58749
128,49,58750
146,65,58751
150,70,58752
143,59,58753
154,75,58754
156,78,58755
156,76,58756
163,96,58757
162,91,58758
163,90,58759
166,112,58760
167,112,58761
167,119,58762
168,120,58763
166,135,58764
166,139,58765
165,144,58766
162,153,58767
163,152,58768
159,161,58769
150,175,58770
150,177,58771
148,180,58772
140,188,58773
140,189,58774
125,199,58775
133,195,58776
123,201,58777
104,207,58778
114,206,58779
105,208,58780
94,209,58781
93,210,58782
87,210,58783
70,207,58784
75,209,58785
63,205,58786
56,202,58787
47,197,58788
46,197,58789
32,184,58790
28,180,58791
27,179,58792
24,176,58793
18,167,58794
15,162,58795
9,147,58796
9,150,58797
5,136,58798
3,127,58799
2,124,58800
1,114,58801
99,113,58802
102,117,58803
101,120,58804
102,121,58805
101,123,58806
100,126,58807
96,128,58808
98,129,58809
90,129,58810
93,131,58811
90,131,58812
87,131,58813
83,128,58814
82,129,58815
79,126,58816
79,127,58817
76,124,58818
75,123,58819
73,120,58820
72,117,58821
71,116,58822
70,111,58823
70,106,58824
69,109,58825
69,105,58826
69,100,58827
73,90,58828
70,94,58829
69,95,58830
77,83,58831
73,86,58832
76,81,58833
77,80,58834
83,75,58835
81,75,58836
87,71,58837
90,70,58838
91,69,58839
103,68,58840
99,67,58841
101,66,58842
104,66,58843
113,68,58844
114,68,58845
117,69,58846
118,69,58847
118,68,58848
130,78,58849
132,79,58850
131,77,58851
138,87,58852
137,84,58853
140,89,58854
143,96,58855
145,100,58856
146,102,58857
147,110,58858
148,115,58859
147,128,58860
149,118,58861
148,129,58862
147,136,58863
146,139,58864
145,144,58865
139,155,58866
144,148,58867
139,157,58868
132,166,58869
132,167,58870
127,172,58871
122,176,58872
123,176,58873
111,182,58874
111,183,58875
109,184,58876
101,186,58877
94,187,58878
88,187,58879
88,188,58880
82,187,58881
73,185,58882
74,186,58883
65,182,58884
56,177,58885
65,184,58886
41,162,58887
46,170,58888
41,164,58889
38,161,58890
35,156,58891
28,142,58892
30,148,58893
26,139,58894
22,123,58895
22,124,58896
21,105,58897
20,110,58898
19,108,58899
21,90,58900
20,93,58901
23,79,58902
23,77,58903
25,69,58904
37,48,58905
25,66,58906
38,45,58907
43,38,58908
43,37,58909
48,32,58910
54,27,58911
60,22,58912
70,17,58913
76,14,58914
74,14,58915
89,10,58916
101,9,58917
100,8,58918
110,9,58919
116,9,58920
122,10,58921
131,13,58922
141,18,58923
139,16,58924
149,22,58925
159,30,58926
162,32,58927
165,34,58928
92,114,58929
90,113,58930
89,111,58931
88,111,58932
87,106,58933
86,106,58934
88,101,58935
86,102,58936
91,96,58937
88,96,58938
92,93,58939
91,93,58940
97,90,58941
96,89,58942
101,89,58943
101,88,58944
103,88,58945
108,89,58946
108,88,58947
109,88,58948
112,89,58949
118,95,58950
115,90,58951
121,97,58952
122,98,58953
123,99,58954
125,102,58955
127,108,58956
128,107,58957
128,120,58958
129,118,58959
130,118,58960
130,121,58961
127,133,58962
130,128,58963
128,134,58964
125,141,58965
124,143,58966
121,147,58967
122,147,58968
119,151,58969
113,156,58970
111,158,58971
113,158,58972
103,162,58973
104,162,58974
104,163,58975
91,164,58976
90,165,58977
93,166,58978
81,164,58979
85,166,58980
76,163,58981
73,162,58982
68,160,58983
66,159,58984
60,154,58985
58,152,58986
54,148,58987
52,145,58988
49,141,58989
49,142,58990
43,125,58991
44,132,58992
41,122,58993
40,116,58994
39,112,58995
40,96,58996
38,105,58997
40,92,58998
41,86,58999
40,88,59000
45,74,59001
45,72,59002
46,69,59003
52,60,59004
56,55,59005
57,53,59006
63,47,59007
68,43,59008
71,41,59009
73,39,59010
83,35,59011
86,34,59012
86,33,59013
107,32,59014
106,31,59015
104,30,59016
105,30,59017
123,34,59018
127,35,59019
130,36,59020
134,38,59021
144,45,59022
145,45,59023
153,53,59024
157,58,59025
156,55,59026
164,67,59027
166,70,59028
171,81,59029
171,80,59030
175,92,59031
177,101,59032
178,104,59033
179,114,59034
178,132,59035
180,121,59036
178,139,59037
177,143,59038
178,143,59039
169,167,59040
170,166,59041
167,173,59042
162,181,59043
152,193,59044
154,192,59045
148,199,59046
140,205,59047
137,208,59048
131,212,59049
120,217,59050
118,218,59051
108,221,59052
98,223,59053
86,223,59054
92,224,59055
97,110,59056
101,107,59057
102,107,59058
105,108,59059
107,109,59060
109,112,59061
110,114,59062
111,114,59063
111,119,59064
112,119,59065
111,123,59066
111,125,59067
110,128,59068
109,131,59069
108,133,59070
107,134,59071
106,136,59072
104,138,59073
103,139,59074
100,141,59075
98,142,59076
93,143,59077
93,144,59078
90,144,59079
88,144,59080
83,143,59081
80,142,59082
79,142,59083
76,140,59084
72,137,59085
69,134,59086
67,132,59087
66,131,59088
63,126,59089
62,125,59090
61,121,59091
60,119,59092
59,116,59093
58,107,59094
58,105,59095
58,100,59096
58,97,59097
59,92,59098
59,91,59099
61,85,59100
62,82,59101
64,78,59102
67,73,59103
68,71,59104
72,67,59105
75,64,59106
79,61,59107
82,59,59108
85,57,59109
88,56,59110
94,54,59111
97,53,59112
105,53,59113
107,53,59114
110,53,59115
115,54,59116
121,56,59117
123,57,59118
129,60,59119
132,62,59120
137,66,59121
140,69,59122
142,71,59123
144,73,59124
148,79,59125
151,84,59126
155,93,59127
156,96,59128
158,103,59129
159,108,59130
160,112,59131
160,121,59132
160,124,59133
159,135,59134
159,136,59135
158,141,59136
155,151,59137
152,158,59138
149,164,59139
148,166,59140
144,172,59141
139,178,59142
137,180,59143
133,184,59144
128,188,59145
120,193,59146
114,196,59147
111,197,59148
106,199,59149
101,200,59150
88,201,59151
86,201,59152
83,201,59153
72,199,59154
68,198,59155
63,196,59156
53,191,59157
47,187,59158
42,183,59159
42,184,59160
33,174,59161
32,173,59162
28,168,59163
21,157,59164
19,153,59165
16,146,59166
14,141,59167
10,125,59168
9,120,59169
9,124,59170
8,102,59171
8,98,59172
9,88,59173
10,80,59174
12,72,59175
16,60,59176
17,57,59177
22,47,59178
23,45,59179
30,34,59180
34,29,59181
38,24,59182
98,116,59183
97,120,59184
95,121,59185
93,123,59186
91,123,59187
88,123,59188
87,124,59189
85,121,59190
81,115,59191
82,121,59192
80,118,59193
79,118,59194
78,111,59195
77,110,59196
76,107,59197
76,105,59198
76,101,59199
78,97,59200
77,97,59201
77,95,59202
78,92,59203
83,86,59204
82,86,59205
82,85,59206
85,82,59207
87,80,59208
95,77,59209
93,77,59210
94,76,59211
105,76,59212
103,75,59213
106,75,59214
108,75,59215
112,76,59216
114,76,59217
116,77,59218
122,81,59219
123,81,59220
130,90,59221
129,87,59222
130,87,59223
134,95,59224
135,96,59225
137,98,59226
139,109,59227
140,110,59228
140,104,59229
141,120,59230
141,123,59231
141,125,59232
140,133,59233
141,131,59234
137,142,59235
138,142,59236
137,145,59237
133,152,59238
132,155,59239
125,162,59240
122,165,59241
125,164,59242
115,171,59243
117,171,59244
106,175,59245
102,177,59246
96,178,59247
102,178,59248
92,179,59249
81,178,59250
84,179,59251
76,177,59252
71,176,59253
68,175,59254
63,172,59255
57,168,59256
52,164,59257
55,168,59258
45,156,59259
40,148,59260
46,160,59261
35,139,59262
33,135,59263
33,138,59264
29,119,59265
28,115,59266
28,123,59267
27,104,59268
27,101,59269
28,91,59270
28,89,59271
32,74,59272
31,75,59273
34,67,59274
39,58,59275
38,58,59276
42,52,59277
53,40,59278
55,37,59279
53,38,59280
64,30,59281
66,28,59282
79,22,59283
75,23,59284
83,20,59285
98,18,59286
92,17,59287
113,18,59288
109,17,59289
107,16,59290
125,20,59291
135,24,59292
135,23,59293
143,28,59294
151,34,59295
156,38,59296
157,38,59297
171,56,59298
173,58,59299
177,65,59300
178,66,59301
181,73,59302
184,79,59303
189,103,59304
188,92,59305
190,107,59306
191,117,59307
190,134,59308
192,122,59309
93,110,59310
92,107,59311
93,104,59312
93,102,59313
95,100,59314
96,98,59315
98,98,59316
98,96,59317
104,97,59318
105,96,59319
106,96,59320
107,95,59321
111,99,59322
113,99,59323
115,101,59324
117,104,59325
117,103,59326
119,107,59327
120,107,59328
121,111,59329
122,113,59330
122,120,59331
122,123,59332
123,122,59333
122,128,59334
123,126,59335
119,136,59336
120,136,59337
121,135,59338
110,147,59339
115,144,59340
111,148,59341
109,150,59342
103,153,59343
105,153,59344
100,155,59345
97,156,59346
94,157,59347
83,155,59348
90,158,59349
85,157,59350
80,156,59351
76,154,59352
70,151,59353
71,152,59354
68,151,59355
67,151,59356
58,139,59357
57,139,59358
56,139,59359
52,129,59360
51,129,59361
50,126,59362
48,118,59363
47,116,59364
47,106,59365
46,109,59366
46,103,59367
48,91,59368
46,94,59369
48,87,59370
48,85,59371
55,71,59372
52,74,59373
60,63,59374
56,66,59375
63,58,59376
72,51,59377
69,52,59378
75,48,59379
78,46,59380
82,44,59381
88,42,59382
89,41,59383
94,40,59384
100,39,59385
111,40,59386
119,42,59387
117,40,59388
122,42,59389
132,47,59390
131,45,59391
140,52,59392
144,55,59393
140,50,59394
155,69,59395
154,66,59396
159,73,59397
163,81,59398
165,85,59399
167,92,59400
168,94,59401
169,96,59402
171,112,59403
172,114,59404
169,140,59405
172,126,59406
171,137,59407
167,152,59408
169,147,59409
162,164,59410
164,162,59411
159,172,59412
145,188,59413
160,172,59414
142,193,59415
136,198,59416
142,194,59417
128,204,59418
120,208,59419
121,208,59420
103,213,59421
100,214,59422
104,214,59423
93,215,59424
80,214,59425
77,214,59426
65,211,59427
63,211,59428
56,208,59429
52,206,59430
38,196,59431
40,199,59432
29,189,59433
24,183,59434
19,177,59435
18,176,59436
97,112,59437
102,112,59438
104,117,59439
105,116,59440
105,120,59441
106,120,59442
102,127,59443
105,126,59444
100,130,59445
102,130,59446
98,132,59447
99,133,59448
95,134,59449
92,135,59450
89,135,59451
89,136,59452
87,136,59453
82,134,59454
81,134,59455
79,133,59456
77,131,59457
74,128,59458
73,129,59459
71,125,59460
69,121,59461
68,120,59462
67,117,59463
66,113,59464
65,112,59465
66,101,59466
64,104,59467
66,97,59468
65,96,59469
69,87,59470
65,93,59471
69,85,59472
72,80,59473
72,79,59474
77,74,59475
77,73,59476
79,71,59477
85,67,59478
88,65,59479
86,65,59480
95,63,59481
97,62,59482
97,61,59483
108,62,59484
110,62,59485
109,61,59486
119,65,59487
115,62,59488
125,67,59489
129,70,59490
130,70,59491
133,73,59492
138,79,59493
141,82,59494
144,87,59495
145,89,59496
147,93,59497
147,91,59498
151,109,59499
152,110,59500
152,123,59501
153,116,59502
153,123,59503
151,135,59504
152,135,59505
149,145,59506
148,148,59507
148,150,59508
141,162,59509
141,163,59510
141,164,59511
130,175,59512
127,178,59513
129,177,59514
123,182,59515
113,187,59516
108,189,59517
111,189,59518
102,191,59519
95,192,59520
97,193,59521
76,190,59522
80,192,59523
77,192,59524
70,190,59525
61,186,59526
56,183,59527
51,180,59528
50,180,59529
42,172,59530
38,168,59531
33,161,59532
27,151,59533
28,155,59534
24,145,59535
21,138,59536
19,131,59537
18,128,59538
16,117,59539
17,93,59540
15,112,59541
16,91,59542
19,77,59543
15,92,59544
21,68,59545
24,61,59546
21,66,59547
30,49,59548
32,45,59549
35,40,59550
43,31,59551
55,21,59552
51,23,59553
57,18,59554
70,11,59555
72,10,59556
76,8,59557
87,5,59558
93,4,59559
100,3,59560
114,4,59561
116,4,59562
119,4,59563
95,116,59564
91,117,59565
89,116,59566
87,115,59567
86,114,59568
84,112,59569
84,109,59570
83,109,59571
84,103,59572
82,105,59573
83,101,59574
84,98,59575
85,95,59576
85,94,59577
89,90,59578
89,89,59579
91,87,59580
94,86,59581
95,85,59582
97,84,59583
99,83,59584
106,84,59585
104,82,59586
108,83,59587
113,85,59588
112,84,59589
117,87,59590
120,89,59591
120,88,59592
126,97,59593
125,94,59594
129,101,59595
129,100,59596
130,101,59597
132,108,59598
133,111,59599
133,120,59600
134,119,59601
133,126,59602
134,127,59603
133,131,59604
132,135,59605
129,142,59606
132,138,59607
127,147,59608
125,151,59609
125,152,59610
117,159,59611
118,159,59612
115,162,59613
106,166,59614
108,166,59615
104,168,59616
99,169,59617
97,170,59618
92,171,59619
84,170,59620
83,170,59621
78,169,59622
76,169,59623
71,167,59624
67,165,59625
61,161,59626
58,159,59627
55,156,59628
50,150,59629
48,148,59630
46,145,59631
41,135,59632
41,136,59633
38,128,59634
36,120,59635
35,114,59636
35,109,59637
34,108,59638
35,95,59639
36,88,59640
36,87,59641
37,81,59642
39,75,59643
43,66,59644
42,67,59645
49,56,59646
52,52,59647
51,52,59648
57,46,59649
61,42,59650
68,37,59651
73,34,59652
76,32,59653
80,30,59654
91,27,59655
95,26,59656
108,26,59657
111,26,59658
116,27,59659
118,27,59660
123,28,59661
131,31,59662
137,34,59663
142,37,59664
149,42,59665
157,50,59666
152,44,59667
161,54,59668
166,61,59669
171,69,59670
174,76,59671
175,77,59672
180,93,59673
180,92,59674
183,110,59675
183,117,59676
184,117,59677
183,131,59678
181,145,59679
182,143,59680
178,158,59681
174,168,59682
174,169,59683
169,179,59684
163,188,59685
164,187,59686
156,197,59687
148,205,59688
144,209,59689
140,212,59690
96,108,59691
97,106,59692
100,104,59693
101,103,59694
105,104,59695
106,103,59696
108,106,59697
108,103,59698
112,111,59699
112,108,59700
114,112,59701
114,110,59702
115,117,59703
116,118,59704
116,121,59705
116,122,59706
116,125,59707
113,131,59708
114,131,59709
112,135,59710
112,136,59711
105,142,59712
108,141,59713
104,144,59714
103,145,59715
101,146,59716
94,147,59717
94,148,59718
94,149,59719
83,147,59720
84,148,59721
82,148,59722
79,147,59723
73,143,59724
74,145,59725
71,143,59726
66,138,59727
65,137,59728
60,127,59729
61,132,59730
59,129,59731
57,123,59732
55,115,59733
55,121,59734
54,111,59735
53,109,59736
53,103,59737
53,102,59738
54,95,59739
55,89,59740
56,85,59741
56,84,59742
61,75,59743
61,73,59744
63,70,59745
69,64,59746
68,64,59747
77,57,59748
80,55,59749
78,55,59750
87,51,59751
84,51,59752
97,49,59753
97,48,59754
103,48,59755
109,48,59756
112,48,59757
118,50,59758
121,50,59759
128,54,59760
128,53,59761
134,57,59762
141,63,59763
142,64,59764
145,67,59765
146,67,59766
155,83,59767
157,87,59768
156,81,59769
161,99,59770
162,101,59771
162,97,59772
164,115,59773
164,127,59774
165,120,59775
163,136,59776
163,139,59777
160,150,59778
160,151,59779
158,156,59780
152,168,59781
152,169,59782
146,177,59783
146,178,59784
141,183,59785
128,193,59786
131,192,59787
129,194,59788
112,202,59789
116,201,59790
101,205,59791
104,205,59792
93,206,59793
86,206,59794
84,207,59795
71,204,59796
64,202,59797
65,203,59798
53,197,59799
50,195,59800
46,193,59801
37,185,59802
31,179,59803
28,176,59804
26,174,59805
14,151,59806
15,155,59807
10,143,59808
9,140,59809
7,134,59810
5,124,59811
4,112,59812
3,111,59813
3,104,59814
4,91,59815
8,71,59816
4,85,59817
100,116,59818
100,117,59819
99,121,59820
98,124,59821
96,125,59822
96,126,59823
92,127,59824
93,128,59825
87,126,59826
87,128,59827
85,127,59828
83,127,59829
80,123,59830
78,122,59831
77,119,59832
76,119,59833
75,118,59834
73,113,59835
73,110,59836
72,109,59837
71,108,59838
73,98,59839
73,97,59840
71,100,59841
73,93,59842
73,92,59843
80,83,59844
79,83,59845
76,85,59846
86,77,59847
84,77,59848
87,75,59849
87,74,59850
95,72,59851
94,71,59852
98,70,59853
103,70,59854
108,70,59855
113,72,59856
111,70,59857
115,71,59858
120,74,59859
122,75,59860
126,77,59861
130,81,59862
132,83,59863
130,79,59864
140,99,59865
138,92,59866
139,92,59867
143,106,59868
143,103,59869
144,107,59870
145,114,59871
146,115,59872
145,127,59873
146,125,59874
142,141,59875
140,146,59876
145,136,59877
140,148,59878
141,148,59879
131,162,59880
134,160,59881
122,171,59882
131,165,59883
121,173,59884
114,177,59885
115,177,59886
109,180,59887
105,182,59888
100,183,59889
94,184,59890
88,184,59891
84,184,59892
87,185,59893
69,180,59894
63,177,59895
71,182,59896
56,173,59897
54,172,59898
55,174,59899
42,160,59900
39,156,59901
45,166,59902
32,143,59903
33,147,59904
31,144,59905
27,132,59906
26,130,59907
24,117,59908
23,114,59909
23,105,59910
22,105,59911
23,93,59912
29,71,59913
24,84,59914
27,73,59915
32,62,59916
31,62,59917
42,45,59918
38,49,59919
40,46,59920
61,27,59921
44,39,59922
61,26,59923
67,22,59924
69,20,59925
79,16,59926
85,14,59927
89,13,59928
99,12,59929
109,12,59930
110,12,59931
115,12,59932
128,16,59933
135,18,59934
142,22,59935
140,20,59936
148,25,59937
154,29,59938
168,44,59939
166,40,59940
175,52,59941
181,63,59942
178,56,59943
184,68,59944
93,113,59945
90,110,59946
90,107,59947
89,107,59948
90,102,59949
88,103,59950
92,98,59951
89,99,59952
96,95,59953
93,94,59954
96,93,59955
97,91,59956
102,91,59957
103,91,59958
107,92,59959
107,91,59960
110,92,59961
112,93,59962
114,94,59963
117,96,59964
118,97,59965
122,105,59966
121,99,59967
124,107,59968
125,110,59969
126,111,59970
126,120,59971
127,118,59972
128,117,59973
122,136,59974
126,129,59975
126,132,59976
124,136,59977
122,140,59978
123,141,59979
120,145,59980
116,149,59981
115,151,59982
111,154,59983
109,156,59984
105,158,59985
103,159,59986
96,161,59987
100,161,59988
92,162,59989
87,162,59990
88,163,59991
74,158,59992
77,160,59993
76,161,59994
66,154,59995
71,159,59996
62,152,59997
60,150,59998
56,146,59999
55,145,60000
50,136,60001
49,135,60002
46,128,60003
45,125,60004
43,117,60005
43,122,60006
42,108,60007
41,109,60008
43,92,60009
41,100,60010
42,93,60011
46,80,60012
45,80,60013
49,71,60014
53,64,60015
53,63,60016
58,57,60017
59,55,60018
60,53,60019
71,45,60020
76,42,60021
79,40,60022
77,40,60023
90,36,60024
94,35,60025
90,35,60026
104,34,60027
108,34,60028
108,33,60029
133,43,60030
128,39,60031
127,38,60032
135,42,60033
143,48,60034
146,50,60035
151,55,60036
150,53,60037
160,67,60038
159,64,60039
166,76,60040
171,91,60041
170,84,60042
173,96,60043
175,105,60044
176,113,60045
176,117,60046
177,119,60047
172,148,60048
177,130,60049
174,145,60050
170,157,60051
172,155,60052
169,162,60053
160,178,60054
164,174,60055
150,191,60056
148,194,60057
148,195,60058
137,204,60059
124,211,60060
126,211,60061
120,214,60062
110,217,60063
103,219,60064
99,220,60065
88,220,60066
90,221,60067
74,219,60068
67,217,60069
60,215,60070
61,216,60071
98,110,60072
102,109,60073
104,111,60074
106,111,60075
107,114,60076
108,114,60077
108,119,60078
109,119,60079
107,126,60080
109,125,60081
107,128,60082
107,130,60083
104,133,60084
102,135,60085
103,135,60086
100,137,60087
97,139,60088
94,139,60089
94,140,60090
92,141,60091
88,141,60092
83,139,60093
82,139,60094
80,139,60095
77,137,60096
75,136,60097
73,134,60098
71,132,60099
68,129,60100
66,124,60101
66,126,60102
64,121,60103
62,117,60104
62,105,60105
61,113,60106
60,108,60107
61,101,60108
60,102,60109
62,93,60110
62,90,60111
65,84,60112
64,84,60113
70,75,60114
66,79,60115
72,72,60116
74,69,60117
77,66,60118
82,63,60119
83,62,60120
87,60,60121
93,58,60122
94,57,60123
102,57,60124
101,56,60125
107,56,60126
113,57,60127
116,58,60128
119,59,60129
122,60,60130
125,61,60131
130,64,60132
135,68,60133
141,75,60134
143,77,60135
145,80,60136
146,81,60137
151,91,60138
151,90,60139
154,100,60140
156,109,60141
156,106,60142
157,113,60143
157,121,60144
157,128,60145
158,124,60146
154,143,60147
153,147,60148
153,148,60149
149,158,60150
147,162,60151
145,165,60152
143,169,60153
132,180,60154
135,178,60155
131,182,60156
122,188,60157
123,188,60158
115,192,60159
107,195,60160
104,196,60161
92,197,60162
93,198,60163
86,198,60164
77,197,60165
70,195,60166
67,194,60167
60,191,60168
55,189,60169
48,184,60170
43,180,60171
41,178,60172
36,173,60173
31,167,60174
26,159,60175
23,155,60176
19,145,60177
19,147,60178
15,134,60179
13,127,60180
12,120,60181
11,113,60182
11,102,60183
11,95,60184
11,91,60185
14,77,60186
18,64,60187
19,60,60188
22,53,60189
26,46,60190
31,38,60191
33,35,60192
38,29,60193
47,20,60194
52,16,60195
53,15,60196
63,9,60197
70,5,60198
97,115,60199
94,120,60200
92,120,60201
90,121,60202
89,121,60203
87,120,60204
84,116,60205
83,119,60206
81,111,60207
81,116,60208
80,109,60209
79,107,60210
79,105,60211
79,101,60212
80,98,60213
79,98,60214
79,97,60215
83,90,60216
83,89,60217
85,87,60218
86,85,60219
92,82,60220
92,81,60221
93,80,60222
96,79,60223
97,78,60224
103,78,60225
104,78,60226
106,77,60227
114,81,60228
114,80,60229
118,82,60230
116,80,60231
122,85,60232
124,86,60233
126,87,60234
128,90,60235
131,95,60236
134,103,60237
134,100,60238
135,101,60239
137,112,60240
138,115,60241
138,118,60242
139,120,60243
138,128,60244
138,129,60245
136,137,60246
136,138,60247
134,144,60248
132,148,60249
131,150,60250
126,157,60251
127,157,60252
123,161,60253
118,165,60254
118,166,60255
108,171,60256
103,173,60257
105,173,60258
98,175,60259
101,175,60260
89,176,60261
86,176,60262
77,174,60263
73,173,60264
72,173,60265
68,171,60266
65,170,60267
56,163,60268
56,164,60269
51,159,60270
49,157,60271
44,150,60272
39,142,60273
40,146,60274
34,128,60275
32,119,60276
34,133,60277
31,114,60278
30,111,60279
30,101,60280
30,97,60281
31,91,60282
30,92,60283
34,77,60284
35,73,60285
37,68,60286
41,60,60287
45,53,60288
47,50,60289
51,45,60290
55,41,60291
59,37,60292
64,33,60293
77,27,60294
80,25,60295
75,26,60296
90,22,60297
94,21,60298
102,20,60299
104,20,60300
109,20,60301
123,23,60302
119,21,60303
134,27,60304
142,31,60305
143,31,60306
149,36,60307
153,39,60308
160,46,60309
163,49,60310
172,62,60311
176,69,60312
174,64,60313
184,94,60314
184,90,60315
185,93,60316
187,107,60317
188,112,60318
188,125,60319
188,128,60320
187,138,60321
186,145,60322
184,154,60323
181,163,60324
182,162,60325
94,109,60326
94,106,60327
96,103,60328
96,101,60329
99,101,60330
99,99,60331
102,99,60332
104,98,60333
109,102,60334
109,100,60335
111,101,60336
110,99,60337
114,105,60338
116,107,60339
117,109,60340
118,111,60341
119,112,60342
119,119,60343
120,119,60344
121,119,60345
120,125,60346
117,132,60347
118,131,60348
118,133,60349
118,134,60350
116,138,60351
111,143,60352
110,145,60353
110,146,60354
100,150,60355
103,150,60356
99,152,60357
100,152,60358
92,153,60359
94,154,60360
88,154,60361
83,153,60362
81,153,60363
73,148,60364
77,152,60365
73,150,60366
67,145,60367
65,144,60368
62,141,60369
60,138,60370
57,134,60371
59,139,60372
52,120,60373
52,122,60374
51,123,60375
50,112,60376
49,113,60377
50,97,60378
48,105,60379
49,96,60380
52,85,60381
49,92,60382
54,79,60383
59,70,60384
53,78,60385
59,68,60386
58,68,60387
70,57,60388
68,57,60389
77,51,60390
69,55,60391
84,47,60392
87,46,60393
87,45,60394
96,43,60395
101,43,60396
101,42,60397
115,44,60398
112,43,60399
121,45,60400
120,44,60401
134,52,60402
139,56,60403
134,50,60404
147,63,60405
145,60,60406
145,59,60407
156,75,60408
157,76,60409
155,70,60410
165,98,60411
166,98,60412
166,96,60413
168,108,60414
168,126,60415
169,119,60416
169,128,60417
168,134,60418
168,139,60419
166,147,60420
159,163,60421
162,159,60422
160,164,60423
150,179,60424
156,172,60425
143,187,60426
146,186,60427
137,194,60428
121,203,60429
137,195,60430
122,204,60431
111,208,60432
109,209,60433
105,210,60434
86,211,60435
91,212,60436
79,211,60437
73,210,60438
66,208,60439
66,209,60440
46,198,60441
47,199,60442
38,192,60443
38,193,60444
31,187,60445
25,180,60446
19,171,60447
20,174,60448
12,160,60449
6,145,60450
5,144,60451
2,131,60452
101,113,60453
102,114,60454
102,120,60455
104,120,60456
102,123,60457
103,124,60458
98,128,60459
100,129,60460
94,130,60461
96,131,60462
93,132,60463
92,133,60464
87,132,60465
84,131,60466
83,131,60467
82,131,60468
79,129,60469
78,129,60470
76,127,60471
74,124,60472
72,122,60473
71,118,60474
70,119,60475
69,115,60476
68,111,60477
67,110,60478
69,98,60479
67,103,60480
66,103,60481
73,87,60482
69,92,60483
70,88,60484
72,84,60485
78,78,60486
74,80,60487
79,75,60488
85,71,60489
82,72,60490
88,69,60491
92,67,60492
94,66,60493
98,65,60494
103,65,60495
108,65,60496
110,65,60497
111,65,60498
111,64,60499
122,70,60500
125,71,60501
125,70,60502
132,77,60503
130,73,60504
135,79,60505
138,83,60506
141,88,60507
142,88,60508
146,100,60509
147,102,60510
148,105,60511
149,109,60512
150,114,60513
150,123,60514
150,125,60515
149,134,60516
147,140,60517
149,137,60518
147,144,60519
139,159,60520
141,157,60521
140,159,60522
133,168,60523
134,168,60524
127,174,60525
127,175,60526
125,177,60527
113,184,60528
106,186,60529
99,188,60530
108,187,60531
93,189,60532
85,189,60533
88,190,60534
77,188,60535
73,187,60536
79,190,60537
53,176,60538
61,183,60539
56,180,60540
50,176,60541
44,170,60542
38,163,60543
35,159,60544
33,157,60545
28,147,60546
26,143,60547
23,135,60548
20,121,60549
20,125,60550
19,107,60551
18,109,60552
19,93,60553
18,97,60554
19,86,60555
27,63,60556
19,81,60557
28,59,60558
31,53,60559
28,57,60560
33,48,60561
40,39,60562
44,34,60563
53,26,60564
59,21,60565
55,23,60566
71,14,60567
84,10,60568
84,9,60569
88,8,60570
96,7,60571
102,6,60572
106,6,60573
126,10,60574
118,7,60575
131,11,60576
140,15,60577
148,19,60578
147,18,60579
94,115,60580
91,115,60581
88,112,60582
87,112,60583
86,108,60584
85,108,60585
85,104,60586
84,104,60587
88,98,60588
85,99,60589
89,94,60590
89,93,60591
92,91,60592
92,90,60593
96,88,60594
96,87,60595
99,87,60596
103,87,60597
103,86,60598
104,85,60599
106,85,60600
114,90,60601
114,88,60602
117,90,60603
119,92,60604
122,95,60605
123,96,60606
126,102,60607
125,97,60608
129,111,60609
129,106,60610
130,112,60611
131,114,60612
130,124,60613
132,118,60614
132,122,60615
129,134,60616
130,134,60617
126,142,60618
129,138,60619
124,146,60620
124,147,60621
119,153,60622
122,151,60623
114,158,60624
112,160,60625
113,160,60626
103,164,60627
102,165,60628
100,166,60629
93,167,60630
93,168,60631
81,166,60632
82,167,60633
81,167,60634
77,166,60635
69,162,60636
65,160,60637
63,159,60638
59,156,60639
56,153,60640
53,150,60641
47,140,60642
48,143,60643
43,133,60644
41,127,60645
40,125,60646
39,120,60647
38,115,60648
37,110,60649
37,103,60650
37,98,60651
40,84,60652
38,89,60653
39,83,60654
44,71,60655
48,64,60656
47,64,60657
49,61,60658
53,55,60659
58,49,60660
62,45,60661
68,41,60662
74,37,60663
71,38,60664
83,33,60665
84,32,60666
93,30,60667
97,29,60668
105,29,60669
109,29,60670
114,29,60671
121,31,60672
125,32,60673
134,36,60674
139,39,60675
147,45,60676
142,40,60677
154,51,60678
159,57,60679
163,62,60680
167,68,60681
169,72,60682
173,81,60683
174,83,60684
177,93,60685
178,95,60686
180,108,60687
181,114,60688
181,122,60689
182,122,60690
178,146,60691
177,151,60692
178,149,60693
171,168,60694
167,175,60695
169,173,60696
162,185,60697
155,193,60698
153,196,60699
145,204,60700
141,207,60701
136,211,60702
129,215,60703
123,218,60704
116,221,60705
110,223,60706
97,108,60707
98,107,60708
101,106,60709
103,105,60710
105,106,60711
107,107,60712
109,110,60713
110,109,60714
111,115,60715
113,115,60716
112,122,60717
113,120,60718
113,123,60719
113,125,60720
112,128,60721
111,131,60722
109,134,60723
108,136,60724
105,139,60725
104,140,60726
104,141,60727
98,143,60728
98,144,60729
96,145,60730
92,145,60731
90,146,60732
86,145,60733
83,145,60734
82,145,60735
77,142,60736
74,141,60737
73,141,60738
71,139,60739
67,134,60740
65,133,60741
64,131,60742
61,126,60743
59,121,60744
58,114,60745
57,115,60746
57,108,60747
56,109,60748
56,103,60749
56,100,60750
57,93,60751
57,92,60752
59,85,60753
61,81,60754
61,80,60755
63,76,60756
66,71,60757
69,67,60758
74,63,60759
74,62,60760
80,58,60761
82,57,60762
85,55,60763
91,53,60764
97,52,60765
97,51,60766
103,51,60767
108,51,60768
114,52,60769
115,52,60770
121,54,60771
127,57,60772
128,57,60773
135,62,60774
136,62,60775
144,71,60776
144,70,60777
149,77,60778
153,84,60779
155,89,60780
156,91,60781
157,91,60782
160,108,60783
161,112,60784
161,104,60785
162,120,60786
162,123,60787
161,134,60788
160,139,60789
158,147,60790
158,149,60791
154,158,60792
151,164,60793
147,171,60794
143,176,60795
141,179,60796
132,187,60797
134,186,60798
127,191,60799
119,196,60800
118,197,60801
102,201,60802
101,202,60803
98,203,60804
87,203,60805
89,204,60806
77,202,60807
72,201,60808
65,199,60809
55,194,60810
55,195,60811
45,188,60812
46,189,60813
45,189,60814
29,172,60815
30,174,60816
21,160,60817
18,155,60818
15,148,60819
13,143,60820
13,145,60821
8,117,60822
7,117,60823
7,99,60824
6,106,60825
7,90,60826
7,89,60827
9,77,60828
10,73,60829
13,63,60830
16,55,60831
21,45,60832
23,41,60833
97,113,60834
98,120,60835
95,122,60836
95,124,60837
93,124,60838
92,125,60839
90,125,60840
89,126,60841
83,120,60842
84,124,60843
81,122,60844
80,122,60845
78,116,60846
77,115,60847
76,111,60848
75,111,60849
74,109,60850
75,103,60851
74,104,60852
75,98,60853
74,99,60854
78,91,60855
78,90,60856
77,89,60857
80,85,60858
81,84,60859
88,79,60860
88,78,60861
86,78,60862
97,75,60863
96,74,60864
98,73,60865
103,73,60866
105,73,60867
104,72,60868
111,73,60869
115,75,60870
117,75,60871
125,82,60872
124,80,60873
123,78,60874
130,86,60875
133,90,60876
132,87,60877
137,97,60878
138,98,60879
137,93,60880
141,112,60881
142,111,60882
142,118,60883
143,119,60884
143,124,60885
141,133,60886
142,133,60887
142,134,60888
139,143,60889
138,147,60890
134,153,60891
128,161,60892
133,157,60893
123,167,60894
128,164,60895
114,173,60896
118,172,60897
109,176,60898
113,176,60899
101,179,60900
96,180,60901
95,181,60902
88,181,60903
86,181,60904
81,181,60905
75,179,60906
67,176,60907
63,174,60908
64,176,60909
52,166,60910
45,158,60911
52,168,60912
40,152,60913
39,151,60914
39,153,60915
32,136,60916
30,132,60917
33,143,60918
27,115,60919
26,116,60920
26,107,60921
25,108,60922
27,89,60923
26,91,60924
27,85,60925
30,74,60926
29,75,60927
35,61,60928
44,48,60929
39,53,60930
43,47,60931
54,36,60932
54,35,60933
61,30,60934
61,29,60935
67,25,60936
84,19,60937
73,21,60938
83,18,60939
95,16,60940
96,15,60941
108,15,60942
115,16,60943
114,15,60944
131,20,60945
136,22,60946
138,23,60947
141,24,60948
158,38,60949
159,38,60950
168,48,60951
170,50,60952
172,53,60953
176,58,60954
185,80,60955
183,72,60956
188,88,60957
190,97,60958
191,98,60959
192,109,60960
92,111,60961
92,110,60962
92,104,60963
91,103,60964
93,101,60965
92,100,60966
95,98,60967
94,96,60968
102,96,60969
100,94,60970
103,94,60971
103,93,60972
109,96,60973
110,95,60974
112,97,60975
114,98,60976
116,99,60977
117,100,60978
119,103,60979
121,106,60980
122,108,60981
123,114,60982
123,117,60983
124,116,60984
125,118,60985
125,122,60986
122,131,60987
124,128,60988
124,131,60989
117,141,60990
119,141,60991
118,143,60992
116,145,60993
112,149,60994
111,151,60995
106,154,60996
104,155,60997
102,156,60998
92,157,60999
97,158,61000
93,159,61001
88,159,61002
83,158,61003
80,158,61004
78,157,61005
74,156,61006
74,157,61007
65,149,61008
62,147,61009
64,151,61010
57,141,61011
57,143,61012
54,138,61013
51,132,61014
50,131,61015
48,127,61016
46,117,61017
45,111,61018
45,104,61019
44,109,61020
44,103,61021
44,99,61022
47,85,61023
47,83,61024
52,73,61025
49,76,61026
55,66,61027
60,60,61028
58,61,61029
62,56,61030
67,52,61031
71,48,61032
77,45,61033
77,44,61034
83,41,61035
87,40,61036
98,38,61037
106,38,61038
106,37,61039
113,38,61040
118,39,61041
116,38,61042
127,42,61043
131,44,61044
124,39,61045
148,58,61046
145,53,61047
149,57,61048
152,60,61049
157,67,61050
164,80,61051
164,78,61052
167,85,61053
170,97,61054
171,98,61055
172,105,61056
173,114,61057
174,115,61058
173,128,61059
174,126,61060
170,147,61061
171,146,61062
170,150,61063
157,176,61064
168,159,61065
157,178,61066
151,186,61067
151,187,61068
147,191,61069
143,195,61070
135,202,61071
124,208,61072
120,210,61073
120,211,61074
106,215,61075
95,216,61076
95,217,61077
89,217,61078
82,217,61079
74,216,61080
64,213,61081
57,210,61082
57,211,61083
42,202,61084
38,199,61085
32,194,61086
31,194,61087
101,111,61088
103,111,61089
104,114,61090
106,115,61091
106,119,61092
107,119,61093
106,123,61094
107,123,61095
103,129,61096
105,129,61097
101,132,61098
102,133,61099
97,135,61100
96,136,61101
93,136,61102
93,137,61103
91,138,61104
87,137,61105
87,138,61106
83,137,61107
81,136,61108
76,132,61109
78,135,61110
74,131,61111
72,129,61112
69,125,61113
68,124,61114
66,118,61115
66,120,61116
64,110,61117
64,107,61118
63,109,61119
63,105,61120
66,92,61121
62,101,61122
64,94,61123
66,88,61124
66,86,61125
71,79,61126
71,78,61127
74,74,61128
78,70,61129
80,68,61130
76,70,61131
87,64,61132
88,63,61133
88,62,61134
98,60,61135
101,60,61136
100,59,61137
109,60,61138
109,59,61139
115,61,61140
121,63,61141
122,63,61142
126,65,61143
131,69,61144
134,72,61145
135,72,61146
140,78,61147
143,82,61148
145,84,61149
149,95,61150
149,93,61151
151,99,61152
153,106,61153
154,112,61154
154,121,61155
155,118,61156
154,129,61157
154,131,61158
154,134,61159
150,147,61160
151,146,61161
149,152,61162
143,162,61163
139,168,61164
138,170,61165
135,174,61166
128,180,61167
127,181,61168
124,184,61169
116,188,61170
108,191,61171
111,191,61172
95,194,61173
92,194,61174
91,195,61175
86,195,61176
76,193,61177
68,191,61178
67,191,61179
64,190,61180
54,184,61181
49,181,61182
43,176,61183
37,169,61184
36,169,61185
31,162,61186
29,159,61187
23,147,61188
21,143,61189
19,138,61190
17,130,61191
16,128,61192
14,113,61193
14,102,61194
13,107,61195
14,93,61196
16,81,61197
14,87,61198
21,64,61199
23,58,61200
24,55,61201
28,48,61202
38,35,61203
37,35,61204
41,30,61205
51,21,61206
53,19,61207
58,15,61208
67,10,61209
74,7,61210
83,4,61211
87,3,61212
92,2,61213
99,1,61214
95,117,61215
93,118,61216
91,118,61217
89,118,61218
87,117,61219
85,116,61220
83,111,61221
83,115,61222
82,106,61223
81,108,61224
81,104,61225
82,100,61226
82,98,61227
83,95,61228
85,93,61229
85,91,61230
86,90,61231
89,87,61232
90,86,61233
93,84,61234
94,83,61235
100,82,61236
99,81,61237
102,81,61238
106,81,61239
107,81,61240
111,82,61241
115,84,61242
114,82,61243
121,88,61244
123,89,61245
125,92,61246
126,92,61247
129,96,61248
131,101,61249
132,103,61250
133,105,61251
134,108,61252
135,117,61253
136,115,61254
136,122,61255
135,128,61256
135,129,61257
135,132,61258
133,138,61259
132,141,61260
131,144,61261
126,152,61262
126,153,61263
124,156,61264
118,161,61265
117,162,61266
112,166,61267
108,168,61268
106,169,61269
101,171,61270
98,172,61271
90,172,61272
89,173,61273
87,173,61274
81,172,61275
74,170,61276
71,169,61277
65,166,61278
63,165,61279
57,160,61280
55,159,61281
50,153,61282
51,155,61283
46,148,61284
42,142,61285
41,140,61286
38,133,61287
36,127,61288
34,119,61289
34,122,61290
33,107,61291
33,100,61292
33,95,61293
33,93,61294
35,83,61295
35,82,61296
39,71,61297
42,64,61298
42,63,61299
46,57,61300
51,50,61301
59,42,61302
62,39,61303
63,38,61304
70,33,61305
76,30,61306
80,28,61307
86,26,61308
89,25,61309
101,24,61310
109,24,61311
105,23,61312
118,25,61313
123,26,61314
126,27,61315
137,32,61316
136,31,61317
149,40,61318
150,40,61319
157,47,61320
159,49,61321
164,55,61322
170,64,61323
174,71,61324
177,78,61325
180,86,61326
182,94,61327
184,104,61328
184,99,61329
185,124,61330
186,119,61331
184,139,61332
184,141,61333
183,146,61334
181,154,61335
178,163,61336
174,173,61337
172,177,61338
164,190,61339
162,193,61340
158,198,61341
95,108,61342
96,105,61343
99,103,61344
99,102,61345
102,102,61346
103,101,61347
107,103,61348
110,106,61349
107,101,61350
111,104,61351
113,107,61352
113,105,61353
115,113,61354
116,114,61355
117,117,61356
117,119,61357
118,121,61358
116,127,61359
116,129,61360
117,128,61361
116,132,61362
110,139,61363
113,137,61364
111,140,61365
109,142,61366
106,145,61367
102,147,61368
101,148,61369
100,149,61370
90,149,61371
91,150,61372
90,151,61373
84,150,61374
79,148,61375
82,151,61376
76,148,61377
72,145,61378
71,145,61379
65,138,61380
66,141,61381
65,141,61382
60,133,61383
57,127,61384
57,130,61385
54,118,61386
53,117,61387
53,121,61388
52,108,61389
52,101,61390
52,98,61391
52,96,61392
51,98,61393
57,80,61394
54,84,61395
56,79,61396
61,71,61397
60,71,61398
66,64,61399
72,59,61400
70,59,61401
73,57,61402
71,57,61403
89,49,61404
86,49,61405
94,47,61406
89,47,61407
100,46,61408
107,46,61409
104,45,61410
118,48,61411
117,47,61412
121,48,61413
132,54,61414
134,55,61415
139,59,61416
136,55,61417
146,66,61418
154,78,61419
149,67,61420
158,85,61421
160,89,61422
159,84,61423
164,104,61424
164,102,61425
164,97,61426
166,119,61427
166,125,61428
166,129,61429
166,131,61430
163,146,61431
163,147,61432
162,151,61433
157,162,61434
157,164,61435
152,172,61436
138,187,61437
144,183,61438
141,186,61439
131,194,61440
131,195,61441
119,201,61442
119,202,61443
114,204,61444
97,207,61445
106,207,61446
90,208,61447
81,208,61448
85,209,61449
70,206,61450
64,204,61451
65,205,61452
51,198,61453
45,194,61454
40,190,61455
39,190,61456
23,171,61457
23,172,61458
21,169,61459
18,165,61460
12,153,61461
9,146,61462
5,130,61463
6,138,61464
3,120,61465
2,112,61466
2,104,61467
1,105,61468
100,115,61469
101,116,61470
100,121,61471
100,123,61472
99,125,61473
97,127,61474
94,128,61475
95,129,61476
89,128,61477
91,130,61478
89,130,61479
86,130,61480
81,126,61481
81,127,61482
78,124,61483
78,125,61484
75,121,61485
74,119,61486
73,119,61487
72,114,61488
71,113,61489
71,106,61490
71,102,61491
69,106,61492
70,101,61493
70,97,61494
74,89,61495
73,89,61496
72,89,61497
80,80,61498
78,81,61499
80,78,61500
80,77,61501
88,73,61502
87,72,61503
92,70,61504
95,69,61505
105,69,61506
97,68,61507
103,67,61508
104,67,61509
110,68,61510
116,70,61511
119,71,61512
124,74,61513
122,72,61514
133,83,61515
124,72,61516
134,83,61517
135,83,61518
141,95,61519
141,93,61520
142,95,61521
145,105,61522
146,107,61523
146,106,61524
147,115,61525
147,123,61526
146,130,61527
148,125,61528
146,135,61529
146,137,61530
140,151,61531
143,147,61532
134,161,61533
138,158,61534
132,165,61535
123,173,61536
128,170,61537
123,174,61538
117,178,61539
114,180,61540
102,184,61541
105,184,61542
101,185,61543
95,186,61544
88,186,61545
76,184,61546
80,186,61547
68,182,61548
62,179,61549
68,183,61550
55,175,61551
50,171,61552
55,177,61553
37,155,61554
39,160,61555
35,154,61556
33,151,61557
29,143,61558
25,130,61559
25,132,61560
24,130,61561
22,117,61562
21,112,61563
23,89,61564
21,96,61565
21,94,61566
25,76,61567
24,77,61568
29,64,61569
28,65,61570
30,60,61571
44,40,61572
33,52,61573
46,37,61574
53,30,61575
54,28,61576
60,24,61577
66,20,61578
69,18,61579
84,13,61580
91,11,61581
83,12,61582
98,10,61583
107,10,61584
112,10,61585
122,12,61586
128,13,61587
133,15,61588
142,19,61589
154,28,61590
149,23,61591
160,32,61592
165,37,61593
169,41,61594
174,47,61595
93,114,61596
91,113,61597
89,109,61598
88,109,61599
88,105,61600
87,103,61601
90,99,61602
87,101,61603
93,95,61604
89,96,61605
94,93,61606
98,91,61607
95,91,61608
99,90,61609
103,90,61610
105,89,61611
107,89,61612
111,91,61613
111,90,61614
113,91,61615
115,92,61616
119,97,61617
118,93,61618
122,100,61619
124,103,61620
124,102,61621
126,107,61622
127,112,61623
128,111,61624
127,124,61625
128,124,61626
129,121,61627
128,129,61628
126,134,61629
128,132,61630
125,139,61631
122,144,61632
120,147,61633
114,153,61634
118,151,61635
113,155,61636
110,157,61637
105,160,61638
108,160,61639
100,162,61640
98,163,61641
97,164,61642
84,163,61643
87,164,61644
87,165,61645
73,160,61646
80,164,61647
71,160,61648
66,157,61649
65,157,61650
61,154,61651
56,148,61652
54,146,61653
51,142,61654
48,137,61655
47,135,61656
45,132,61657
42,117,61658
42,122,61659
41,106,61660
40,110,61661
40,100,61662
42,89,61663
40,93,61664
43,83,61665
45,76,61666
44,77,61667
50,66,61668
48,68,61669
50,64,61670
59,53,61671
61,51,61672
66,46,61673
68,44,61674
75,40,61675
79,38,61676
79,37,61677
89,34,61678
96,33,61679
94,32,61680
115,34,61681
108,32,61682
112,32,61683
121,34,61684
128,37,61685
131,38,61686
140,43,61687
139,42,61688
152,54,61689
150,51,61690
157,59,61691
165,72,61692
163,66,61693
168,77,61694
172,86,61695
174,93,61696
175,95,61697
177,106,61698
177,121,61699
178,112,61700
178,127,61701
175,145,61702
178,134,61703
175,148,61704
171,160,61705
173,158,61706
162,178,61707
160,182,61708
160,183,61709
152,192,61710
140,203,61711
146,199,61712
143,202,61713
129,211,61714
122,215,61715
123,215,61716
107,220,61717
103,221,61718
96,222,61719
86,222,61720
83,222,61721
78,222,61722
98,109,61723
102,108,61724
103,108,61725
105,109,61726
107,111,61727
109,113,61728
109,115,61729
110,116,61730
110,121,61731
111,120,61732
110,124,61733
110,126,61734
108,130,61735
108,131,61736
107,133,61737
105,135,61738
102,138,61739
101,139,61740
99,140,61741
97,141,61742
94,142,61743
89,142,61744
89,143,61745
88,143,61746
82,141,61747
81,141,61748
77,139,61749
75,138,61750
72,136,61751
69,132,61752
67,130,61753
65,127,61754
64,126,61755
62,121,61756
62,122,61757
60,115,61758
59,111,61759
59,108,61760
59,103,61761
59,98,61762
60,94,61763
60,92,61764
63,84,61765
61,87,61766
65,79,61767
66,77,61768
68,73,61769
72,69,61770
76,65,61771
78,63,61772
83,60,61773
84,59,61774
86,58,61775
91,56,61776
95,55,61777
99,54,61778
105,54,61779
112,55,61780
113,55,61781
115,55,61782
120,57,61783
125,59,61784
131,63,61785
134,65,61786
140,71,61787
142,73,61788
143,74,61789
148,81,61790
150,85,61791
153,91,61792
154,93,61793
156,100,61794
157,104,61795
158,109,61796
159,114,61797
159,122,61798
158,133,61799
158,135,61800
157,140,61801
155,148,61802
153,153,61803
153,154,61804
145,168,61805
146,167,61806
142,173,61807
133,182,61808
130,185,61809
124,189,61810
121,191,61811
120,192,61812
111,196,61813
104,198,61814
100,199,61815
96,200,61816
88,200,61817
80,199,61818
73,198,61819
72,198,61820
63,195,61821
59,193,61822
55,191,61823
49,187,61824
42,182,61825
34,173,61826
34,174,61827
29,167,61828
24,160,61829
20,152,61830
20,153,61831
14,137,61832
12,130,61833
11,125,61834
10,117,61835
9,111,61836
10,91,61837
10,90,61838
10,87,61839
12,77,61840
15,66,61841
16,63,61842
20,53,61843
22,49,61844
28,39,61845
34,31,61846
39,25,61847
43,21,61848
51,14,61849
97,117,61850
96,120,61851
93,121,61852
92,122,61853
89,122,61854
87,122,61855
85,120,61856
85,122,61857
81,114,61858
81,118,61859
79,114,61860
79,115,61861
78,109,61862
77,108,61863
77,104,61864
77,101,61865
77,99,61866
80,94,61867
79,93,61868
80,91,61869
81,89,61870
86,84,61871
84,85,61872
87,82,61873
88,81,61874
91,79,61875
97,77,61876
100,77,61877
97,76,61878
107,77,61879
106,76,61880
111,77,61881
113,77,61882
117,79,61883
119,80,61884
121,81,61885
125,85,61886
127,86,61887
131,93,61888
131,91,61889
133,93,61890
136,101,61891
137,105,61892
137,101,61893
139,113,61894
140,114,61895
140,119,61896
140,123,61897
140,127,61898
139,133,61899
138,137,61900
138,139,61901
133,149,61902
134,149,61903
133,151,61904
127,159,61905
127,160,61906
118,167,61907
115,169,61908
116,170,61909
111,172,61910
112,173,61911
98,176,61912
98,177,61913
86,177,61914
83,177,61915
85,178,61916
77,176,61917
75,176,61918
66,172,61919
66,173,61920
63,171,61921
55,165,61922
49,159,61923
47,157,61924
50,162,61925
38,143,61926
35,136,61927
39,148,61928
33,131,61929
31,126,61930
31,129,61931
29,112,61932
28,108,61933
28,106,61934
29,94,61935
29,89,61936
31,81,61937
32,76,61938
36,66,61939
37,64,61940
38,61,61941
43,53,61942
45,49,61943
51,42,61944
63,33,61945
60,34,61946
62,32,61947
78,24,61948
79,23,61949
86,21,61950
87,20,61951
93,19,61952
111,19,61953
100,17,61954
119,20,61955
127,22,61956
123,20,61957
135,25,61958
144,30,61959
145,30,61960
153,37,61961
158,41,61962
161,44,61963
165,48,61964
176,67,61965
177,67,61966
181,76,61967
183,81,61968
186,90,61969
186,89,61970
189,111,61971
190,113,61972
190,124,61973
189,136,61974
188,142,61975
189,141,61976
94,111,61977
93,106,61978
94,103,61979
94,102,61980
97,100,61981
97,98,61982
100,98,61983
100,96,61984
107,99,61985
106,97,61986
107,97,61987
107,96,61988
113,102,61989
114,101,61990
116,105,61991
117,105,61992
119,109,61993
120,112,61994
120,110,61995
121,114,61996
122,116,61997
120,127,61998
121,125,61999
122,125,62000
121,129,62001
121,131,62002
115,140,62003
116,140,62004
118,139,62005
107,148,62006
111,147,62007
107,150,62008
106,151,62009
99,153,62010
100,154,62011
96,155,62012
93,156,62013
89,156,62014
79,153,62015
84,156,62016
78,154,62017
77,154,62018
69,149,62019
68,149,62020
65,146,62021
63,145,62022
64,147,62023
55,132,62024
55,134,62025
54,134,62026
50,120,62027
50,124,62028
49,119,62029
48,113,62030
47,111,62031
48,98,62032
46,104,62033
49,90,62034
51,83,62035
48,88,62036
53,76,62037
52,76,62038
61,64,62039
56,69,62040
66,58,62041
61,61,62042
69,54,62043
75,50,62044
75,49,62045
81,46,62046
82,45,62047
91,42,62048
97,41,62049
106,41,62050
105,40,62051
108,40,62052
122,44,62053
126,46,62054
123,43,62055
135,50,62056
137,51,62057
137,50,62058
147,60,62059
150,63,62060
149,60,62061
160,79,62062
160,78,62063
162,80,62064
165,89,62065
167,94,62066
169,105,62067
170,109,62068
170,125,62069
171,119,62070
171,126,62071
167,145,62072
169,142,62073
168,146,62074
162,162,62075
165,157,62076
156,173,62077
158,172,62078
151,182,62079
135,196,62080
153,181,62081
137,196,62082
127,203,62083
126,204,62084
122,206,62085
118,208,62086
106,212,62087
96,213,62088
92,214,62089
81,213,62090
82,214,62091
67,210,62092
65,210,62093
54,205,62094
52,205,62095
49,203,62096
39,196,62097
26,183,62098
29,188,62099
23,180,62100
16,170,62101
12,164,62102
10,160,62103
100,112,62104
103,114,62105
103,118,62106
105,118,62107
104,121,62108
105,122,62109
102,126,62110
104,126,62111
98,130,62112
100,131,62113
97,132,62114
96,134,62115
92,134,62116
89,134,62117
88,135,62118
85,133,62119
84,134,62120
82,133,62121
78,131,62122
76,129,62123
74,127,62124
72,123,62125
71,124,62126
69,119,62127
68,117,62128
67,115,62129
67,106,62130
66,109,62131
65,109,62132
69,93,62133
67,95,62134
66,96,62135
67,92,62136
71,85,62137
68,87,62138
73,80,62139
76,76,62140
77,75,62141
83,70,62142
86,68,62143
85,68,62144
92,65,62145
94,64,62146
91,64,62147
100,63,62148
101,62,62149
103,62,62150
115,65,62151
117,65,62152
123,68,62153
117,64,62154
124,67,62155
129,71,62156
135,77,62157
134,75,62158
136,77,62159
142,87,62160
144,89,62161
145,91,62162
148,99,62163
149,102,62164
150,102,62165
151,115,62166
152,115,62167
151,126,62168
153,121,62169
151,133,62170
148,143,62171
149,143,62172
147,148,62173
144,155,62174
143,158,62175
136,167,62176
136,168,62177
135,170,62178
124,179,62179
120,182,62180
118,183,62181
120,183,62182
107,188,62183
101,190,62184
104,190,62185
90,191,62186
83,191,62187
90,193,62188
63,184,62189
69,188,62190
70,189,62191
63,186,62192
52,179,62193
48,176,62194
45,174,62195
44,173,62196
33,159,62197
34,161,62198
29,153,62199
25,144,62200
24,144,62201
21,134,62202
18,121,62203
17,115,62204
17,116,62205
16,109,62206
20,80,62207
15,102,62208
18,84,62209
23,67,62210
19,75,62211
23,65,62212
32,48,62213
26,56,62214
41,36,62215
42,34,62216
43,32,62217
54,22,62218
65,16,62219
61,17,62220
70,12,62221
78,9,62222
89,6,62223
87,6,62224
106,5,62225
106,4,62226
115,5,62227
123,7,62228
129,8,62229
130,8,62230
94,116,62231
91,116,62232
89,115,62233
87,114,62234
86,111,62235
85,112,62236
84,107,62237
83,107,62238
86,100,62239
83,102,62240
85,98,62241
86,95,62242
88,93,62243
88,92,62244
92,89,62245
90,89,62246
93,87,62247
99,86,62248
98,85,62249
100,84,62250
102,83,62251
110,86,62252
109,84,62253
113,86,62254
115,87,62255
117,88,62256
120,90,62257
122,93,62258
122,91,62259
128,103,62260
127,98,62261
129,104,62262
131,108,62263
131,107,62264
132,112,62265
133,115,62266
132,125,62267
133,124,62268
131,132,62269
132,133,62270
129,139,62271
130,139,62272
125,147,62273
128,145,62274
123,152,62275
120,155,62276
120,156,62277
111,162,62278
111,163,62279
110,164,62280
101,167,62281
103,167,62282
92,168,62283
93,169,62284
92,170,62285
84,169,62286
79,168,62287
73,166,62288
72,166,62289
69,165,62290
64,162,62291
60,159,62292
54,153,62293
52,151,62294
51,150,62295
48,146,62296
44,139,62297
41,133,62298
39,127,62299
38,124,62300
37,120,62301
36,114,62302
36,102,62303
35,104,62304
35,100,62305
37,88,62306
39,80,62307
40,76,62308
42,71,62309
43,68,62310
47,61,62311
49,57,62312
55,50,62313
60,45,62314
59,45,62315
67,39,62316
68,38,62317
77,33,62318
82,31,62319
87,29,62320
91,28,62321
98,27,62322
109,27,62323
111,27,62324
117,28,62325
124,30,62326
131,33,62327
129,31,62328
144,40,62329
147,42,62330
151,45,62331
154,48,62332
161,56,62333
165,62,62334
168,66,62335
171,72,62336
172,73,62337
177,87,62338
179,92,62339
181,102,62340
182,108,62341
182,125,62342
183,122,62343
183,126,62344
180,145,62345
177,156,62346
178,155,62347
174,166,62348
169,176,62349
166,182,62350
162,188,62351
156,195,62352
152,200,62353
150,202,62354
139,211,62355
138,212,62356
130,217,62357
96,111,62358
99,105,62359
100,105,62360
102,104,62361
106,105,62362
107,105,62363
109,108,62364
109,105,62365
112,112,62366
113,111,62367
114,114,62368
114,116,62369
114,120,62370
115,121,62371
114,126,62372
115,125,62373
114,128,62374
112,132,62375
111,135,62376
109,137,62377
109,138,62378
103,142,62379
103,143,62380
102,144,62381
98,146,62382
97,147,62383
91,147,62384
90,148,62385
88,148,62386
81,145,62387
81,146,62388
79,146,62389
75,144,62390
70,139,62391
70,141,62392
68,139,62393
64,134,62394
62,131,62395
59,122,62396
58,123,62397
57,122,62398
56,116,62399
55,111,62400
55,107,62401
54,106,62402
54,104,62403
55,95,62404
55,94,62405
57,87,62406
57,85,62407
59,80,62408
61,76,62409
66,69,62410
64,70,62411
68,65,62412
72,62,62413
72,61,62414
82,55,62415
87,53,62416
84,53,62417
90,51,62418
90,50,62419
103,49,62420
108,49,62421
109,49,62422
114,50,62423
119,51,62424
126,54,62425
127,54,62426
135,60,62427
135,59,62428
140,63,62429
145,69,62430
150,76,62431
151,77,62432
152,77,62433
158,93,62434
160,99,62435
159,91,62436
162,109,62437
163,112,62438
163,125,62439
164,122,62440
163,130,62441
163,135,62442
159,149,62443
160,147,62444
156,158,62445
154,162,62446
151,168,62447
149,171,62448
146,176,62449
139,183,62450
138,185,62451
131,191,62452
119,197,62453
119,198,62454
116,200,62455
109,202,62456
101,204,62457
94,205,62458
87,205,62459
82,205,62460
73,203,62461
76,205,62462
65,201,62463
54,196,62464
55,197,62465
42,188,62466
39,186,62467
31,177,62468
28,174,62469
22,165,62470
21,164,62471
18,160,62472
11,140,62473
10,139,62474
8,133,62475
6,121,62476
6,124,62477
5,107,62478
4,103,62479
5,93,62480
6,83,62481
8,73,62482
13,59,62483
11,62,62484
99,116,62485
100,118,62486
98,121,62487
97,124,62488
94,125,62489
94,126,62490
91,126,62491
89,127,62492
85,124,62493
86,127,62494
83,125,62495
83,126,62496
78,119,62497
78,120,62498
76,115,62499
75,115,62500
74,114,62501
74,108,62502
73,107,62503
72,106,62504
72,104,62505
74,97,62506
76,92,62507
74,93,62508
75,90,62509
75,89,62510
82,82,62511
82,81,62512
80,81,62513
90,76,62514
87,76,62515
91,74,62516
90,73,62517
99,72,62518
98,71,62519
106,71,62520
107,71,62521
109,71,62522
119,76,62523
118,74,62524
118,73,62525
126,80,62526
126,79,62527
129,81,62528
134,88,62529
135,89,62530
134,85,62531
141,105,62532
140,98,62533
141,99,62534
143,111,62535
144,111,62536
144,121,62537
145,119,62538
145,122,62539
143,135,62540
144,134,62541
140,144,62542
135,154,62543
142,143,62544
136,154,62545
137,154,62546
125,167,62547
129,165,62548
119,172,62549
127,168,62550
114,176,62551
107,179,62552
106,180,62553
98,182,62554
100,182,62555
94,183,62556
87,183,62557
80,182,62558
75,181,62559
75,182,62560
60,174,62561
56,171,62562
62,177,62563
50,167,62564
46,163,62565
48,167,62566
39,154,62567
37,151,62568
37,154,62569
29,132,62570
29,135,62571
28,133,62572
25,119,62573
25,121,62574
24,108,62575
23,106,62576
25,89,62577
24,90,62578
26,82,62579
32,66,62580
29,70,62581
31,65,62582
42,47,62583
35,56,62584
47,40,62585
45,41,62586
51,35,62587
68,24,62588
54,31,62589
73,20,62590
81,17,62591
82,16,62592
92,14,62593
90,14,62594
99,13,62595
108,13,62596
117,14,62597
128,17,62598
130,17,62599
143,24,62600
144,24,62601
152,30,62602
153,30,62603
160,36,62604
162,37,62605
176,57,62606
177,57,62607
179,61,62608
184,72,62609
186,74,62610
191,93,62611
95,113,62612
91,110,62613
91,107,62614
89,105,62615
91,101,62616
89,102,62617
94,97,62618
91,97,62619
99,95,62620
96,94,62621
99,93,62622
100,92,62623
106,93,62624
105,92,62625
108,93,62626
111,94,62627
113,95,62628
115,96,62629
116,97,62630
119,100,62631
120,101,62632
122,107,62633
122,102,62634
124,110,62635
125,113,62636
126,114,62637
125,124,62638
126,124,62639
127,121,62640
119,140,62641
123,136,62642
124,135,62643
120,142,62644
117,146,62645
120,144,62646
116,148,62647
113,151,62648
111,153,62649
104,157,62650
105,157,62651
100,159,62652
97,160,62653
90,160,62654
90,161,62655
87,161,62656
85,161,62657
81,161,62658
72,156,62659
71,156,62660
72,158,62661
61,148,62662
65,154,62663
57,145,62664
54,141,62665
52,138,62666
51,137,62667
47,127,62668
46,124,62669
45,122,62670
44,118,62671
43,112,62672
43,106,62673
43,99,62674
43,95,62675
45,87,62676
44,87,62677
47,78,62678
52,69,62679
51,69,62680
54,64,62681
58,59,62682
58,58,62683
63,53,62684
63,52,62685
66,49,62686
76,43,62687
83,40,62688
88,38,62689
87,37,62690
97,36,62691
101,35,62692
106,35,62693
112,36,62694
118,37,62695
136,46,62696
116,35,62697
134,43,62698
139,46,62699
138,45,62700
148,54,62701
154,60,62702
158,65,62703
157,63,62704
165,78,62705
165,76,62706
170,89,62707
172,98,62708
172,94,62709
174,106,62710
175,113,62711
175,122,62712
175,131,62713
175,133,62714
169,155,62715
175,139,62716
168,161,62717
163,171,62718
163,172,62719
161,176,62720
150,190,62721
157,183,62722
143,197,62723
136,203,62724
141,200,62725
127,209,62726
110,215,62727
116,214,62728
111,216,62729
99,218,62730
95,219,62731
86,219,62732
73,217,62733
73,218,62734
64,215,62735
54,211,62736
50,209,62737
45,207,62738
99,110,62739
103,110,62740
105,113,62741
105,111,62742
107,116,62743
108,117,62744
108,121,62745
109,121,62746
106,127,62747
108,126,62748
104,131,62749
106,130,62750
101,134,62751
101,135,62752
100,136,62753
96,138,62754
95,138,62755
91,139,62756
91,140,62757
88,140,62758
87,140,62759
81,137,62760
79,137,62761
78,137,62762
75,134,62763
71,130,62764
72,132,62765
69,128,62766
67,126,62767
64,115,62768
64,119,62769
63,115,62770
62,113,62771
63,100,62772
61,109,62773
61,103,62774
63,94,62775
62,94,62776
65,87,62777
65,85,62778
70,77,62779
67,80,62780
72,74,62781
70,74,62782
79,67,62783
78,67,62784
81,64,62785
86,62,62786
87,61,62787
93,59,62788
98,58,62789
98,57,62790
108,58,62791
107,57,62792
113,58,62793
117,59,62794
123,62,62795
127,64,62796
128,64,62797
133,68,62798
138,73,62799
137,71,62800
145,83,62801
146,83,62802
148,87,62803
150,91,62804
152,96,62805
154,102,62806
155,108,62807
156,114,62808
156,120,62809
157,119,62810
155,133,62811
155,136,62812
155,139,62813
150,152,62814
146,160,62815
149,156,62816
145,163,62817
141,169,62818
137,174,62819
137,175,62820
127,183,62821
123,186,62822
124,186,62823
114,191,62824
113,192,62825
103,195,62826
98,196,62827
85,196,62828
83,196,62829
85,197,62830
78,196,62831
70,194,62832
63,191,62833
57,188,62834
49,183,62835
52,186,62836
42,178,62837
37,172,62838
34,169,62839
27,159,62840
24,154,62841
21,147,62842
19,144,62843
15,129,62844
16,135,62845
13,120,62846
12,113,62847
12,105,62848
11,105,62849
14,82,62850
15,77,62851
14,79,62852
20,61,62853
25,51,62854
23,53,62855
27,46,62856
35,35,62857
38,31,62858
44,24,62859
50,19,62860
55,15,62861
63,10,62862
69,7,62863
71,6,62864
82,2,62865
96,117,62866
94,119,62867
92,119,62868
90,120,62869
88,119,62870
85,118,62871
84,115,62872
83,117,62873
82,109,62874
80,112,62875
80,107,62876
80,103,62877
80,101,62878
80,99,62879
81,97,62880
81,95,62881
82,93,62882
84,90,62883
86,87,62884
87,86,62885
89,84,62886
95,82,62887
94,81,62888
96,80,62889
99,79,62890
101,79,62891
108,80,62892
110,80,62893
108,78,62894
116,83,62895
116,82,62896
121,86,62897
121,84,62898
126,90,62899
128,92,62900
129,93,62901
131,96,62902
133,101,62903
135,110,62904
135,106,62905
136,107,62906
137,116,62907
137,121,62908
137,127,62909
137,128,62910
137,130,62911
136,135,62912
132,144,62913
132,146,62914
130,150,62915
127,154,62916
125,157,62917
121,161,62918
122,161,62919
118,164,62920
112,168,62921
109,170,62922
103,172,62923
97,173,62924
98,174,62925
93,175,62926
84,174,62927
82,174,62928
80,174,62929
71,171,62930
67,169,62931
66,169,62932
60,165,62933
58,164,62934
53,159,62935
52,159,62936
46,151,62937
43,147,62938
38,137,62939
37,135,62940
36,135,62941
33,119,62942
32,114,62943
32,123,62944
31,107,62945
31,100,62946
31,96,62947
32,89,62948
34,81,62949
34,78,62950
38,69,62951
40,64,62952
42,60,62953
48,51,62954
50,48,62955
57,41,62956
60,38,62957
65,34,62958
70,31,62959
71,30,62960
86,25,62961
91,23,62962
87,23,62963
107,22,62964
102,21,62965
112,22,62966
118,23,62967
120,23,62968
129,26,62969
133,27,62970
144,34,62971
150,38,62972
153,40,62973
161,49,62974
161,48,62975
170,61,62976
173,66,62977
175,69,62978
178,76,62979
181,82,62980
185,106,62981
186,106,62982
186,104,62983
187,116,62984
187,126,62985
187,131,62986
185,144,62987
183,153,62988
181,160,62989
179,166,62990
173,179,62991
171,183,62992
95,111,62993
95,105,62994
97,103,62995
96,102,62996
101,101,62997
101,99,62998
103,100,62999
105,99,63000
110,104,63001
109,101,63002
112,103,63003
112,101,63004
115,109,63005
116,109,63006
117,112,63007
118,114,63008
119,115,63009
118,122,63010
119,122,63011
119,125,63012
119,127,63013
115,134,63014
116,134,63015
116,136,63016
114,139,63017
113,141,63018
106,146,63019
106,147,63020
107,147,63021
97,150,63022
98,151,63023
97,152,63024
91,152,63025
88,152,63026
87,153,63027
82,152,63028
80,151,63029
76,150,63030
69,144,63031
71,147,63032
70,147,63033
65,142,63034
61,137,63035
60,137,63036
57,131,63037
56,130,63038
56,133,63039
52,116,63040
51,114,63041
51,119,63042
50,107,63043
49,108,63044
52,91,63045
50,95,63046
50,94,63047
53,84,63048
52,84,63049
59,71,63050
63,66,63051
57,72,63052
65,62,63053
62,64,63054
77,53,63055
72,55,63056
81,50,63057
78,50,63058
90,46,63059
96,45,63060
95,44,63061
103,44,63062
109,44,63063
107,43,63064
119,46,63065
122,47,63066
127,49,63067
125,47,63068
140,58,63069
145,63,63070
139,55,63071
150,68,63072
154,73,63073
153,70,63074
161,88,63075
162,89,63076
160,81,63077
166,108,63078
166,103,63079
167,107,63080
168,115,63081
167,131,63082
168,128,63083
167,137,63084
164,149,63085
165,147,63086
162,156,63087
150,176,63088
157,167,63089
153,174,63090
144,185,63091
147,183,63092
131,196,63093
139,191,63094
131,197,63095
116,204,63096
124,202,63097
112,207,63098
101,209,63099
99,210,63100
92,211,63101
83,210,63102
84,211,63103
67,207,63104
66,207,63105
54,202,63106
53,202,63107
38,190,63108
37,190,63109
29,182,63110
29,183,63111
21,173,63112
19,170,63113
12,156,63114
13,160,63115
6,142,63116
3,130,63117
3,133,63118
1,119,63119
100,113,63120
102,116,63121
101,121,63122
103,120,63123
100,125,63124
101,125,63125
97,128,63126
99,129,63127
92,129,63128
94,131,63129
91,131,63130
90,132,63131
85,130,63132
84,130,63133
81,128,63134
80,128,63135
78,127,63136
76,126,63137
75,124,63138
72,119,63139
72,120,63140
70,113,63141
70,108,63142
69,111,63143
68,108,63144
68,104,63145
70,96,63146
69,96,63147
68,97,63148
76,83,63149
73,85,63150
74,83,63151
75,81,63152
81,76,63153
79,76,63154
83,73,63155
89,70,63156
87,70,63157
100,68,63158
97,67,63159
98,66,63160
103,66,63161
107,66,63162
109,66,63163
116,68,63164
115,67,63165
115,66,63166
128,75,63167
129,76,63168
129,74,63169
135,82,63170
134,79,63171
137,83,63172
142,92,63173
144,96,63174
144,94,63175
147,107,63176
148,112,63177
148,120,63178
149,115,63179
149,123,63180
149,127,63181
148,133,63182
147,139,63183
142,150,63184
146,144,63185
141,155,63186
135,163,63187
136,163,63188
133,167,63189
124,175,63190
129,172,63191
118,179,63192
120,179,63193
115,182,63194
107,185,63195
98,187,63196
94,188,63197
93,188,63198
85,188,63199
78,187,63200
79,188,63201
70,185,63202
63,182,63203
71,187,63204
43,165,63205
50,174,63206
46,171,63207
44,169,63208
37,160,63209
31,150,63210
30,149,63211
29,148,63212
24,134,63213
23,131,63214
21,122,63215
20,114,63216
19,113,63217
20,94,63218
19,97,63219
21,85,63220
22,78,63221
22,77,63222
31,57,63223
22,73,63224
34,50,63225
40,41,63226
37,44,63227
39,41,63228
52,28,63229
50,29,63230
65,19,63231
68,17,63232
66,17,63233
79,12,63234
95,9,63235
95,8,63236
105,8,63237
105,7,63238
114,8,63239
120,9,63240
132,13,63241
134,13,63242
142,17,63243
150,22,63244
157,27,63245
159,28,63246
93,115,63247
90,114,63248
89,112,63249
87,110,63250
87,107,63251
86,107,63252
87,102,63253
86,101,63254
90,97,63255
87,97,63256
90,94,63257
91,92,63258
94,91,63259
94,90,63260
99,89,63261
100,88,63262
102,87,63263
107,88,63264
107,87,63265
108,87,63266
109,87,63267
117,93,63268
119,94,63269
116,90,63270
122,97,63271
123,98,63272
124,99,63273
127,106,63274
127,103,63275
129,115,63276
129,116,63277
130,116,63278
130,120,63279
129,127,63280
131,124,63281
130,129,63282
128,135,63283
127,139,63284
123,145,63285
124,145,63286
121,149,63287
115,155,63288
117,154,63289
118,155,63290
109,160,63291
106,162,63292
106,163,63293
96,165,63294
93,165,63295
96,166,63296
83,165,63297
88,167,63298
77,164,63299
76,164,63300
75,164,63301
70,162,63302
63,157,63303
59,154,63304
58,154,63305
55,150,63306
53,148,63307
49,143,63308
45,133,63309
45,136,63310
42,127,63311
40,120,63312
39,116,63313
39,105,63314
38,109,63315
39,95,63316
39,93,63317
38,95,63318
42,80,63319
42,78,63320
43,75,63321
47,67,63322
52,59,63323
53,57,63324
56,53,63325
61,48,63326
63,46,63327
66,43,63328
75,38,63329
81,35,63330
81,34,63331
96,31,63332
93,31,63333
100,30,63334
109,30,63335
118,32,63336
123,33,63337
122,32,63338
127,34,63339
138,40,63340
142,42,63341
147,46,63342
157,57,63343
154,52,63344
161,61,63345
163,64,63346
167,71,63347
169,74,63348
172,81,63349
175,90,63350
177,96,63351
179,109,63352
179,124,63353
180,116,63354
180,124,63355
178,141,63356
180,133,63357
173,159,63358
173,160,63359
171,166,63360
167,174,63361
157,188,63362
162,183,63363
155,192,63364
147,200,63365
142,205,63366
137,209,63367
128,214,63368
120,218,63369
111,221,63370
108,222,63371
104,223,63372
98,224,63373
97,109,63374
99,107,63375
102,106,63376
105,107,63377
107,108,63378
108,109,63379
109,111,63380
111,112,63381
111,117,63382
112,117,63383
112,121,63384
112,124,63385
111,127,63386
110,130,63387
110,131,63388
108,134,63389
107,135,63390
105,138,63391
102,140,63392
101,141,63393
99,142,63394
95,143,63395
95,144,63396
93,145,63397
89,145,63398
85,144,63399
81,143,63400
82,144,63401
78,142,63402
74,139,63403
71,137,63404
68,134,63405
69,136,63406
65,130,63407
63,128,63408
61,123,63409
60,121,63410
59,118,63411
58,109,63412
57,110,63413
57,103,63414
57,101,63415
58,94,63416
58,92,63417
59,89,63418
60,85,63419
62,80,63420
64,77,63421
64,76,63422
69,69,63423
71,67,63424
74,64,63425
78,61,63426
80,59,63427
84,57,63428
89,55,63429
91,54,63430
101,53,63431
103,52,63432
107,52,63433
113,53,63434
117,54,63435
120,55,63436
123,56,63437
129,59,63438
133,62,63439
136,64,63440
141,69,63441
140,67,63442
148,78,63443
148,77,63444
153,87,63445
155,91,63446
156,94,63447
159,105,63448
159,101,63449
160,117,63450
161,119,63451
161,122,63452
160,133,63453
159,139,63454
157,147,63455
156,150,63456
154,155,63457
153,158,63458
150,164,63459
144,173,63460
141,177,63461
138,180,63462
132,186,63463
125,191,63464
122,193,63465
118,195,63466
114,197,63467
109,199,63468
94,201,63469
93,202,63470
90,202,63471
78,201,63472
77,201,63473
66,198,63474
61,196,63475
55,193,63476
49,189,63477
45,187,63478
40,182,63479
37,180,63480
34,177,63481
24,163,63482
22,160,63483
17,150,63484
16,148,63485
12,136,63486
11,133,63487
10,132,63488
8,108,63489
7,108,63490
8,93,63491
8,88,63492
9,83,63493
11,74,63494
13,66,63495
16,58,63496
20,49,63497
24,42,63498
30,33,63499
32,30,63500
98,115,63501
98,118,63502
94,122,63503
95,123,63504
91,124,63505
90,124,63506
86,122,63507
86,124,63508
82,117,63509
83,122,63510
81,120,63511
80,120,63512
78,113,63513
77,112,63514
76,108,63515
75,108,63516
75,105,63517
77,98,63518
76,98,63519
76,97,63520
76,95,63521
81,88,63522
80,88,63523
80,86,63524
83,83,63525
85,81,63526
91,78,63527
91,77,63528
91,76,63529
100,75,63530
100,74,63531
103,74,63532
106,74,63533
111,75,63534
110,74,63535
113,75,63536
119,78,63537
120,78,63538
129,88,63539
127,84,63540
127,82,63541
132,90,63542
136,97,63543
135,93,63544
139,106,63545
139,104,63546
139,100,63547
141,117,63548
142,116,63549
142,122,63550
141,130,63551
142,128,63552
138,141,63553
139,141,63554
139,142,63555
133,153,63556
136,149,63557
128,160,63558
124,164,63559
128,162,63560
122,167,63561
121,169,63562
110,174,63563
108,176,63564
103,177,63565
108,177,63566
96,179,63567
90,180,63568
88,180,63569
81,179,63570
79,179,63571
74,178,63572
65,174,63573
60,171,63574
56,168,63575
61,173,63576
45,157,63577
40,149,63578
48,163,63579
36,143,63580
34,139,63581
36,146,63582
29,122,63583
29,124,63584
30,133,63585
27,108,63586
26,109,63587
27,95,63588
27,92,63589
29,83,63590
29,80,63591
32,71,63592
36,62,63593
32,69,63594
39,56,63595
51,41,63596
46,45,63597
49,41,63598
59,33,63599
60,31,63600
71,25,63601
71,24,63602
78,21,63603
93,18,63604
81,19,63605
107,17,63606
105,16,63607
104,15,63608
116,17,63609
130,21,63610
126,19,63611
141,26,63612
146,29,63613
151,33,63614
152,33,63615
166,48,63616
166,47,63617
173,57,63618
176,61,63619
180,69,63620
181,70,63621
187,90,63622
186,83,63623
190,102,63624
191,111,63625
191,126,63626
192,118,63627
94,112,63628
92,108,63629
92,106,63630
92,102,63631
94,101,63632
94,99,63633
98,97,63634
96,96,63635
103,97,63636
102,95,63637
105,95,63638
105,94,63639
112,99,63640
111,97,63641
114,100,63642
115,100,63643
117,102,63644
119,105,63645
120,106,63646
121,109,63647
122,111,63648
122,119,63649
123,120,63650
124,119,63651
123,125,63652
121,132,63653
123,128,63654
122,132,63655
123,132,63656
113,145,63657
117,143,63658
115,145,63659
111,149,63660
106,152,63661
108,152,63662
101,155,63663
99,156,63664
97,157,63665
86,156,63666
92,158,63667
88,158,63668
86,158,63669
77,155,63670
76,155,63671
70,152,63672
72,154,63673
69,153,63674
61,144,63675
61,145,63676
59,144,63677
53,133,63678
53,135,63679
50,128,63680
49,124,63681
48,123,63682
47,120,63683
46,112,63684
46,100,63685
47,93,63686
44,104,63687
47,89,63688
47,87,63689
51,77,63690
49,80,63691
57,66,63692
53,70,63693
59,62,63694
65,56,63695
67,53,63696
68,52,63697
77,46,63698
78,45,63699
83,43,63700
84,42,63701
90,40,63702
96,39,63703
107,39,63704
114,40,63705
108,38,63706
121,41,63707
128,44,63708
123,41,63709
134,47,63710
140,51,63711
137,47,63712
155,68,63713
152,62,63714
156,67,63715
158,70,63716
162,77,63717
166,87,63718
168,92,63719
169,94,63720
171,107,63721
172,110,63722
171,130,63723
173,121,63724
173,123,63725
170,142,63726
171,141,63727
167,154,63728
166,159,63729
163,166,63730
150,184,63731
160,173,63732
153,182,63733
145,191,63734
144,193,63735
135,200,63736
131,203,63737
125,207,63738
110,212,63739
108,213,63740
111,213,63741
99,215,63742
84,215,63743
79,215,63744
73,214,63745
75,215,63746
61,211,63747
57,209,63748
42,200,63749
48,205,63750
35,195,63751
29,190,63752
22,182,63753
24,185,63754
99,111,63755
103,112,63756
104,116,63757
105,115,63758
105,119,63759
106,122,63760
103,126,63761
106,124,63762
102,129,63763
103,130,63764
99,132,63765
102,132,63766
95,135,63767
94,135,63768
91,136,63769
90,136,63770
89,137,63771
84,135,63772
84,136,63773
81,135,63774
78,133,63775
74,129,63776
75,132,63777
71,126,63778
70,124,63779
68,122,63780
67,119,63781
66,115,63782
65,114,63783
65,103,63784
65,100,63785
64,101,63786
64,99,63787
68,88,63788
64,95,63789
67,88,63790
69,83,63791
70,81,63792
75,75,63793
76,73,63794
77,72,63795
82,68,63796
85,66,63797
83,66,63798
92,63,63799
94,62,63800
94,61,63801
105,61,63802
107,61,63803
106,60,63804
116,63,63805
114,61,63806
120,64,63807
126,67,63808
127,67,63809
130,69,63810
138,78,63811
137,76,63812
139,78,63813
144,86,63814
146,89,63815
146,88,63816
151,106,63817
151,102,63818
152,118,63819
153,112,63820
154,117,63821
152,132,63822
154,124,63823
151,140,63824
151,141,63825
151,143,63826
145,156,63827
146,156,63828
144,160,63829
135,171,63830
133,174,63831
131,176,63832
128,179,63833
122,183,63834
117,186,63835
117,187,63836
105,191,63837
99,192,63838
105,192,63839
82,192,63840
83,193,63841
79,193,63842
78,193,63843
64,188,63844
58,185,63845
59,186,63846
55,184,63847
45,176,63848
43,174,63849
39,170,63850
33,162,63851
32,162,63852
25,149,63853
24,147,63854
19,133,63855
18,131,63856
17,126,63857
16,101,63858
15,117,63859
15,96,63860
16,90,63861
14,97,63862
18,76,63863
20,69,63864
18,73,63865
30,48,63866
27,52,63867
32,43,63868
38,36,63869
50,24,63870
45,27,63871
52,21,63872
63,14,63873
68,11,63874
69,10,63875
80,6,63876
84,5,63877
94,3,63878
109,3,63879
104,2,63880
110,2,63881
96,115,63882
93,117,63883
90,117,63884
88,116,63885
86,115,63886
85,114,63887
84,111,63888
82,111,63889
84,102,63890
81,106,63891
83,100,63892
83,99,63893
84,96,63894
84,94,63895
87,91,63896
88,89,63897
88,88,63898
92,86,63899
94,85,63900
96,84,63901
97,83,63902
104,83,63903
102,82,63904
106,82,63905
109,83,63906
111,83,63907
115,85,63908
118,87,63909
118,86,63910
123,91,63911
125,93,63912
128,98,63913
128,97,63914
129,98,63915
132,106,63916
133,109,63917
134,113,63918
134,117,63919
134,122,63920
135,121,63921
134,128,63922
133,134,63923
131,139,63924
133,136,63925
129,145,63926
128,147,63927
128,148,63928
121,156,63929
121,157,63930
117,161,63931
110,165,63932
111,165,63933
108,167,63934
102,169,63935
100,170,63936
95,171,63937
90,171,63938
86,171,63939
79,170,63940
81,171,63941
72,168,63942
69,167,63943
67,166,63944
61,162,63945
58,160,63946
54,156,63947
51,153,63948
46,146,63949
44,143,63950
41,137,63951
40,135,63952
38,130,63953
36,122,63954
35,119,63955
34,112,63956
34,102,63957
34,98,63958
35,89,63959
35,87,63960
36,83,63961
38,76,63962
40,70,63963
45,61,63964
49,55,63965
48,55,63966
55,47,63967
58,44,63968
67,37,63969
68,36,63970
69,35,63971
76,31,63972
88,27,63973
87,27,63974
90,26,63975
102,25,63976
107,25,63977
117,26,63978
119,26,63979
128,29,63980
133,31,63981
135,32,63982
143,37,63983
148,40,63984
156,48,63985
155,46,63986
164,57,63987
168,63,63988
172,70,63989
173,71,63990
177,81,63991
179,86,63992
181,94,63993
183,105,63994
184,112,63995
184,124,63996
184,128,63997
184,132,63998
182,145,63999
180,153,64000
177,163,64001
176,166,64002
170,178,64003
164,188,64004
162,191,64005
156,198,64006
153,202,64007
151,204,64008
95,109,64009
97,105,64010
99,104,64011
100,103,64012
104,103,64013
104,102,64014
108,105,64015
108,102,64016
112,110,64017
112,107,64018
113,109,64019
114,108,64020
115,116,64021
116,116,64022
116,119,64023
116,124,64024
116,126,64025
114,130,64026
115,130,64027
114,133,64028
114,134,64029
108,140,64030
110,140,64031
109,141,64032
104,145,64033
103,146,64034
99,147,64035
98,148,64036
96,149,64037
86,148,64038
89,150,64039
84,149,64040
80,148,64041
76,146,64042
78,148,64043
73,145,64044
68,141,64045
67,140,64046
62,132,64047
61,133,64048
61,134,64049
57,125,64050
56,121,64051
56,125,64052
54,114,64053
53,112,64054
53,106,64055
53,99,64056
53,98,64057
53,96,64058
54,90,64059
54,88,64060
59,78,64061
57,79,64062
61,72,64063
65,67,64064
65,66,64065
73,59,64066
76,57,64067
74,57,64068
81,53,64069
77,54,64070
94,49,64071
93,48,64072
100,47,64073
105,47,64074
109,47,64075
113,48,64076
116,48,64077
125,52,64078
123,50,64079
129,53,64080
137,59,64081
140,61,64082
142,63,64083
145,65,64084
154,80,64085
156,83,64086
152,73,64087
160,93,64088
162,98,64089
162,95,64090
164,111,64091
165,113,64092
165,107,64093
164,133,64094
164,136,64095
163,142,64096
163,143,64097
160,152,64098
157,160,64099
158,159,64100
148,175,64101
149,175,64102
145,180,64103
133,190,64104
137,188,64105
134,191,64106
121,199,64107
120,200,64108
108,204,64109
111,204,64110
102,206,64111
89,207,64112
95,208,64113
77,206,64114
71,205,64115
69,205,64116
64,203,64117
52,197,64118
54,199,64119
42,190,64120
36,185,64121
34,184,64122
30,180,64123
17,159,64124
18,162,64125
12,150,64126
11,148,64127
9,143,64128
7,136,64129
4,118,64130
4,124,64131
3,107,64132
3,96,64133
5,82,64134
3,88,64135
98,113,64136
101,118,64137
99,122,64138
99,123,64139
98,125,64140
96,127,64141
94,127,64142
93,129,64143
86,126,64144
88,129,64145
86,129,64146
85,128,64147
80,124,64148
79,124,64149
77,120,64150
77,122,64151
75,119,64152
73,114,64153
73,116,64154
72,111,64155
71,110,64156
72,101,64157
72,100,64158
70,104,64159
72,95,64160
71,96,64161
78,85,64162
76,86,64163
74,87,64164
85,77,64165
81,79,64166
84,76,64167
83,76,64168
93,72,64169
92,71,64170
95,70,64171
99,69,64172
102,69,64173
111,71,64174
108,69,64175
111,69,64176
116,71,64177
123,75,64178
122,74,64179
128,79,64180
128,78,64181
127,76,64182
138,93,64183
137,89,64184
138,89,64185
142,100,64186
142,98,64187
144,104,64188
145,110,64189
146,112,64190
146,121,64191
147,121,64192
145,132,64193
143,140,64194
146,134,64195
142,145,64196
143,144,64197
135,158,64198
138,155,64199
125,169,64200
134,162,64201
127,169,64202
120,174,64203
120,175,64204
113,179,64205
109,181,64206
103,183,64207
98,184,64208
95,185,64209
90,185,64210
89,186,64211
76,183,64212
68,180,64213
72,183,64214
64,179,64215
57,175,64216
60,178,64217
48,168,64218
46,166,64219
49,171,64220
34,148,64221
34,150,64222
33,149,64223
29,140,64224
28,138,64225
24,121,64226
23,118,64227
23,120,64228
22,110,64229
22,98,64230
26,79,64231
23,86,64232
24,82,64233
27,72,64234
29,65,64235
37,51,64236
35,53,64237
38,48,64238
55,31,64239
41,42,64240
57,28,64241
64,23,64242
61,24,64243
70,19,64244
77,16,64245
79,15,64246
94,12,64247
98,11,64248
105,11,64249
112,11,64250
124,14,64251
129,15,64252
138,19,64253
135,17,64254
149,25,64255
147,23,64256
163,37,64257
161,34,64258
168,42,64259
174,50,64260
178,55,64261
183,64,64262
96,113,64263
90,111,64264
90,109,64265
88,107,64266
89,104,64267
88,102,64268
91,99,64269
89,98,64270
95,95,64271
92,94,64272
97,92,64273
95,92,64274
101,91,64275
102,90,64276
105,91,64277
105,90,64278
107,90,64279
111,92,64280
114,93,64281
116,94,64282
118,96,64283
121,102,64284
119,95,64285
124,106,64286
124,105,64287
125,106,64288
126,117,64289
127,115,64290
128,114,64291
125,130,64292
127,126,64293
127,130,64294
125,135,64295
122,141,64296
125,138,64297
122,143,64298
118,148,64299
116,150,64300
113,153,64301
113,154,64302
110,156,64303
105,159,64304
99,161,64305
103,161,64306
95,162,64307
93,163,64308
93,164,64309
80,161,64310
78,161,64311
81,163,64312
68,156,64313
74,161,64314
65,155,64315
61,152,64316
60,151,64317
56,147,64318
51,139,64319
50,138,64320
47,132,64321
46,130,64322
44,125,64323
43,124,64324
42,111,64325
41,112,64326
42,97,64327
40,104,64328
41,97,64329
45,81,64330
42,88,64331
47,74,64332
48,72,64333
48,70,64334
54,61,64335
55,59,64336
56,57,64337
66,48,64338
70,45,64339
74,42,64340
71,43,64341
82,38,64342
91,35,64343
87,35,64344
102,34,64345
102,33,64346
100,32,64347
124,38,64348
122,36,64349
121,35,64350
128,38,64351
140,45,64352
142,46,64353
146,49,64354
153,56,64355
160,66,64356
156,59,64357
162,68,64358
170,86,64359
167,75,64360
171,87,64361
173,93,64362
175,102,64363
176,106,64364
177,114,64365
175,135,64366
178,120,64367
176,138,64368
171,156,64369
176,142,64370
171,158,64371
165,171,64372
168,168,64373
156,185,64374
153,189,64375
153,190,64376
143,200,64377
129,209,64378
134,207,64379
126,212,64380
116,216,64381
114,217,64382
108,219,64383
92,220,64384
94,221,64385
85,221,64386
72,219,64387
67,218,64388
65,218,64389
97,111,64390
103,109,64391
104,110,64392
105,110,64393
107,113,64394
108,113,64395
109,117,64396
110,118,64397
109,122,64398
110,123,64399
108,127,64400
108,129,64401
105,132,64402
105,133,64403
104,135,64404
103,136,64405
100,138,64406
98,139,64407
96,140,64408
93,141,64409
91,142,64410
84,140,64411
85,141,64412
84,141,64413
79,139,64414
77,138,64415
74,136,64416
72,134,64417
69,131,64418
66,125,64419
66,127,64420
64,122,64421
63,121,64422
62,107,64423
61,116,64424
60,111,64425
60,103,64426
59,104,64427
61,95,64428
61,92,64429
64,85,64430
63,85,64431
67,79,64432
64,82,64433
69,74,64434
71,72,64435
72,70,64436
78,65,64437
79,64,64438
83,61,64439
88,59,64440
89,58,64441
96,56,64442
98,56,64443
100,55,64444
104,55,64445
111,56,64446
115,57,64447
119,58,64448
122,59,64449
128,62,64450
131,64,64451
136,68,64452
139,71,64453
140,72,64454
146,80,64455
148,84,64456
151,89,64457
153,94,64458
154,97,64459
155,99,64460
157,109,64461
158,115,64462
158,123,64463
158,127,64464
156,138,64465
155,143,64466
154,147,64467
153,150,64468
152,153,64469
147,163,64470
147,164,64471
140,173,64472
138,176,64473
136,178,64474
128,185,64475
124,188,64476
114,193,64477
112,194,64478
108,196,64479
103,197,64480
98,198,64481
93,199,64482
89,199,64483
75,197,64484
68,195,64485
65,194,64486
66,195,64487
54,189,64488
47,184,64489
49,186,64490
40,178,64491
35,173,64492
27,162,64493
27,163,64494
20,149,64495
21,153,64496
15,136,64497
14,134,64498
12,125,64499
11,119,64500
11,97,64501
10,102,64502
10,96,64503
12,83,64504
14,75,64505
15,69,64506
16,66,64507
21,54,64508
25,46,64509
30,38,64510
33,34,64511
38,28,64512
46,20,64513
47,19,64514
56,12,64515
62,8,64516
97,116,64517
95,120,64518
93,120,64519
91,121,64520
88,121,64521
87,121,64522
84,117,64523
84,120,64524
81,112,64525
80,115,64526
79,112,64527
79,109,64528
78,106,64529
78,103,64530
79,99,64531
78,99,64532
78,98,64533
81,93,64534
81,91,64535
83,88,64536
84,87,64537
89,83,64538
89,82,64539
90,81,64540
92,80,64541
93,79,64542
101,78,64543
103,77,64544
101,76,64545
113,80,64546
113,79,64547
115,80,64548
115,79,64549
121,83,64550
123,84,64551
124,85,64552
127,88,64553
130,92,64554
134,101,64555
134,99,64556
135,100,64557
137,109,64558
138,112,64559
138,107,64560
139,118,64561
139,123,64562
139,126,64563
138,131,64564
137,137,64565
137,138,64566
135,143,64567
133,148,64568
129,154,64569
130,154,64570
127,158,64571
120,164,64572
123,163,64573
113,169,64574
107,172,64575
110,172,64576
100,175,64577
104,175,64578
92,176,64579
92,177,64580
83,176,64581
78,175,64582
76,175,64583
71,173,64584
68,172,64585
60,167,64586
60,168,64587
54,163,64588
52,161,64589
44,151,64590
43,150,64591
44,153,64592
36,136,64593
34,130,64594
36,140,64595
31,118,64596
30,115,64597
30,121,64598
29,105,64599
30,93,64600
29,96,64601
32,82,64602
31,83,64603
36,69,64604
38,64,64605
39,62,64606
43,55,64607
44,53,64608
51,44,64609
56,39,64610
57,38,64611
73,28,64612
76,26,64613
68,29,64614
87,22,64615
89,21,64616
97,20,64617
108,20,64618
105,19,64619
118,21,64620
113,19,64621
131,25,64622
134,26,64623
139,28,64624
145,32,64625
148,34,64626
160,45,64627
162,47,64628
166,52,64629
170,57,64630
173,61,64631
181,81,64632
181,79,64633
183,84,64634
187,102,64635
187,100,64636
188,104,64637
189,120,64638
188,134,64639
188,138,64640
187,143,64641
184,155,64642
184,158,64643
93,109,64644
94,105,64645
95,103,64646
95,102,64647
99,100,64648
98,99,64649
102,98,64650
101,97,64651
107,100,64652
108,99,64653
110,100,64654
110,98,64655
115,106,64656
115,104,64657
117,108,64658
118,109,64659
119,111,64660
119,117,64661
120,117,64662
121,117,64663
121,122,64664
119,128,64665
119,130,64666
119,132,64667
119,133,64668
118,136,64669
112,143,64670
113,143,64671
114,143,64672
104,149,64673
106,149,64674
104,151,64675
102,152,64676
94,153,64677
97,154,64678
92,155,64679
85,154,64680
83,154,64681
77,151,64682
78,153,64683
75,152,64684
69,147,64685
68,147,64686
65,145,64687
60,139,64688
61,141,64689
59,140,64690
54,128,64691
53,127,64692
52,127,64693
50,115,64694
49,116,64695
49,102,64696
48,108,64697
48,100,64698
50,90,64699
48,94,64700
53,80,64701
55,76,64702
52,79,64703
55,74,64704
55,72,64705
69,57,64706
63,61,64707
72,54,64708
65,58,64709
77,50,64710
85,46,64711
83,46,64712
94,43,64713
92,43,64714
97,42,64715
107,42,64716
109,42,64717
112,42,64718
115,42,64719
130,49,64720
135,52,64721
128,46,64722
141,56,64723
144,58,64724
143,56,64725
153,69,64726
156,73,64727
152,65,64728
163,89,64729
164,90,64730
164,88,64731
167,100,64732
168,102,64733
169,115,64734
170,116,64735
169,131,64736
170,127,64737
169,136,64738
161,160,64739
166,150,64740
162,161,64741
156,171,64742
160,166,64743
147,184,64744
150,182,64745
145,187,64746
126,201,64747
138,195,64748
125,203,64749
116,207,64750
117,207,64751
108,210,64752
104,211,64753
99,212,64754
83,212,64755
80,212,64756
67,209,64757
71,211,64758
53,203,64759
52,203,64760
46,199,64761
46,200,64762
37,193,64763
31,188,64764
21,175,64765
23,179,64766
17,170,64767
9,154,64768
10,158,64769
5,145,64770
99,112,64771
103,115,64772
102,118,64773
104,119,64774
103,122,64775
104,123,64776
99,128,64777
102,128,64778
96,130,64779
98,131,64780
94,132,64781
94,133,64782
89,133,64783
88,133,64784
85,132,64785
84,133,64786
81,131,64787
80,131,64788
77,129,64789
74,125,64790
74,126,64791
71,119,64792
71,122,64793
69,117,64794
68,113,64795
67,112,64796
68,101,64797
66,106,64798
66,102,64799
72,88,64800
69,91,64801
68,91,64802
70,87,64803
76,79,64804
70,85,64805
77,77,64806
81,73,64807
80,73,64808
87,69,64809
88,68,64810
89,67,64811
96,65,64812
98,64,64813
102,64,64814
107,64,64815
109,64,64816
108,63,64817
123,70,64818
121,68,64819
121,67,64820
129,73,64821
127,70,64822
134,77,64823
138,82,64824
139,83,64825
141,85,64826
145,95,64827
146,97,64828
147,99,64829
149,106,64830
150,111,64831
150,106,64832
151,121,64833
151,122,64834
148,139,64835
151,130,64836
148,142,64837
144,151,64838
144,152,64839
143,155,64840
137,164,64841
138,164,64842
129,173,64843
129,174,64844
126,177,64845
116,183,64846
111,185,64847
107,187,64848
112,186,64849
98,189,64850
94,190,64851
94,191,64852
79,189,64853
77,189,64854
81,191,64855
58,180,64856
64,185,64857
58,182,64858
53,179,64859
45,172,64860
43,170,64861
38,164,64862
37,164,64863
30,152,64864
27,147,64865
25,142,64866
21,129,64867
21,132,64868
19,122,64869
18,114,64870
18,100,64871
17,104,64872
17,99,64873
23,73,64874
17,89,64875
25,64,64876
26,62,64877
25,62,64878
30,52,64879
41,37,64880
34,44,64881
52,26,64882
49,28,64883
53,24,64884
62,18,64885
76,12,64886
73,12,64887
81,9,64888
91,7,64889
96,6,64890
100,5,64891
116,7,64892
115,6,64893
124,8,64894
135,12,64895
138,13,64896
145,16,64897
95,115,64898
90,115,64899
88,113,64900
88,114,64901
86,109,64902
85,110,64903
85,105,64904
84,105,64905
87,99,64906
84,101,64907
87,96,64908
87,95,64909
91,91,64910
91,90,64911
94,89,64912
95,87,64913
97,86,64914
102,86,64915
101,85,64916
103,85,64917
104,84,64918
112,88,64919
113,87,64920
115,88,64921
118,90,64922
119,91,64923
122,94,64924
124,97,64925
125,96,64926
128,106,64927
128,102,64928
130,110,64929
131,111,64930
131,121,64931
132,116,64932
132,123,64933
130,132,64934
132,127,64935
129,136,64936
130,137,64937
126,144,64938
126,145,64939
122,150,64940
124,150,64941
116,157,64942
118,156,64943
115,159,64944
105,164,64945
104,165,64946
105,165,64947
96,167,64948
97,168,64949
84,167,64950
85,168,64951
83,168,64952
78,167,64953
71,164,64954
69,163,64955
68,163,64956
63,160,64957
59,157,64958
55,153,64959
50,146,64960
48,144,64961
45,139,64962
44,137,64963
42,132,64964
40,127,64965
38,118,64966
37,114,64967
37,106,64968
36,108,64969
38,91,64970
37,93,64971
37,90,64972
41,77,64973
45,68,64974
42,73,64975
46,65,64976
48,61,64977
54,53,64978
55,51,64979
63,44,64980
66,41,64981
67,40,64982
76,35,64983
82,32,64984
89,30,64985
88,30,64986
98,28,64987
105,28,64988
104,27,64989
116,29,64990
121,30,64991
129,33,64992
135,36,64993
140,39,64994
137,36,64995
149,45,64996
153,49,64997
156,52,64998
161,58,64999
164,62,65000
171,75,65001
172,76,65002
177,91,65003
177,89,65004
179,98,65005
181,109,65006
181,125,65007
182,117,65008
180,138,65009
180,140,65010
180,142,65011
176,157,65012
170,171,65013
172,168,65014
167,178,65015
160,188,65016
159,190,65017
155,195,65018
148,202,65019
140,209,65020
137,211,65021
129,216,65022
125,218,65023
116,222,65024
96,110,65025
99,106,65026
102,105,65027
104,105,65028
106,106,65029
108,107,65030
110,111,65031
110,107,65032
112,114,65033
113,113,65034
113,118,65035
114,119,65036
113,124,65037
113,126,65038
113,127,65039
113,128,65040
111,132,65041
110,134,65042
108,137,65043
105,140,65044
106,140,65045
100,143,65046
100,144,65047
98,145,65048
95,146,65049
92,146,65050
89,146,65051
85,146,65052
86,147,65053
78,143,65054
75,142,65055
77,144,65056
72,141,65057
68,136,65058
68,138,65059
65,134,65060
63,131,65061
60,125,65062
58,116,65063
58,120,65064
57,118,65065
56,111,65066
56,105,65067
55,103,65068
55,102,65069
56,94,65070
57,90,65071
59,84,65072
59,83,65073
63,75,65074
62,76,65075
66,70,65076
71,65,65077
70,65,65078
76,60,65079
80,57,65080
81,56,65081
86,54,65082
94,52,65083
94,51,65084
99,50,65085
105,50,65086
106,50,65087
110,50,65088
117,52,65089
125,55,65090
129,57,65091
132,59,65092
133,59,65093
143,69,65094
143,68,65095
147,73,65096
149,76,65097
153,83,65098
156,89,65099
156,87,65100
160,104,65101
161,108,65102
160,97,65103
162,116,65104
162,127,65105
162,130,65106
162,131,65107
160,142,65108
161,140,65109
157,152,65110
154,159,65111
153,162,65112
146,173,65113
145,175,65114
140,181,65115
136,185,65116
132,188,65117
126,193,65118
121,196,65119
108,200,65120
111,200,65121
107,202,65122
94,203,65123
93,204,65124
79,203,65125
77,203,65126
72,202,65127
64,199,65128
66,201,65129
51,193,65130
48,191,65131
43,188,65132
36,181,65133
35,181,65134
24,166,65135
24,167,65136
20,160,65137
16,152,65138
14,149,65139
8,122,65140
8,127,65141
7,124,65142
6,112,65143
5,108,65144
6,93,65145
7,84,65146
8,79,65147
10,71,65148
11,66,65149
16,54,65150
18,48,65151
99,117,65152
99,119,65153
97,121,65154
97,123,65155
94,124,65156
92,126,65157
89,125,65158
88,126,65159
83,121,65160
85,125,65161
82,123,65162
81,123,65163
78,117,65164
77,116,65165
76,113,65166
75,113,65167
74,111,65168
74,105,65169
74,102,65170
74,100,65171
73,102,65172
76,94,65173
78,89,65174
76,90,65175
78,87,65176
79,85,65177
87,79,65178
87,78,65179
84,79,65180
95,75,65181
94,74,65182
96,73,65183
100,73,65184
103,72,65185
102,71,65186
108,72,65187
114,74,65188
113,73,65189
123,80,65190
122,78,65191
123,77,65192
129,84,65193
129,83,65194
132,86,65195
136,93,65196
137,94,65197
135,88,65198
141,109,65199
142,108,65200
142,105,65201
143,116,65202
144,116,65203
142,131,65204
144,124,65205
143,132,65206
140,142,65207
142,138,65208
136,151,65209
132,157,65210
137,152,65211
130,161,65212
132,160,65213
117,172,65214
123,169,65215
110,176,65216
119,173,65217
107,178,65218
99,180,65219
98,181,65220
91,181,65221
83,181,65222
85,182,65223
80,181,65224
70,178,65225
67,177,65226
67,178,65227
56,170,65228
50,165,65229
56,172,65230
42,156,65231
43,158,65232
41,157,65233
33,140,65234
32,139,65235
34,147,65236
27,120,65237
28,129,65238
26,120,65239
25,112,65240
25,103,65241
25,95,65242
25,93,65243
27,83,65244
26,84,65245
31,69,65246
40,53,65247
34,61,65248
37,55,65249
47,42,65250
44,44,65251
56,33,65252
56,32,65253
61,28,65254
79,20,65255
64,25,65256
78,19,65257
90,16,65258
91,15,65259
99,14,65260
112,15,65261
111,14,65262
120,16,65263
128,18,65264
135,21,65265
152,32,65266
139,22,65267
153,32,65268
160,38,65269
161,38,65270
166,44,65271
169,47,65272
182,71,65273
181,66,65274
186,79,65275
188,86,65276
188,83,65277
192,103,65278
92,112,65279
91,108,65280
91,106,65281
90,105,65282
92,101,65283
91,100,65284
96,97,65285
93,97,65286
101,95,65287
98,94,65288
101,93,65289
102,92,65290
108,95,65291
108,94,65292
112,96,65293
113,96,65294
114,97,65295
117,99,65296
119,102,65297
120,103,65298
121,104,65299
123,112,65300
123,107,65301
124,114,65302
125,116,65303
125,120,65304
124,126,65305
125,126,65306
125,129,65307
117,142,65308
122,137,65309
120,141,65310
117,145,65311
113,149,65312
115,148,65313
113,150,65314
109,153,65315
104,156,65316
100,157,65317
99,158,65318
96,159,65319
93,160,65320
86,159,65321
83,159,65322
82,159,65323
77,158,65324
80,160,65325
67,152,65326
64,150,65327
67,154,65328
57,142,65329
60,148,65330
55,141,65331
52,135,65332
50,132,65333
49,131,65334
47,124,65335
45,115,65336
44,112,65337
45,101,65338
44,100,65339
44,96,65340
45,91,65341
45,88,65342
50,76,65343
47,80,65344
50,74,65345
56,64,65346
53,67,65347
59,59,65348
65,53,65349
63,54,65350
72,47,65351
71,47,65352
77,43,65353
85,40,65354
94,38,65355
97,37,65356
92,37,65357
104,36,65358
111,37,65359
115,37,65360
124,40,65361
129,42,65362
123,38,65363
145,54,65364
141,49,65365
145,52,65366
151,58,65367
157,66,65368
159,69,65369
160,70,65370
163,75,65371
168,88,65372
169,89,65373
172,101,65374
173,109,65375
174,110,65376
174,121,65377
175,120,65378
172,141,65379
173,139,65380
172,145,65381
163,167,65382
171,152,65383
163,169,65384
157,179,65385
157,180,65386
152,187,65387
145,194,65388
141,198,65389
129,206,65390
127,207,65391
131,206,65392
118,212,65393
100,216,65394
105,216,65395
86,217,65396
87,218,65397
84,218,65398
73,216,65399
63,213,65400
66,215,65401
52,209,65402
47,206,65403
38,200,65404
37,200,65405
100,110,65406
101,110,65407
104,113,65408
106,114,65409
106,117,65410
107,118,65411
107,121,65412
108,122,65413
105,127,65414
106,128,65415
103,131,65416
104,132,65417
99,134,65418
99,135,65419
96,137,65420
95,137,65421
92,138,65422
89,138,65423
89,139,65424
87,139,65425
84,138,65426
78,134,65427
77,135,65428
75,133,65429
73,131,65430
71,129,65431
68,125,65432
67,122,65433
66,121,65434
64,112,65435
64,116,65436
63,111,65437
62,109,65438
64,98,65439
61,106,65440
63,96,65441
66,87,65442
64,89,65443
69,81,65444
69,80,65445
71,77,65446
73,74,65447
77,70,65448
74,71,65449
82,66,65450
84,64,65451
85,63,65452
92,61,65453
94,60,65454
97,59,65455
105,59,65456
103,58,65457
114,60,65458
116,60,65459
119,61,65460
122,62,65461
128,66,65462
132,69,65463
134,70,65464
139,76,65465
138,74,65466
143,80,65467
148,91,65468
149,91,65469
150,94,65470
153,104,65471
154,108,65472
154,118,65473
155,114,65474
155,121,65475
155,127,65476
155,132,65477
152,143,65478
153,141,65479
151,149,65480
145,160,65481
142,165,65482
142,166,65483
139,170,65484
135,175,65485
128,181,65486
129,181,65487
119,187,65488
113,190,65489
117,189,65490
99,194,65491
103,194,65492
95,195,65493
91,196,65494
83,195,65495
77,194,65496
74,194,65497
65,191,65498
59,188,65499
57,187,65500
47,180,65501
39,172,65502
38,172,65503
37,171,65504
29,160,65505
26,155,65506
22,147,65507
20,142,65508
18,136,65509
18,138,65510
15,124,65511
14,120,65512
13,112,65513
13,99,65514
14,88,65515
13,91,65516
17,74,65517
20,64,65518
19,65,65519
25,52,65520
31,43,65521
32,40,65522
35,36,65523
44,26,65524
46,24,65525
54,17,65526
64,11,65527
66,10,65528
72,7,65529
80,4,65530
83,3,65531
93,1,65532
95,118,65533
94,118,65534
91,119,65535
88,118,65536
86,117,65537
85,117,65538
83,112,65539
82,114,65540
82,107,65541
80,110,65542
81,105,65543
81,101,65544
81,100,65545
82,96,65546
84,93,65547
83,93,65548
85,90,65549
87,88,65550
89,86,65551
90,85,65552
92,83,65553
99,82,65554
97,81,65555
99,80,65556
103,80,65557
105,80,65558
109,81,65559
113,82,65560
111,80,65561
118,85,65562
120,86,65563
124,90,65564
124,88,65565
128,94,65566
130,97,65567
131,98,65568
132,101,65569
134,106,65570
135,114,65571
136,113,65572
136,120,65573
136,125,65574
135,131,65575
136,130,65576
134,137,65577
134,138,65578
133,141,65579
129,148,65580
128,151,65581
127,153,65582
122,158,65583
118,162,65584
117,163,65585
115,165,65586
110,168,65587
108,169,65588
104,171,65589
93,172,65590
92,173,65591
93,174,65592
84,173,65593
78,172,65594
77,172,65595
72,170,65596
69,169,65597
60,163,65598
59,163,65599
54,159,65600
52,157,65601
46,149,65602
44,147,65603
42,143,65604
40,139,65605
37,132,65606
35,126,65607
34,125,65608
33,111,65609
32,107,65610
32,102,65611
32,97,65612
33,90,65613
34,84,65614
35,80,65615
37,74,65616
38,70,65617
44,59,65618
48,53,65619
50,50,65620
59,41,65621
56,43,65622
62,38,65623
69,33,65624
72,31,65625
76,29,65626
80,27,65627
97,24,65628
98,23,65629
98,22,65630
110,23,65631
113,23,65632
125,26,65633
128,27,65634
131,28,65635
140,33,65636
143,34,65637
147,37,65638
155,44,65639
160,49,65640
164,54,65641
169,61,65642
173,68,65643
178,79,65644
180,84,65645
182,91,65646
182,88,65647
185,114,65648
186,114,65649
186,122,65650
186,130,65651
185,138,65652
183,149,65653
181,156,65654
180,160,65655
175,172,65656
171,180,65657
169,184,65658
163,193,65659
96,112,65660
95,107,65661
97,104,65662
97,102,65663
101,102,65664
102,100,65665
106,102,65666
105,100,65667
111,106,65668
110,103,65669
113,106,65670
113,104,65671
115,112,65672
116,112,65673
117,115,65674
118,116,65675
118,119,65676
117,124,65677
118,124,65678
118,126,65679
118,128,65680
112,137,65681
113,138,65682
113,139,65683
111,141,65684
110,143,65685
103,147,65686
104,147,65687
102,149,65688
93,150,65689
94,151,65690
92,151,65691
87,151,65692
83,150,65693
85,152,65694
80,150,65695
75,148,65696
73,147,65697
65,139,65698
67,143,65699
64,140,65700
62,137,65701
58,130,65702
60,136,65703
54,120,65704
54,123,65705
54,126,65706
52,111,65707
51,110,65708
51,102,65709
51,100,65710
50,103,65711
54,87,65712
52,90,65713
53,85,65714
57,77,65715
56,77,65716
63,67,65717
68,62,65718
64,64,65719
68,60,65720
67,60,65721
85,50,65722
80,51,65723
89,48,65724
84,48,65725
96,46,65726
102,45,65727
101,44,65728
113,46,65729
115,46,65730
117,46,65731
126,50,65732
132,53,65733
135,55,65734
134,53,65735
143,62,65736
150,71,65737
154,76,65738
147,64,65739
158,83,65740
155,75,65741
162,94,65742
164,98,65743
163,91,65744
166,115,65745
167,115,65746
167,123,65747
167,127,65748
165,139,65749
165,142,65750
164,146,65751
159,159,65752
160,159,65753
157,165,65754
145,181,65755
151,175,65756
145,183,65757
136,191,65758
136,192,65759
124,199,65760
128,198,65761
118,203,65762
102,207,65763
109,207,65764
103,208,65765
91,209,65766
90,210,65767
80,209,65768
68,206,65769
69,207,65770
57,202,65771
48,197,65772
46,196,65773
44,195,65774
31,182,65775
31,183,65776
23,173,65777
19,168,65778
16,163,65779
13,157,65780
7,140,65781
9,149,65782
4,130,65783
2,118,65784
2,98,65785
1,110,65786
99,113,65787
101,115,65788
101,119,65789
102,121,65790
100,124,65791
99,126,65792
96,128,65793
97,129,65794
90,128,65795
92,131,65796
89,131,65797
88,131,65798
82,127,65799
83,129,65800
79,125,65801
78,126,65802
77,125,65803
75,122,65804
74,121,65805
72,116,65806
71,115,65807
70,109,65808
70,105,65809
69,108,65810
69,103,65811
69,101,65812
72,93,65813
71,93,65814
70,92,65815
78,82,65816
76,82,65817
77,81,65818
78,79,65819
85,74,65820
84,73,65821
88,71,65822
91,70,65823
94,68,65824
104,68,65825
101,67,65826
102,66,65827
108,67,65828
115,69,65829
116,69,65830
120,71,65831
123,72,65832
120,69,65833
133,82,65834
133,81,65835
132,78,65836
138,88,65837
139,88,65838
141,91,65839
144,100,65840
145,101,65841
146,103,65842
147,112,65843
148,117,65844
147,126,65845
149,120,65846
147,133,65847
147,134,65848
144,144,65849
145,143,65850
138,156,65851
142,152,65852
136,161,65853
126,171,65854
130,169,65855
129,170,65856
121,176,65857
121,177,65858
108,183,65859
110,183,65860
105,185,65861
99,186,65862
91,187,65863
83,186,65864
83,187,65865
75,185,65866
71,184,65867
69,184,65868
60,179,65869
55,176,65870
62,182,65871
40,160,65872
46,169,65873
39,161,65874
38,160,65875
34,154,65876
28,141,65877
27,140,65878
24,132,65879
22,122,65880
21,116,65881
21,103,65882
20,107,65883
20,100,65884
22,86,65885
21,88,65886
25,73,65887
25,71,65888
27,65,65889
41,43,65890
28,60,65891
39,44,65892
47,35,65893
46,35,65894
51,30,65895
63,21,65896
61,22,65897
78,14,65898
80,13,65899
78,13,65900
93,10,65901
104,9,65902
107,9,65903
121,11,65904
120,10,65905
127,12,65906
130,13,65907
147,22,65908
142,18,65909
155,27,65910
162,33,65911
168,39,65912
171,42,65913
92,114,65914
90,113,65915
89,110,65916
88,111,65917
88,104,65918
86,105,65919
89,100,65920
87,100,65921
92,95,65922
88,97,65923
93,93,65924
93,92,65925
98,90,65926
97,89,65927
102,89,65928
103,89,65929
105,88,65930
110,90,65931
110,89,65932
111,89,65933
113,90,65934
119,96,65935
116,91,65936
122,99,65937
123,100,65938
124,101,65939
126,105,65940
127,110,65941
128,109,65942
128,121,65943
129,120,65944
129,124,65945
130,122,65946
127,132,65947
130,127,65948
127,136,65949
125,140,65950
123,144,65951
119,149,65952
120,149,65953
117,153,65954
111,157,65955
110,158,65956
112,158,65957
102,162,65958
101,163,65959
100,164,65960
88,164,65961
89,165,65962
91,166,65963
79,163,65964
81,165,65965
72,161,65966
68,159,65967
67,159,65968
64,157,65969
57,150,65970
55,148,65971
53,146,65972
51,143,65973
48,138,65974
47,138,65975
42,120,65976
43,128,65977
41,120,65978
40,114,65979
39,110,65980
40,98,65981
39,98,65982
41,89,65983
42,83,65984
42,81,65985
47,70,65986
45,73,65987
47,68,65988
55,57,65989
59,52,65990
59,51,65991
61,49,65992
69,43,65993
75,39,65994
72,40,65995
84,35,65996
91,33,65997
87,33,65998
104,32,65999
104,31,66000
108,31,66001
111,31,66002
127,36,66003
128,36,66004
133,38,66005
135,39,66006
146,47,66007
148,48,66008
156,57,66009
161,64,66010
158,58,66011
167,73,66012
169,77,66013
171,82,66014
174,89,66015
176,97,66016
177,104,66017
178,107,66018
179,117,66019
177,137,66020
179,129,66021
177,141,66022
174,154,66023
176,150,66024
166,172,66025
167,172,66026
165,176,66027
158,186,66028
147,198,66029
151,195,66030
145,201,66031
132,210,66032
133,210,66033
127,214,66034
116,218,66035
114,219,66036
101,222,66037
95,223,66038
90,223,66039
89,224,66040
