98,115,1
98,116,2
98,118,3
96,120,4
95,120,5
95,122,6
94,122,7
93,123,8
92,124,9
90,123,10
89,123,11
87,123,12
84,120,13
84,121,14
83,120,15
83,123,16
80,114,17
79,116,18
78,113,19
78,109,20
77,110,21
76,109,22
77,103,23
76,104,24
75,104,25
77,97,26
78,94,27
79,92,28
80,89,29
83,86,30
82,86,31
86,82,32
87,81,33
88,80,34
93,78,35
92,77,36
97,76,37
105,76,38
103,75,39
109,76,40
108,75,41
116,78,42
113,75,43
118,78,44
123,82,45
123,81,46
132,94,47
129,87,48
132,90,49
136,101,50
136,97,51
138,103,52
139,105,53
140,113,54
141,116,55
141,123,56
141,126,57
139,135,58
139,136,59
138,140,60
137,144,61
136,147,62
131,155,63
126,161,64
125,163,65
123,165,66
112,172,67
114,172,68
107,175,69
100,177,70
103,177,71
100,178,72
85,178,73
82,178,74
84,179,75
77,178,76
64,172,77
65,173,78
58,169,79
54,165,80
52,164,81
44,154,82
41,150,83
40,151,84
34,137,85
31,127,86
33,137,87
29,121,88
28,112,89
27,111,90
28,95,91
28,92,92
28,90,93
30,80,94
35,66,95
38,60,96
37,60,97
44,50,98
51,42,99
51,41,100
52,39,101
68,28,102
72,25,103
79,22,104
86,20,105
87,19,106
108,18,107
102,17,108
111,17,109
121,19,110
127,21,111
137,25,112
141,27,113
150,33,114
155,37,115
156,37,116
170,55,117
170,54,118
178,67,119
182,76,120
183,79,121
183,75,122
189,105,123
190,110,124
190,129,125
191,123,126
191,129,127
95,112,128
93,111,129
92,110,130
92,107,131
93,106,132
92,105,133
93,103,134
93,102,135
94,101,136
94,100,137
97,98,138
97,97,139
100,97,140
102,97,141
104,97,142
101,95,143
107,97,144
105,95,145
110,98,146
110,97,147
114,101,148
116,104,149
116,102,150
116,101,151
118,105,152
120,110,153
120,107,154
121,116,155
122,114,156
122,121,157
122,122,158
123,122,159
122,128,160
122,130,161
118,137,162
122,132,163
116,141,164
110,147,165
114,145,166
112,147,167
112,148,168
102,153,169
107,152,170
98,155,171
96,156,172
94,157,173
84,155,174
83,156,175
84,157,176
75,153,177
77,155,178
71,152,179
67,149,180
62,144,181
60,142,182
60,144,183
55,136,184
54,134,185
51,127,186
51,129,187
48,118,188
47,115,189
47,105,190
46,105,191
46,101,192
47,92,193
51,80,194
48,85,195
52,76,196
59,65,197
54,70,198
54,69,199
70,53,200
68,54,201
71,51,202
73,49,203
87,43,204
83,43,205
91,41,206
97,40,207
101,39,208
109,40,209
118,42,210
116,40,211
127,44,212
135,49,213
134,47,214
142,54,215
152,65,216
149,59,217
152,63,218
161,78,219
164,84,220
164,83,221
168,95,222
170,105,223
171,108,224
171,124,225
172,122,226
171,132,227
171,135,228
166,154,229
168,150,230
163,163,231
157,173,232
159,172,233
153,181,234
144,191,235
139,196,236
135,199,237
126,205,238
117,209,239
116,210,240
105,213,241
94,214,242
95,215,243
76,213,244
78,214,245
65,211,246
59,209,247
51,205,248
53,207,249
33,192,250
24,182,251
25,184,252
25,185,253
17,174,254
97,112,255
101,112,256
101,111,257
102,114,258
103,115,259
104,115,260
105,116,261
105,117,262
105,119,263
106,120,264
105,122,265
104,125,266
104,126,267
102,128,268
100,130,269
103,130,270
97,132,271
98,133,272
95,134,273
95,135,274
90,134,275
89,135,276
89,136,277
88,136,278
84,135,279
81,133,280
81,134,281
76,129,282
77,132,283
74,128,284
73,128,285
70,123,286
68,118,287
68,120,288
67,116,289
66,113,290
65,110,291
66,101,292
65,101,293
66,96,294
65,96,295
69,87,296
66,90,297
69,85,298
73,79,299
74,77,300
81,71,301
78,72,302
80,70,303
88,66,304
88,65,305
93,63,306
96,62,307
102,62,308
107,62,309
107,61,310
108,61,311
119,65,312
123,67,313
123,66,314
127,68,315
132,72,316
134,74,317
141,83,318
142,85,319
144,87,320
147,93,321
148,96,322
150,103,323
151,106,324
152,113,325
153,115,326
151,133,327
150,139,328
152,134,329
151,140,330
144,156,331
148,150,332
143,159,333
137,168,334
134,171,335
128,177,336
129,177,337
122,182,338
115,186,339
107,189,340
107,190,341
96,192,342
88,192,343
90,193,344
86,193,345
71,190,346
67,188,347
63,187,348
56,183,349
49,178,350
42,172,351
42,173,352
30,155,353
28,153,354
29,156,355
22,140,356
19,130,357
18,127,358
17,121,359
16,114,360
15,107,361
16,95,362
16,89,363
18,78,364
23,64,365
25,59,366
25,58,367
29,50,368
42,33,369
40,34,370
52,23,371
53,22,372
56,19,373
71,11,374
75,9,375
82,6,376
96,4,377
108,4,378
111,4,379
110,3,380
126,6,381
96,114,382
95,116,383
94,117,384
92,117,385
90,115,386
89,117,387
88,115,388
87,115,389
86,114,390
85,114,391
84,112,392
84,109,393
83,109,394
83,106,395
83,104,396
82,104,397
84,99,398
83,100,399
85,96,400
86,94,401
86,93,402
88,91,403
92,88,404
90,88,405
91,87,406
97,85,407
96,84,408
102,84,409
102,83,410
103,83,411
109,84,412
112,85,413
109,83,414
114,85,415
117,87,416
119,88,417
123,92,418
126,97,419
126,96,420
129,102,421
129,100,422
131,106,423
132,107,424
133,113,425
134,115,426
134,121,427
133,127,428
132,133,429
133,131,430
131,138,431
130,141,432
127,147,433
128,146,434
123,153,435
120,156,436
120,157,437
114,162,438
109,165,439
105,167,440
106,167,441
97,169,442
96,170,443
91,171,444
80,169,445
76,168,446
74,168,447
72,167,448
67,165,449
64,163,450
59,160,451
54,155,452
50,150,453
45,142,454
46,145,455
40,132,456
41,136,457
37,123,458
36,119,459
35,114,460
35,101,461
35,97,462
36,89,463
36,87,464
39,76,465
40,73,466
45,63,467
45,62,468
53,51,469
50,54,470
59,44,471
65,39,472
70,36,473
75,33,474
76,32,475
84,29,476
93,27,477
98,26,478
104,25,479
120,28,480
124,29,481
128,30,482
135,33,483
138,35,484
146,40,485
152,45,486
157,50,487
162,56,488
166,61,489
169,66,490
176,81,491
177,84,492
180,93,493
181,98,494
183,111,495
182,133,496
184,124,497
181,144,498
182,141,499
179,154,500
173,170,501
170,176,502
169,179,503
159,193,504
158,195,505
153,200,506
142,210,507
141,211,508
96,111,509
96,108,510
95,107,511
97,106,512
99,105,513
99,104,514
101,103,515
102,103,516
103,103,517
104,103,518
106,104,519
107,103,520
110,108,521
111,109,522
111,108,523
111,104,524
113,113,525
114,112,526
115,115,527
115,119,528
116,118,529
116,121,530
114,127,531
115,127,532
116,126,533
114,130,534
112,134,535
111,136,536
111,137,537
105,142,538
106,142,539
105,143,540
102,145,541
98,147,542
93,147,543
95,148,544
91,149,545
83,147,546
84,148,547
80,147,548
77,146,549
73,143,550
74,145,551
69,141,552
67,139,553
64,136,554
59,124,555
61,132,556
60,131,557
56,116,558
55,117,559
54,114,560
54,106,561
53,106,562
54,97,563
53,100,564
55,90,565
57,83,566
59,79,567
60,76,568
61,74,569
64,69,570
69,64,571
72,61,572
76,57,573
77,56,574
86,52,575
90,50,576
94,49,577
100,48,578
103,48,579
104,47,580
117,50,581
118,50,582
120,50,583
127,53,584
135,59,585
135,58,586
141,63,587
147,70,588
147,69,589
156,86,590
158,90,591
157,84,592
162,103,593
163,109,594
164,109,595
164,120,596
164,128,597
165,124,598
162,141,599
161,146,600
159,153,601
159,154,602
151,169,603
150,171,604
148,175,605
135,188,606
130,192,607
128,194,608
126,196,609
107,203,610
110,203,611
101,205,612
94,206,613
85,206,614
83,206,615
75,205,616
73,205,617
59,200,618
54,197,619
47,193,620
39,187,621
36,184,622
31,179,623
24,171,624
14,151,625
14,152,626
12,148,627
7,131,628
6,127,629
6,132,630
4,107,631
4,96,632
5,86,633
6,78,634
6,77,635
99,114,636
100,115,637
100,116,638
100,118,639
98,121,640
100,121,641
99,122,642
98,124,643
98,125,644
96,126,645
93,126,646
93,127,647
91,127,648
90,128,649
88,127,650
90,130,651
84,125,652
84,127,653
81,124,654
81,125,655
78,120,656
77,120,657
76,119,658
75,118,659
74,115,660
73,111,661
72,111,662
72,105,663
71,107,664
73,98,665
72,100,666
73,95,667
73,93,668
74,91,669
79,84,670
77,85,671
80,81,672
88,76,673
86,76,674
89,74,675
87,74,676
96,72,677
94,71,678
99,70,679
105,70,680
104,69,681
117,74,682
113,71,683
117,72,684
124,77,685
123,75,686
127,79,687
131,82,688
134,87,689
136,89,690
137,89,691
140,95,692
142,103,693
143,105,694
144,106,695
145,114,696
146,117,697
144,132,698
145,129,699
144,135,700
143,140,701
137,153,702
140,149,703
136,156,704
128,165,705
133,162,706
132,164,707
118,174,708
114,177,709
113,178,710
112,179,711
97,183,712
101,183,713
93,184,714
87,184,715
83,184,716
70,180,717
63,177,718
66,180,719
58,175,720
49,167,721
53,172,722
42,160,723
38,154,724
40,159,725
33,148,726
27,129,727
26,128,728
26,129,729
24,118,730
23,109,731
22,106,732
24,90,733
24,88,734
25,81,735
27,74,736
34,58,737
33,58,738
41,46,739
48,38,740
45,40,741
53,32,742
64,24,743
63,24,744
72,19,745
80,16,746
93,13,747
89,13,748
100,12,749
115,13,750
115,12,751
130,17,752
134,18,753
142,22,754
149,26,755
153,29,756
152,27,757
168,44,758
176,55,759
180,61,760
178,56,761
185,71,762
94,113,763
93,113,764
91,113,765
91,111,766
91,108,767
89,108,768
90,105,769
88,107,770
88,105,771
89,102,772
90,101,773
91,99,774
91,98,775
94,96,776
95,95,777
93,94,778
98,93,779
97,92,780
101,92,781
101,91,782
105,92,783
109,93,784
107,91,785
109,91,786
111,92,787
116,97,788
115,94,789
118,98,790
119,98,791
122,104,792
123,104,793
124,108,794
125,110,795
126,112,796
126,120,797
127,115,798
127,122,799
124,132,800
126,129,801
125,133,802
124,137,803
120,143,804
124,139,805
117,148,806
117,149,807
112,153,808
109,155,809
109,156,810
106,158,811
97,160,812
98,161,813
94,162,814
88,162,815
83,161,816
81,161,817
85,163,818
74,159,819
67,155,820
64,152,821
64,154,822
57,146,823
58,148,824
53,142,825
48,131,826
47,129,827
46,128,828
44,122,829
43,117,830
42,111,831
43,97,832
41,104,833
41,100,834
45,84,835
48,75,836
45,80,837
48,72,838
58,59,839
51,66,840
55,60,841
66,49,842
67,48,843
78,41,844
75,42,845
83,38,846
91,36,847
98,35,848
96,34,849
104,34,850
120,37,851
117,35,852
124,37,853
133,42,854
136,43,855
142,47,856
149,53,857
155,60,858
156,61,859
159,64,860
168,83,861
170,87,862
169,82,863
174,102,864
175,106,865
176,113,866
175,131,867
177,122,868
176,133,869
172,150,870
172,153,871
171,156,872
163,173,873
158,181,874
156,185,875
153,189,876
138,202,877
142,200,878
126,210,879
127,210,880
122,213,881
109,217,882
100,219,883
100,220,884
78,219,885
73,218,886
68,217,887
65,217,888
55,213,889
98,110,890
99,109,891
100,108,892
102,110,893
103,110,894
104,109,895
105,111,896
106,111,897
107,113,898
108,114,899
108,118,900
109,117,901
109,118,902
108,123,903
107,126,904
109,125,905
107,128,906
107,129,907
105,131,908
104,133,909
104,134,910
103,135,911
100,137,912
98,138,913
97,139,914
94,140,915
93,140,916
89,140,917
86,140,918
85,140,919
82,139,920
80,139,921
76,136,922
74,135,923
72,133,924
71,132,925
69,130,926
65,122,927
65,124,928
63,116,929
62,116,930
62,106,931
61,112,932
60,107,933
61,100,934
61,97,935
63,90,936
64,86,937
65,83,938
68,78,939
66,80,940
70,74,941
73,71,942
78,66,943
79,65,944
83,62,945
87,60,946
90,59,947
97,57,948
99,57,949
101,56,950
106,56,951
113,57,952
119,59,953
125,62,954
126,62,955
132,66,956
130,64,957
140,74,958
140,73,959
146,82,960
147,83,961
152,95,962
153,96,963
155,104,964
156,107,965
156,124,966
157,115,967
157,127,968
156,134,969
155,140,970
153,146,971
153,148,972
147,161,973
146,163,974
143,168,975
139,173,976
130,182,977
128,184,978
126,186,979
119,190,980
108,194,981
107,195,982
104,196,983
91,197,984
82,197,985
85,198,986
73,196,987
63,192,988
60,191,989
54,188,990
51,186,991
37,173,992
40,177,993
32,168,994
29,164,995
21,149,996
21,150,997
19,146,998
14,130,999
12,118,1000
12,119,1001
11,109,1002
11,98,1003
14,79,1004
12,84,1005
17,67,1006
18,63,1007
21,56,1008
28,43,1009
36,32,1010
37,30,1011
42,25,1012
47,20,1013
55,14,1014
63,9,1015
73,4,1016
97,114,1017
96,117,1018
97,118,1019
94,119,1020
93,120,1021
92,120,1022
91,121,1023
90,121,1024
88,120,1025
87,120,1026
86,120,1027
85,119,1028
83,116,1029
82,114,1030
81,113,1031
81,117,1032
80,109,1033
79,111,1034
79,106,1035
79,104,1036
79,101,1037
79,100,1038
81,96,1039
80,96,1040
79,96,1041
83,90,1042
84,88,1043
88,85,1044
86,85,1045
90,83,1046
92,81,1047
94,80,1048
97,79,1049
98,78,1050
106,79,1051
103,77,1052
107,78,1053
112,80,1054
115,81,1055
116,81,1056
116,80,1057
124,87,1058
123,85,1059
126,88,1060
129,92,1061
132,96,1062
135,107,1063
135,104,1064
136,103,1065
137,114,1066
138,114,1067
138,123,1068
138,126,1069
138,128,1070
137,133,1071
137,135,1072
136,139,1073
128,153,1074
128,154,1075
127,156,1076
123,160,1077
124,160,1078
115,167,1079
112,169,1080
106,172,1081
105,173,1082
98,174,1083
97,175,1084
91,176,1085
84,175,1086
82,175,1087
76,174,1088
67,170,1089
66,170,1090
62,168,1091
58,165,1092
50,157,1093
50,158,1094
45,152,1095
42,147,1096
40,144,1097
34,127,1098
33,125,1099
33,129,1100
31,113,1101
30,106,1102
30,100,1103
31,92,1104
31,89,1105
33,79,1106
35,74,1107
39,64,1108
40,62,1109
43,56,1110
50,47,1111
57,40,1112
57,39,1113
65,33,1114
74,28,1115
75,27,1116
73,27,1117
94,22,1118
96,21,1119
103,20,1120
117,22,1121
116,21,1122
126,24,1123
128,24,1124
135,27,1125
145,33,1126
150,37,1127
156,42,1128
165,52,1129
170,59,1130
174,66,1131
176,68,1132
183,90,1133
183,88,1134
186,98,1135
187,110,1136
188,115,1137
188,125,1138
187,136,1139
186,145,1140
181,162,1141
181,163,1142
179,169,1143
95,111,1144
94,110,1145
93,108,1146
95,106,1147
95,105,1148
95,103,1149
96,102,1150
96,101,1151
98,100,1152
98,99,1153
102,100,1154
101,98,1155
104,99,1156
106,100,1157
106,99,1158
105,97,1159
111,103,1160
111,101,1161
113,104,1162
114,103,1163
116,109,1164
117,110,1165
118,111,1166
118,110,1167
119,113,1168
120,117,1169
119,123,1170
119,126,1171
120,125,1172
118,130,1173
117,133,1174
117,135,1175
117,136,1176
115,139,1177
110,144,1178
113,143,1179
107,147,1180
101,150,1181
100,151,1182
101,151,1183
101,152,1184
91,153,1185
94,154,1186
88,154,1187
84,153,1188
81,153,1189
73,148,1190
71,148,1191
71,149,1192
63,140,1193
64,143,1194
63,142,1195
58,135,1196
55,129,1197
54,127,1198
54,130,1199
51,119,1200
50,114,1201
49,109,1202
49,103,1203
48,104,1204
49,97,1205
51,89,1206
52,84,1207
53,80,1208
55,75,1209
60,68,1210
61,65,1211
65,61,1212
72,55,1213
67,57,1214
72,53,1215
86,47,1216
87,46,1217
89,45,1218
90,44,1219
104,43,1220
104,42,1221
113,43,1222
120,45,1223
121,45,1224
132,51,1225
138,55,1226
133,50,1227
144,59,1228
153,71,1229
151,66,1230
157,76,1231
162,88,1232
160,80,1233
163,87,1234
167,105,1235
168,110,1236
169,113,1237
169,122,1238
168,134,1239
168,137,1240
164,151,1241
163,155,1242
162,158,1243
160,163,1244
148,181,1245
151,179,1246
144,187,1247
134,195,1248
138,193,1249
129,200,1250
120,204,1251
117,206,1252
104,210,1253
97,211,1254
85,211,1255
81,211,1256
78,211,1257
67,208,1258
67,209,1259
50,200,1260
47,199,1261
39,193,1262
33,188,1263
27,182,1264
31,188,1265
14,162,1266
11,156,1267
8,151,1268
6,146,1269
3,135,1270
98,112,1271
101,113,1272
102,113,1273
102,116,1274
102,118,1275
104,117,1276
103,119,1277
104,120,1278
102,123,1279
102,124,1280
102,125,1281
101,127,1282
99,128,1283
97,129,1284
96,130,1285
98,131,1286
92,131,1287
92,132,1288
89,132,1289
89,133,1290
83,130,1291
83,131,1292
83,132,1293
80,130,1294
79,129,1295
75,124,1296
75,126,1297
72,120,1298
72,121,1299
70,116,1300
70,119,1301
69,113,1302
68,110,1303
68,106,1304
68,102,1305
67,102,1306
68,97,1307
73,87,1308
69,92,1309
72,86,1310
72,84,1311
78,78,1312
74,80,1313
82,73,1314
85,71,1315
84,71,1316
92,68,1317
91,67,1318
95,66,1319
101,65,1320
101,64,1321
108,65,1322
109,65,1323
116,67,1324
121,69,1325
117,66,1326
124,70,1327
129,74,1328
133,78,1329
135,79,1330
139,85,1331
140,86,1332
142,89,1333
147,104,1334
148,106,1335
149,109,1336
149,119,1337
150,116,1338
150,122,1339
147,139,1340
150,130,1341
149,138,1342
140,156,1343
139,159,1344
140,159,1345
139,161,1346
126,174,1347
135,167,1348
125,176,1349
121,179,1350
116,182,1351
106,186,1352
105,187,1353
100,188,1354
93,189,1355
87,189,1356
88,190,1357
74,187,1358
66,184,1359
68,186,1360
61,183,1361
48,173,1362
47,173,1363
44,170,1364
36,160,1365
31,152,1366
28,147,1367
27,146,1368
22,128,1369
22,131,1370
20,125,1371
19,100,1372
18,106,1373
18,102,1374
22,78,1375
19,87,1376
22,74,1377
26,64,1378
25,64,1379
33,49,1380
38,42,1381
44,35,1382
45,33,1383
56,23,1384
67,17,1385
65,17,1386
80,11,1387
85,9,1388
90,8,1389
100,7,1390
112,7,1391
109,6,1392
132,12,1393
137,14,1394
145,18,1395
145,17,1396
154,23,1397
95,114,1398
94,115,1399
93,116,1400
91,115,1401
89,112,1402
89,115,1403
88,112,1404
87,112,1405
86,110,1406
85,110,1407
86,106,1408
86,103,1409
85,103,1410
87,100,1411
87,98,1412
85,100,1413
88,96,1414
89,94,1415
90,93,1416
92,91,1417
92,90,1418
95,89,1419
97,88,1420
96,87,1421
99,86,1422
104,87,1423
103,85,1424
108,87,1425
112,88,1426
111,87,1427
116,90,1428
116,89,1429
121,95,1430
121,94,1431
124,98,1432
124,97,1433
127,103,1434
128,107,1435
129,109,1436
130,113,1437
131,114,1438
130,124,1439
132,117,1440
130,130,1441
130,132,1442
129,136,1443
125,143,1444
125,144,1445
124,147,1446
121,151,1447
119,153,1448
115,157,1449
113,159,1450
108,162,1451
103,164,1452
103,165,1453
99,166,1454
94,167,1455
85,166,1456
89,168,1457
84,167,1458
81,167,1459
75,165,1460
69,162,1461
62,157,1462
60,156,1463
57,154,1464
52,148,1465
49,144,1466
47,141,1467
45,137,1468
43,133,1469
39,117,1470
39,120,1471
38,113,1472
37,111,1473
39,92,1474
37,96,1475
38,90,1476
41,80,1477
44,72,1478
46,67,1479
45,68,1480
49,61,1481
57,51,1482
60,48,1483
60,47,1484
71,39,1485
72,38,1486
75,36,1487
85,32,1488
95,30,1489
99,29,1490
108,29,1491
113,30,1492
120,31,1493
125,32,1494
130,34,1495
141,41,1496
144,43,1497
148,45,1498
153,50,1499
158,56,1500
164,64,1501
169,72,1502
172,79,1503
174,84,1504
177,92,1505
178,96,1506
180,109,1507
181,118,1508
180,129,1509
181,128,1510
179,142,1511
173,161,1512
176,156,1513
166,177,1514
167,176,1515
161,186,1516
153,195,1517
149,200,1518
150,200,1519
138,209,1520
130,214,1521
125,217,1522
112,222,1523
104,224,1524
97,109,1525
97,108,1526
98,107,1527
99,106,1528
100,106,1529
102,105,1530
103,105,1531
104,106,1532
106,107,1533
107,107,1534
108,108,1535
109,108,1536
110,111,1537
111,113,1538
112,114,1539
112,115,1540
112,119,1541
113,119,1542
112,124,1543
113,123,1544
113,125,1545
111,130,1546
110,132,1547
110,133,1548
109,135,1549
107,137,1550
103,140,1551
103,141,1552
104,141,1553
97,143,1554
97,144,1555
95,145,1556
91,145,1557
87,145,1558
83,144,1559
86,146,1560
80,144,1561
77,142,1562
73,140,1563
71,138,1564
70,138,1565
65,131,1566
65,133,1567
63,129,1568
61,127,1569
60,123,1570
58,112,1571
57,113,1572
57,107,1573
56,104,1574
56,101,1575
57,94,1576
57,93,1577
58,89,1578
60,83,1579
61,80,1580
64,75,1581
67,71,1582
70,67,1583
72,64,1584
77,60,1585
82,57,1586
84,56,1587
89,54,1588
95,52,1589
99,52,1590
102,51,1591
108,51,1592
113,52,1593
117,53,1594
123,55,1595
127,57,1596
132,60,1597
136,63,1598
140,66,1599
141,67,1600
147,75,1601
149,77,1602
155,89,1603
156,91,1604
158,96,1605
160,110,1606
161,112,1607
161,125,1608
162,123,1609
161,131,1610
161,134,1611
157,149,1612
156,153,1613
153,160,1614
152,162,1615
145,173,1616
143,176,1617
141,179,1618
134,185,1619
125,192,1620
124,193,1621
118,196,1622
102,201,1623
105,201,1624
103,202,1625
90,203,1626
84,203,1627
77,202,1628
64,198,1629
62,198,1630
58,196,1631
51,192,1632
45,188,1633
35,179,1634
29,172,1635
24,165,1636
20,158,1637
16,150,1638
14,145,1639
11,137,1640
8,119,1641
8,123,1642
7,100,1643
6,104,1644
7,91,1645
8,83,1646
12,67,1647
12,66,1648
16,56,1649
19,49,1650
22,43,1651
97,113,1652
99,116,1653
99,118,1654
97,120,1655
96,121,1656
97,122,1657
96,123,1658
95,124,1659
94,124,1660
93,125,1661
90,124,1662
89,125,1663
87,124,1664
86,124,1665
84,123,1666
85,126,1667
81,119,1668
81,121,1669
79,117,1670
79,120,1671
77,113,1672
76,112,1673
76,107,1674
75,108,1675
74,109,1676
75,101,1677
75,99,1678
76,96,1679
76,95,1680
78,91,1681
78,89,1682
79,87,1683
80,85,1684
82,83,1685
86,80,1686
86,79,1687
91,76,1688
97,75,1689
96,74,1690
101,74,1691
103,73,1692
109,74,1693
104,72,1694
110,73,1695
117,76,1696
117,75,1697
126,83,1698
125,81,1699
125,80,1700
134,93,1701
133,89,1702
136,94,1703
137,96,1704
140,106,1705
141,108,1706
141,104,1707
142,110,1708
142,125,1709
142,127,1710
142,129,1711
142,133,1712
141,138,1713
138,145,1714
134,153,1715
135,152,1716
133,156,1717
126,164,1718
125,166,1719
121,169,1720
114,173,1721
115,174,1722
112,176,1723
97,179,1724
95,180,1725
93,181,1726
87,181,1727
74,178,1728
76,179,1729
74,179,1730
65,175,1731
64,175,1732
51,165,1733
45,158,1734
49,165,1735
42,155,1736
35,143,1737
38,151,1738
31,135,1739
30,131,1740
28,126,1741
27,124,1742
26,108,1743
25,105,1744
26,93,1745
28,83,1746
28,81,1747
30,73,1748
35,62,1749
40,53,1750
40,52,1751
42,49,1752
58,33,1753
50,39,1754
61,30,1755
69,25,1756
69,24,1757
78,20,1758
89,17,1759
92,16,1760
100,15,1761
114,16,1762
120,17,1763
125,18,1764
128,19,1765
139,24,1766
137,22,1767
159,39,1768
160,39,1769
167,47,1770
173,55,1771
174,56,1772
173,53,1773
186,83,1774
187,86,1775
190,97,1776
191,99,1777
192,111,1778
94,112,1779
93,112,1780
92,111,1781
92,108,1782
93,105,1783
91,105,1784
92,103,1785
91,103,1786
92,101,1787
92,100,1788
94,99,1789
96,97,1790
95,97,1791
99,96,1792
100,95,1793
98,94,1794
104,95,1795
103,94,1796
107,95,1797
107,94,1798
111,97,1799
112,97,1800
113,97,1801
114,97,1802
117,101,1803
119,105,1804
119,102,1805
121,108,1806
122,109,1807
123,114,1808
123,119,1809
124,116,1810
124,120,1811
124,124,1812
121,133,1813
125,126,1814
121,136,1815
117,141,1816
118,142,1817
117,144,1818
116,146,1819
109,151,1820
111,151,1821
105,154,1822
104,155,1823
100,157,1824
91,157,1825
92,158,1826
93,159,1827
81,157,1828
85,159,1829
81,158,1830
75,156,1831
70,153,1832
66,150,1833
69,154,1834
61,147,1835
57,142,1836
55,138,1837
53,137,1838
50,129,1839
49,128,1840
47,124,1841
46,114,1842
45,111,1843
44,108,1844
46,93,1845
44,100,1846
46,89,1847
52,74,1848
47,83,1849
48,78,1850
59,62,1851
60,60,1852
60,59,1853
62,56,1854
73,48,1855
65,52,1856
78,44,1857
85,41,1858
88,40,1859
98,38,1860
105,38,1861
102,37,1862
113,38,1863
117,39,1864
117,38,1865
132,45,1866
142,52,1867
136,46,1868
143,51,1869
154,64,1870
154,63,1871
157,67,1872
163,77,1873
167,87,1874
168,89,1875
169,90,1876
172,110,1877
173,114,1878
174,115,1879
172,136,1880
173,134,1881
171,144,1882
164,163,1883
169,154,1884
163,168,1885
158,176,1886
158,177,1887
151,186,1888
145,193,1889
139,198,1890
130,205,1891
128,206,1892
114,212,1893
110,214,1894
96,216,1895
94,217,1896
89,217,1897
77,216,1898
72,215,1899
69,215,1900
53,208,1901
39,199,1902
41,201,1903
41,202,1904
25,187,1905
99,111,1906
100,110,1907
101,110,1908
103,112,1909
104,113,1910
104,112,1911
105,114,1912
106,115,1913
106,117,1914
107,117,1915
106,121,1916
107,121,1917
106,124,1918
105,126,1919
104,128,1920
106,128,1921
100,132,1922
100,133,1923
99,134,1924
98,135,1925
96,136,1926
94,136,1927
93,137,1928
91,137,1929
90,138,1930
84,136,1931
87,138,1932
80,134,1933
81,136,1934
76,132,1935
76,133,1936
74,132,1937
71,127,1938
69,125,1939
67,121,1940
66,119,1941
65,115,1942
65,107,1943
64,109,1944
63,106,1945
63,102,1946
66,92,1947
62,102,1948
64,94,1949
67,86,1950
67,85,1951
72,78,1952
72,76,1953
74,74,1954
81,68,1955
80,68,1956
84,65,1957
86,64,1958
91,62,1959
96,61,1960
95,60,1961
101,59,1962
108,60,1963
116,62,1964
116,61,1965
117,61,1966
125,65,1967
127,66,1968
133,71,1969
136,74,1970
139,77,1971
141,79,1972
144,84,1973
147,89,1974
150,96,1975
151,100,1976
153,106,1977
154,115,1978
154,122,1979
155,120,1980
154,131,1981
150,145,1982
154,135,1983
151,145,1984
146,157,1985
143,162,1986
139,168,1987
139,169,1988
131,177,1989
129,179,1990
122,184,1991
120,186,1992
113,189,1993
106,192,1994
104,193,1995
96,194,1996
85,194,1997
81,194,1998
79,194,1999
69,191,2000
61,188,2001
59,187,2002
53,184,2003
40,172,2004
37,169,2005
37,170,2006
30,160,2007
25,151,2008
23,147,2009
21,143,2010
17,130,2011
15,120,2012
15,121,2013
14,108,2014
13,103,2015
15,87,2016
16,82,2017
16,79,2018
21,63,2019
28,50,2020
28,48,2021
35,38,2022
39,33,2023
43,28,2024
50,22,2025
59,15,2026
61,13,2027
73,8,2028
80,5,2029
88,3,2030
94,2,2031
102,1,2032
96,115,2033
95,117,2034
95,118,2035
93,118,2036
91,117,2037
90,118,2038
89,118,2039
88,117,2040
87,117,2041
85,115,2042
85,116,2043
84,114,2044
83,112,2045
82,110,2046
82,107,2047
81,108,2048
82,102,2049
81,103,2050
82,99,2051
82,98,2052
83,95,2053
84,94,2054
87,90,2055
86,90,2056
86,89,2057
91,86,2058
91,85,2059
98,83,2060
95,83,2061
99,82,2062
101,81,2063
103,81,2064
105,81,2065
110,82,2066
111,82,2067
113,82,2068
117,85,2069
121,88,2070
123,90,2071
126,93,2072
126,92,2073
129,97,2074
130,98,2075
133,107,2076
133,106,2077
134,108,2078
135,119,2079
135,123,2080
135,126,2081
135,129,2082
134,133,2083
133,138,2084
131,143,2085
129,147,2086
128,149,2087
127,151,2088
124,155,2089
119,160,2090
117,162,2091
115,164,2092
109,167,2093
106,169,2094
100,171,2095
94,172,2096
90,172,2097
84,172,2098
83,172,2099
77,171,2100
72,169,2101
69,168,2102
64,165,2103
58,161,2104
53,156,2105
50,153,2106
46,148,2107
44,145,2108
41,139,2109
39,135,2110
36,127,2111
35,122,2112
34,119,2113
33,107,2114
33,101,2115
33,97,2116
34,88,2117
37,77,2118
36,79,2119
41,67,2120
41,65,2121
47,56,2122
52,49,2123
55,46,2124
61,40,2125
66,36,2126
69,34,2127
79,29,2128
83,27,2129
87,26,2130
100,24,2131
106,24,2132
111,24,2133
117,25,2134
123,26,2135
133,30,2136
140,34,2137
144,36,2138
151,42,2139
154,44,2140
158,48,2141
166,58,2142
172,68,2143
174,72,2144
179,84,2145
180,87,2146
182,95,2147
184,103,2148
185,119,2149
185,127,2150
184,138,2151
182,149,2152
182,150,2153
180,157,2154
175,170,2155
172,177,2156
167,185,2157
161,194,2158
156,200,2159
95,110,2160
95,108,2161
94,108,2162
96,106,2163
98,104,2164
98,103,2165
99,103,2166
100,102,2167
101,101,2168
102,101,2169
104,102,2170
105,101,2171
108,104,2172
109,104,2173
110,105,2174
109,101,2175
113,109,2176
114,109,2177
115,112,2178
115,109,2179
116,115,2180
117,116,2181
116,123,2182
117,122,2183
118,122,2184
117,125,2185
115,131,2186
116,130,2187
114,135,2188
111,138,2189
111,139,2190
109,142,2191
108,143,2192
107,144,2193
101,147,2194
102,148,2195
97,149,2196
90,149,2197
91,150,2198
86,150,2199
84,150,2200
79,148,2201
82,151,2202
77,148,2203
71,144,2204
71,145,2205
62,133,2206
66,141,2207
62,137,2208
57,125,2209
58,130,2210
56,126,2211
54,120,2212
53,114,2213
52,110,2214
51,111,2215
52,99,2216
52,97,2217
53,92,2218
56,82,2219
55,82,2220
57,78,2221
61,71,2222
65,66,2223
65,65,2224
68,61,2225
75,56,2226
74,56,2227
81,52,2228
92,48,2229
88,48,2230
91,47,2231
104,46,2232
106,46,2233
110,46,2234
112,46,2235
123,50,2236
129,52,2237
131,53,2238
138,58,2239
140,59,2240
150,72,2241
151,73,2242
149,68,2243
158,85,2244
161,93,2245
160,87,2246
163,98,2247
165,111,2248
166,111,2249
166,122,2250
166,128,2251
164,141,2252
164,143,2253
159,157,2254
158,160,2255
158,161,2256
152,171,2257
145,180,2258
144,182,2259
142,185,2260
129,195,2261
127,197,2262
120,201,2263
112,204,2264
107,206,2265
104,207,2266
86,208,2267
90,209,2268
81,208,2269
68,205,2270
62,203,2271
57,201,2272
48,196,2273
45,194,2274
39,190,2275
24,172,2276
20,167,2277
18,164,2278
14,157,2279
11,150,2280
12,155,2281
5,129,2282
3,117,2283
2,112,2284
2,106,2285
1,103,2286
98,113,2287
100,114,2288
101,116,2289
100,119,2290
99,120,2291
102,119,2292
101,121,2293
101,122,2294
100,124,2295
99,125,2296
97,127,2297
96,128,2298
94,128,2299
93,129,2300
90,129,2301
93,131,2302
86,128,2303
88,130,2304
83,127,2305
83,128,2306
80,125,2307
78,123,2308
77,123,2309
77,124,2310
75,121,2311
73,116,2312
73,119,2313
72,110,2314
71,112,2315
71,106,2316
71,101,2317
70,102,2318
70,101,2319
70,99,2320
74,89,2321
71,93,2322
74,87,2323
81,80,2324
78,81,2325
81,78,2326
82,76,2327
90,72,2328
87,72,2329
90,71,2330
96,69,2331
97,68,2332
110,70,2333
106,68,2334
105,67,2335
117,71,2336
117,70,2337
121,72,2338
123,73,2339
129,79,2340
131,80,2341
131,78,2342
136,85,2343
140,93,2344
141,95,2345
142,95,2346
145,106,2347
146,108,2348
146,119,2349
147,118,2350
147,125,2351
147,127,2352
144,140,2353
146,137,2354
144,143,2355
135,159,2356
141,152,2357
140,155,2358
127,169,2359
124,172,2360
124,173,2361
122,175,2362
110,181,2363
113,181,2364
107,183,2365
97,185,2366
94,186,2367
82,185,2368
77,184,2369
81,186,2370
68,182,2371
59,177,2372
66,182,2373
53,173,2374
46,167,2375
49,171,2376
42,164,2377
33,149,2378
30,144,2379
31,147,2380
27,137,2381
24,126,2382
22,118,2383
22,120,2384
21,102,2385
21,99,2386
22,88,2387
26,73,2388
25,74,2389
29,64,2390
36,51,2391
32,56,2392
38,46,2393
47,36,2394
47,35,2395
56,27,2396
63,22,2397
69,19,2398
76,15,2399
83,13,2400
96,11,2401
95,10,2402
113,11,2403
116,11,2404
125,13,2405
132,15,2406
141,19,2407
141,18,2408
158,31,2409
165,38,2410
164,36,2411
164,35,2412
175,49,2413
96,113,2414
93,114,2415
92,115,2416
90,112,2417
90,110,2418
89,110,2419
88,109,2420
87,109,2421
87,107,2422
87,105,2423
88,102,2424
89,100,2425
88,100,2426
91,97,2427
91,96,2428
90,95,2429
94,93,2430
94,92,2431
97,91,2432
97,90,2433
102,90,2434
104,90,2435
104,89,2436
104,88,2437
107,89,2438
113,93,2439
110,89,2440
116,95,2441
116,93,2442
119,96,2443
120,97,2444
122,100,2445
124,104,2446
125,104,2447
126,109,2448
127,109,2449
128,115,2450
127,125,2451
128,124,2452
128,127,2453
128,129,2454
126,134,2455
128,133,2456
123,142,2457
124,142,2458
120,147,2459
116,151,2460
114,154,2461
116,153,2462
106,159,2463
106,160,2464
103,161,2465
98,163,2466
92,163,2467
91,164,2468
91,165,2469
84,164,2470
78,162,2471
71,159,2472
73,161,2473
66,157,2474
63,155,2475
60,152,2476
54,145,2477
50,139,2478
51,142,2479
48,137,2480
44,127,2481
43,124,2482
42,121,2483
41,114,2484
40,112,2485
41,96,2486
42,90,2487
40,95,2488
41,88,2489
48,71,2490
45,74,2491
50,65,2492
55,58,2493
58,54,2494
61,51,2495
66,46,2496
70,43,2497
77,39,2498
85,36,2499
84,35,2500
95,33,2501
106,33,2502
101,32,2503
109,32,2504
121,35,2505
120,34,2506
129,37,2507
134,40,2508
141,44,2509
148,50,2510
150,51,2511
159,63,2512
164,70,2513
164,68,2514
169,80,2515
173,90,2516
174,93,2517
176,102,2518
177,108,2519
178,116,2520
177,132,2521
178,129,2522
176,144,2523
171,159,2524
169,165,2525
169,166,2526
165,174,2527
153,190,2528
159,184,2529
146,198,2530
143,201,2531
140,204,2532
123,214,2533
119,216,2534
118,217,2535
100,221,2536
95,222,2537
88,222,2538
89,223,2539
74,221,2540
97,111,2541
98,109,2542
99,108,2543
101,108,2544
102,108,2545
104,108,2546
105,109,2547
106,109,2548
107,110,2549
108,111,2550
108,116,2551
109,115,2552
110,116,2553
110,119,2554
110,121,2555
111,121,2556
110,124,2557
110,125,2558
109,128,2559
108,130,2560
108,131,2561
107,133,2562
104,136,2563
103,137,2564
100,139,2565
98,140,2566
97,141,2567
92,141,2568
93,142,2569
88,142,2570
86,142,2571
88,143,2572
80,140,2573
81,141,2574
77,139,2575
75,138,2576
72,135,2577
68,130,2578
68,131,2579
65,126,2580
63,123,2581
62,120,2582
61,119,2583
60,114,2584
59,110,2585
59,106,2586
59,103,2587
59,99,2588
60,93,2589
62,87,2590
61,88,2591
64,81,2592
65,79,2593
68,74,2594
71,70,2595
75,66,2596
76,65,2597
81,61,2598
83,60,2599
89,57,2600
92,56,2601
97,55,2602
101,54,2603
109,55,2604
115,56,2605
117,56,2606
122,58,2607
123,58,2608
132,64,2609
133,64,2610
140,71,2611
141,72,2612
145,77,2613
146,78,2614
152,90,2615
153,91,2616
155,97,2617
157,104,2618
158,110,2619
159,116,2620
159,121,2621
158,131,2622
158,134,2623
156,143,2624
155,147,2625
153,153,2626
151,158,2627
144,169,2628
143,171,2629
139,176,2630
132,183,2631
124,189,2632
122,190,2633
118,193,2634
107,197,2635
103,198,2636
98,199,2637
92,200,2638
82,199,2639
74,198,2640
70,197,2641
64,195,2642
53,189,2643
49,187,2644
44,183,2645
38,178,2646
32,171,2647
29,167,2648
26,163,2649
21,154,2650
18,148,2651
14,137,2652
12,128,2653
10,117,2654
10,102,2655
9,100,2656
11,85,2657
11,83,2658
13,73,2659
16,64,2660
21,52,2661
20,53,2662
29,38,2663
34,31,2664
38,26,2665
47,18,2666
49,16,2667
97,116,2668
98,116,2669
97,119,2670
96,119,2671
94,120,2672
94,121,2673
92,122,2674
92,123,2675
91,123,2676
89,122,2677
88,122,2678
86,122,2679
84,119,2680
83,118,2681
82,118,2682
82,121,2683
80,112,2684
79,114,2685
78,111,2686
78,107,2687
77,107,2688
77,105,2689
78,101,2690
78,98,2691
76,102,2692
79,94,2693
79,93,2694
82,89,2695
81,89,2696
86,84,2697
86,83,2698
89,81,2699
90,80,2700
92,79,2701
97,77,2702
98,77,2703
100,76,2704
106,77,2705
106,76,2706
113,78,2707
112,77,2708
119,81,2709
117,78,2710
122,82,2711
127,87,2712
127,86,2713
134,100,2714
131,91,2715
134,95,2716
137,107,2717
138,107,2718
139,111,2719
139,116,2720
140,118,2721
140,121,2722
140,126,2723
139,133,2724
136,142,2725
135,145,2726
134,148,2727
132,151,2728
133,151,2729
125,161,2730
119,166,2731
121,165,2732
117,169,2733
110,172,2734
110,173,2735
104,175,2736
95,177,2737
91,177,2738
90,178,2739
79,176,2740
77,176,2741
72,175,2742
69,174,2743
60,168,2744
59,168,2745
55,165,2746
48,158,2747
45,155,2748
39,144,2749
37,141,2750
37,144,2751
32,127,2752
30,118,2753
30,123,2754
29,106,2755
28,105,2756
28,100,2757
30,87,2758
32,78,2759
32,77,2760
35,68,2761
39,60,2762
45,51,2763
43,52,2764
55,39,2765
60,35,2766
59,35,2767
62,32,2768
79,24,2769
82,22,2770
86,21,2771
97,19,2772
98,18,2773
112,19,2774
115,19,2775
117,19,2776
130,23,2777
138,27,2778
149,34,2779
151,35,2780
157,40,2781
164,48,2782
164,47,2783
176,67,2784
178,70,2785
180,74,2786
185,89,2787
187,96,2788
185,84,2789
189,115,2790
190,120,2791
189,132,2792
189,136,2793
188,144,2794
94,111,2795
93,110,2796
92,109,2797
93,107,2798
94,105,2799
93,104,2800
94,103,2801
94,102,2802
95,100,2803
96,99,2804
100,99,2805
99,98,2806
101,97,2807
103,97,2808
105,98,2809
103,95,2810
109,99,2811
108,97,2812
112,101,2813
112,100,2814
115,104,2815
116,105,2816
116,103,2817
117,104,2818
119,109,2819
120,113,2820
121,113,2821
121,119,2822
122,117,2823
120,127,2824
121,125,2825
121,128,2826
121,129,2827
120,133,2828
114,141,2829
119,137,2830
113,144,2831
109,147,2832
109,148,2833
108,149,2834
108,150,2835
98,153,2836
101,154,2837
94,155,2838
92,156,2839
88,156,2840
80,153,2841
80,154,2842
80,155,2843
70,149,2844
71,151,2845
68,149,2846
64,145,2847
60,140,2848
58,138,2849
58,140,2850
53,130,2851
51,124,2852
49,116,2853
49,120,2854
48,113,2855
47,110,2856
48,99,2857
48,94,2858
48,92,2859
50,84,2860
54,76,2861
52,77,2862
55,72,2863
63,62,2864
59,64,2865
59,63,2866
76,50,2867
75,50,2868
79,47,2869
80,46,2870
91,43,2871
89,42,2872
98,41,2873
109,41,2874
112,41,2875
122,44,2876
126,46,2877
125,44,2878
134,49,2879
141,55,2880
139,52,2881
148,61,2882
155,71,2883
153,65,2884
156,70,2885
164,88,2886
166,93,2887
168,98,2888
169,104,2889
170,114,2890
171,117,2891
170,129,2892
169,139,2893
169,140,2894
168,146,2895
161,163,2896
163,161,2897
156,174,2898
148,184,2899
151,182,2900
144,190,2901
135,197,2902
132,200,2903
127,203,2904
114,209,2905
107,211,2906
106,212,2907
96,213,2908
84,213,2909
85,214,2910
62,208,2911
60,208,2912
56,206,2913
48,202,2914
37,194,2915
42,199,2916
23,179,2917
22,178,2918
18,173,2919
16,171,2920
8,155,2921
99,112,2922
101,112,2923
102,112,2924
102,115,2925
103,116,2926
104,116,2927
104,118,2928
105,118,2929
104,121,2930
105,121,2931
104,123,2932
103,125,2933
102,127,2934
100,129,2935
99,130,2936
101,130,2937
95,132,2938
96,133,2939
92,133,2940
93,134,2941
87,133,2942
86,133,2943
88,135,2944
85,134,2945
83,134,2946
78,129,2947
78,131,2948
74,126,2949
75,129,2950
72,123,2951
72,125,2952
69,118,2953
68,116,2954
67,114,2955
67,106,2956
66,110,2957
66,102,2958
68,95,2959
66,99,2960
68,92,2961
67,92,2962
71,85,2963
69,86,2964
73,80,2965
77,75,2966
79,73,2967
85,69,2968
82,70,2969
85,68,2970
94,65,2971
93,64,2972
97,63,2973
103,63,2974
106,63,2975
113,64,2976
109,62,2977
116,64,2978
126,70,2979
125,69,2980
128,70,2981
132,74,2982
137,79,2983
138,80,2984
143,89,2985
146,95,2986
147,96,2987
149,102,2988
150,106,2989
151,113,2990
151,122,2991
152,119,2992
152,127,2993
148,142,2994
146,148,2995
148,146,2996
147,149,2997
139,162,2998
143,158,2999
135,169,3000
130,174,3001
129,175,3002
119,182,3003
117,184,3004
115,185,3005
107,188,3006
98,190,3007
98,191,3008
87,191,3009
75,189,3010
80,191,3011
71,189,3012
61,184,3013
61,185,3014
52,179,3015
46,174,3016
41,169,3017
36,163,3018
35,163,3019
26,145,3020
27,149,3021
25,146,3022
19,125,3023
18,120,3024
17,115,3025
17,104,3026
16,105,3027
17,90,3028
21,74,3029
19,78,3030
21,71,3031
29,53,3032
32,48,3033
30,50,3034
39,37,3035
51,26,3036
53,23,3037
59,19,3038
69,13,3039
70,12,3040
86,7,3041
90,6,3042
91,5,3043
107,5,3044
118,6,3045
126,8,3046
126,7,3047
132,9,3048
95,115,3049
94,116,3050
93,117,3051
91,116,3052
90,114,3053
89,116,3054
88,114,3055
87,114,3056
86,112,3057
85,112,3058
85,108,3059
84,108,3060
84,107,3061
84,104,3062
85,101,3063
83,103,3064
85,98,3065
85,97,3066
87,94,3067
88,93,3068
88,92,3069
90,90,3070
93,88,3071
91,88,3072
95,86,3073
99,85,3074
98,84,3075
104,85,3076
107,85,3077
107,84,3078
111,86,3079
111,85,3080
116,88,3081
118,89,3082
120,90,3083
123,94,3084
124,95,3085
127,100,3086
128,101,3087
130,107,3088
130,104,3089
131,118,3090
132,111,3091
133,117,3092
133,122,3093
132,129,3094
131,132,3095
129,139,3096
130,138,3097
126,146,3098
127,145,3099
124,150,3100
122,153,3101
118,157,3102
117,158,3103
114,161,3104
109,164,3105
104,166,3106
101,167,3107
98,168,3108
92,169,3109
91,170,3110
84,169,3111
77,167,3112
71,165,3113
70,165,3114
62,160,3115
64,162,3116
56,155,3117
55,155,3118
50,148,3119
47,144,3120
43,136,3121
41,133,3122
39,125,3123
38,125,3124
37,106,3125
36,112,3126
35,107,3127
36,96,3128
38,85,3129
38,84,3130
40,76,3131
43,69,3132
45,65,3133
50,57,3134
51,55,3135
57,48,3136
62,43,3137
63,42,3138
70,37,3139
81,32,3140
85,30,3141
92,28,3142
98,27,3143
105,27,3144
111,27,3145
117,28,3146
126,31,3147
131,33,3148
136,35,3149
141,38,3150
149,44,3151
153,47,3152
158,53,3153
165,62,3154
169,69,3155
169,68,3156
173,76,3157
178,90,3158
180,99,3159
181,103,3160
182,112,3161
183,120,3162
180,142,3163
182,137,3164
178,152,3165
178,154,3166
172,170,3167
166,181,3168
163,186,3169
158,193,3170
149,202,3171
152,200,3172
140,210,3173
131,216,3174
126,219,3175
96,110,3176
96,108,3177
96,107,3178
98,106,3179
100,105,3180
100,104,3181
101,104,3182
103,104,3183
105,105,3184
105,104,3185
107,105,3186
108,105,3187
110,109,3188
111,110,3189
112,111,3190
112,107,3191
113,115,3192
114,114,3193
114,118,3194
114,122,3195
114,124,3196
115,122,3197
113,128,3198
113,130,3199
113,131,3200
112,133,3201
109,137,3202
108,138,3203
108,139,3204
103,142,3205
101,144,3206
100,145,3207
97,146,3208
96,147,3209
90,147,3210
91,148,3211
89,148,3212
80,145,3213
79,145,3214
76,144,3215
77,145,3216
70,139,3217
70,141,3218
66,136,3219
65,135,3220
63,133,3221
58,119,3222
58,123,3223
59,128,3224
56,112,3225
55,112,3226
55,105,3227
55,98,3228
54,102,3229
56,91,3230
55,92,3231
57,86,3232
61,77,3233
64,72,3234
65,70,3235
66,68,3236
69,65,3237
76,59,3238
79,57,3239
81,55,3240
85,53,3241
93,51,3242
95,50,3243
100,49,3244
104,49,3245
113,50,3246
115,50,3247
120,52,3248
126,54,3249
128,55,3250
134,59,3251
142,66,3252
142,65,3253
146,70,3254
152,79,3255
152,78,3256
159,97,3257
160,99,3258
159,92,3259
162,109,3260
163,116,3261
164,116,3262
162,135,3263
162,137,3264
162,139,3265
157,154,3266
157,155,3267
154,162,3268
154,163,3269
144,177,3270
139,183,3271
140,183,3272
127,193,3273
121,196,3274
119,198,3275
116,200,3276
102,203,3277
99,204,3278
93,205,3279
79,204,3280
83,205,3281
69,202,3282
65,201,3283
57,198,3284
52,195,3285
40,186,3286
38,185,3287
30,176,3288
24,168,3289
20,162,3290
19,161,3291
12,143,3292
10,138,3293
10,140,3294
6,119,3295
5,113,3296
5,97,3297
5,96,3298
6,85,3299
9,71,3300
10,67,3301
11,63,3302
98,114,3303
99,115,3304
100,117,3305
99,119,3306
98,120,3307
99,121,3308
97,123,3309
97,124,3310
96,125,3311
95,126,3312
92,126,3313
92,127,3314
90,127,3315
88,126,3316
87,126,3317
87,128,3318
82,123,3319
83,125,3320
80,122,3321
79,122,3322
77,117,3323
76,116,3324
75,114,3325
75,116,3326
74,113,3327
73,109,3328
73,105,3329
73,104,3330
73,100,3331
74,97,3332
74,95,3333
75,92,3334
75,91,3335
77,87,3336
82,82,3337
80,82,3338
82,80,3339
90,76,3340
89,75,3341
92,74,3342
91,73,3343
100,72,3344
98,71,3345
106,71,3346
110,72,3347
109,71,3348
122,78,3349
121,76,3350
119,74,3351
127,81,3352
127,80,3353
130,83,3354
132,85,3355
137,94,3356
139,97,3357
140,97,3358
141,100,3359
143,111,3360
144,115,3361
144,120,3362
145,120,3363
145,122,3364
142,137,3365
142,139,3366
140,145,3367
140,146,3368
134,156,3369
133,159,3370
131,162,3371
124,168,3372
125,169,3373
123,171,3374
110,177,3375
103,180,3376
102,181,3377
100,182,3378
90,182,3379
88,183,3380
84,183,3381
76,181,3382
74,181,3383
64,176,3384
57,172,3385
59,175,3386
51,168,3387
42,157,3388
45,163,3389
37,151,3390
33,143,3391
34,147,3392
30,139,3393
26,120,3394
25,118,3395
24,114,3396
24,102,3397
24,97,3398
24,93,3399
28,76,3400
28,75,3401
29,71,3402
34,59,3403
43,46,3404
37,53,3405
48,39,3406
56,32,3407
51,35,3408
61,27,3409
70,22,3410
75,19,3411
84,16,3412
93,14,3413
100,13,3414
105,13,3415
110,13,3416
124,16,3417
124,15,3418
142,24,3419
145,25,3420
152,30,3421
158,35,3422
161,37,3423
160,35,3424
176,57,3425
181,66,3426
182,67,3427
186,75,3428
191,93,3429
95,113,3430
93,113,3431
91,113,3432
91,110,3433
91,107,3434
90,108,3435
90,106,3436
89,105,3437
90,103,3438
90,102,3439
91,100,3440
92,98,3441
92,97,3442
96,96,3443
97,95,3444
95,94,3445
100,93,3446
99,92,3447
104,93,3448
103,92,3449
108,94,3450
110,94,3451
110,93,3452
111,93,3453
114,95,3454
118,101,3455
117,97,3456
120,103,3457
120,101,3458
123,109,3459
123,106,3460
124,111,3461
125,114,3462
126,115,3463
125,123,3464
127,118,3465
125,128,3466
122,135,3467
124,133,3468
122,138,3469
121,141,3470
116,147,3471
121,143,3472
111,152,3473
112,152,3474
108,155,3475
102,157,3476
105,157,3477
100,159,3478
93,160,3479
93,161,3480
88,161,3481
82,160,3482
79,159,3483
74,157,3484
77,160,3485
69,155,3486
66,153,3487
58,145,3488
59,148,3489
54,141,3490
52,138,3491
51,137,3492
46,122,3493
46,123,3494
45,122,3495
44,107,3496
43,111,3497
43,101,3498
45,89,3499
43,93,3500
43,91,3501
52,70,3502
52,69,3503
51,69,3504
50,70,3505
64,53,3506
56,60,3507
65,51,3508
70,47,3509
78,42,3510
86,39,3511
84,39,3512
90,37,3513
98,36,3514
109,36,3515
108,35,3516
117,37,3517
125,40,3518
126,39,3519
131,41,3520
142,49,3521
144,50,3522
151,57,3523
156,63,3524
160,69,3525
162,72,3526
164,74,3527
170,92,3528
172,97,3529
172,94,3530
174,116,3531
175,115,3532
175,125,3533
172,144,3534
175,133,3535
173,145,3536
166,164,3537
169,159,3538
161,175,3539
156,182,3540
149,191,3541
149,192,3542
140,200,3543
125,209,3544
129,208,3545
119,212,3546
113,215,3547
110,216,3548
95,218,3549
90,219,3550
89,220,3551
69,216,3552
60,213,3553
57,212,3554
57,213,3555
46,207,3556
98,111,3557
99,110,3558
100,109,3559
102,110,3560
103,111,3561
104,110,3562
105,112,3563
106,113,3564
107,114,3565
108,115,3566
107,119,3567
108,120,3568
109,120,3569
108,122,3570
106,127,3571
108,126,3572
105,129,3573
105,130,3574
103,132,3575
102,134,3576
103,134,3577
99,136,3578
97,137,3579
96,138,3580
95,139,3581
90,139,3582
90,140,3583
84,138,3584
85,139,3585
80,137,3586
79,137,3587
78,137,3588
73,132,3589
71,130,3590
70,129,3591
69,128,3592
66,123,3593
65,119,3594
64,119,3595
63,112,3596
62,113,3597
63,100,3598
61,108,3599
61,103,3600
63,94,3601
63,91,3602
67,83,3603
66,83,3604
67,81,3605
72,74,3606
72,73,3607
76,69,3608
78,67,3609
81,65,3610
87,62,3611
87,61,3612
92,59,3613
98,58,3614
104,58,3615
105,57,3616
106,57,3617
112,58,3618
116,59,3619
125,63,3620
129,66,3621
131,67,3622
134,69,3623
139,74,3624
142,78,3625
144,80,3626
148,87,3627
149,89,3628
153,102,3629
154,103,3630
155,110,3631
156,113,3632
155,128,3633
157,123,3634
155,136,3635
152,146,3636
151,150,3637
148,156,3638
146,161,3639
143,166,3640
139,171,3641
135,176,3642
132,179,3643
126,184,3644
118,189,3645
119,189,3646
112,192,3647
100,195,3648
97,196,3649
93,197,3650
84,196,3651
72,194,3652
74,195,3653
70,194,3654
54,186,3655
51,184,3656
46,181,3657
38,173,3658
34,168,3659
32,166,3660
26,157,3661
21,147,3662
19,142,3663
17,137,3664
16,134,3665
13,118,3666
12,110,3667
13,92,3668
12,94,3669
13,88,3670
20,63,3671
17,68,3672
23,55,3673
23,54,3674
29,43,3675
36,34,3676
41,28,3677
41,27,3678
59,13,3679
62,11,3680
67,8,3681
80,3,3682
79,3,3683
97,115,3684
96,117,3685
96,118,3686
93,119,3687
92,119,3688
91,120,3689
90,120,3690
89,119,3691
88,119,3692
86,118,3693
85,118,3694
84,117,3695
83,114,3696
82,112,3697
81,112,3698
81,115,3699
81,106,3700
80,107,3701
80,104,3702
80,102,3703
80,100,3704
81,97,3705
84,92,3706
82,93,3707
82,92,3708
86,88,3709
88,86,3710
89,85,3711
89,84,3712
94,82,3713
96,81,3714
97,80,3715
101,80,3716
103,79,3717
108,80,3718
108,79,3719
113,81,3720
118,84,3721
119,84,3722
121,86,3723
121,85,3724
127,92,3725
126,89,3726
129,94,3727
132,99,3728
133,100,3729
135,112,3730
136,111,3731
136,107,3732
137,119,3733
137,124,3734
137,125,3735
137,128,3736
135,137,3737
134,140,3738
134,141,3739
131,148,3740
127,153,3741
124,157,3742
123,159,3743
116,165,3744
118,164,3745
110,169,3746
105,171,3747
102,172,3748
100,173,3749
92,174,3750
91,175,3751
83,174,3752
75,172,3753
74,172,3754
69,170,3755
62,166,3756
59,164,3757
55,161,3758
52,159,3759
45,149,3760
45,150,3761
41,143,3762
37,135,3763
36,133,3764
33,118,3765
32,115,3766
32,120,3767
31,106,3768
32,92,3769
31,96,3770
34,82,3771
33,83,3772
38,69,3773
40,64,3774
43,59,3775
46,54,3776
50,48,3777
55,43,3778
62,37,3779
65,34,3780
74,29,3781
82,26,3782
83,25,3783
84,24,3784
102,22,3785
104,21,3786
112,22,3787
121,24,3788
127,25,3789
137,30,3790
140,31,3791
146,35,3792
152,40,3793
161,49,3794
166,55,3795
170,61,3796
176,72,3797
180,82,3798
184,99,3799
181,83,3800
186,107,3801
186,106,3802
187,124,3803
187,126,3804
186,138,3805
183,152,3806
182,157,3807
175,174,3808
175,175,3809
173,179,3810
96,112,3811
94,109,3812
93,108,3813
96,105,3814
96,104,3815
96,103,3816
97,102,3817
97,101,3818
99,101,3819
99,100,3820
103,101,3821
103,99,3822
106,101,3823
108,102,3824
108,101,3825
108,99,3826
112,105,3827
113,105,3828
114,107,3829
115,106,3830
116,111,3831
117,112,3832
118,114,3833
118,116,3834
119,116,3835
119,121,3836
118,126,3837
118,128,3838
118,129,3839
115,134,3840
115,136,3841
115,137,3842
114,139,3843
112,141,3844
107,145,3845
108,146,3846
102,149,3847
97,150,3848
98,151,3849
95,152,3850
91,152,3851
84,151,3852
87,153,3853
82,152,3854
78,150,3855
78,151,3856
68,143,3857
70,146,3858
68,146,3859
60,134,3860
61,138,3861
59,135,3862
55,127,3863
53,120,3864
53,121,3865
53,125,3866
51,110,3867
50,109,3868
51,97,3869
51,95,3870
50,95,3871
51,91,3872
55,79,3873
57,75,3874
58,72,3875
57,73,3876
66,62,3877
65,62,3878
73,55,3879
78,52,3880
76,52,3881
77,51,3882
93,46,3883
96,45,3884
98,44,3885
107,44,3886
112,45,3887
112,44,3888
117,45,3889
127,49,3890
131,51,3891
140,58,3892
145,63,3893
142,58,3894
151,69,3895
155,76,3896
152,69,3897
161,87,3898
163,94,3899
164,93,3900
166,100,3901
167,113,3902
168,118,3903
168,123,3904
166,138,3905
165,145,3906
165,147,3907
160,159,3908
158,164,3909
156,168,3910
154,172,3911
142,186,3912
144,186,3913
133,195,3914
128,198,3915
128,199,3916
123,202,3917
109,207,3918
104,209,3919
96,210,3920
86,210,3921
76,209,3922
75,209,3923
67,207,3924
57,203,3925
53,202,3926
37,189,3927
36,189,3928
29,182,3929
27,180,3930
22,174,3931
19,171,3932
10,151,3933
7,143,3934
4,135,3935
3,132,3936
1,118,3937
99,113,3938
101,113,3939
101,114,3940
101,117,3941
101,119,3942
103,118,3943
102,121,3944
103,121,3945
101,124,3946
101,125,3947
100,126,3948
99,127,3949
98,128,3950
96,129,3951
94,130,3952
96,131,3953
89,130,3954
90,131,3955
88,131,3956
88,132,3957
83,129,3958
82,129,3959
80,128,3960
79,128,3961
77,126,3962
74,121,3963
75,125,3964
72,118,3965
71,116,3966
70,113,3967
70,108,3968
69,110,3969
68,107,3970
69,100,3971
70,96,3972
68,99,3973
70,92,3974
75,85,3975
74,84,3976
76,81,3977
75,81,3978
81,76,3979
79,76,3980
87,71,3981
89,70,3982
90,69,3983
98,67,3984
99,67,3985
99,66,3986
109,67,3987
109,66,3988
113,67,3989
114,67,3990
120,70,3991
125,73,3992
123,70,3993
129,75,3994
133,79,3995
139,88,3996
137,83,3997
142,93,3998
144,96,3999
144,95,4000
147,109,4001
148,112,4002
149,115,4003
148,127,4004
149,127,4005
147,137,4006
143,147,4007
147,140,4008
147,142,4009
135,162,4010
134,164,4011
136,163,4012
133,167,4013
122,176,4014
127,174,4015
119,179,4016
109,184,4017
107,185,4018
98,187,4019
90,187,4020
93,188,4021
85,188,4022
75,186,4023
79,188,4024
64,182,4025
56,177,4026
60,181,4027
55,178,4028
42,165,4029
41,165,4030
35,157,4031
32,152,4032
27,141,4033
25,137,4034
24,136,4035
21,117,4036
20,115,4037
19,111,4038
20,96,4039
19,99,4040
21,84,4041
27,66,4042
23,74,4043
28,61,4044
34,50,4045
35,47,4046
39,42,4047
46,34,4048
56,25,4049
54,26,4050
61,21,4051
78,13,4052
76,13,4053
94,9,4054
97,8,4055
103,8,4056
110,8,4057
123,10,4058
122,9,4059
144,19,4060
149,22,4061
151,23,4062
154,24,4063
163,32,4064
94,114,4065
93,115,4066
92,116,4067
91,114,4068
90,111,4069
89,114,4070
88,111,4071
87,111,4072
86,109,4073
86,107,4074
87,103,4075
86,104,4076
85,104,4077
89,98,4078
88,98,4079
87,97,4080
91,94,4081
91,93,4082
92,92,4083
93,91,4084
96,89,4085
99,89,4086
100,88,4087
99,87,4088
102,87,4089
109,89,4090
107,87,4091
112,90,4092
112,89,4093
115,91,4094
117,92,4095
119,93,4096
121,96,4097
123,98,4098
125,102,4099
126,102,4100
128,109,4101
129,114,4102
129,116,4103
130,117,4104
130,120,4105
128,131,4106
131,125,4107
128,134,4108
127,138,4109
126,141,4110
122,146,4111
121,149,4112
121,150,4113
115,155,4114
113,157,4115
111,159,4116
108,161,4117
103,163,4118
99,164,4119
100,165,4120
94,166,4121
84,165,4122
79,164,4123
79,165,4124
76,164,4125
73,163,4126
70,162,4127
61,155,4128
56,150,4129
57,152,4130
54,149,4131
48,140,4132
46,137,4133
45,135,4134
42,126,4135
41,124,4136
39,111,4137
39,102,4138
38,106,4139
38,101,4140
42,83,4141
38,94,4142
40,85,4143
45,72,4144
48,66,4145
52,59,4146
52,58,4147
58,51,4148
66,44,4149
72,40,4150
66,43,4151
82,35,4152
83,34,4153
88,32,4154
94,31,4155
103,30,4156
105,30,4157
110,30,4158
125,34,4159
126,34,4160
133,37,4161
139,40,4162
148,48,4163
152,51,4164
154,52,4165
161,62,4166
164,66,4167
168,73,4168
171,79,4169
174,87,4170
178,104,4171
178,102,4172
179,108,4173
180,119,4174
179,131,4175
177,144,4176
177,148,4177
175,154,4178
167,172,4179
170,168,4180
159,186,4181
157,189,4182
153,194,4183
141,205,4184
136,209,4185
140,207,4186
123,216,4187
119,218,4188
111,221,4189
103,223,4190
95,224,4191
97,110,4192
98,108,4193
98,107,4194
100,107,4195
101,106,4196
102,106,4197
103,106,4198
105,107,4199
106,108,4200
107,108,4201
108,109,4202
109,110,4203
110,113,4204
111,115,4205
111,118,4206
112,117,4207
112,121,4208
112,122,4209
111,126,4210
111,127,4211
110,130,4212
109,132,4213
108,133,4214
108,134,4215
107,136,4216
103,139,4217
102,140,4218
101,141,4219
100,142,4220
94,143,4221
94,144,4222
91,144,4223
87,144,4224
86,144,4225
82,143,4226
80,143,4227
77,141,4228
73,138,4229
71,137,4230
69,135,4231
67,133,4232
64,128,4233
63,127,4234
61,123,4235
60,120,4236
59,119,4237
58,108,4238
57,109,4239
57,103,4240
57,102,4241
58,94,4242
59,89,4243
61,84,4244
61,83,4245
64,77,4246
65,75,4247
69,70,4248
72,66,4249
77,62,4250
79,60,4251
83,58,4252
87,56,4253
92,54,4254
97,53,4255
102,53,4256
105,52,4257
106,52,4258
114,53,4259
120,55,4260
125,57,4261
128,59,4262
133,62,4263
138,66,4264
139,67,4265
145,74,4266
148,78,4267
151,83,4268
153,87,4269
156,94,4270
158,101,4271
159,104,4272
160,117,4273
160,126,4274
160,130,4275
160,134,4276
159,138,4277
158,144,4278
152,159,4279
153,158,4280
148,167,4281
143,174,4282
139,179,4283
136,182,4284
133,185,4285
126,190,4286
115,196,4287
113,197,4288
107,199,4289
95,201,4290
93,202,4291
89,202,4292
79,201,4293
73,200,4294
67,198,4295
54,192,4296
53,192,4297
50,190,4298
40,182,4299
37,180,4300
28,169,4301
26,166,4302
21,158,4303
16,147,4304
14,142,4305
11,132,4306
9,123,4307
8,109,4308
8,96,4309
8,94,4310
9,84,4311
11,74,4312
13,67,4313
18,54,4314
19,52,4315
23,44,4316
28,36,4317
33,29,4318
98,115,4319
98,117,4320
99,117,4321
96,120,4322
95,121,4323
96,122,4324
94,122,4325
94,123,4326
93,124,4327
91,124,4328
88,123,4329
88,124,4330
85,121,4331
85,122,4332
83,121,4333
84,124,4334
80,116,4335
80,118,4336
78,114,4337
78,117,4338
77,111,4339
76,110,4340
76,105,4341
76,103,4342
75,105,4343
76,99,4344
76,98,4345
77,95,4346
79,90,4347
81,88,4348
80,87,4349
83,84,4350
83,83,4351
87,80,4352
91,78,4353
89,78,4354
95,76,4355
101,75,4356
100,74,4357
107,75,4358
105,74,4359
113,76,4360
111,74,4361
117,77,4362
120,79,4363
121,79,4364
128,87,4365
128,85,4366
128,84,4367
136,99,4368
134,92,4369
137,99,4370
139,103,4371
140,110,4372
141,113,4373
142,113,4374
142,120,4375
141,128,4376
140,135,4377
139,138,4378
139,141,4379
137,146,4380
134,151,4381
130,157,4382
128,160,4383
127,162,4384
121,167,4385
118,170,4386
113,173,4387
108,175,4388
106,177,4389
104,178,4390
91,179,4391
86,179,4392
88,180,4393
84,180,4394
69,175,4395
68,175,4396
66,175,4397
56,168,4398
55,168,4399
48,160,4400
41,151,4401
46,160,4402
35,141,4403
34,138,4404
33,139,4405
30,128,4406
28,117,4407
27,115,4408
27,105,4409
27,96,4410
27,94,4411
28,86,4412
33,70,4413
33,69,4414
32,70,4415
41,53,4416
46,47,4417
45,47,4418
48,43,4419
61,32,4420
62,30,4421
75,23,4422
78,22,4423
78,21,4424
88,18,4425
98,17,4426
101,16,4427
115,17,4428
123,19,4429
127,20,4430
137,24,4431
139,25,4432
147,30,4433
147,29,4434
168,51,4435
168,50,4436
173,57,4437
176,62,4438
181,72,4439
181,69,4440
188,95,4441
190,105,4442
191,111,4443
191,126,4444
192,123,4445
95,112,4446
93,111,4447
92,110,4448
92,107,4449
93,106,4450
91,106,4451
92,104,4452
92,102,4453
93,101,4454
93,100,4455
96,98,4456
95,98,4457
99,97,4458
101,96,4459
103,96,4460
100,94,4461
105,96,4462
106,95,4463
109,97,4464
109,96,4465
113,99,4466
114,100,4467
114,99,4468
115,99,4469
118,104,4470
120,109,4471
120,106,4472
121,115,4473
122,112,4474
122,119,4475
122,124,4476
124,119,4477
123,125,4478
123,127,4479
120,134,4480
123,131,4481
119,138,4482
113,145,4483
116,143,4484
113,147,4485
113,148,4486
105,152,4487
108,152,4488
103,154,4489
99,156,4490
97,157,4491
86,156,4492
86,157,4493
86,158,4494
78,155,4495
78,156,4496
75,155,4497
70,152,4498
65,148,4499
63,146,4500
64,149,4501
57,140,4502
56,139,4503
52,131,4504
51,131,4505
49,124,4506
48,122,4507
47,119,4508
46,108,4509
45,105,4510
46,96,4511
48,88,4512
46,91,4513
50,79,4514
54,72,4515
50,77,4516
51,73,4517
64,58,4518
66,55,4519
65,55,4520
68,52,4521
80,45,4522
77,45,4523
88,41,4524
93,40,4525
97,39,4526
105,39,4527
113,40,4528
108,38,4529
121,41,4530
131,46,4531
128,43,4532
138,50,4533
147,58,4534
144,53,4535
148,57,4536
159,73,4537
161,76,4538
163,79,4539
166,87,4540
169,97,4541
170,100,4542
171,103,4543
172,119,4544
172,127,4545
172,132,4546
168,149,4547
170,145,4548
167,155,4549
159,171,4550
163,166,4551
156,178,4552
149,186,4553
148,188,4554
140,196,4555
136,199,4556
125,206,4557
124,207,4558
114,211,4559
100,214,4560
101,215,4561
87,215,4562
81,215,4563
74,214,4564
65,212,4565
57,209,4566
58,210,4567
38,197,4568
27,186,4569
31,191,4570
26,187,4571
19,178,4572
97,112,4573
100,111,4574
101,110,4575
103,113,4576
103,115,4577
104,114,4578
105,115,4579
106,116,4580
106,118,4581
106,119,4582
105,123,4583
105,124,4584
105,125,4585
103,128,4586
103,129,4587
104,129,4588
99,132,4589
99,133,4590
97,134,4591
96,135,4592
92,135,4593
90,135,4594
91,136,4595
87,136,4596
88,137,4597
82,134,4598
83,136,4599
77,131,4600
79,134,4601
74,129,4602
74,130,4603
71,126,4604
69,122,4605
69,123,4606
67,118,4607
66,115,4608
65,112,4609
65,103,4610
64,105,4611
65,98,4612
64,100,4613
67,91,4614
64,95,4615
67,88,4616
70,82,4617
72,79,4618
76,74,4619
75,74,4620
78,71,4621
85,67,4622
85,66,4623
88,64,4624
91,63,4625
99,62,4626
101,61,4627
100,60,4628
104,60,4629
116,63,4630
121,65,4631
121,64,4632
123,65,4633
128,68,4634
133,72,4635
135,74,4636
140,81,4637
141,81,4638
144,86,4639
148,94,4640
149,97,4641
150,99,4642
152,109,4643
153,111,4644
152,130,4645
152,132,4646
153,132,4647
152,138,4648
148,148,4649
149,149,4650
145,157,4651
139,166,4652
140,165,4653
130,176,4654
131,176,4655
126,180,4656
120,184,4657
112,188,4658
109,190,4659
104,191,4660
86,192,4661
94,193,4662
89,194,4663
74,191,4664
76,192,4665
66,189,4666
60,186,4667
56,184,4668
47,177,4669
46,177,4670
34,163,4671
33,162,4672
32,162,4673
26,151,4674
23,144,4675
20,137,4676
18,130,4677
16,119,4678
15,113,4679
15,104,4680
15,93,4681
15,92,4682
19,74,4683
21,67,4684
20,68,4685
27,52,4686
37,38,4687
33,42,4688
44,29,4689
46,27,4690
50,23,4691
67,12,4692
68,11,4693
67,11,4694
91,4,4695
96,3,4696
102,3,4697
103,2,4698
115,3,4699
96,114,4700
95,116,4701
94,118,4702
92,118,4703
90,116,4704
89,117,4705
88,116,4706
87,116,4707
86,115,4708
86,116,4709
84,112,4710
84,110,4711
83,110,4712
83,107,4713
83,105,4714
82,105,4715
83,101,4716
83,99,4717
83,98,4718
85,95,4719
85,94,4720
86,92,4721
89,89,4722
88,89,4723
90,87,4724
95,85,4725
93,85,4726
100,84,4727
101,83,4728
102,82,4729
107,83,4730
106,82,4731
111,84,4732
113,84,4733
115,85,4734
117,86,4735
121,89,4736
124,93,4737
125,94,4738
128,98,4739
128,97,4740
130,101,4741
132,105,4742
133,111,4743
134,113,4744
134,118,4745
134,123,4746
133,130,4747
134,128,4748
133,133,4749
131,140,4750
130,143,4751
128,147,4752
126,150,4753
123,154,4754
122,156,4755
120,158,4756
112,164,4757
109,166,4758
105,168,4759
101,169,4760
100,170,4761
94,171,4762
83,170,4763
81,170,4764
79,170,4765
75,169,4766
72,168,4767
65,164,4768
61,162,4769
57,158,4770
54,156,4771
50,151,4772
46,146,4773
43,140,4774
40,135,4775
37,125,4776
37,126,4777
35,118,4778
34,111,4779
34,105,4780
34,100,4781
35,89,4782
36,85,4783
36,83,4784
40,72,4785
41,69,4786
46,60,4787
47,57,4788
50,53,4789
58,44,4790
63,40,4791
72,34,4792
71,34,4793
82,29,4794
85,28,4795
93,26,4796
99,25,4797
105,25,4798
115,26,4799
117,26,4800
130,30,4801
136,33,4802
140,35,4803
147,40,4804
152,44,4805
156,48,4806
161,53,4807
168,63,4808
174,75,4809
173,72,4810
178,84,4811
181,95,4812
183,106,4813
183,125,4814
184,115,4815
183,135,4816
183,139,4817
181,149,4818
177,162,4819
175,167,4820
175,168,4821
165,186,4822
166,185,4823
156,198,4824
150,204,4825
146,208,4826
95,110,4827
95,109,4828
95,107,4829
97,105,4830
98,105,4831
99,104,4832
100,103,4833
101,102,4834
102,102,4835
103,102,4836
105,103,4837
106,102,4838
109,106,4839
110,107,4840
111,107,4841
110,103,4842
113,111,4843
114,111,4844
115,114,4845
115,117,4846
116,117,4847
116,120,4848
115,125,4849
116,124,4850
117,124,4851
115,129,4852
113,133,4853
113,134,4854
113,135,4855
108,140,4856
107,142,4857
106,143,4858
105,144,4859
102,146,4860
96,148,4861
99,148,4862
93,149,4863
85,148,4864
86,149,4865
82,148,4866
80,148,4867
75,145,4868
78,148,4869
72,144,4870
68,140,4871
67,141,4872
60,128,4873
61,133,4874
61,134,4875
56,119,4876
56,123,4877
55,120,4878
54,109,4879
53,109,4880
53,102,4881
53,97,4882
54,92,4883
55,88,4884
56,84,4885
58,79,4886
59,76,4887
60,74,4888
66,66,4889
70,62,4890
69,62,4891
72,59,4892
82,53,4893
85,51,4894
92,49,4895
96,48,4896
97,47,4897
101,47,4898
111,48,4899
113,48,4900
119,49,4901
122,50,4902
129,54,4903
136,58,4904
138,59,4905
142,63,4906
153,79,4907
147,68,4908
157,86,4909
154,77,4910
161,96,4911
163,105,4912
163,100,4913
164,117,4914
165,119,4915
164,133,4916
166,119,4917
163,141,4918
162,146,4919
161,150,4920
156,161,4921
150,172,4922
151,172,4923
142,182,4924
136,188,4925
138,187,4926
133,192,4927
115,201,4928
119,200,4929
108,204,4930
99,206,4931
103,206,4932
90,207,4933
84,207,4934
80,207,4935
71,205,4936
56,199,4937
54,198,4938
43,191,4939
38,187,4940
33,182,4941
34,184,4942
21,166,4943
15,156,4944
13,152,4945
10,144,4946
8,138,4947
8,142,4948
4,114,4949
3,106,4950
3,101,4951
4,86,4952
5,79,4953
98,113,4954
100,115,4955
101,116,4956
100,118,4957
98,121,4958
101,120,4959
99,122,4960
99,123,4961
98,125,4962
97,126,4963
94,126,4964
94,127,4965
92,128,4966
91,128,4967
87,127,4968
91,130,4969
84,126,4970
85,128,4971
82,125,4972
81,126,4973
79,123,4974
78,122,4975
77,122,4976
76,121,4977
74,117,4978
73,113,4979
72,113,4980
72,107,4981
71,109,4982
72,101,4983
72,98,4984
71,100,4985
72,95,4986
72,94,4987
77,86,4988
74,88,4989
78,83,4990
85,77,4991
81,79,4992
85,76,4993
83,76,4994
94,72,4995
92,71,4996
96,70,4997
101,69,4998
103,69,4999
114,72,5000
111,70,5001
114,70,5002
122,75,5003
119,72,5004
125,76,5005
128,78,5006
134,86,5007
134,85,5008
133,82,5009
137,88,5010
142,101,5011
143,103,5012
143,100,5013
145,111,5014
146,113,5015
145,128,5016
146,126,5017
145,134,5018
145,135,5019
141,146,5020
143,144,5021
138,154,5022
131,163,5023
137,157,5024
137,158,5025
119,174,5026
117,176,5027
118,176,5028
115,178,5029
104,182,5030
107,182,5031
98,184,5032
90,185,5033
88,185,5034
74,182,5035
66,179,5036
73,183,5037
62,178,5038
53,171,5039
57,176,5040
43,162,5041
38,155,5042
44,165,5043
38,157,5044
30,140,5045
29,139,5046
26,131,5047
24,123,5048
23,114,5049
22,111,5050
23,93,5051
23,91,5052
24,83,5053
25,78,5054
31,63,5055
30,63,5056
35,54,5057
42,44,5058
40,45,5059
46,38,5060
56,29,5061
56,28,5062
67,21,5063
73,18,5064
81,15,5065
82,14,5066
94,12,5067
111,12,5068
111,11,5069
123,14,5070
131,16,5071
138,19,5072
142,21,5073
147,24,5074
147,23,5075
168,43,5076
169,44,5077
176,53,5078
174,49,5079
182,63,5080
96,113,5081
92,113,5082
92,114,5083
91,111,5084
90,109,5085
89,109,5086
89,107,5087
88,107,5088
88,105,5089
88,104,5090
89,101,5091
90,100,5092
90,98,5093
93,96,5094
94,95,5095
92,95,5096
96,93,5097
96,92,5098
99,91,5099
100,91,5100
104,91,5101
105,91,5102
105,90,5103
107,90,5104
110,91,5105
115,95,5106
113,92,5107
119,99,5108
118,96,5109
120,99,5110
121,100,5111
124,106,5112
125,108,5113
126,110,5114
126,118,5115
127,113,5116
127,120,5117
126,127,5118
127,126,5119
126,131,5120
126,133,5121
122,141,5122
126,136,5123
119,146,5124
120,146,5125
116,150,5126
111,154,5127
110,156,5128
109,157,5129
100,160,5130
103,160,5131
97,162,5132
92,162,5133
86,162,5134
83,162,5135
89,164,5136
77,161,5137
73,159,5138
65,154,5139
66,156,5140
62,152,5141
58,149,5142
56,147,5143
51,138,5144
48,133,5145
48,135,5146
46,130,5147
43,120,5148
42,115,5149
42,102,5150
41,108,5151
40,105,5152
44,85,5153
45,82,5154
43,85,5155
44,80,5156
53,64,5157
48,70,5158
56,58,5159
60,54,5160
66,48,5161
70,45,5162
72,43,5163
77,40,5164
88,36,5165
93,35,5166
92,34,5167
107,34,5168
115,35,5169
109,33,5170
115,34,5171
131,40,5172
134,41,5173
139,44,5174
144,48,5175
150,53,5176
156,60,5177
156,59,5178
165,75,5179
167,78,5180
168,78,5181
172,91,5182
174,98,5183
176,108,5184
176,124,5185
177,117,5186
177,126,5187
174,145,5188
175,144,5189
173,152,5190
168,164,5191
163,174,5192
165,172,5193
159,182,5194
147,195,5195
144,199,5196
131,208,5197
135,206,5198
129,210,5199
115,216,5200
105,219,5201
108,219,5202
83,220,5203
81,220,5204
73,219,5205
74,220,5206
60,216,5207
97,111,5208
99,109,5209
100,108,5210
102,109,5211
103,109,5212
103,108,5213
105,110,5214
106,111,5215
107,112,5216
108,113,5217
108,117,5218
109,116,5219
110,117,5220
109,122,5221
108,124,5222
110,122,5223
108,127,5224
108,128,5225
107,130,5226
106,132,5227
105,133,5228
104,135,5229
102,136,5230
100,138,5231
99,139,5232
96,140,5233
94,141,5234
88,140,5235
88,141,5236
87,141,5237
85,141,5238
83,141,5239
78,138,5240
76,137,5241
73,135,5242
71,133,5243
69,131,5244
67,127,5245
66,127,5246
63,118,5247
63,121,5248
62,108,5249
61,115,5250
60,110,5251
60,104,5252
60,101,5253
62,92,5254
62,90,5255
62,89,5256
65,82,5257
64,83,5258
66,79,5259
71,72,5260
76,67,5261
78,65,5262
76,66,5263
82,62,5264
85,60,5265
91,58,5266
94,57,5267
98,56,5268
102,55,5269
104,55,5270
115,57,5271
118,58,5272
121,59,5273
127,62,5274
131,64,5275
135,68,5276
137,69,5277
142,75,5278
147,82,5279
150,88,5280
150,87,5281
153,95,5282
154,96,5283
156,105,5284
157,111,5285
158,117,5286
157,130,5287
157,133,5288
155,142,5289
154,147,5290
152,152,5291
149,159,5292
148,161,5293
144,168,5294
138,175,5295
134,180,5296
132,182,5297
122,189,5298
113,193,5299
109,195,5300
110,195,5301
97,198,5302
91,198,5303
88,199,5304
79,198,5305
69,195,5306
63,193,5307
60,192,5308
56,190,5309
46,183,5310
42,180,5311
39,177,5312
32,169,5313
29,165,5314
25,159,5315
22,154,5316
17,142,5317
14,132,5318
13,129,5319
11,115,5320
10,108,5321
12,87,5322
10,95,5323
15,72,5324
15,70,5325
17,64,5326
22,52,5327
29,40,5328
28,41,5329
39,27,5330
40,26,5331
51,16,5332
55,13,5333
61,9,5334
97,116,5335
97,117,5336
97,119,5337
95,119,5338
93,120,5339
93,121,5340
92,121,5341
91,122,5342
89,121,5343
88,121,5344
87,121,5345
85,120,5346
84,118,5347
82,115,5348
81,114,5349
81,118,5350
80,111,5351
79,112,5352
79,108,5353
79,105,5354
78,104,5355
78,102,5356
80,97,5357
80,95,5358
79,95,5359
81,92,5360
82,90,5361
85,87,5362
84,86,5363
89,83,5364
90,82,5365
91,81,5366
95,79,5367
96,78,5368
102,78,5369
101,77,5370
104,77,5371
111,79,5372
112,79,5373
117,81,5374
117,80,5375
122,85,5376
121,82,5377
126,87,5378
129,91,5379
129,90,5380
134,103,5381
134,99,5382
134,97,5383
137,111,5384
138,112,5385
139,115,5386
139,121,5387
139,124,5388
138,131,5389
138,134,5390
137,137,5391
132,148,5392
133,147,5393
129,154,5394
127,157,5395
127,158,5396
120,164,5397
113,169,5398
112,170,5399
111,171,5400
101,174,5401
101,175,5402
95,176,5403
90,176,5404
84,176,5405
81,176,5406
70,172,5407
69,172,5408
68,172,5409
64,170,5410
54,162,5411
52,161,5412
49,158,5413
44,151,5414
42,149,5415
35,133,5416
33,127,5417
35,137,5418
31,118,5419
30,111,5420
29,112,5421
30,97,5422
30,91,5423
31,85,5424
33,78,5425
35,72,5426
38,65,5427
41,58,5428
46,51,5429
52,44,5430
51,44,5431
60,36,5432
73,28,5433
71,28,5434
70,28,5435
85,23,5436
91,21,5437
98,20,5438
106,20,5439
113,20,5440
122,22,5441
123,22,5442
127,23,5443
140,29,5444
151,37,5445
154,39,5446
157,42,5447
165,51,5448
168,55,5449
171,58,5450
179,76,5451
181,80,5452
185,91,5453
187,104,5454
188,109,5455
188,102,5456
189,122,5457
188,135,5458
186,146,5459
184,156,5460
184,157,5461
94,111,5462
94,110,5463
93,109,5464
94,106,5465
95,105,5466
94,104,5467
95,102,5468
95,101,5469
97,100,5470
97,99,5471
101,99,5472
100,98,5473
103,98,5474
105,99,5475
107,99,5476
106,97,5477
111,102,5478
110,99,5479
113,103,5480
113,102,5481
116,107,5482
117,109,5483
117,107,5484
118,108,5485
119,111,5486
120,116,5487
120,119,5488
120,122,5489
121,122,5490
119,128,5491
119,130,5492
119,131,5493
118,135,5494
117,137,5495
112,142,5496
116,140,5497
108,147,5498
104,149,5499
106,149,5500
102,151,5501
103,152,5502
94,153,5503
97,154,5504
87,154,5505
85,154,5506
87,155,5507
74,149,5508
75,151,5509
75,152,5510
67,145,5511
67,147,5512
64,144,5513
60,139,5514
57,134,5515
55,131,5516
55,133,5517
51,121,5518
50,117,5519
49,112,5520
49,107,5521
48,107,5522
48,102,5523
50,91,5524
50,89,5525
51,84,5526
53,78,5527
58,70,5528
57,70,5529
59,67,5530
71,55,5531
64,60,5532
67,56,5533
84,47,5534
85,46,5535
87,45,5536
92,43,5537
102,43,5538
101,42,5539
104,41,5540
115,43,5541
120,44,5542
128,48,5543
135,52,5544
131,48,5545
139,54,5546
150,66,5547
146,59,5548
154,70,5549
160,82,5550
158,75,5551
162,83,5552
166,98,5553
168,106,5554
168,103,5555
169,119,5556
170,122,5557
170,123,5558
167,142,5559
167,144,5560
163,157,5561
162,160,5562
155,172,5563
158,169,5564
149,182,5565
143,188,5566
140,192,5567
138,194,5568
125,202,5569
119,206,5570
116,207,5571
106,210,5572
103,211,5573
87,212,5574
89,213,5575
68,209,5576
76,212,5577
56,204,5578
49,201,5579
44,198,5580
39,194,5581
29,185,5582
34,191,5583
16,167,5584
11,157,5585
10,157,5586
11,160,5587
5,144,5588
99,112,5589
100,112,5590
102,113,5591
102,115,5592
102,117,5593
104,117,5594
103,119,5595
104,119,5596
103,122,5597
103,123,5598
103,124,5599
102,126,5600
100,128,5601
99,129,5602
97,130,5603
99,131,5604
93,132,5605
94,133,5606
90,132,5607
90,133,5608
86,132,5609
85,132,5610
85,133,5611
82,132,5612
80,131,5613
76,126,5614
76,128,5615
73,123,5616
73,124,5617
71,119,5618
71,122,5619
69,115,5620
68,112,5621
67,111,5622
68,100,5623
66,106,5624
67,99,5625
71,90,5626
68,94,5627
71,87,5628
70,87,5629
76,79,5630
72,82,5631
77,77,5632
81,73,5633
82,72,5634
89,68,5635
89,67,5636
92,66,5637
99,65,5638
98,64,5639
103,64,5640
106,64,5641
112,65,5642
118,67,5643
114,64,5644
120,67,5645
126,71,5646
133,77,5647
132,75,5648
137,81,5649
138,82,5650
140,84,5651
145,96,5652
147,101,5653
148,102,5654
149,107,5655
150,112,5656
150,125,5657
149,132,5658
151,126,5659
151,129,5660
143,152,5661
143,153,5662
144,153,5663
141,159,5664
132,169,5665
135,168,5666
130,173,5667
126,176,5668
121,180,5669
113,184,5670
110,186,5671
104,188,5672
97,189,5673
91,190,5674
91,191,5675
79,189,5676
69,186,5677
72,188,5678
66,186,5679
55,179,5680
55,180,5681
45,172,5682
39,165,5683
35,160,5684
33,157,5685
32,157,5686
23,134,5687
22,133,5688
22,135,5689
19,118,5690
18,112,5691
18,97,5692
20,84,5693
18,89,5694
20,79,5695
24,68,5696
22,71,5697
30,53,5698
35,45,5699
41,37,5700
37,41,5701
48,29,5702
64,18,5703
62,18,5704
75,12,5705
74,12,5706
85,8,5707
94,7,5708
100,6,5709
100,5,5710
116,7,5711
125,9,5712
139,14,5713
137,12,5714
146,17,5715
95,115,5716
94,115,5717
93,117,5718
91,115,5719
89,113,5720
89,115,5721
88,113,5722
87,113,5723
86,111,5724
85,111,5725
86,106,5726
85,105,5727
84,106,5728
86,101,5729
86,100,5730
85,99,5731
87,96,5732
87,95,5733
89,93,5734
90,92,5735
90,91,5736
93,89,5737
96,88,5738
95,87,5739
98,86,5740
103,86,5741
101,85,5742
106,86,5743
108,86,5744
108,85,5745
114,88,5746
114,87,5747
119,92,5748
120,92,5749
121,93,5750
123,95,5751
126,100,5752
128,105,5753
129,106,5754
130,111,5755
131,111,5756
130,126,5757
132,115,5758
131,127,5759
131,129,5760
131,130,5761
128,138,5762
127,142,5763
127,143,5764
123,149,5765
122,151,5766
119,154,5767
118,156,5768
111,161,5769
109,162,5770
107,164,5771
104,165,5772
97,167,5773
90,167,5774
91,168,5775
86,168,5776
83,168,5777
79,167,5778
68,162,5779
66,161,5780
64,160,5781
61,158,5782
57,155,5783
53,150,5784
50,147,5785
46,140,5786
44,137,5787
40,124,5788
39,123,5789
38,117,5790
37,115,5791
38,96,5792
36,106,5793
37,93,5794
39,84,5795
42,75,5796
44,70,5797
44,69,5798
46,65,5799
52,56,5800
57,50,5801
58,48,5802
64,43,5803
69,39,5804
70,38,5805
78,34,5806
87,31,5807
94,29,5808
97,28,5809
111,29,5810
113,29,5811
117,29,5812
127,32,5813
133,35,5814
141,40,5815
145,42,5816
151,47,5817
158,55,5818
160,57,5819
166,66,5820
168,69,5821
174,82,5822
175,83,5823
178,93,5824
179,99,5825
181,112,5826
181,121,5827
182,123,5828
180,140,5829
176,154,5830
179,147,5831
173,164,5832
170,172,5833
169,174,5834
159,189,5835
155,194,5836
154,196,5837
143,206,5838
135,212,5839
132,214,5840
120,220,5841
118,221,5842
96,110,5843
96,109,5844
97,107,5845
99,106,5846
100,106,5847
102,105,5848
102,104,5849
104,105,5850
105,106,5851
106,106,5852
108,107,5853
108,106,5854
110,110,5855
111,112,5856
112,113,5857
112,109,5858
113,117,5859
114,116,5860
113,122,5861
113,124,5862
113,126,5863
112,128,5864
111,131,5865
112,131,5866
111,133,5867
109,136,5868
105,139,5869
106,139,5870
105,141,5871
99,143,5872
99,144,5873
97,145,5874
94,146,5875
91,146,5876
89,146,5877
89,147,5878
84,146,5879
78,143,5880
77,143,5881
73,141,5882
72,141,5883
68,136,5884
66,135,5885
63,130,5886
62,128,5887
61,128,5888
58,115,5889
57,116,5890
57,120,5891
56,107,5892
55,107,5893
56,98,5894
56,96,5895
57,90,5896
58,87,5897
59,83,5898
62,77,5899
66,71,5900
67,69,5901
69,67,5902
71,64,5903
75,61,5904
81,57,5905
87,54,5906
86,54,5907
91,52,5908
99,51,5909
101,50,5910
104,50,5911
116,52,5912
117,52,5913
123,54,5914
130,58,5915
132,59,5916
136,62,5917
140,65,5918
144,70,5919
147,73,5920
151,80,5921
153,83,5922
155,86,5923
160,105,5924
160,103,5925
161,103,5926
162,117,5927
162,126,5928
162,131,5929
160,140,5930
160,142,5931
158,150,5932
154,159,5933
151,165,5934
146,173,5935
148,171,5936
136,184,5937
129,190,5938
127,192,5939
123,194,5940
109,200,5941
108,201,5942
110,201,5943
93,203,5944
91,204,5945
87,204,5946
74,202,5947
72,202,5948
59,197,5949
53,194,5950
52,194,5951
43,187,5952
35,180,5953
33,178,5954
26,169,5955
22,163,5956
18,156,5957
15,150,5958
9,128,5959
8,126,5960
7,122,5961
6,109,5962
6,96,5963
6,93,5964
9,76,5965
10,71,5966
15,57,5967
15,56,5968
19,47,5969
98,114,5970
99,116,5971
99,118,5972
98,119,5973
97,121,5974
98,122,5975
96,123,5976
96,124,5977
95,125,5978
94,125,5979
89,124,5980
90,126,5981
88,125,5982
87,125,5983
85,124,5984
86,127,5985
81,120,5986
81,122,5987
79,119,5988
78,119,5989
77,115,5990
76,114,5991
75,112,5992
75,109,5993
74,110,5994
74,105,5995
74,102,5996
75,97,5997
75,96,5998
76,93,5999
77,90,6000
77,89,6001
78,87,6002
80,84,6003
84,81,6004
84,80,6005
88,77,6006
95,75,6007
94,74,6008
98,73,6009
101,73,6010
106,73,6011
102,71,6012
108,72,6013
113,74,6014
123,80,6015
116,74,6016
123,78,6017
130,86,6018
125,79,6019
129,83,6020
133,88,6021
136,93,6022
139,101,6023
140,103,6024
141,102,6025
142,107,6026
143,117,6027
143,121,6028
143,125,6029
144,123,6030
143,131,6031
140,141,6032
137,149,6033
137,150,6034
135,154,6035
129,161,6036
129,162,6037
126,166,6038
116,173,6039
118,173,6040
115,175,6041
101,179,6042
99,180,6043
97,181,6044
94,182,6045
79,180,6046
80,181,6047
78,181,6048
68,177,6049
67,177,6050
59,172,6051
50,165,6052
53,169,6053
44,159,6054
37,148,6055
42,158,6056
33,141,6057
30,133,6058
30,135,6059
29,134,6060
26,113,6061
25,110,6062
25,100,6063
26,91,6064
27,83,6065
26,86,6066
31,70,6067
34,63,6068
35,59,6069
40,51,6070
50,40,6071
46,42,6072
56,33,6073
66,26,6074
66,25,6075
74,21,6076
82,18,6077
84,17,6078
94,15,6079
102,14,6080
112,15,6081
120,16,6082
121,16,6083
132,20,6084
132,19,6085
153,33,6086
153,32,6087
161,39,6088
168,47,6089
170,49,6090
168,45,6091
182,71,6092
187,84,6093
188,86,6094
188,84,6095
192,105,6096
95,113,6097
92,112,6098
91,112,6099
91,109,6100
92,106,6101
90,107,6102
91,104,6103
90,104,6104
91,102,6105
91,101,6106
93,99,6107
94,98,6108
94,97,6109
98,96,6110
99,95,6111
97,94,6112
102,94,6113
101,93,6114
105,94,6115
106,93,6116
109,95,6117
111,96,6118
112,95,6119
113,95,6120
115,97,6121
118,102,6122
119,101,6123
121,106,6124
122,107,6125
123,112,6126
123,117,6127
124,114,6128
125,117,6129
125,122,6130
123,129,6131
126,122,6132
123,132,6133
119,139,6134
119,141,6135
120,140,6136
118,144,6137
111,150,6138
117,147,6139
106,154,6140
109,153,6141
106,155,6142
96,158,6143
99,158,6144
96,159,6145
89,159,6146
88,160,6147
82,159,6148
79,158,6149
72,155,6150
69,153,6151
73,157,6152
64,150,6153
61,148,6154
55,139,6155
55,141,6156
51,133,6157
51,134,6158
48,128,6159
46,117,6160
45,115,6161
44,112,6162
44,103,6163
43,105,6164
45,91,6165
48,82,6166
45,88,6167
46,82,6168
56,65,6169
56,64,6170
56,63,6171
58,60,6172
72,48,6173
64,52,6174
72,47,6175
81,42,6176
83,41,6177
90,39,6178
107,38,6179
98,37,6180
104,36,6181
115,38,6182
116,37,6183
130,43,6184
133,45,6185
134,44,6186
140,48,6187
149,57,6188
149,56,6189
154,62,6190
161,72,6191
166,83,6192
166,82,6193
167,83,6194
172,105,6195
173,109,6196
174,111,6197
174,122,6198
174,129,6199
173,136,6200
167,157,6201
171,149,6202
168,158,6203
161,172,6204
163,170,6205
158,178,6206
150,188,6207
140,198,6208
142,197,6209
134,203,6210
116,212,6211
118,212,6212
106,215,6213
98,217,6214
92,217,6215
80,217,6216
79,217,6217
74,217,6218
56,210,6219
50,207,6220
40,201,6221
46,206,6222
33,196,6223
98,111,6224
100,110,6225
101,109,6226
102,111,6227
104,112,6228
104,111,6229
105,114,6230
106,114,6231
107,115,6232
107,117,6233
106,122,6234
107,122,6235
107,123,6236
106,125,6237
106,126,6238
107,127,6239
102,131,6240
102,132,6241
101,133,6242
99,135,6243
97,136,6244
95,136,6245
95,137,6246
93,138,6247
92,138,6248
89,138,6249
86,138,6250
82,136,6251
82,137,6252
78,134,6253
78,135,6254
75,133,6255
71,128,6256
71,129,6257
68,124,6258
67,123,6259
66,120,6260
64,112,6261
64,115,6262
63,109,6263
62,109,6264
64,98,6265
62,100,6266
63,96,6267
66,87,6268
66,86,6269
70,80,6270
70,78,6271
71,76,6272
76,71,6273
76,70,6274
79,68,6275
81,66,6276
89,62,6277
93,61,6278
92,60,6279
98,59,6280
105,59,6281
111,60,6282
110,59,6283
112,59,6284
121,62,6285
123,63,6286
129,67,6287
135,72,6288
138,75,6289
137,73,6290
143,81,6291
146,86,6292
148,89,6293
150,95,6294
151,96,6295
154,111,6296
154,119,6297
155,116,6298
155,126,6299
152,140,6300
155,133,6301
152,144,6302
150,149,6303
148,154,6304
143,163,6305
142,166,6306
137,172,6307
132,177,6308
125,183,6309
127,182,6310
115,189,6311
116,189,6312
106,193,6313
101,194,6314
92,195,6315
85,195,6316
81,195,6317
70,192,6318
69,192,6319
61,189,6320
60,189,6321
47,179,6322
44,177,6323
42,176,6324
35,168,6325
30,161,6326
26,154,6327
22,147,6328
18,136,6329
16,129,6330
15,124,6331
14,120,6332
13,109,6333
13,102,6334
15,84,6335
14,86,6336
17,73,6337
25,54,6338
23,56,6339
30,44,6340
34,38,6341
37,34,6342
49,22,6343
51,20,6344
50,20,6345
69,9,6346
75,6,6347
81,4,6348
84,3,6349
95,1,6350
97,115,6351
96,116,6352
95,118,6353
93,118,6354
91,117,6355
91,119,6356
90,119,6357
88,118,6358
87,118,6359
86,117,6360
85,117,6361
84,115,6362
83,113,6363
82,111,6364
82,108,6365
81,109,6366
81,104,6367
80,105,6368
81,102,6369
81,100,6370
82,97,6371
82,96,6372
85,92,6373
84,91,6374
85,90,6375
89,87,6376
90,85,6377
92,84,6378
93,83,6379
97,82,6380
99,81,6381
100,80,6382
104,80,6383
108,81,6384
109,81,6385
109,80,6386
115,83,6387
119,86,6388
122,88,6389
125,91,6390
125,90,6391
129,96,6392
129,95,6393
132,102,6394
132,101,6395
134,105,6396
135,116,6397
136,115,6398
136,121,6399
136,125,6400
135,131,6401
135,132,6402
134,137,6403
133,140,6404
130,147,6405
131,146,6406
127,152,6407
122,158,6408
119,161,6409
116,164,6410
112,166,6411
112,167,6412
102,171,6413
97,172,6414
92,172,6415
90,173,6416
86,173,6417
82,173,6418
75,171,6419
72,170,6420
66,167,6421
64,166,6422
56,160,6423
52,156,6424
49,153,6425
47,151,6426
43,144,6427
40,139,6428
39,137,6429
35,125,6430
35,126,6431
33,111,6432
32,108,6433
32,104,6434
32,98,6435
35,82,6436
34,84,6437
39,70,6438
37,73,6439
42,63,6440
49,52,6441
51,49,6442
58,42,6443
56,43,6444
65,36,6445
73,31,6446
74,30,6447
85,26,6448
95,24,6449
98,23,6450
106,23,6451
108,23,6452
118,24,6453
124,26,6454
132,29,6455
139,32,6456
146,37,6457
149,39,6458
158,47,6459
159,48,6460
168,60,6461
170,63,6462
177,77,6463
179,82,6464
182,92,6465
183,95,6466
185,113,6467
186,115,6468
185,134,6469
185,137,6470
183,148,6471
181,156,6472
180,159,6473
176,170,6474
169,183,6475
168,185,6476
165,190,6477
96,112,6478
95,108,6479
94,107,6480
96,106,6481
97,104,6482
97,103,6483
98,102,6484
99,102,6485
100,101,6486
101,100,6487
105,102,6488
103,100,6489
107,102,6490
108,103,6491
110,104,6492
108,100,6493
113,108,6494
113,107,6495
115,110,6496
115,108,6497
116,113,6498
117,115,6499
117,119,6500
118,119,6501
119,118,6502
117,126,6503
117,127,6504
116,131,6505
116,132,6506
112,137,6507
113,138,6508
111,140,6509
111,141,6510
109,143,6511
104,146,6512
105,147,6513
99,149,6514
93,150,6515
94,151,6516
91,151,6517
87,151,6518
80,149,6519
85,152,6520
78,149,6521
74,147,6522
74,148,6523
64,137,6524
66,142,6525
65,142,6526
58,129,6527
60,135,6528
57,130,6529
54,122,6530
53,117,6531
52,113,6532
51,114,6533
51,105,6534
51,101,6535
52,95,6536
53,89,6537
52,90,6538
54,83,6539
58,75,6540
61,70,6541
62,68,6542
64,65,6543
73,57,6544
69,59,6545
78,53,6546
84,50,6547
84,49,6548
88,47,6549
100,46,6550
102,45,6551
106,45,6552
110,45,6553
120,48,6554
124,49,6555
125,49,6556
135,55,6557
137,56,6558
147,67,6559
151,72,6560
149,67,6561
155,78,6562
159,86,6563
158,81,6564
163,96,6565
165,107,6566
166,107,6567
166,124,6568
167,123,6569
166,133,6570
166,135,6571
162,150,6572
162,152,6573
160,158,6574
154,169,6575
146,180,6576
149,177,6577
145,183,6578
130,195,6579
133,194,6580
128,197,6581
116,203,6582
118,203,6583
111,206,6584
97,208,6585
95,209,6586
84,209,6587
73,207,6588
65,205,6589
62,204,6590
57,202,6591
50,198,6592
47,197,6593
33,184,6594
27,178,6595
23,173,6596
16,162,6597
15,160,6598
16,164,6599
6,136,6600
3,121,6601
2,117,6602
2,119,6603
1,108,6604
99,113,6605
100,113,6606
101,115,6607
101,118,6608
100,120,6609
102,119,6610
101,121,6611
101,122,6612
101,123,6613
100,125,6614
99,126,6615
98,127,6616
95,128,6617
94,129,6618
91,129,6619
94,131,6620
88,129,6621
87,130,6622
85,129,6623
85,130,6624
81,127,6625
80,127,6626
79,126,6627
78,126,6628
76,123,6629
73,117,6630
73,120,6631
72,115,6632
71,114,6633
70,110,6634
70,105,6635
69,107,6636
69,104,6637
70,97,6638
72,93,6639
70,95,6640
72,90,6641
79,81,6642
74,85,6643
79,79,6644
78,79,6645
85,74,6646
84,73,6647
89,71,6648
94,69,6649
95,68,6650
108,69,6651
104,67,6652
107,67,6653
113,69,6654
110,67,6655
116,69,6656
121,71,6657
127,76,6658
130,78,6659
128,75,6660
132,79,6661
138,88,6662
140,92,6663
140,89,6664
145,104,6665
145,101,6666
146,104,6667
147,115,6668
148,118,6669
148,121,6670
146,134,6671
148,129,6672
145,141,6673
140,152,6674
143,149,6675
144,148,6676
129,168,6677
126,171,6678
126,172,6679
129,170,6680
117,178,6681
118,179,6682
109,183,6683
102,185,6684
99,186,6685
86,186,6686
79,185,6687
83,187,6688
74,185,6689
67,182,6690
71,185,6691
56,176,6692
50,171,6693
50,173,6694
47,170,6695
37,157,6696
35,155,6697
32,150,6698
27,139,6699
24,129,6700
24,130,6701
22,125,6702
21,109,6703
20,107,6704
20,104,6705
23,82,6706
22,83,6707
24,76,6708
33,55,6709
28,63,6710
32,55,6711
42,41,6712
41,41,6713
47,34,6714
59,24,6715
62,22,6716
68,18,6717
75,15,6718
90,11,6719
86,11,6720
109,10,6721
114,10,6722
115,10,6723
122,11,6724
129,13,6725
134,14,6726
150,24,6727
158,30,6728
163,34,6729
163,33,6730
172,44,6731
94,114,6732
93,114,6733
92,115,6734
90,113,6735
90,110,6736
89,110,6737
88,110,6738
87,109,6739
87,108,6740
87,106,6741
87,104,6742
88,101,6743
87,101,6744
90,97,6745
90,96,6746
89,96,6747
92,94,6748
92,93,6749
96,91,6750
96,90,6751
101,90,6752
103,90,6753
102,89,6754
103,88,6755
106,88,6756
111,91,6757
109,88,6758
115,93,6759
114,91,6760
118,94,6761
119,95,6762
121,97,6763
123,101,6764
125,103,6765
126,107,6766
127,107,6767
128,113,6768
128,120,6769
129,120,6770
129,123,6771
129,126,6772
126,135,6773
130,128,6774
125,139,6775
125,141,6776
123,144,6777
117,151,6778
118,151,6779
117,153,6780
110,157,6781
110,158,6782
107,160,6783
103,162,6784
99,163,6785
94,164,6786
95,165,6787
88,165,6788
79,163,6789
76,162,6790
76,163,6791
70,160,6792
69,160,6793
63,156,6794
58,151,6795
54,146,6796
51,143,6797
50,142,6798
47,136,6799
45,132,6800
43,127,6801
41,118,6802
40,116,6803
40,102,6804
41,92,6805
39,100,6806
40,90,6807
47,72,6808
42,81,6809
46,71,6810
49,66,6811
55,57,6812
59,52,6813
59,51,6814
65,46,6815
72,41,6816
78,38,6817
76,38,6818
92,33,6819
96,32,6820
95,32,6821
102,31,6822
111,32,6823
114,32,6824
123,34,6825
135,40,6826
136,40,6827
143,45,6828
145,46,6829
153,54,6830
158,60,6831
158,58,6832
166,72,6833
169,78,6834
171,82,6835
175,94,6836
176,98,6837
178,110,6838
178,126,6839
179,121,6840
178,136,6841
174,152,6842
173,156,6843
174,155,6844
170,165,6845
157,186,6846
163,179,6847
151,194,6848
144,201,6849
141,204,6850
135,208,6851
129,212,6852
125,215,6853
112,219,6854
99,222,6855
93,222,6856
92,223,6857
84,223,6858
97,110,6859
98,108,6860
99,107,6861
101,107,6862
102,107,6863
103,107,6864
104,107,6865
105,108,6866
107,110,6867
108,111,6868
109,113,6869
109,114,6870
110,115,6871
110,118,6872
110,120,6873
111,120,6874
111,122,6875
110,126,6876
110,127,6877
109,129,6878
109,130,6879
108,132,6880
105,135,6881
105,136,6882
103,138,6883
101,139,6884
100,140,6885
96,142,6886
95,142,6887
91,143,6888
90,143,6889
86,143,6890
83,142,6891
82,142,6892
79,141,6893
77,140,6894
74,138,6895
71,135,6896
68,132,6897
67,131,6898
66,130,6899
63,124,6900
61,120,6901
60,116,6902
59,112,6903
59,108,6904
59,101,6905
58,103,6906
59,96,6907
60,91,6908
60,90,6909
62,84,6910
65,78,6911
64,79,6912
68,73,6913
70,70,6914
74,66,6915
76,64,6916
80,61,6917
85,58,6918
87,57,6919
93,55,6920
97,54,6921
103,54,6922
108,54,6923
111,54,6924
116,55,6925
120,56,6926
124,58,6927
128,60,6928
135,65,6929
140,70,6930
142,72,6931
146,77,6932
148,80,6933
151,85,6934
155,95,6935
156,98,6936
158,106,6937
159,112,6938
159,119,6939
159,126,6940
159,130,6941
158,137,6942
156,146,6943
154,152,6944
152,157,6945
147,166,6946
146,168,6947
141,175,6948
134,182,6949
133,183,6950
128,187,6951
121,192,6952
117,194,6953
106,198,6954
103,199,6955
97,200,6956
86,200,6957
82,200,6958
74,199,6959
67,197,6960
60,194,6961
54,191,6962
48,187,6963
44,184,6964
37,178,6965
31,171,6966
26,164,6967
22,157,6968
20,154,6969
17,147,6970
12,131,6971
11,127,6972
10,121,6973
9,114,6974
9,98,6975
9,93,6976
10,85,6977
14,68,6978
16,62,6979
19,54,6980
25,43,6981
28,38,6982
30,35,6983
40,23,6984
42,21,6985
98,115,6986
98,116,6987
98,118,6988
96,119,6989
95,120,6990
95,122,6991
93,122,6992
93,123,6993
91,123,6994
90,123,6995
87,122,6996
87,123,6997
84,120,6998
83,119,6999
82,119,7000
83,122,7001
80,114,7002
79,115,7003
78,112,7004
78,108,7005
77,109,7006
76,108,7007
78,100,7008
77,100,7009
76,101,7010
77,98,7011
78,95,7012
80,91,7013
79,91,7014
84,85,7015
84,84,7016
85,83,7017
89,80,7018
90,79,7019
96,77,7020
94,77,7021
98,76,7022
104,76,7023
104,75,7024
108,76,7025
110,76,7026
115,78,7027
114,76,7028
120,80,7029
124,83,7030
125,83,7031
132,95,7032
130,89,7033
131,89,7034
136,102,7035
137,101,7036
138,105,7037
139,107,7038
140,115,7039
141,118,7040
141,121,7041
141,124,7042
138,137,7043
138,138,7044
137,142,7045
135,147,7046
135,148,7047
129,157,7048
122,164,7049
123,164,7050
119,168,7051
113,171,7052
113,172,7053
106,175,7054
99,177,7055
102,177,7056
94,178,7057
81,177,7058
78,177,7059
76,177,7060
75,177,7061
63,171,7062
61,170,7063
60,170,7064
49,160,7065
49,161,7066
41,149,7067
38,144,7068
41,152,7069
34,136,7070
31,126,7071
31,130,7072
29,119,7073
28,109,7074
27,108,7075
29,89,7076
29,88,7077
30,82,7078
31,78,7079
36,65,7080
39,59,7081
37,61,7082
48,46,7083
53,40,7084
58,35,7085
57,35,7086
71,27,7087
73,25,7088
84,21,7089
88,20,7090
94,18,7091
106,18,7092
104,17,7093
115,18,7094
120,19,7095
129,22,7096
143,29,7097
142,28,7098
148,32,7099
162,45,7100
163,45,7101
174,62,7102
174,61,7103
177,66,7104
183,80,7105
185,86,7106
184,79,7107
189,109,7108
190,114,7109
190,125,7110
190,133,7111
190,136,7112
95,112,7113
93,111,7114
92,109,7115
93,107,7116
94,105,7117
92,105,7118
93,103,7119
93,102,7120
95,100,7121
99,99,7122
95,99,7123
98,98,7124
100,97,7125
102,97,7126
104,97,7127
102,95,7128
108,98,7129
107,96,7130
111,99,7131
111,98,7132
114,101,7133
115,103,7134
115,101,7135
117,103,7136
119,107,7137
120,111,7138
121,111,7139
121,117,7140
122,115,7141
121,124,7142
121,127,7143
122,126,7144
122,127,7145
122,129,7146
116,139,7147
121,134,7148
115,142,7149
111,146,7150
113,146,7151
109,149,7152
110,149,7153
100,153,7154
102,154,7155
97,155,7156
95,156,7157
93,157,7158
82,154,7159
81,155,7160
81,156,7161
74,152,7162
75,154,7163
73,153,7164
66,148,7165
60,141,7166
58,139,7167
62,146,7168
56,137,7169
52,129,7170
51,126,7171
49,122,7172
48,116,7173
47,113,7174
47,104,7175
46,103,7176
47,95,7177
48,89,7178
51,81,7179
49,83,7180
53,75,7181
58,67,7182
55,69,7183
57,65,7184
72,52,7185
74,50,7186
73,50,7187
77,47,7188
88,43,7189
87,42,7190
94,41,7191
100,40,7192
107,40,7193
113,41,7194
120,43,7195
118,41,7196
128,45,7197
137,51,7198
135,48,7199
145,57,7200
153,67,7201
148,58,7202
156,69,7203
161,79,7204
164,85,7205
165,87,7206
168,96,7207
170,108,7208
171,112,7209
171,121,7210
171,128,7211
170,137,7212
170,139,7213
164,158,7214
166,155,7215
162,164,7216
152,180,7217
158,173,7218
150,184,7219
141,193,7220
136,198,7221
128,203,7222
121,207,7223
118,208,7224
112,211,7225
102,213,7226
90,214,7227
91,215,7228
69,211,7229
70,212,7230
61,209,7231
56,207,7232
50,204,7233
47,203,7234
29,187,7235
22,179,7236
23,181,7237
20,178,7238
11,163,7239
97,112,7240
101,112,7241
101,111,7242
102,114,7243
103,116,7244
104,115,7245
104,118,7246
105,117,7247
105,120,7248
106,120,7249
104,124,7250
103,126,7251
103,127,7252
101,129,7253
100,130,7254
102,130,7255
97,132,7256
97,133,7257
95,134,7258
94,135,7259
89,134,7260
87,134,7261
87,135,7262
86,135,7263
85,135,7264
80,132,7265
80,133,7266
75,128,7267
76,131,7268
73,126,7269
72,126,7270
70,122,7271
69,120,7272
68,119,7273
67,109,7274
66,112,7275
65,108,7276
67,97,7277
66,97,7278
67,93,7279
66,94,7280
70,86,7281
66,91,7282
71,82,7283
74,78,7284
76,75,7285
80,72,7286
81,70,7287
84,68,7288
89,66,7289
92,64,7290
94,63,7291
98,62,7292
104,62,7293
105,62,7294
105,61,7295
111,62,7296
120,66,7297
124,68,7298
124,67,7299
129,70,7300
133,74,7301
138,79,7302
141,84,7303
145,91,7304
144,88,7305
148,97,7306
149,100,7307
151,109,7308
151,124,7309
152,115,7310
153,118,7311
150,137,7312
149,141,7313
151,137,7314
150,142,7315
144,155,7316
145,156,7317
138,166,7318
135,170,7319
132,173,7320
125,179,7321
123,181,7322
120,183,7323
109,188,7324
106,189,7325
105,190,7326
93,192,7327
83,191,7328
82,192,7329
81,192,7330
66,187,7331
64,187,7332
60,185,7333
51,179,7334
46,175,7335
41,170,7336
40,170,7337
29,152,7338
29,154,7339
26,150,7340
21,135,7341
20,132,7342
18,124,7343
17,99,7344
16,110,7345
16,96,7346
18,83,7347
17,85,7348
19,75,7349
23,65,7350
29,52,7351
30,49,7352
33,44,7353
49,27,7354
44,30,7355
58,19,7356
62,16,7357
63,15,7358
77,9,7359
79,8,7360
80,7,7361
100,4,7362
105,4,7363
121,6,7364
115,4,7365
131,8,7366
96,114,7367
95,116,7368
94,117,7369
92,117,7370
90,115,7371
90,117,7372
88,115,7373
87,115,7374
86,113,7375
85,113,7376
85,109,7377
84,109,7378
83,108,7379
84,103,7380
84,102,7381
83,102,7382
84,100,7383
84,98,7384
86,95,7385
87,93,7386
87,92,7387
88,91,7388
91,89,7389
92,87,7390
93,86,7391
98,85,7392
97,84,7393
103,84,7394
105,84,7395
104,83,7396
108,84,7397
108,83,7398
114,86,7399
116,87,7400
118,88,7401
120,89,7402
124,94,7403
125,96,7404
127,98,7405
129,103,7406
130,103,7407
131,107,7408
132,108,7409
133,115,7410
133,120,7411
133,126,7412
132,131,7413
131,135,7414
132,134,7415
130,139,7416
129,142,7417
126,148,7418
125,150,7419
121,155,7420
119,157,7421
115,161,7422
110,164,7423
108,165,7424
104,167,7425
101,168,7426
95,169,7427
94,170,7428
87,170,7429
78,168,7430
74,167,7431
73,167,7432
68,165,7433
65,163,7434
59,159,7435
58,158,7436
50,149,7437
49,148,7438
45,141,7439
44,141,7440
39,128,7441
40,133,7442
37,121,7443
36,117,7444
35,111,7445
35,104,7446
36,91,7447
37,85,7448
37,84,7449
39,77,7450
42,69,7451
46,62,7452
46,61,7453
52,53,7454
55,49,7455
62,42,7456
67,38,7457
73,35,7458
76,33,7459
82,30,7460
95,27,7461
100,27,7462
101,26,7463
107,26,7464
118,28,7465
128,31,7466
127,30,7467
139,36,7468
142,38,7469
148,42,7470
156,50,7471
159,53,7472
165,61,7473
168,65,7474
174,77,7475
177,85,7476
178,88,7477
181,99,7478
182,107,7479
183,114,7480
182,130,7481
184,121,7482
179,151,7483
179,153,7484
176,162,7485
172,171,7486
168,179,7487
168,180,7488
157,195,7489
155,198,7490
145,207,7491
140,211,7492
136,214,7493
96,111,7494
96,108,7495
96,107,7496
97,106,7497
99,105,7498
100,104,7499
101,103,7500
102,103,7501
104,104,7502
105,104,7503
106,104,7504
107,104,7505
109,107,7506
111,109,7507
112,110,7508
111,105,7509
113,113,7510
114,113,7511
114,117,7512
115,119,7513
115,120,7514
115,123,7515
114,126,7516
115,126,7517
115,128,7518
113,132,7519
111,135,7520
110,137,7521
110,138,7522
106,141,7523
104,143,7524
103,144,7525
101,145,7526
100,146,7527
92,147,7528
93,148,7529
90,148,7530
84,147,7531
80,146,7532
81,147,7533
78,146,7534
71,141,7535
73,144,7536
69,140,7537
66,137,7538
63,134,7539
59,123,7540
60,129,7541
58,127,7542
56,115,7543
55,115,7544
54,112,7545
54,105,7546
54,99,7547
55,93,7548
54,95,7549
56,88,7550
58,82,7551
61,76,7552
63,72,7553
62,73,7554
66,67,7555
74,60,7556
75,59,7557
78,56,7558
80,55,7559
87,52,7560
91,50,7561
97,49,7562
107,49,7563
104,48,7564
107,48,7565
119,51,7566
123,52,7567
126,53,7568
131,56,7569
137,61,7570
138,61,7571
145,68,7572
149,73,7573
148,71,7574
156,87,7575
157,88,7576
157,85,7577
162,105,7578
163,112,7579
164,111,7580
164,122,7581
163,134,7582
164,131,7583
161,144,7584
158,154,7585
157,157,7586
156,160,7587
148,173,7588
145,177,7589
145,178,7590
138,185,7591
126,194,7592
124,196,7593
127,195,7594
109,202,7595
108,203,7596
98,205,7597
84,205,7598
90,206,7599
78,205,7600
69,203,7601
65,202,7602
60,200,7603
47,192,7604
41,188,7605
32,179,7606
30,177,7607
26,172,7608
26,173,7609
14,150,7610
12,146,7611
9,138,7612
7,129,7613
6,125,7614
5,125,7615
4,105,7616
5,88,7617
7,77,7618
6,80,7619
9,67,7620
99,114,7621
100,115,7622
100,116,7623
100,118,7624
98,120,7625
99,121,7626
98,123,7627
98,124,7628
97,125,7629
96,126,7630
93,126,7631
93,127,7632
91,127,7633
89,127,7634
86,126,7635
89,129,7636
83,124,7637
83,126,7638
81,123,7639
80,124,7640
78,120,7641
77,119,7642
76,119,7643
75,117,7644
74,114,7645
73,110,7646
73,107,7647
73,102,7648
72,103,7649
73,99,7650
73,96,7651
74,93,7652
74,92,7653
75,89,7654
81,82,7655
78,84,7656
81,81,7657
87,77,7658
88,75,7659
90,74,7660
97,72,7661
89,73,7662
96,71,7663
101,70,7664
108,71,7665
107,70,7666
118,75,7667
117,73,7668
116,72,7669
125,78,7670
124,76,7671
129,81,7672
132,84,7673
135,89,7674
138,93,7675
137,90,7676
141,98,7677
143,108,7678
144,111,7679
144,108,7680
145,116,7681
145,125,7682
143,135,7683
144,133,7684
143,138,7685
141,145,7686
136,154,7687
137,154,7688
133,160,7689
127,166,7690
130,165,7691
129,166,7692
112,177,7693
111,178,7694
110,179,7695
106,181,7696
95,183,7697
93,183,7698
91,184,7699
82,183,7700
80,183,7701
67,178,7702
59,174,7703
65,179,7704
56,173,7705
46,163,7706
50,169,7707
40,157,7708
36,150,7709
36,152,7710
34,149,7711
26,123,7712
26,126,7713
25,123,7714
24,107,7715
23,106,7716
23,99,7717
25,86,7718
25,84,7719
28,72,7720
29,69,7721
37,54,7722
33,59,7723
40,48,7724
54,33,7725
48,37,7726
57,29,7727
65,24,7728
66,23,7729
78,17,7730
82,16,7731
95,13,7732
108,13,7733
106,12,7734
118,14,7735
112,12,7736
136,20,7737
135,19,7738
143,23,7739
152,29,7740
157,33,7741
172,50,7742
159,33,7743
179,61,7744
179,60,7745
183,66,7746
187,77,7747
94,113,7748
93,113,7749
91,113,7750
91,110,7751
91,108,7752
89,108,7753
90,105,7754
89,106,7755
89,104,7756
89,103,7757
90,101,7758
91,99,7759
91,98,7760
95,96,7761
96,95,7762
94,94,7763
98,93,7764
98,92,7765
102,92,7766
102,91,7767
107,93,7768
108,93,7769
109,92,7770
108,91,7771
112,93,7772
116,98,7773
116,96,7774
119,100,7775
120,100,7776
122,105,7777
122,103,7778
124,109,7779
125,112,7780
126,113,7781
126,121,7782
127,116,7783
126,126,7784
123,134,7785
125,131,7786
124,135,7787
124,136,7788
119,144,7789
122,142,7790
115,149,7791
115,150,7792
113,152,7793
106,156,7794
106,157,7795
105,158,7796
95,160,7797
96,161,7798
93,162,7799
85,161,7800
80,160,7801
79,160,7802
82,162,7803
73,158,7804
66,154,7805
62,150,7806
63,152,7807
55,143,7808
56,145,7809
52,140,7810
48,130,7811
47,128,7812
45,124,7813
44,120,7814
43,114,7815
42,109,7816
43,99,7817
42,97,7818
42,94,7819
48,77,7820
48,76,7821
46,78,7822
49,71,7823
60,57,7824
54,62,7825
61,54,7826
69,47,7827
70,46,7828
79,41,7829
82,39,7830
87,37,7831
94,36,7832
101,35,7833
99,34,7834
110,35,7835
121,38,7836
119,36,7837
128,39,7838
140,47,7839
140,46,7840
145,50,7841
149,54,7842
157,63,7843
159,66,7844
160,66,7845
168,84,7846
170,88,7847
172,92,7848
174,105,7849
175,110,7850
176,116,7851
174,137,7852
176,129,7853
174,143,7854
169,158,7855
171,155,7856
167,165,7857
159,179,7858
153,187,7859
154,187,7860
149,193,7861
133,205,7862
135,205,7863
125,210,7864
120,213,7865
113,216,7866
101,218,7867
96,219,7868
96,220,7869
75,218,7870
70,217,7871
63,215,7872
63,216,7873
50,210,7874
98,110,7875
99,109,7876
100,109,7877
102,110,7878
103,110,7879
104,109,7880
105,112,7881
106,112,7882
107,113,7883
108,114,7884
107,119,7885
108,119,7886
109,119,7887
108,123,7888
107,126,7889
109,124,7890
106,129,7891
106,130,7892
105,131,7893
103,133,7894
102,135,7895
101,136,7896
99,137,7897
97,138,7898
96,139,7899
92,139,7900
92,140,7901
87,139,7902
87,140,7903
83,139,7904
80,138,7905
81,139,7906
75,134,7907
74,134,7908
71,131,7909
69,129,7910
67,126,7911
65,121,7912
65,123,7913
63,115,7914
62,115,7915
62,104,7916
61,111,7917
61,101,7918
62,97,7919
62,94,7920
65,86,7921
63,89,7922
65,84,7923
69,77,7924
69,76,7925
72,72,7926
76,68,7927
80,65,7928
83,63,7929
84,62,7930
88,60,7931
95,58,7932
102,58,7933
101,57,7934
103,56,7935
110,57,7936
115,58,7937
120,60,7938
126,63,7939
127,63,7940
131,66,7941
134,68,7942
138,72,7943
142,76,7944
145,81,7945
150,90,7946
152,96,7947
153,97,7948
155,106,7949
156,109,7950
156,121,7951
157,117,7952
157,125,7953
155,137,7954
154,142,7955
151,151,7956
152,150,7957
146,162,7958
143,167,7959
140,171,7960
137,175,7961
133,179,7962
127,184,7963
122,188,7964
118,190,7965
103,195,7966
101,196,7967
103,196,7968
88,197,7969
78,196,7970
80,197,7971
71,195,7972
62,191,7973
54,187,7974
49,184,7975
46,182,7976
39,175,7977
35,171,7978
29,163,7979
27,160,7980
23,153,7981
20,147,7982
16,136,7983
13,122,7984
12,116,7985
12,106,7986
11,101,7987
12,91,7988
16,73,7989
13,81,7990
20,60,7991
20,59,7992
23,52,7993
31,39,7994
34,35,7995
34,34,7996
46,22,7997
54,15,7998
62,10,7999
68,7,8000
77,3,8001
97,114,8002
96,117,8003
97,118,8004
94,119,8005
92,119,8006
92,120,8007
91,121,8008
89,120,8009
88,120,8010
87,119,8011
86,119,8012
85,119,8013
83,115,8014
82,113,8015
81,113,8016
81,116,8017
80,109,8018
79,110,8019
80,103,8020
79,104,8021
79,102,8022
79,100,8023
82,94,8024
81,94,8025
80,94,8026
84,89,8027
85,88,8028
87,86,8029
88,84,8030
92,82,8031
94,81,8032
95,80,8033
98,79,8034
101,79,8035
105,79,8036
105,78,8037
110,79,8038
117,83,8039
118,83,8040
119,83,8041
120,83,8042
125,88,8043
124,86,8044
129,93,8045
130,94,8046
131,95,8047
135,109,8048
136,108,8049
136,104,8050
137,116,8051
138,116,8052
138,122,8053
138,124,8054
137,131,8055
136,136,8056
135,140,8057
134,143,8058
127,154,8059
129,152,8060
125,158,8061
122,161,8062
122,162,8063
113,168,8064
109,170,8065
105,172,8066
104,173,8067
96,174,8068
95,175,8069
87,175,8070
80,174,8071
75,173,8072
74,173,8073
68,170,8074
65,169,8075
59,165,8076
56,163,8077
48,154,8078
48,155,8079
43,148,8080
39,141,8081
37,137,8082
34,126,8083
32,118,8084
32,124,8085
31,111,8086
31,98,8087
30,102,8088
32,88,8089
33,81,8090
34,77,8091
36,72,8092
40,63,8093
44,56,8094
44,55,8095
53,44,8096
60,38,8097
60,37,8098
69,31,8099
80,26,8100
81,25,8101
79,25,8102
97,22,8103
100,21,8104
108,21,8105
120,23,8106
118,22,8107
130,26,8108
136,28,8109
143,32,8110
147,35,8111
159,46,8112
162,49,8113
163,50,8114
170,60,8115
177,73,8116
176,69,8117
184,96,8118
185,97,8119
186,100,8120
187,114,8121
188,119,8122
188,122,8123
185,146,8124
185,148,8125
179,166,8126
178,170,8127
175,177,8128
95,111,8129
94,110,8130
93,108,8131
95,106,8132
96,104,8133
95,103,8134
96,102,8135
97,101,8136
98,100,8137
98,99,8138
104,101,8139
102,99,8140
105,100,8141
107,101,8142
107,100,8143
107,98,8144
112,104,8145
111,101,8146
114,106,8147
114,104,8148
116,109,8149
117,111,8150
118,112,8151
118,115,8152
119,114,8153
119,119,8154
119,122,8155
119,125,8156
120,124,8157
117,132,8158
116,135,8159
116,136,8160
116,137,8161
114,140,8162
109,144,8163
111,144,8164
105,148,8165
99,150,8166
102,150,8167
98,152,8168
93,152,8169
90,153,8170
93,154,8171
85,153,8172
81,152,8173
79,152,8174
71,146,8175
73,149,8176
70,148,8177
62,138,8178
62,140,8179
61,139,8180
58,134,8181
55,128,8182
53,123,8183
54,129,8184
51,117,8185
50,112,8186
50,105,8187
50,99,8188
49,100,8189
50,92,8190
53,83,8191
54,80,8192
54,79,8193
55,76,8194
62,66,8195
60,67,8196
68,58,8197
75,53,8198
73,53,8199
74,52,8200
90,46,8201
92,45,8202
94,44,8203
97,43,8204
109,44,8205
109,43,8206
116,44,8207
124,47,8208
125,47,8209
136,54,8210
141,58,8211
137,53,8212
146,62,8213
154,73,8214
152,68,8215
157,77,8216
162,89,8217
162,86,8218
165,94,8219
167,108,8220
168,113,8221
169,116,8222
168,128,8223
167,138,8224
167,141,8225
163,153,8226
161,159,8227
159,164,8228
157,168,8229
146,183,8230
152,177,8231
141,189,8232
132,196,8233
135,195,8234
128,200,8235
117,205,8236
110,208,8237
102,210,8238
94,211,8239
88,211,8240
77,210,8241
71,209,8242
60,205,8243
60,206,8244
46,197,8245
42,195,8246
35,189,8247
28,182,8248
25,179,8249
23,178,8250
12,157,8251
7,145,8252
7,147,8253
6,145,8254
1,123,8255
98,112,8256
101,113,8257
101,114,8258
102,116,8259
102,118,8260
103,117,8261
102,121,8262
103,121,8263
102,123,8264
102,124,8265
101,126,8266
100,127,8267
99,128,8268
97,129,8269
95,130,8270
97,131,8271
91,131,8272
92,132,8273
87,131,8274
87,132,8275
84,130,8276
84,131,8277
82,131,8278
81,130,8279
78,128,8280
76,125,8281
76,127,8282
73,121,8283
71,118,8284
70,114,8285
70,118,8286
69,112,8287
68,109,8288
68,104,8289
69,98,8290
67,103,8291
69,94,8292
74,86,8293
70,90,8294
74,83,8295
72,85,8296
80,76,8297
76,78,8298
81,74,8299
84,72,8300
88,69,8301
96,67,8302
92,67,8303
96,66,8304
106,66,8305
103,65,8306
111,66,8307
113,66,8308
119,69,8309
120,69,8310
121,68,8311
126,72,8312
131,76,8313
135,81,8314
137,82,8315
141,89,8316
142,90,8317
143,91,8318
147,106,8319
148,109,8320
149,111,8321
149,123,8322
150,118,8323
149,128,8324
146,141,8325
149,134,8326
149,136,8327
139,157,8328
139,158,8329
139,160,8330
137,163,8331
129,171,8332
132,170,8333
123,177,8334
117,181,8335
111,184,8336
104,186,8337
103,187,8338
98,188,8339
90,189,8340
82,188,8341
82,189,8342
69,185,8343
59,180,8344
62,183,8345
57,180,8346
43,167,8347
46,171,8348
41,166,8349
33,155,8350
30,149,8351
28,146,8352
26,143,8353
21,122,8354
21,125,8355
19,115,8356
19,105,8357
18,103,8358
19,94,8359
24,72,8360
20,83,8361
23,72,8362
29,58,8363
29,56,8364
34,48,8365
39,41,8366
46,33,8367
47,31,8368
58,22,8369
74,14,8370
74,13,8371
86,10,8372
88,9,8373
93,8,8374
106,7,8375
108,7,8376
115,7,8377
131,12,8378
138,15,8379
146,19,8380
146,18,8381
156,25,8382
95,114,8383
94,115,8384
93,116,8385
91,114,8386
89,112,8387
89,114,8388
88,112,8389
87,111,8390
86,110,8391
86,108,8392
86,105,8393
86,103,8394
85,103,8395
88,99,8396
87,99,8397
86,98,8398
89,95,8399
89,94,8400
91,92,8401
94,90,8402
93,90,8403
98,89,8404
98,88,8405
97,87,8406
100,86,8407
107,88,8408
105,86,8409
110,88,8410
111,88,8411
115,90,8412
113,88,8413
117,91,8414
120,94,8415
123,97,8416
124,99,8417
125,99,8418
127,105,8419
129,112,8420
129,110,8421
130,114,8422
131,115,8423
129,129,8424
132,119,8425
129,132,8426
129,134,8427
129,135,8428
122,147,8429
123,147,8430
123,148,8431
119,152,8432
117,155,8433
116,156,8434
111,160,8435
107,162,8436
102,164,8437
102,165,8438
97,166,8439
87,166,8440
87,167,8441
81,165,8442
81,166,8443
79,166,8444
71,163,8445
65,159,8446
60,155,8447
58,154,8448
54,150,8449
51,146,8450
49,143,8451
47,140,8452
43,131,8453
41,127,8454
39,115,8455
39,118,8456
38,110,8457
37,109,8458
40,89,8459
37,98,8460
39,87,8461
43,75,8462
45,71,8463
49,63,8464
50,60,8465
53,56,8466
63,46,8467
64,45,8468
68,41,8469
74,38,8470
76,36,8471
80,34,8472
90,31,8473
98,30,8474
102,29,8475
103,29,8476
121,32,8477
122,32,8478
128,34,8479
131,35,8480
143,43,8481
148,47,8482
155,53,8483
150,47,8484
162,62,8485
167,70,8486
170,75,8487
174,85,8488
175,88,8489
178,98,8490
179,103,8491
180,113,8492
180,125,8493
179,136,8494
180,134,8495
178,145,8496
170,167,8497
173,163,8498
165,178,8499
161,185,8500
159,188,8501
150,198,8502
146,202,8503
147,202,8504
129,214,8505
121,218,8506
119,219,8507
114,221,8508
101,224,8509
97,109,8510
97,108,8511
98,107,8512
100,107,8513
101,106,8514
102,106,8515
103,106,8516
104,106,8517
106,107,8518
107,107,8519
108,108,8520
109,109,8521
110,112,8522
111,114,8523
111,117,8524
112,116,8525
112,120,8526
113,119,8527
112,124,8528
112,126,8529
112,127,8530
111,129,8531
109,133,8532
109,134,8533
108,135,8534
105,138,8535
104,139,8536
104,140,8537
102,142,8538
96,143,8539
96,144,8540
94,145,8541
90,145,8542
88,145,8543
84,144,8544
84,145,8545
79,143,8546
75,140,8547
74,140,8548
70,137,8549
69,137,8550
66,132,8551
65,132,8552
61,124,8553
60,122,8554
59,121,8555
58,110,8556
57,111,8557
57,106,8558
57,99,8559
56,103,8560
57,96,8561
58,91,8562
60,84,8563
61,82,8564
63,77,8565
66,73,8566
69,69,8567
72,65,8568
74,63,8569
78,60,8570
81,58,8571
85,56,8572
90,54,8573
97,52,8574
101,52,8575
109,52,8576
105,51,8577
115,53,8578
122,55,8579
124,56,8580
128,58,8581
134,62,8582
138,65,8583
140,67,8584
143,70,8585
148,77,8586
152,83,8587
155,90,8588
156,92,8589
159,101,8590
160,112,8591
161,115,8592
161,120,8593
161,129,8594
160,135,8595
159,142,8596
155,153,8597
156,152,8598
151,163,8599
148,168,8600
146,171,8601
140,179,8602
135,184,8603
131,187,8604
121,194,8605
117,196,8606
115,197,8607
100,201,8608
98,202,8609
92,202,8610
81,202,8611
79,202,8612
74,201,8613
60,196,8614
59,196,8615
52,192,8616
45,187,8617
41,184,8618
33,176,8619
28,170,8620
25,166,8621
20,157,8622
15,147,8623
12,138,8624
11,135,8625
8,115,8626
7,112,8627
7,102,8628
7,95,8629
8,86,8630
10,75,8631
13,65,8632
15,59,8633
20,48,8634
24,41,8635
29,33,8636
97,113,8637
98,117,8638
99,117,8639
97,120,8640
96,121,8641
97,122,8642
95,123,8643
95,124,8644
94,124,8645
92,125,8646
90,124,8647
90,125,8648
86,123,8649
85,123,8650
84,122,8651
85,125,8652
80,117,8653
81,121,8654
78,115,8655
78,118,8656
77,113,8657
76,112,8658
76,106,8659
75,107,8660
74,108,8661
75,102,8662
75,100,8663
77,94,8664
77,93,8665
79,89,8666
78,90,8667
81,86,8668
81,85,8669
83,82,8670
90,78,8671
88,78,8672
92,76,8673
98,75,8674
98,74,8675
102,74,8676
104,73,8677
111,75,8678
109,73,8679
112,74,8680
118,77,8681
118,76,8682
127,85,8683
127,83,8684
127,82,8685
133,92,8686
134,91,8687
136,95,8688
138,99,8689
140,107,8690
141,110,8691
141,106,8692
142,116,8693
142,123,8694
141,132,8695
141,133,8696
141,136,8697
140,140,8698
136,149,8699
134,152,8700
132,156,8701
131,158,8702
123,166,8703
123,167,8704
119,170,8705
110,175,8706
110,176,8707
111,176,8708
95,179,8709
92,180,8710
91,181,8711
88,181,8712
72,177,8713
71,177,8714
69,177,8715
61,172,8716
57,170,8717
48,161,8718
44,156,8719
48,163,8720
39,150,8721
35,142,8722
35,145,8723
30,130,8724
29,126,8725
28,124,8726
27,122,8727
26,105,8728
26,99,8729
26,96,8730
30,77,8731
29,79,8732
30,74,8733
35,63,8734
40,54,8735
42,50,8736
43,48,8737
55,36,8738
57,33,8739
63,29,8740
76,22,8741
74,22,8742
79,20,8743
92,17,8744
96,16,8745
103,15,8746
111,16,8747
122,18,8748
127,19,8749
132,21,8750
145,28,8751
145,27,8752
162,43,8753
163,43,8754
171,53,8755
175,59,8756
178,64,8757
178,62,8758
187,88,8759
188,91,8760
190,100,8761
191,101,8762
192,115,8763
94,112,8764
93,112,8765
92,111,8766
92,108,8767
93,105,8768
91,105,8769
92,103,8770
91,103,8771
92,101,8772
92,100,8773
94,99,8774
96,97,8775
98,97,8776
99,96,8777
100,95,8778
99,94,8779
106,96,8780
104,94,8781
108,96,8782
108,95,8783
112,98,8784
113,98,8785
114,98,8786
115,98,8787
118,103,8788
119,106,8789
119,103,8790
121,109,8791
122,110,8792
123,115,8793
123,120,8794
124,117,8795
124,122,8796
124,123,8797
120,135,8798
124,129,8799
121,135,8800
116,142,8801
119,140,8802
116,144,8803
115,146,8804
110,150,8805
112,150,8806
104,154,8807
103,155,8808
99,157,8809
90,157,8810
90,158,8811
91,159,8812
83,157,8813
82,158,8814
76,156,8815
72,154,8816
68,151,8817
64,148,8818
67,152,8819
61,146,8820
59,144,8821
53,134,8822
54,138,8823
50,128,8824
49,127,8825
48,126,8826
46,112,8827
45,109,8828
45,101,8829
46,95,8830
45,94,8831
48,83,8832
52,75,8833
49,78,8834
49,76,8835
62,59,8836
62,58,8837
62,57,8838
66,53,8839
79,45,8840
71,48,8841
79,44,8842
90,40,8843
93,39,8844
101,38,8845
110,39,8846
105,37,8847
116,39,8848
125,42,8849
119,39,8850
133,46,8851
143,54,8852
141,50,8853
145,53,8854
155,66,8855
155,65,8856
161,74,8857
163,78,8858
168,91,8859
170,97,8860
171,99,8861
172,113,8862
173,117,8863
173,125,8864
171,140,8865
172,139,8866
169,151,8867
164,162,8868
167,158,8869
163,167,8870
154,181,8871
153,183,8872
147,190,8873
137,199,8874
130,204,8875
129,205,8876
119,210,8877
105,214,8878
104,215,8879
92,216,8880
87,216,8881
83,216,8882
74,215,8883
66,213,8884
61,212,8885
47,204,8886
41,200,8887
34,195,8888
34,196,8889
22,183,8890
99,111,8891
100,111,8892
101,110,8893
103,112,8894
103,114,8895
104,113,8896
105,115,8897
106,115,8898
106,118,8899
107,118,8900
106,121,8901
106,123,8902
106,124,8903
104,127,8904
104,128,8905
105,128,8906
101,131,8907
101,132,8908
98,134,8909
98,135,8910
93,135,8911
93,136,8912
92,137,8913
90,137,8914
87,137,8915
85,136,8916
85,137,8917
79,133,8918
79,135,8919
75,131,8920
75,132,8921
73,130,8922
70,125,8923
69,124,8924
67,120,8925
66,118,8926
65,114,8927
65,106,8928
64,107,8929
64,102,8930
63,103,8931
66,93,8932
63,97,8933
66,89,8934
68,84,8935
69,82,8936
73,77,8937
73,76,8938
75,73,8939
82,68,8940
82,67,8941
85,65,8942
89,63,8943
92,62,8944
98,61,8945
97,60,8946
107,60,8947
111,61,8948
118,63,8949
118,62,8950
121,63,8951
126,66,8952
129,68,8953
137,76,8954
138,77,8955
141,80,8956
142,81,8957
147,90,8958
149,95,8959
150,97,8960
152,105,8961
153,107,8962
153,124,8963
153,128,8964
154,127,8965
154,129,8966
148,149,8967
152,142,8968
149,150,8969
146,156,8970
142,163,8971
136,171,8972
136,172,8973
127,180,8974
123,183,8975
118,186,8976
119,186,8977
107,191,8978
104,192,8979
101,193,8980
93,194,8981
80,193,8982
77,193,8983
72,192,8984
65,189,8985
60,187,8986
53,183,8987
51,182,8988
38,169,8989
36,167,8990
34,166,8991
27,154,8992
25,150,8993
21,141,8994
19,136,8995
17,128,8996
16,124,8997
14,110,8998
14,101,8999
14,97,9000
16,84,9001
18,75,9002
17,76,9003
21,64,9004
32,44,9005
29,47,9006
38,35,9007
43,29,9008
48,24,9009
56,18,9010
65,12,9011
60,14,9012
77,7,9013
82,5,9014
92,3,9015
98,2,9016
112,2,9017
96,115,9018
95,117,9019
94,118,9020
92,118,9021
90,116,9022
90,118,9023
89,118,9024
88,117,9025
86,115,9026
86,116,9027
84,113,9028
84,111,9029
83,111,9030
82,109,9031
82,106,9032
81,107,9033
82,103,9034
82,101,9035
82,100,9036
83,97,9037
83,96,9038
85,93,9039
88,90,9040
87,89,9041
87,88,9042
92,86,9043
92,85,9044
96,83,9045
99,83,9046
100,82,9047
103,82,9048
104,81,9049
108,82,9050
109,82,9051
112,83,9052
115,84,9053
119,87,9054
122,89,9055
125,93,9056
125,92,9057
128,96,9058
129,98,9059
131,101,9060
133,108,9061
134,110,9062
134,109,9063
135,120,9064
135,122,9065
135,124,9066
134,132,9067
133,136,9068
133,137,9069
132,140,9070
128,148,9071
126,151,9072
125,153,9073
122,157,9074
116,162,9075
115,163,9076
111,166,9077
106,168,9078
105,169,9079
98,171,9080
87,171,9081
89,172,9082
86,172,9083
80,171,9084
75,170,9085
68,167,9086
66,166,9087
60,162,9088
56,159,9089
50,152,9090
48,150,9091
46,147,9092
42,141,9093
40,136,9094
37,129,9095
36,125,9096
34,115,9097
34,108,9098
33,104,9099
34,93,9100
34,92,9101
35,85,9102
38,75,9103
38,74,9104
44,62,9105
45,59,9106
51,51,9107
54,48,9108
57,44,9109
63,39,9110
70,34,9111
75,31,9112
86,27,9113
85,27,9114
94,25,9115
103,24,9116
113,25,9117
116,25,9118
123,27,9119
127,28,9120
136,32,9121
141,35,9122
146,38,9123
154,45,9124
160,51,9125
166,59,9126
168,62,9127
171,67,9128
175,75,9129
179,85,9130
181,92,9131
183,103,9132
184,107,9133
184,130,9134
185,123,9135
183,142,9136
182,147,9137
180,155,9138
176,167,9139
170,179,9140
171,178,9141
161,193,9142
157,198,9143
148,207,9144
95,110,9145
95,109,9146
94,108,9147
97,105,9148
98,104,9149
98,103,9150
99,103,9151
100,102,9152
102,102,9153
102,101,9154
106,103,9155
105,101,9156
109,105,9157
109,104,9158
111,106,9159
110,102,9160
113,110,9161
114,110,9162
115,112,9163
115,116,9164
116,115,9165
117,117,9166
116,122,9167
117,121,9168
118,121,9169
116,128,9170
115,130,9171
115,132,9172
113,136,9173
109,140,9174
110,140,9175
107,143,9176
106,144,9177
105,145,9178
100,147,9179
101,148,9180
95,149,9181
88,149,9182
88,150,9183
87,150,9184
82,149,9185
77,147,9186
81,150,9187
74,146,9188
70,143,9189
69,143,9190
61,131,9191
64,138,9192
63,138,9193
56,121,9194
57,127,9195
56,125,9196
54,118,9197
53,112,9198
52,108,9199
52,105,9200
52,101,9201
53,94,9202
54,89,9203
57,80,9204
55,83,9205
58,77,9206
62,70,9207
67,64,9208
68,62,9209
70,60,9210
81,53,9211
79,53,9212
84,51,9213
93,48,9214
90,48,9215
94,47,9216
108,47,9217
111,47,9218
114,47,9219
115,47,9220
129,53,9221
128,52,9222
136,57,9223
139,60,9224
141,61,9225
151,74,9226
153,77,9227
153,74,9228
158,86,9229
162,98,9230
161,91,9231
164,105,9232
165,114,9233
166,114,9234
165,129,9235
165,134,9236
163,144,9237
163,145,9238
159,156,9239
155,165,9240
154,168,9241
148,176,9242
142,183,9243
141,185,9244
140,187,9245
123,198,9246
121,200,9247
116,202,9248
107,205,9249
105,206,9250
101,207,9251
90,208,9252
83,208,9253
72,206,9254
61,202,9255
56,200,9256
54,199,9257
46,194,9258
38,188,9259
35,186,9260
23,170,9261
21,168,9262
15,158,9263
11,149,9264
8,140,9265
9,147,9266
4,120,9267
3,113,9268
2,108,9269
2,104,9270
2,96,9271
98,113,9272
100,114,9273
101,116,9274
100,119,9275
99,120,9276
101,120,9277
100,122,9278
100,123,9279
99,124,9280
98,126,9281
96,127,9282
95,127,9283
93,128,9284
92,129,9285
89,128,9286
92,130,9287
85,127,9288
86,129,9289
82,126,9290
82,127,9291
79,124,9292
78,123,9293
78,124,9294
76,122,9295
75,120,9296
73,115,9297
72,114,9298
72,108,9299
71,111,9300
71,105,9301
71,102,9302
70,103,9303
71,97,9304
71,95,9305
75,88,9306
72,91,9307
75,86,9308
83,78,9309
79,80,9310
84,76,9311
81,77,9312
91,72,9313
88,72,9314
94,70,9315
98,69,9316
99,68,9317
109,70,9318
110,69,9319
108,68,9320
118,72,9321
116,70,9322
120,72,9323
125,75,9324
130,80,9325
133,83,9326
132,80,9327
137,87,9328
140,94,9329
143,101,9330
142,96,9331
145,108,9332
146,110,9333
146,123,9334
147,121,9335
146,130,9336
146,132,9337
142,145,9338
145,139,9339
141,149,9340
134,160,9341
140,153,9342
137,159,9343
124,171,9344
121,174,9345
122,174,9346
120,176,9347
109,181,9348
112,181,9349
102,184,9350
95,185,9351
92,186,9352
84,185,9353
75,183,9354
77,185,9355
66,181,9356
60,177,9357
59,178,9358
50,170,9359
45,165,9360
47,169,9361
40,161,9362
31,144,9363
29,141,9364
28,139,9365
26,133,9366
23,119,9367
22,116,9368
22,101,9369
22,95,9370
22,92,9371
23,84,9372
28,69,9373
27,69,9374
32,58,9375
36,52,9376
36,50,9377
41,43,9378
54,30,9379
54,29,9380
61,24,9381
64,22,9382
77,16,9383
80,14,9384
88,12,9385
100,11,9386
99,10,9387
117,12,9388
120,12,9389
127,14,9390
138,18,9391
142,20,9392
138,17,9393
160,33,9394
169,43,9395
167,40,9396
172,45,9397
179,56,9398
96,113,9399
92,113,9400
92,114,9401
90,112,9402
90,109,9403
89,109,9404
88,109,9405
88,108,9406
88,106,9407
87,105,9408
88,103,9409
90,99,9410
89,99,9411
92,96,9412
93,95,9413
91,95,9414
95,93,9415
95,92,9416
98,91,9417
98,90,9418
103,91,9419
106,91,9420
104,89,9421
106,89,9422
109,90,9423
114,94,9424
111,90,9425
117,96,9426
117,94,9427
120,98,9428
121,99,9429
123,102,9430
125,107,9431
125,105,9432
126,116,9433
127,111,9434
128,116,9435
127,124,9436
127,128,9437
128,126,9438
128,128,9439
124,138,9440
128,132,9441
122,143,9442
122,144,9443
119,148,9444
112,154,9445
116,152,9446
113,155,9447
102,160,9448
105,160,9449
102,161,9450
97,163,9451
90,163,9452
86,163,9453
90,165,9454
81,163,9455
76,161,9456
67,156,9457
70,159,9458
64,155,9459
61,153,9460
59,151,9461
53,143,9462
50,138,9463
49,138,9464
46,132,9465
44,126,9466
43,122,9467
42,119,9468
41,112,9469
40,109,9470
42,92,9471
43,87,9472
42,87,9473
42,85,9474
50,68,9475
46,73,9476
50,66,9477
56,57,9478
60,53,9479
64,49,9480
68,45,9481
74,41,9482
83,37,9483
90,35,9484
83,36,9485
98,33,9486
104,33,9487
103,32,9488
114,33,9489
126,37,9490
125,36,9491
130,38,9492
140,44,9493
145,48,9494
151,53,9495
155,57,9496
163,70,9497
163,69,9498
163,67,9499
171,86,9500
172,88,9501
174,94,9502
176,105,9503
177,112,9504
178,119,9505
176,138,9506
177,135,9507
175,147,9508
171,158,9509
167,168,9510
168,167,9511
164,175,9512
149,194,9513
153,191,9514
142,201,9515
136,206,9516
134,208,9517
124,213,9518
112,218,9519
117,217,9520
97,221,9521
86,221,9522
82,221,9523
83,222,9524
67,219,9525
97,111,9526
98,109,9527
99,108,9528
101,108,9529
102,108,9530
103,108,9531
105,110,9532
106,110,9533
107,111,9534
108,112,9535
108,116,9536
109,115,9537
110,116,9538
110,119,9539
109,123,9540
110,123,9541
109,126,9542
109,127,9543
108,129,9544
107,131,9545
107,132,9546
106,134,9547
103,136,9548
102,137,9549
101,138,9550
97,140,9551
96,141,9552
91,141,9553
92,142,9554
89,142,9555
87,142,9556
84,142,9557
81,140,9558
78,139,9559
75,137,9560
73,136,9561
70,133,9562
67,128,9563
66,128,9564
64,123,9565
64,125,9566
62,119,9567
61,117,9568
60,112,9569
60,105,9570
59,104,9571
60,98,9572
60,96,9573
61,90,9574
63,85,9575
62,86,9576
65,80,9577
68,75,9578
70,72,9579
73,69,9580
74,67,9581
81,62,9582
82,61,9583
88,58,9584
90,57,9585
95,56,9586
99,55,9587
107,55,9588
113,56,9589
117,57,9590
119,57,9591
123,59,9592
126,60,9593
133,65,9594
134,65,9595
141,73,9596
142,74,9597
148,83,9598
148,82,9599
153,93,9600
154,94,9601
155,98,9602
157,106,9603
158,112,9604
158,123,9605
158,128,9606
157,135,9607
156,142,9608
155,145,9609
152,154,9610
150,159,9611
149,161,9612
143,170,9613
139,175,9614
134,181,9615
129,185,9616
121,190,9617
118,192,9618
112,195,9619
109,196,9620
100,198,9621
95,199,9622
83,199,9623
78,198,9624
69,196,9625
68,196,9626
58,192,9627
52,188,9628
47,185,9629
41,180,9630
37,176,9631
31,169,9632
25,160,9633
23,157,9634
20,151,9635
16,141,9636
13,132,9637
11,121,9638
10,114,9639
11,91,9640
9,105,9641
13,77,9642
13,75,9643
14,71,9644
20,55,9645
21,53,9646
23,48,9647
31,36,9648
32,34,9649
44,21,9650
50,16,9651
58,10,9652
97,116,9653
97,117,9654
97,119,9655
95,119,9656
94,120,9657
94,121,9658
92,122,9659
91,122,9660
90,122,9661
88,121,9662
88,122,9663
86,121,9664
83,117,9665
82,116,9666
82,118,9667
82,120,9668
80,112,9669
79,113,9670
78,110,9671
78,106,9672
77,107,9673
77,104,9674
79,98,9675
78,99,9676
77,99,9677
80,93,9678
80,92,9679
83,88,9680
82,88,9681
88,83,9682
87,83,9683
88,82,9684
94,79,9685
95,78,9686
99,78,9687
99,77,9688
102,76,9689
110,78,9690
111,78,9691
112,78,9692
114,78,9693
120,82,9694
119,80,9695
124,84,9696
128,89,9697
129,89,9698
134,101,9699
133,95,9700
134,96,9701
137,108,9702
138,109,9703
139,112,9704
139,118,9705
140,120,9706
139,128,9707
140,125,9708
138,136,9709
135,143,9710
134,146,9711
133,149,9712
131,152,9713
130,155,9714
122,163,9715
121,164,9716
118,167,9717
114,170,9718
104,174,9719
103,175,9720
99,176,9721
93,177,9722
90,177,9723
84,177,9724
77,175,9725
72,174,9726
73,175,9727
66,172,9728
58,166,9729
56,165,9730
52,162,9731
47,156,9732
44,153,9733
37,139,9734
35,135,9735
37,143,9736
32,126,9737
30,115,9738
29,116,9739
29,102,9740
29,96,9741
29,93,9742
31,84,9743
33,76,9744
33,75,9745
35,69,9746
40,59,9747
47,49,9748
46,49,9749
58,37,9750
62,34,9751
65,31,9752
67,29,9753
80,24,9754
84,22,9755
92,20,9756
101,19,9757
108,19,9758
116,20,9759
118,20,9760
123,21,9761
134,25,9762
144,31,9763
150,35,9764
154,38,9765
159,43,9766
165,50,9767
166,50,9768
177,70,9769
179,73,9770
182,80,9771
186,95,9772
188,105,9773
188,97,9774
189,125,9775
189,130,9776
187,144,9777
188,141,9778
186,152,9779
94,111,9780
93,110,9781
93,109,9782
94,106,9783
95,104,9784
93,104,9785
94,103,9786
95,101,9787
96,100,9788
96,99,9789
100,99,9790
100,98,9791
102,98,9792
104,98,9793
105,98,9794
104,96,9795
110,101,9796
109,98,9797
112,101,9798
113,101,9799
115,105,9800
116,106,9801
117,105,9802
118,106,9803
119,110,9804
120,114,9805
121,114,9806
121,120,9807
122,118,9808
120,126,9809
120,129,9810
120,130,9811
120,131,9812
119,134,9813
113,142,9814
118,138,9815
112,144,9816
105,149,9817
107,149,9818
106,150,9819
104,152,9820
96,153,9821
99,154,9822
93,155,9823
90,155,9824
85,155,9825
76,151,9826
78,153,9827
78,154,9828
68,147,9829
70,150,9830
66,147,9831
63,144,9832
59,138,9833
56,134,9834
56,136,9835
52,127,9836
50,119,9837
49,115,9838
49,118,9839
48,111,9840
47,108,9841
49,94,9842
48,96,9843
49,89,9844
50,85,9845
55,74,9846
53,76,9847
59,66,9848
65,60,9849
61,62,9850
62,60,9851
75,51,9852
79,48,9853
85,45,9854
86,44,9855
97,42,9856
91,42,9857
101,41,9858
106,41,9859
115,42,9860
123,45,9861
131,49,9862
124,44,9863
133,49,9864
144,58,9865
141,54,9866
151,65,9867
157,75,9868
154,67,9869
157,72,9870
165,92,9871
166,94,9872
167,96,9873
169,107,9874
170,117,9875
170,128,9876
169,134,9877
169,137,9878
166,150,9879
166,151,9880
157,170,9881
160,167,9882
155,175,9883
144,188,9884
148,185,9885
140,193,9886
130,200,9887
131,200,9888
118,207,9889
109,210,9890
100,212,9891
102,212,9892
92,213,9893
79,212,9894
78,213,9895
58,206,9896
59,207,9897
51,203,9898
44,199,9899
39,195,9900
35,193,9901
22,177,9902
19,173,9903
13,164,9904
13,165,9905
6,149,9906
99,112,9907
100,112,9908
102,112,9909
102,115,9910
102,117,9911
104,116,9912
103,120,9913
104,119,9914
104,121,9915
104,122,9916
104,123,9917
103,125,9918
101,128,9919
100,129,9920
98,130,9921
100,131,9922
95,132,9923
95,133,9924
91,133,9925
92,134,9926
88,133,9927
86,133,9928
86,134,9929
83,133,9930
82,133,9931
77,128,9932
78,130,9933
75,127,9934
74,127,9935
71,121,9936
71,123,9937
69,117,9938
68,114,9939
67,113,9940
67,105,9941
66,108,9942
66,104,9943
70,91,9944
67,96,9945
69,90,9946
69,88,9947
73,82,9948
70,84,9949
75,78,9950
77,76,9951
81,72,9952
86,69,9953
84,69,9954
90,66,9955
96,65,9956
95,64,9957
99,63,9958
104,63,9959
110,64,9960
115,65,9961
112,63,9962
117,65,9963
127,71,9964
129,73,9965
130,72,9966
134,76,9967
135,77,9968
139,82,9969
144,92,9970
146,96,9971
147,97,9972
149,104,9973
150,108,9974
151,115,9975
150,128,9976
152,121,9977
152,124,9978
147,144,9979
145,150,9980
146,150,9981
145,153,9982
136,165,9983
140,162,9984
134,169,9985
128,175,9986
126,177,9987
115,184,9988
116,184,9989
109,187,9990
102,189,9991
95,190,9992
95,191,9993
89,191,9994
73,188,9995
76,190,9996
69,188,9997
57,181,9998
57,182,9999
50,177,10000
41,168,10001
38,165,10002
35,161,10003
32,158,10004
26,144,10005
24,141,10006
22,137,10007
20,128,10008
18,117,10009
17,111,10010
18,94,10011
17,94,10012
18,86,10013
22,72,10014
20,76,10015
22,69,10016
30,52,10017
38,40,10018
37,40,10019
42,34,10020
54,24,10021
50,26,10022
65,16,10023
68,14,10024
76,10,10025
84,8,10026
93,6,10027
94,5,10028
114,6,10029
120,7,10030
128,9,10031
131,9,10032
138,12,10033
95,115,10034
94,116,10035
93,117,10036
91,116,10037
90,114,10038
89,116,10039
88,114,10040
87,114,10041
86,112,10042
85,112,10043
85,107,10044
85,106,10045
84,107,10046
85,102,10047
86,99,10048
84,101,10049
86,97,10050
86,96,10051
88,94,10052
89,92,10053
89,91,10054
92,89,10055
94,88,10056
93,87,10057
96,86,10058
101,86,10059
99,84,10060
107,86,10061
106,85,10062
109,85,10063
113,87,10064
113,86,10065
118,90,10066
119,90,10067
121,92,10068
122,93,10069
125,97,10070
127,101,10071
128,102,10072
130,108,10073
131,109,10074
131,119,10075
132,112,10076
132,123,10077
132,126,10078
132,128,10079
129,137,10080
130,136,10081
128,142,10082
125,147,10083
125,148,10084
122,152,10085
120,154,10086
116,158,10087
114,160,10088
110,163,10089
108,164,10090
103,166,10091
96,168,10092
94,168,10093
90,169,10094
86,169,10095
80,168,10096
75,166,10097
68,163,10098
69,164,10099
61,159,10100
60,158,10101
53,151,10102
53,152,10103
49,146,10104
45,140,10105
42,132,10106
40,129,10107
38,120,10108
37,118,10109
37,102,10110
36,110,10111
36,98,10112
37,91,10113
39,82,10114
40,79,10115
40,77,10116
43,70,10117
49,59,10118
52,55,10119
54,52,10120
63,43,10121
65,41,10122
69,38,10123
76,34,10124
85,31,10125
87,30,10126
89,29,10127
106,28,10128
110,28,10129
108,27,10130
115,28,10131
130,33,10132
136,36,10133
137,36,10134
146,42,10135
152,47,10136
154,49,10137
160,56,10138
167,66,10139
171,74,10140
173,77,10141
175,82,10142
178,92,10143
181,108,10144
181,126,10145
182,116,10146
182,126,10147
178,149,10148
182,135,10149
174,163,10150
175,162,10151
172,169,10152
166,180,10153
157,193,10154
156,195,10155
144,206,10156
147,204,10157
135,213,10158
130,216,10159
122,220,10160
96,110,10161
96,109,10162
97,107,10163
98,106,10164
100,105,10165
101,105,10166
102,104,10167
103,104,10168
105,105,10169
106,105,10170
107,106,10171
108,105,10172
110,109,10173
111,111,10174
112,112,10175
112,108,10176
113,115,10177
114,115,10178
114,119,10179
114,121,10180
114,124,10181
114,125,10182
112,130,10183
113,129,10184
112,132,10185
111,134,10186
108,137,10187
107,139,10188
107,140,10189
101,143,10190
102,143,10191
99,145,10192
96,146,10193
93,146,10194
87,146,10195
87,147,10196
86,147,10197
79,144,10198
78,144,10199
75,143,10200
74,143,10201
68,137,10202
69,139,10203
67,137,10204
64,133,10205
61,129,10206
58,117,10207
58,122,10208
57,122,10209
56,110,10210
55,110,10211
55,104,10212
55,100,10213
55,97,10214
57,88,10215
56,90,10216
58,84,10217
63,75,10218
65,71,10219
67,68,10220
69,66,10221
71,63,10222
78,58,10223
83,55,10224
87,53,10225
88,52,10226
95,51,10227
97,50,10228
107,50,10229
108,50,10230
111,50,10231
117,51,10232
126,55,10233
127,55,10234
132,58,10235
136,61,10236
143,68,10237
143,67,10238
147,72,10239
151,78,10240
153,81,10241
158,95,10242
160,101,10243
160,96,10244
162,112,10245
163,119,10246
163,124,10247
162,133,10248
161,140,10249
160,146,10250
155,158,10251
154,161,10252
153,163,10253
150,169,10254
141,180,10255
136,185,10256
136,186,10257
129,191,10258
116,198,10259
120,197,10260
117,199,10261
99,203,10262
96,204,10263
89,205,10264
76,203,10265
78,204,10266
64,200,10267
59,198,10268
58,198,10269
47,191,10270
41,186,10271
37,183,10272
29,174,10273
22,164,10274
20,161,10275
18,158,10276
10,135,10277
8,129,10278
8,131,10279
6,115,10280
5,109,10281
5,101,10282
6,90,10283
7,81,10284
11,66,10285
11,65,10286
15,54,10287
98,114,10288
99,115,10289
100,117,10290
99,119,10291
97,121,10292
98,122,10293
97,123,10294
97,124,10295
96,125,10296
94,125,10297
91,125,10298
91,126,10299
89,126,10300
88,126,10301
86,125,10302
88,128,10303
82,122,10304
82,124,10305
80,121,10306
79,122,10307
77,116,10308
76,115,10309
75,113,10310
75,115,10311
74,112,10312
73,108,10313
74,101,10314
74,99,10315
73,101,10316
75,94,10317
76,92,10318
76,91,10319
76,89,10320
78,86,10321
83,81,10322
82,81,10323
84,79,10324
93,75,10325
93,74,10326
95,73,10327
92,73,10328
101,72,10329
100,71,10330
105,71,10331
112,73,10332
112,72,10333
121,78,10334
119,75,10335
120,75,10336
130,85,10337
129,82,10338
133,87,10339
135,90,10340
139,99,10341
139,98,10342
140,98,10343
141,101,10344
143,113,10345
143,124,10346
144,122,10347
144,126,10348
144,128,10349
142,136,10350
141,141,10351
140,144,10352
138,150,10353
133,157,10354
134,157,10355
128,164,10356
122,169,10357
123,170,10358
121,172,10359
104,179,10360
102,180,10361
104,180,10362
98,182,10363
82,181,10364
83,182,10365
80,182,10366
74,180,10367
72,180,10368
58,172,10369
54,169,10370
60,175,10371
49,166,10372
43,158,10373
42,159,10374
35,147,10375
33,142,10376
31,140,10377
30,138,10378
26,117,10379
25,115,10380
24,111,10381
25,94,10382
25,91,10383
25,89,10384
30,71,10385
29,73,10386
30,69,10387
35,58,10388
45,44,10389
40,49,10390
53,35,10391
59,30,10392
55,32,10393
63,26,10394
75,20,10395
79,18,10396
85,16,10397
96,14,10398
107,14,10399
111,14,10400
114,14,10401
129,18,10402
129,17,10403
149,29,10404
146,26,10405
156,34,10406
162,39,10407
165,42,10408
162,37,10409
179,63,10410
182,69,10411
185,75,10412
187,79,10413
191,95,10414
95,113,10415
92,112,10416
91,112,10417
91,109,10418
91,107,10419
90,107,10420
90,106,10421
89,105,10422
90,103,10423
90,102,10424
92,99,10425
93,98,10426
93,97,10427
97,96,10428
97,95,10429
96,94,10430
100,93,10431
100,92,10432
104,93,10433
104,92,10434
110,95,10435
109,94,10436
111,94,10437
112,94,10438
114,96,10439
117,100,10440
118,99,10441
121,105,10442
121,103,10443
123,110,10444
123,107,10445
124,112,10446
125,115,10447
125,120,10448
124,127,10449
126,124,10450
124,131,10451
120,138,10452
123,135,10453
120,141,10454
120,142,10455
115,147,10456
119,145,10457
113,150,10458
110,153,10459
107,155,10460
101,157,10461
101,158,10462
99,159,10463
91,160,10464
92,161,10465
84,160,10466
80,159,10467
77,158,10468
71,155,10469
76,159,10470
67,153,10471
64,151,10472
60,147,10473
58,146,10474
54,140,10475
52,137,10476
51,136,10477
46,121,10478
45,118,10479
44,115,10480
44,105,10481
43,108,10482
43,103,10483
46,87,10484
43,95,10485
44,87,10486
53,69,10487
54,66,10488
52,68,10489
54,64,10490
65,53,10491
59,57,10492
71,47,10493
72,46,10494
81,41,10495
88,39,10496
85,39,10497
93,37,10498
101,36,10499
106,36,10500
105,35,10501
122,39,10502
131,43,10503
125,39,10504
132,42,10505
145,52,10506
147,53,10507
149,55,10508
157,65,10509
163,75,10510
164,76,10511
164,75,10512
171,97,10513
173,105,10514
172,95,10515
174,125,10516
175,118,10517
174,134,10518
170,150,10519
174,138,10520
171,151,10521
166,163,10522
167,163,10523
158,179,10524
151,188,10525
148,191,10526
144,196,10527
137,202,10528
126,208,10529
128,208,10530
109,215,10531
108,216,10532
103,217,10533
86,218,10534
82,218,10535
85,219,10536
61,213,10537
54,210,10538
48,207,10539
48,208,10540
42,204,10541
98,111,10542
99,110,10543
100,109,10544
102,111,10545
103,111,10546
104,110,10547
105,113,10548
106,113,10549
107,114,10550
107,116,10551
107,120,10552
108,120,10553
108,121,10554
107,124,10555
106,127,10556
108,125,10557
104,130,10558
104,131,10559
102,133,10560
101,134,10561
101,135,10562
99,136,10563
96,137,10564
95,138,10565
94,139,10566
88,138,10567
88,139,10568
85,138,10569
83,138,10570
81,137,10571
78,136,10572
76,135,10573
72,130,10574
72,131,10575
68,125,10576
68,126,10577
66,122,10578
65,118,10579
64,117,10580
63,111,10581
62,112,10582
64,96,10583
61,107,10584
62,98,10585
64,92,10586
64,89,10587
68,82,10588
67,82,10589
68,80,10590
73,74,10591
74,72,10592
78,68,10593
80,66,10594
83,64,10595
88,62,10596
88,61,10597
94,59,10598
100,58,10599
108,59,10600
108,58,10601
110,58,10602
114,59,10603
118,60,10604
124,63,10605
131,68,10606
133,69,10607
137,72,10608
141,77,10609
145,83,10610
147,86,10611
150,93,10612
150,92,10613
154,108,10614
154,106,10615
155,112,10616
156,115,10617
154,133,10618
156,129,10619
155,134,10620
151,148,10621
150,151,10622
145,161,10623
145,162,10624
141,168,10625
136,174,10626
132,178,10627
129,181,10628
122,186,10629
121,187,10630
116,190,10631
108,193,10632
97,195,10633
94,196,10634
86,196,10635
80,195,10636
70,193,10637
66,192,10638
63,191,10639
47,180,10640
50,183,10641
44,179,10642
40,175,10643
30,162,10644
29,161,10645
27,158,10646
22,148,10647
17,135,10648
16,132,10649
14,124,10650
13,115,10651
12,107,10652
13,96,10653
12,98,10654
14,83,10655
20,64,10656
19,64,10657
27,48,10658
29,44,10659
30,42,10660
40,30,10661
43,26,10662
49,20,10663
58,14,10664
63,11,10665
73,6,10666
78,4,10667
89,1,10668
97,115,10669
96,116,10670
96,118,10671
93,119,10672
91,118,10673
91,120,10674
90,120,10675
89,119,10676
88,119,10677
86,118,10678
85,118,10679
84,116,10680
83,114,10681
82,112,10682
81,111,10683
81,110,10684
81,106,10685
80,107,10686
81,101,10687
81,99,10688
80,100,10689
84,93,10690
82,95,10691
83,92,10692
83,91,10693
88,87,10694
87,87,10695
91,84,10696
91,83,10697
95,82,10698
97,81,10699
98,80,10700
102,80,10701
106,80,10702
107,80,10703
107,79,10704
112,81,10705
116,83,10706
119,85,10707
122,87,10708
123,87,10709
126,91,10710
128,92,10711
131,98,10712
132,100,10713
132,98,10714
135,113,10715
136,113,10716
136,119,10717
137,120,10718
137,122,10719
136,130,10720
136,132,10721
134,139,10722
132,144,10723
132,145,10724
130,149,10725
125,155,10726
122,159,10727
121,161,10728
115,165,10729
113,167,10730
109,169,10731
100,172,10732
97,173,10733
94,173,10734
90,174,10735
85,174,10736
80,173,10737
73,171,10738
70,170,10739
66,168,10740
60,164,10741
56,161,10742
53,159,10743
52,158,10744
43,145,10745
43,146,10746
38,136,10747
36,131,10748
35,128,10749
33,115,10750
32,112,10751
32,106,10752
31,104,10753
32,95,10754
32,91,10755
36,77,10756
35,77,10757
40,66,10758
44,58,10759
48,52,10760
51,48,10761
53,45,10762
59,40,10763
70,32,10764
67,33,10765
80,27,10766
87,25,10767
93,23,10768
90,23,10769
104,22,10770
108,22,10771
116,23,10772
126,26,10773
128,26,10774
143,34,10775
144,34,10776
150,39,10777
158,46,10778
163,52,10779
166,56,10780
173,67,10781
177,75,10782
180,83,10783
182,88,10784
185,107,10785
185,102,10786
186,119,10787
187,122,10788
186,134,10789
184,147,10790
182,154,10791
182,156,10792
172,179,10793
174,176,10794
169,185,10795
96,112,10796
94,109,10797
94,107,10798
96,105,10799
97,104,10800
96,103,10801
98,102,10802
98,101,10803
99,101,10804
100,100,10805
103,101,10806
104,100,10807
106,101,10808
109,103,10809
109,102,10810
112,106,10811
109,100,10812
113,105,10813
114,108,10814
114,105,10815
116,112,10816
117,113,10817
117,118,10818
118,117,10819
119,117,10820
118,124,10821
118,125,10822
118,127,10823
117,131,10824
114,136,10825
114,137,10826
113,139,10827
113,140,10828
111,142,10829
105,146,10830
109,145,10831
101,149,10832
96,150,10833
96,151,10834
94,152,10835
89,152,10836
85,151,10837
88,153,10838
81,151,10839
76,149,10840
77,150,10841
67,142,10842
68,144,10843
68,145,10844
60,133,10845
60,136,10846
58,133,10847
55,126,10848
54,123,10849
52,116,10850
52,121,10851
51,108,10852
50,107,10853
51,99,10854
52,91,10855
51,92,10856
52,88,10857
55,80,10858
58,74,10859
59,71,10860
61,68,10861
68,60,10862
68,59,10863
75,54,10864
81,51,10865
80,50,10866
81,49,10867
96,46,10868
98,45,10869
101,44,10870
103,44,10871
115,46,10872
118,46,10873
122,47,10874
128,50,10875
142,61,10876
134,53,10877
148,67,10878
147,64,10879
151,70,10880
158,82,10881
156,76,10882
162,90,10883
164,99,10884
164,95,10885
166,102,10886
167,116,10887
167,128,10888
167,132,10889
165,141,10890
165,143,10891
163,152,10892
157,165,10893
153,172,10894
152,174,10895
151,176,10896
136,191,10897
140,189,10898
132,195,10899
122,201,10900
122,202,10901
113,206,10902
103,208,10903
100,209,10904
93,210,10905
80,209,10906
73,208,10907
69,207,10908
60,204,10909
52,200,10910
49,199,10911
34,186,10912
32,185,10913
26,178,10914
23,174,10915
18,167,10916
19,170,10917
6,138,10918
5,135,10919
4,133,10920
2,125,10921
1,114,10922
99,113,10923
100,113,10924
101,114,10925
101,117,10926
101,119,10927
103,118,10928
102,120,10929
102,122,10930
101,123,10931
101,125,10932
100,126,10933
99,127,10934
97,128,10935
95,129,10936
93,130,10937
95,131,10938
89,130,10939
90,131,10940
86,130,10941
86,131,10942
82,128,10943
81,128,10944
79,127,10945
79,128,10946
76,124,10947
74,120,10948
74,123,10949
72,117,10950
71,115,10951
70,111,10952
70,106,10953
69,109,10954
69,105,10955
69,101,10956
72,92,10957
69,97,10958
71,91,10959
76,84,10960
73,86,10961
77,81,10962
77,79,10963
83,75,10964
82,74,10965
86,72,10966
92,69,10967
93,68,10968
102,68,10969
101,67,10970
101,66,10971
112,68,10972
108,66,10973
115,68,10974
116,68,10975
124,73,10976
127,75,10977
125,72,10978
131,77,10979
135,82,10980
138,87,10981
140,88,10982
144,99,10983
144,97,10984
146,102,10985
147,111,10986
148,114,10987
148,125,10988
147,132,10989
149,125,10990
147,135,10991
142,148,10992
146,142,10993
145,147,10994
133,164,10995
132,166,10996
133,166,10997
130,170,10998
120,177,10999
124,176,11000
115,181,11001
110,183,11002
105,185,11003
95,187,11004
82,186,11005
87,188,11006
80,187,11007
73,185,11008
76,187,11009
61,180,11010
51,173,11011
56,178,11012
54,177,11013
40,162,11014
39,162,11015
33,153,11016
29,145,11017
27,140,11018
24,132,11019
24,135,11020
21,114,11021
20,112,11022
20,98,11023
21,90,11024
20,93,11025
23,77,11026
29,62,11027
26,66,11028
29,60,11029
37,46,11030
35,48,11031
43,38,11032
48,32,11033
58,24,11034
63,20,11035
67,18,11036
83,12,11037
80,12,11038
98,9,11039
109,9,11040
113,9,11041
115,9,11042
125,11,11043
124,10,11044
145,20,11045
151,24,11046
157,28,11047
156,26,11048
167,37,11049
94,114,11050
93,115,11051
92,116,11052
90,113,11053
90,111,11054
89,111,11055
88,111,11056
87,110,11057
87,108,11058
86,107,11059
87,104,11060
87,102,11061
86,102,11062
89,98,11063
89,97,11064
88,97,11065
93,93,11066
91,93,11067
94,91,11068
95,90,11069
97,89,11070
100,89,11071
100,88,11072
100,87,11073
103,87,11074
108,89,11075
106,87,11076
113,91,11077
114,90,11078
116,92,11079
118,93,11080
119,94,11081
122,98,11082
123,99,11083
126,104,11084
126,103,11085
128,110,11086
128,118,11087
129,118,11088
130,118,11089
130,121,11090
128,130,11091
131,123,11092
126,138,11093
128,135,11094
125,142,11095
120,148,11096
121,148,11097
120,150,11098
113,156,11099
111,158,11100
109,160,11101
105,162,11102
102,163,11103
97,164,11104
98,165,11105
92,166,11106
86,165,11107
77,163,11108
77,164,11109
72,162,11110
68,160,11111
66,159,11112
59,153,11113
54,147,11114
54,148,11115
52,146,11116
48,139,11117
46,136,11118
44,131,11119
42,125,11120
40,119,11121
39,109,11122
40,96,11123
38,104,11124
38,103,11125
43,81,11126
40,86,11127
42,80,11128
47,68,11129
51,62,11130
54,57,11131
55,55,11132
63,47,11133
68,43,11134
75,39,11135
71,40,11136
83,35,11137
87,33,11138
90,32,11139
97,31,11140
108,31,11141
111,31,11142
114,31,11143
129,36,11144
132,37,11145
139,41,11146
138,40,11147
153,53,11148
158,59,11149
157,56,11150
162,64,11151
167,72,11152
169,76,11153
174,88,11154
176,95,11155
178,106,11156
179,111,11157
179,118,11158
180,122,11159
178,137,11160
175,151,11161
177,146,11162
173,159,11163
162,180,11164
165,177,11165
157,188,11166
153,193,11167
148,199,11168
139,206,11169
132,211,11170
138,208,11171
117,218,11172
112,220,11173
105,222,11174
99,223,11175
91,224,11176
97,110,11177
98,108,11178
99,107,11179
101,107,11180
102,107,11181
103,107,11182
104,107,11183
105,108,11184
107,109,11185
108,110,11186
109,112,11187
109,111,11188
110,114,11189
111,116,11190
111,119,11191
112,118,11192
111,123,11193
111,124,11194
111,126,11195
111,127,11196
110,130,11197
109,132,11198
107,134,11199
107,135,11200
106,137,11201
104,138,11202
101,140,11203
100,141,11204
99,142,11205
93,143,11206
93,144,11207
90,144,11208
88,144,11209
83,143,11210
80,142,11211
79,142,11212
76,140,11213
72,137,11214
69,134,11215
67,132,11216
66,131,11217
63,126,11218
62,125,11219
61,121,11220
59,115,11221
59,117,11222
58,106,11223
58,101,11224
58,99,11225
58,97,11226
59,91,11227
60,87,11228
61,85,11229
64,78,11230
65,76,11231
67,73,11232
71,68,11233
74,65,11234
79,61,11235
80,60,11236
86,57,11237
88,56,11238
94,54,11239
99,53,11240
105,53,11241
108,53,11242
110,53,11243
115,54,11244
123,57,11245
126,58,11246
132,62,11247
136,65,11248
138,67,11249
143,72,11250
144,73,11251
150,82,11252
153,88,11253
154,90,11254
156,95,11255
158,103,11256
159,106,11257
160,119,11258
160,124,11259
160,128,11260
159,137,11261
158,141,11262
155,152,11263
152,158,11264
151,161,11265
144,172,11266
141,176,11267
135,182,11268
132,185,11269
127,189,11270
122,192,11271
114,196,11272
109,198,11273
106,199,11274
92,201,11275
87,201,11276
83,201,11277
76,200,11278
71,199,11279
65,197,11280
53,191,11281
48,188,11282
43,184,11283
37,179,11284
31,172,11285
30,171,11286
21,157,11287
19,153,11288
16,146,11289
12,134,11290
11,130,11291
9,120,11292
8,105,11293
8,100,11294
9,88,11295
10,81,11296
12,72,11297
14,65,11298
19,53,11299
23,45,11300
26,40,11301
34,29,11302
37,25,11303
98,115,11304
98,117,11305
99,117,11306
96,120,11307
95,121,11308
95,122,11309
94,122,11310
93,123,11311
92,124,11312
91,124,11313
89,123,11314
88,124,11315
85,121,11316
84,121,11317
83,121,11318
83,123,11319
80,115,11320
79,116,11321
78,113,11322
78,116,11323
77,110,11324
76,109,11325
77,102,11326
76,104,11327
75,103,11328
76,100,11329
77,96,11330
79,92,11331
80,89,11332
82,87,11333
82,86,11334
84,83,11335
85,82,11336
86,81,11337
92,78,11338
91,77,11339
96,76,11340
103,76,11341
103,75,11342
106,75,11343
109,75,11344
114,77,11345
110,74,11346
116,77,11347
122,81,11348
122,80,11349
131,92,11350
130,88,11351
130,87,11352
136,100,11353
135,95,11354
137,100,11355
139,104,11356
140,112,11357
141,115,11358
141,119,11359
142,121,11360
140,131,11361
140,133,11362
137,143,11363
138,142,11364
137,145,11365
133,152,11366
128,159,11367
126,162,11368
125,164,11369
116,170,11370
116,171,11371
112,173,11372
104,176,11373
105,177,11374
101,178,11375
84,178,11376
88,179,11377
83,179,11378
81,179,11379
70,175,11380
63,172,11381
62,172,11382
54,166,11383
52,165,11384
43,153,11385
39,147,11386
44,157,11387
36,142,11388
31,128,11389
33,138,11390
30,127,11391
28,114,11392
27,113,11393
27,103,11394
27,99,11395
29,84,11396
29,83,11397
34,68,11398
36,63,11399
35,64,11400
41,54,11401
49,44,11402
49,43,11403
51,40,11404
69,27,11405
68,27,11406
76,23,11407
85,20,11408
86,19,11409
91,18,11410
101,17,11411
105,16,11412
112,17,11413
125,20,11414
133,23,11415
136,24,11416
149,32,11417
153,35,11418
154,35,11419
171,56,11420
173,58,11421
176,63,11422
181,73,11423
182,75,11424
181,70,11425
189,102,11426
190,108,11427
191,115,11428
191,124,11429
191,131,11430
95,112,11431
93,111,11432
92,110,11433
92,107,11434
93,106,11435
91,106,11436
92,104,11437
93,102,11438
94,101,11439
94,100,11440
97,98,11441
97,97,11442
99,97,11443
101,96,11444
103,96,11445
101,95,11446
107,97,11447
105,95,11448
110,98,11449
110,97,11450
113,100,11451
115,102,11452
115,100,11453
116,100,11454
118,105,11455
120,110,11456
120,107,11457
121,116,11458
122,113,11459
122,120,11460
122,123,11461
123,123,11462
123,124,11463
123,126,11464
118,137,11465
122,133,11466
117,140,11467
112,145,11468
115,144,11469
111,148,11470
111,149,11471
103,153,11472
106,153,11473
99,155,11474
97,156,11475
95,157,11476
83,155,11477
88,157,11478
88,158,11479
77,154,11480
76,155,11481
74,154,11482
68,150,11483
64,146,11484
59,141,11485
62,147,11486
56,138,11487
54,135,11488
52,130,11489
51,130,11490
48,119,11491
47,116,11492
47,101,11493
46,106,11494
46,100,11495
46,98,11496
50,82,11497
47,88,11498
50,80,11499
57,68,11500
53,71,11501
52,72,11502
66,56,11503
69,53,11504
68,53,11505
71,50,11506
81,45,11507
78,45,11508
90,41,11509
96,40,11510
100,39,11511
110,40,11512
116,41,11513
112,39,11514
125,43,11515
134,48,11516
129,44,11517
140,52,11518
148,60,11519
144,54,11520
150,60,11521
159,74,11522
161,77,11523
162,78,11524
166,88,11525
169,99,11526
171,107,11527
171,126,11528
172,123,11529
171,134,11530
171,137,11531
168,148,11532
168,151,11533
165,159,11534
158,172,11535
161,169,11536
154,180,11537
145,190,11538
145,191,11539
138,197,11540
128,204,11541
124,206,11542
119,209,11543
106,213,11544
96,214,11545
97,215,11546
81,214,11547
77,214,11548
68,212,11549
61,210,11550
52,206,11551
49,205,11552
35,194,11553
29,188,11554
23,182,11555
23,183,11556
16,173,11557
97,112,11558
100,111,11559
101,111,11560
103,113,11561
103,115,11562
104,114,11563
105,116,11564
106,116,11565
105,119,11566
106,119,11567
105,122,11568
104,125,11569
104,126,11570
102,128,11571
102,129,11572
103,130,11573
98,132,11574
98,133,11575
96,134,11576
95,135,11577
91,135,11578
89,135,11579
90,136,11580
88,136,11581
86,136,11582
81,133,11583
82,135,11584
77,130,11585
78,133,11586
73,127,11587
72,127,11588
71,125,11589
69,121,11590
68,121,11591
67,117,11592
66,114,11593
65,110,11594
66,100,11595
65,101,11596
65,99,11597
64,101,11598
68,89,11599
65,93,11600
69,84,11601
72,80,11602
73,78,11603
78,73,11604
79,71,11605
81,69,11606
87,66,11607
86,66,11608
90,64,11609
92,63,11610
101,62,11611
103,61,11612
102,60,11613
109,61,11614
118,64,11615
122,66,11616
122,65,11617
124,66,11618
130,70,11619
136,76,11620
137,77,11621
143,86,11622
143,85,11623
146,90,11624
149,98,11625
150,102,11626
151,105,11627
152,111,11628
153,114,11629
152,128,11630
151,135,11631
153,130,11632
152,136,11633
146,152,11634
149,148,11635
144,158,11636
140,164,11637
136,170,11638
132,174,11639
127,179,11640
121,183,11641
116,186,11642
111,188,11643
108,190,11644
98,192,11645
87,192,11646
91,193,11647
85,193,11648
69,189,11649
70,190,11650
67,189,11651
54,182,11652
51,180,11653
44,174,11654
43,174,11655
32,159,11656
32,160,11657
31,160,11658
23,143,11659
20,134,11660
19,132,11661
17,123,11662
16,116,11663
15,109,11664
16,93,11665
15,97,11666
17,81,11667
22,66,11668
24,60,11669
25,57,11670
28,51,11671
40,35,11672
38,36,11673
47,27,11674
55,20,11675
60,16,11676
68,12,11677
72,10,11678
78,7,11679
88,5,11680
99,3,11681
104,3,11682
112,3,11683
123,5,11684
96,114,11685
95,116,11686
94,118,11687
92,117,11688
90,115,11689
89,117,11690
88,116,11691
87,116,11692
86,114,11693
85,114,11694
84,112,11695
84,110,11696
83,109,11697
83,106,11698
83,104,11699
82,104,11700
84,99,11701
83,100,11702
84,97,11703
85,95,11704
85,94,11705
87,91,11706
90,89,11707
89,88,11708
91,87,11709
96,85,11710
95,84,11711
101,84,11712
102,83,11713
103,83,11714
106,83,11715
105,82,11716
113,85,11717
114,85,11718
116,86,11719
118,87,11720
121,90,11721
125,95,11722
127,97,11723
128,99,11724
130,102,11725
131,105,11726
132,106,11727
133,112,11728
134,114,11729
134,120,11730
133,128,11731
133,129,11732
133,132,11733
132,136,11734
131,139,11735
129,144,11736
127,148,11737
124,152,11738
121,156,11739
118,159,11740
116,161,11741
111,164,11742
108,166,11743
104,168,11744
99,169,11745
98,170,11746
92,171,11747
85,170,11748
78,169,11749
76,169,11750
71,167,11751
68,166,11752
61,161,11753
63,163,11754
55,156,11755
49,149,11756
47,146,11757
47,147,11758
42,137,11759
42,139,11760
37,124,11761
36,121,11762
35,115,11763
35,99,11764
34,103,11765
35,94,11766
36,86,11767
38,79,11768
38,78,11769
42,68,11770
43,65,11771
52,52,11772
52,51,11773
55,48,11774
61,42,11775
69,36,11776
73,34,11777
75,32,11778
83,29,11779
91,27,11780
96,26,11781
102,25,11782
117,27,11783
122,28,11784
123,28,11785
131,31,11786
137,34,11787
144,38,11788
150,43,11789
155,47,11790
159,52,11791
162,55,11792
170,67,11793
175,78,11794
177,83,11795
180,92,11796
181,97,11797
183,108,11798
183,121,11799
184,118,11800
182,139,11801
182,142,11802
179,155,11803
175,166,11804
171,175,11805
171,176,11806
163,188,11807
159,194,11808
148,205,11809
146,207,11810
144,209,11811
96,111,11812
95,109,11813
95,107,11814
97,106,11815
98,105,11816
99,104,11817
101,103,11818
101,102,11819
103,103,11820
104,103,11821
105,103,11822
107,103,11823
110,108,11824
110,107,11825
111,108,11826
111,104,11827
113,112,11828
114,112,11829
115,114,11830
115,118,11831
116,118,11832
116,120,11833
115,124,11834
115,127,11835
117,123,11836
114,131,11837
112,134,11838
112,135,11839
112,136,11840
105,142,11841
108,141,11842
104,144,11843
102,145,11844
101,146,11845
94,147,11846
98,148,11847
92,149,11848
87,148,11849
87,149,11850
83,148,11851
79,147,11852
74,144,11853
75,146,11854
70,142,11855
66,138,11856
66,139,11857
60,127,11858
62,134,11859
59,130,11860
56,117,11861
55,118,11862
55,119,11863
54,108,11864
53,107,11865
53,103,11866
53,98,11867
55,89,11868
56,86,11869
58,80,11870
59,78,11871
62,72,11872
61,73,11873
68,64,11874
73,60,11875
73,59,11876
75,57,11877
83,53,11878
86,51,11879
93,49,11880
99,48,11881
102,48,11882
105,47,11883
114,49,11884
116,49,11885
123,51,11886
126,52,11887
133,57,11888
134,57,11889
139,61,11890
145,67,11891
148,70,11892
156,85,11893
158,89,11894
155,80,11895
161,98,11896
163,107,11897
163,103,11898
164,119,11899
165,122,11900
165,125,11901
163,137,11902
161,147,11903
161,148,11904
158,157,11905
152,168,11906
149,173,11907
151,171,11908
140,184,11909
133,190,11910
130,193,11911
128,195,11912
114,201,11913
116,201,11914
102,205,11915
96,206,11916
94,207,11917
81,206,11918
79,206,11919
72,205,11920
63,202,11921
57,199,11922
44,191,11923
41,189,11924
32,180,11925
29,177,11926
30,179,11927
17,158,11928
16,157,11929
13,151,11930
8,136,11931
7,133,11932
7,137,11933
4,109,11934
4,94,11935
4,92,11936
5,82,11937
6,76,11938
99,114,11939
100,115,11940
100,116,11941
100,118,11942
98,121,11943
100,121,11944
99,122,11945
99,123,11946
98,125,11947
97,126,11948
94,126,11949
93,127,11950
92,128,11951
90,128,11952
88,127,11953
90,130,11954
84,125,11955
84,127,11956
81,124,11957
81,125,11958
78,121,11959
77,120,11960
76,120,11961
75,119,11962
74,116,11963
73,112,11964
72,112,11965
72,106,11966
71,108,11967
72,102,11968
72,100,11969
72,97,11970
73,93,11971
74,90,11972
79,84,11973
76,86,11974
79,82,11975
86,77,11976
84,77,11977
87,75,11978
85,75,11979
95,72,11980
93,71,11981
98,70,11982
103,70,11983
105,69,11984
115,73,11985
114,71,11986
115,71,11987
123,76,11988
120,73,11989
127,78,11990
129,80,11991
135,88,11992
135,87,11993
136,87,11994
139,92,11995
143,106,11996
144,109,11997
144,105,11998
145,113,11999
146,115,12000
145,126,12001
145,131,12002
145,132,12003
144,137,12004
139,150,12005
141,147,12006
138,153,12007
129,164,12008
136,158,12009
133,163,12010
115,176,12011
116,176,12012
114,178,12013
110,180,12014
98,183,12015
103,183,12016
95,184,12017
85,184,12018
81,184,12019
75,182,12020
67,179,12021
71,182,12022
61,177,12023
50,168,12024
54,173,12025
46,165,12026
36,151,12027
42,162,12028
37,155,12029
27,130,12030
27,132,12031
26,130,12032
24,120,12033
23,111,12034
22,108,12035
23,96,12036
24,87,12037
25,80,12038
27,73,12039
32,62,12040
31,62,12041
40,47,12042
46,40,12043
43,42,12044
50,34,12045
58,28,12046
61,25,12047
68,21,12048
79,16,12049
83,15,12050
87,13,12051
98,12,12052
108,12,12053
108,11,12054
131,17,12055
127,15,12056
141,21,12057
143,22,12058
152,28,12059
151,26,12060
169,45,12061
173,50,12062
176,54,12063
177,54,12064
184,68,12065
94,113,12066
92,113,12067
92,114,12068
91,111,12069
91,108,12070
89,108,12071
89,107,12072
88,107,12073
88,105,12074
89,102,12075
89,101,12076
90,100,12077
90,98,12078
94,96,12079
95,95,12080
93,94,12081
97,93,12082
97,92,12083
101,92,12084
101,91,12085
106,92,12086
107,92,12087
107,91,12088
109,91,12089
111,92,12090
115,96,12091
114,93,12092
118,98,12093
119,98,12094
121,101,12095
122,102,12096
124,107,12097
125,110,12098
126,111,12099
126,119,12100
127,114,12101
127,121,12102
125,129,12103
126,130,12104
125,134,12105
125,135,12106
122,140,12107
125,138,12108
118,147,12109
118,148,12110
115,151,12111
108,156,12112
111,155,12113
108,157,12114
98,160,12115
99,161,12116
96,162,12117
90,162,12118
82,161,12119
80,161,12120
83,163,12121
75,160,12122
70,157,12123
64,153,12124
65,155,12125
59,149,12126
56,146,12127
54,144,12128
49,134,12129
48,132,12130
46,129,12131
44,123,12132
43,118,12133
42,112,12134
43,96,12135
41,106,12136
41,99,12137
45,83,12138
46,80,12139
45,79,12140
46,76,12141
56,61,12142
52,64,12143
58,56,12144
63,51,12145
69,46,12146
76,42,12147
73,43,12148
80,39,12149
86,37,12150
96,35,12151
95,34,12152
103,34,12153
117,36,12154
113,34,12155
118,35,12156
132,41,12157
135,42,12158
141,46,12159
147,51,12160
151,55,12161
157,62,12162
160,65,12163
167,80,12164
168,81,12165
168,79,12166
174,101,12167
174,99,12168
176,111,12169
176,122,12170
177,123,12171
176,135,12172
172,151,12173
174,146,12174
171,157,12175
165,170,12176
159,180,12177
161,178,12178
154,188,12179
137,203,12180
147,196,12181
132,207,12182
124,212,12183
125,212,12184
110,217,12185
103,219,12186
101,220,12187
87,220,12188
77,219,12189
67,217,12190
67,218,12191
56,214,12192
98,110,12193
99,109,12194
100,108,12195
102,109,12196
103,109,12197
104,109,12198
105,111,12199
106,111,12200
107,112,12201
108,113,12202
108,118,12203
109,117,12204
109,118,12205
109,121,12206
108,124,12207
109,125,12208
107,128,12209
107,129,12210
106,131,12211
105,132,12212
105,133,12213
103,135,12214
100,137,12215
99,138,12216
98,139,12217
95,140,12218
93,140,12219
89,140,12220
89,141,12221
84,140,12222
83,140,12223
80,139,12224
76,136,12225
75,136,12226
73,134,12227
70,131,12228
70,132,12229
65,122,12230
66,126,12231
63,117,12232
63,120,12233
62,107,12234
61,113,12235
60,108,12236
61,99,12237
61,96,12238
62,93,12239
62,91,12240
64,85,12241
66,81,12242
67,78,12243
69,75,12244
72,71,12245
75,68,12246
80,64,12247
81,63,12248
86,60,12249
89,59,12250
96,57,12251
98,57,12252
100,56,12253
107,56,12254
109,56,12255
117,58,12256
121,60,12257
125,61,12258
128,63,12259
129,63,12260
137,70,12261
141,74,12262
145,80,12263
146,81,12264
150,89,12265
151,90,12266
154,100,12267
155,102,12268
156,119,12269
157,113,12270
158,119,12271
157,128,12272
156,136,12273
154,144,12274
153,149,12275
149,158,12276
148,160,12277
144,167,12278
141,171,12279
134,179,12280
132,181,12281
129,184,12282
121,189,12283
109,194,12284
108,195,12285
105,196,12286
95,198,12287
88,198,12288
83,198,12289
76,197,12290
65,193,12291
62,192,12292
61,192,12293
52,187,12294
42,179,12295
37,174,12296
35,172,12297
31,167,12298
24,156,12299
22,153,12300
18,144,12301
16,138,12302
13,126,12303
12,122,12304
11,111,12305
11,96,12306
13,83,12307
11,89,12308
15,73,12309
17,65,12310
21,55,12311
27,44,12312
31,38,12313
35,32,12314
41,26,12315
49,18,12316
56,13,12317
64,8,12318
70,5,12319
97,114,12320
97,117,12321
97,118,12322
95,119,12323
93,120,12324
93,121,12325
92,121,12326
90,121,12327
89,121,12328
87,120,12329
86,120,12330
85,120,12331
83,116,12332
82,115,12333
81,114,12334
81,117,12335
80,110,12336
79,111,12337
79,107,12338
79,103,12339
79,101,12340
78,103,12341
81,96,12342
80,95,12343
79,96,12344
83,90,12345
83,89,12346
86,86,12347
85,86,12348
91,82,12349
92,81,12350
93,80,12351
96,79,12352
97,78,12353
103,78,12354
103,77,12355
108,78,12356
112,80,12357
114,80,12358
118,82,12359
118,81,12360
123,86,12361
123,84,12362
127,89,12363
130,93,12364
131,94,12365
135,106,12366
135,103,12367
135,100,12368
137,113,12369
138,113,12370
138,120,12371
138,127,12372
138,129,12373
137,134,12374
137,136,12375
135,142,12376
130,150,12377
129,153,12378
128,155,12379
125,159,12380
125,160,12381
117,166,12382
114,168,12383
109,171,12384
110,171,12385
99,174,12386
98,175,12387
93,176,12388
83,175,12389
80,175,12390
78,175,12391
71,172,12392
64,169,12393
65,170,12394
60,167,12395
49,156,12396
49,157,12397
47,155,12398
43,149,12399
40,145,12400
34,128,12401
33,126,12402
34,133,12403
31,115,12404
30,108,12405
29,109,12406
31,91,12407
30,94,12408
31,87,12409
35,73,12410
37,68,12411
42,58,12412
42,57,12413
48,49,12414
55,41,12415
54,41,12416
66,32,12417
72,29,12418
74,27,12419
77,25,12420
92,22,12421
94,21,12422
101,20,12423
113,21,12424
110,20,12425
123,23,12426
131,25,12427
133,26,12428
144,32,12429
153,39,12430
155,41,12431
163,49,12432
166,53,12433
171,60,12434
174,64,12435
182,85,12436
183,87,12437
184,89,12438
187,108,12439
188,113,12440
188,127,12441
188,129,12442
187,140,12443
184,153,12444
183,158,12445
182,162,12446
95,111,12447
94,110,12448
93,109,12449
95,106,12450
95,105,12451
94,104,12452
96,102,12453
96,101,12454
97,100,12455
98,99,12456
102,100,12457
101,98,12458
104,99,12459
106,100,12460
106,99,12461
105,97,12462
111,103,12463
110,100,12464
113,103,12465
114,103,12466
116,108,12467
117,109,12468
118,111,12469
118,109,12470
119,112,12471
120,117,12472
120,120,12473
120,121,12474
120,125,12475
118,131,12476
118,132,12477
117,135,12478
118,134,12479
116,138,12480
110,144,12481
114,142,12482
109,146,12483
103,149,12484
103,150,12485
99,152,12486
102,152,12487
92,153,12488
95,154,12489
90,154,12490
83,153,12491
84,154,12492
71,147,12493
74,150,12494
74,151,12495
65,143,12496
65,144,12497
62,141,12498
59,137,12499
56,131,12500
55,130,12501
53,128,12502
51,120,12503
50,115,12504
49,110,12505
49,105,12506
48,105,12507
49,96,12508
51,88,12509
52,83,12510
52,82,12511
53,79,12512
62,65,12513
60,66,12514
63,63,12515
73,54,12516
66,58,12517
70,54,12518
83,48,12519
90,45,12520
88,45,12521
94,43,12522
105,43,12523
103,42,12524
108,42,12525
117,44,12526
122,45,12527
129,49,12528
137,54,12529
132,49,12530
142,57,12531
151,68,12532
147,61,12533
156,74,12534
160,83,12535
159,78,12536
162,84,12537
167,104,12538
168,108,12539
169,111,12540
169,121,12541
169,127,12542
169,131,12543
165,148,12544
165,150,12545
161,161,12546
159,166,12547
152,176,12548
152,178,12549
146,185,12550
138,192,12551
136,195,12552
135,196,12553
116,206,12554
120,205,12555
109,209,12556
99,211,12557
93,212,12558
89,212,12559
84,212,12560
66,208,12561
66,209,12562
48,199,12563
45,198,12564
41,195,12565
35,190,12566
31,187,12567
32,189,12568
17,168,12569
10,154,12570
10,156,12571
6,147,12572
3,136,12573
98,112,12574
100,112,12575
102,113,12576
102,116,12577
102,118,12578
104,117,12579
103,119,12580
104,120,12581
103,122,12582
103,123,12583
102,125,12584
101,127,12585
100,128,12586
98,129,12587
96,130,12588
99,131,12589
93,132,12590
93,133,12591
89,132,12592
90,133,12593
85,131,12594
83,131,12595
83,132,12596
81,131,12597
79,130,12598
75,124,12599
75,126,12600
73,122,12601
72,122,12602
70,116,12603
70,119,12604
69,114,12605
68,111,12606
68,106,12607
68,101,12608
67,101,12609
68,96,12610
72,88,12611
69,91,12612
73,84,12613
72,84,12614
77,78,12615
73,81,12616
79,75,12617
83,72,12618
85,70,12619
91,68,12620
88,68,12621
93,66,12622
100,65,12623
100,64,12624
104,64,12625
111,65,12626
114,66,12627
119,68,12628
118,66,12629
123,69,12630
128,73,12631
134,79,12632
133,76,12633
138,83,12634
141,87,12635
143,90,12636
147,103,12637
147,102,12638
148,104,12639
149,117,12640
150,114,12641
150,123,12642
148,135,12643
150,132,12644
150,134,12645
142,153,12646
142,154,12647
142,156,12648
140,160,12649
129,172,12650
136,166,12651
129,173,12652
120,180,12653
115,183,12654
107,186,12655
106,187,12656
102,188,12657
94,189,12658
85,189,12659
86,190,12660
76,188,12661
65,184,12662
70,187,12663
59,182,12664
49,174,12665
49,175,12666
45,171,12667
35,159,12668
33,156,12669
31,153,12670
29,151,12671
22,129,12672
22,132,12673
20,126,12674
19,108,12675
18,108,12676
18,100,12677
21,81,12678
19,85,12679
20,81,12680
25,66,12681
26,61,12682
31,52,12683
37,43,12684
44,34,12685
44,33,12686
53,25,12687
68,16,12688
66,16,12689
83,10,12690
84,9,12691
87,8,12692
98,7,12693
105,6,12694
104,5,12695
127,10,12696
130,11,12697
142,16,12698
138,13,12699
153,22,12700
95,114,12701
94,115,12702
93,116,12703
91,115,12704
89,113,12705
89,115,12706
88,113,12707
87,112,12708
86,111,12709
85,110,12710
86,106,12711
85,105,12712
84,105,12713
86,101,12714
87,98,12715
85,99,12716
88,96,12717
88,95,12718
90,93,12719
91,91,12720
90,91,12721
94,89,12722
97,88,12723
96,87,12724
99,86,12725
105,87,12726
102,85,12727
108,87,12728
110,87,12729
111,87,12730
115,89,12731
116,89,12732
120,93,12733
122,95,12734
123,96,12735
125,98,12736
127,103,12737
128,106,12738
129,108,12739
130,112,12740
131,113,12741
130,125,12742
132,116,12743
131,126,12744
131,128,12745
130,133,12746
126,142,12747
126,143,12748
126,144,12749
122,150,12750
120,152,12751
117,156,12752
116,157,12753
112,160,12754
106,163,12755
106,164,12756
100,166,12757
95,167,12758
89,167,12759
88,168,12760
83,167,12761
80,167,12762
74,165,12763
67,161,12764
64,159,12765
61,157,12766
59,156,12767
55,152,12768
51,147,12769
48,143,12770
44,135,12771
44,136,12772
40,122,12773
39,122,12774
38,114,12775
37,113,12776
39,91,12777
36,104,12778
38,89,12779
41,79,12780
42,76,12781
45,69,12782
47,64,12783
50,59,12784
55,53,12785
62,46,12786
62,45,12787
66,42,12788
73,37,12789
76,35,12790
84,32,12791
93,30,12792
97,29,12793
100,28,12794
115,30,12795
121,31,12796
119,30,12797
126,32,12798
137,38,12799
147,45,12800
147,44,12801
154,51,12802
160,58,12803
163,62,12804
168,70,12805
171,76,12806
173,81,12807
175,85,12808
178,95,12809
180,107,12810
181,116,12811
180,132,12812
181,130,12813
180,137,12814
174,159,12815
176,157,12816
168,174,12817
169,173,12818
164,182,12819
155,193,12820
152,197,12821
149,201,12822
137,210,12823
129,215,12824
126,217,12825
113,222,12826
110,223,12827
97,109,12828
97,108,12829
97,107,12830
99,106,12831
100,106,12832
102,105,12833
103,105,12834
104,106,12835
106,107,12836
106,106,12837
108,107,12838
109,108,12839
110,111,12840
111,113,12841
112,114,12842
112,109,12843
113,117,12844
113,118,12845
113,121,12846
113,123,12847
113,125,12848
111,130,12849
111,131,12850
111,132,12851
110,134,12852
108,136,12853
106,138,12854
103,141,12855
104,141,12856
98,143,12857
98,144,12858
96,145,12859
92,145,12860
90,146,12861
86,145,12862
86,146,12863
82,145,12864
75,141,12865
74,141,12866
72,139,12867
71,139,12868
67,134,12869
65,133,12870
64,131,12871
61,126,12872
60,125,12873
58,113,12874
57,114,12875
57,118,12876
56,105,12877
55,106,12878
56,100,12879
57,92,12880
58,88,12881
59,85,12882
60,82,12883
63,76,12884
65,73,12885
69,68,12886
71,65,12887
73,63,12888
80,58,12889
86,55,12890
92,53,12891
90,53,12892
93,52,12893
101,51,12894
103,50,12895
109,51,12896
114,52,12897
119,53,12898
124,55,12899
131,59,12900
134,61,12901
139,65,12902
142,68,12903
148,76,12904
148,75,12905
154,86,12906
156,90,12907
157,92,12908
160,108,12909
161,111,12910
161,106,12911
162,119,12912
161,133,12913
161,136,12914
159,143,12915
158,148,12916
155,156,12917
151,164,12918
146,172,12919
147,171,12920
143,177,12921
132,187,12922
131,188,12923
125,193,12924
114,198,12925
107,200,12926
110,200,12927
105,202,12928
91,203,12929
82,203,12930
75,202,12931
69,200,12932
64,199,12933
60,197,12934
52,193,12935
47,190,12936
39,183,12937
33,177,12938
28,171,12939
25,167,12940
17,153,12941
13,143,12942
13,144,12943
9,126,12944
7,117,12945
7,119,12946
6,101,12947
6,100,12948
7,88,12949
11,70,12950
10,72,12951
18,51,12952
19,48,12953
20,46,12954
97,113,12955
99,116,12956
99,118,12957
98,119,12958
96,121,12959
97,122,12960
96,123,12961
95,124,12962
94,124,12963
93,125,12964
89,124,12965
89,125,12966
87,124,12967
86,124,12968
85,124,12969
86,127,12970
81,119,12971
80,120,12972
79,118,12973
79,120,12974
77,114,12975
76,113,12976
75,111,12977
75,108,12978
74,109,12979
74,104,12980
75,99,12981
75,98,12982
76,94,12983
77,92,12984
78,89,12985
79,87,12986
79,86,12987
81,84,12988
87,79,12989
87,78,12990
89,77,12991
96,75,12992
96,74,12993
99,73,12994
102,73,12995
105,73,12996
105,72,12997
111,73,12998
115,75,12999
113,73,13000
125,82,13001
124,80,13002
124,79,13003
133,91,13004
131,86,13005
135,92,13006
137,95,13007
140,105,13008
140,104,13009
141,103,13010
142,109,13011
143,119,13012
142,128,13013
142,130,13014
143,129,13015
142,134,13016
139,143,13017
136,150,13018
136,151,13019
134,155,13020
127,163,13021
127,164,13022
120,170,13023
113,174,13024
117,173,13025
116,174,13026
99,179,13027
96,180,13028
95,181,13029
92,182,13030
77,179,13031
78,180,13032
76,180,13033
67,176,13034
62,174,13035
53,167,13036
48,162,13037
51,167,13038
43,157,13039
37,147,13040
41,156,13041
33,140,13042
29,128,13043
28,127,13044
28,129,13045
26,110,13046
25,107,13047
25,104,13048
27,87,13049
27,85,13050
28,79,13051
33,66,13052
38,56,13053
38,55,13054
41,50,13055
53,37,13056
49,39,13057
58,32,13058
65,27,13059
65,26,13060
75,21,13061
84,18,13062
90,16,13063
97,15,13064
107,15,13065
116,16,13066
118,16,13067
129,19,13068
140,24,13069
138,22,13070
157,37,13071
157,36,13072
162,41,13073
169,49,13074
173,54,13075
172,51,13076
184,77,13077
186,82,13078
189,91,13079
189,89,13080
192,109,13081
94,112,13082
93,112,13083
92,111,13084
92,108,13085
92,106,13086
91,105,13087
92,103,13088
90,104,13089
92,101,13090
92,100,13091
93,99,13092
94,98,13093
95,97,13094
98,96,13095
99,95,13096
97,94,13097
102,94,13098
102,93,13099
105,94,13100
105,93,13101
110,96,13102
111,96,13103
112,96,13104
113,96,13105
116,99,13106
119,104,13107
118,100,13108
121,107,13109
122,108,13110
123,113,13111
123,118,13112
124,115,13113
125,118,13114
124,125,13115
122,131,13116
125,127,13117
122,134,13118
118,140,13119
120,139,13120
118,143,13121
117,145,13122
112,149,13123
114,149,13124
107,153,13125
105,155,13126
103,156,13127
92,157,13128
93,158,13129
94,159,13130
85,158,13131
84,159,13132
80,158,13133
77,157,13134
73,155,13135
67,151,13136
70,155,13137
62,148,13138
60,146,13139
53,135,13140
54,139,13141
51,132,13142
50,131,13143
48,127,13144
46,115,13145
45,112,13146
44,109,13147
45,99,13148
44,99,13149
45,93,13150
51,76,13151
47,82,13152
46,83,13153
58,63,13154
59,61,13155
58,61,13156
61,57,13157
74,47,13158
67,50,13159
76,45,13160
84,41,13161
87,40,13162
96,38,13163
106,38,13164
100,37,13165
108,37,13166
118,39,13167
118,38,13168
131,44,13169
141,51,13170
135,45,13171
138,47,13172
151,60,13173
151,59,13174
158,68,13175
161,73,13176
166,84,13177
167,86,13178
170,93,13179
172,108,13180
173,112,13181
174,113,13182
173,129,13183
174,126,13184
171,145,13185
167,156,13186
170,151,13187
165,164,13188
157,178,13189
159,176,13190
153,184,13191
144,194,13192
137,200,13193
135,202,13194
127,207,13195
117,211,13196
111,214,13197
98,216,13198
96,217,13199
90,217,13200
84,217,13201
75,216,13202
72,216,13203
55,209,13204
46,204,13205
38,199,13206
42,203,13207
29,192,13208
99,111,13209
100,110,13210
101,109,13211
103,112,13212
104,113,13213
104,112,13214
105,114,13215
106,114,13216
106,117,13217
107,117,13218
106,121,13219
107,121,13220
107,123,13221
105,126,13222
105,127,13223
107,127,13224
100,132,13225
102,132,13226
99,134,13227
100,134,13228
97,136,13229
94,136,13230
94,137,13231
91,137,13232
91,138,13233
86,137,13234
87,138,13235
81,135,13236
81,136,13237
77,133,13238
77,134,13239
74,132,13240
72,129,13241
69,125,13242
68,123,13243
67,122,13244
65,116,13245
64,111,13246
64,109,13247
63,107,13248
63,105,13249
65,95,13250
62,101,13251
64,93,13252
66,88,13253
67,84,13254
71,79,13255
71,77,13256
72,75,13257
77,71,13258
77,70,13259
81,67,13260
85,64,13261
87,63,13262
95,61,13263
94,60,13264
100,59,13265
109,60,13266
114,61,13267
113,60,13268
115,60,13269
122,63,13270
124,64,13271
131,69,13272
135,73,13273
136,73,13274
139,76,13275
145,85,13276
148,91,13277
149,93,13278
151,99,13279
153,105,13280
154,114,13281
154,123,13282
155,119,13283
155,123,13284
152,139,13285
154,136,13286
152,143,13287
147,155,13288
144,161,13289
140,167,13290
140,168,13291
134,175,13292
128,180,13293
124,183,13294
124,184,13295
111,190,13296
110,191,13297
108,192,13298
98,194,13299
89,195,13300
88,195,13301
77,194,13302
68,191,13303
65,190,13304
60,188,13305
54,185,13306
44,176,13307
40,173,13308
40,174,13309
31,162,13310
27,155,13311
24,150,13312
22,146,13313
17,131,13314
16,127,13315
14,114,13316
14,116,13317
13,106,13318
14,94,13319
16,81,13320
16,78,13321
20,65,13322
25,55,13323
24,55,13324
34,39,13325
36,36,13326
41,30,13327
52,20,13328
53,19,13329
56,16,13330
75,7,13331
74,7,13332
86,3,13333
92,2,13334
99,1,13335
96,115,13336
95,117,13337
95,118,13338
93,118,13339
91,117,13340
91,119,13341
90,119,13342
88,118,13343
87,117,13344
85,115,13345
85,116,13346
84,114,13347
83,112,13348
82,110,13349
82,107,13350
81,109,13351
81,104,13352
80,105,13353
82,99,13354
82,98,13355
83,95,13356
83,94,13357
86,91,13358
85,91,13359
86,89,13360
91,86,13361
89,86,13362
93,84,13363
94,83,13364
98,82,13365
100,81,13366
102,81,13367
106,81,13368
107,81,13369
111,82,13370
113,82,13371
117,85,13372
120,87,13373
124,91,13374
124,90,13375
124,89,13376
128,95,13377
130,97,13378
132,104,13379
133,105,13380
134,107,13381
135,118,13382
136,117,13383
135,127,13384
136,123,13385
135,130,13386
134,136,13387
133,139,13388
131,144,13389
130,146,13390
128,150,13391
125,154,13392
118,161,13393
116,163,13394
114,165,13395
107,168,13396
107,169,13397
101,171,13398
95,172,13399
87,172,13400
89,173,13401
81,172,13402
79,172,13403
73,170,13404
71,169,13405
62,164,13406
59,162,13407
52,155,13408
53,157,13409
48,151,13410
46,149,13411
41,140,13412
40,138,13413
37,131,13414
35,123,13415
34,120,13416
33,108,13417
33,99,13418
33,95,13419
33,92,13420
35,83,13421
35,81,13422
39,71,13423
39,69,13424
46,57,13425
51,50,13426
54,46,13427
56,44,13428
64,37,13429
67,35,13430
76,30,13431
82,27,13432
90,25,13433
98,24,13434
108,24,13435
104,23,13436
113,24,13437
116,24,13438
126,27,13439
137,32,13440
138,32,13441
149,40,13442
152,42,13443
160,50,13444
161,51,13445
170,64,13446
173,69,13447
177,78,13448
180,86,13449
182,94,13450
184,102,13451
185,117,13452
185,129,13453
185,130,13454
184,140,13455
182,151,13456
180,158,13457
175,171,13458
171,179,13459
166,187,13460
162,193,13461
159,197,13462
95,110,13463
95,108,13464
94,108,13465
96,106,13466
98,104,13467
97,103,13468
99,103,13469
99,102,13470
101,101,13471
104,102,13472
101,100,13473
103,100,13474
108,104,13475
108,103,13476
110,105,13477
108,100,13478
113,109,13479
113,107,13480
115,111,13481
115,109,13482
116,114,13483
117,116,13484
117,120,13485
117,122,13486
118,120,13487
117,125,13488
116,129,13489
116,130,13490
115,133,13491
111,138,13492
112,138,13493
110,141,13494
110,142,13495
106,145,13496
102,147,13497
104,147,13498
98,149,13499
92,150,13500
93,151,13501
89,151,13502
84,150,13503
81,149,13504
86,152,13505
76,148,13506
72,145,13507
72,146,13508
63,135,13509
65,140,13510
65,141,13511
58,128,13512
58,131,13513
57,129,13514
54,121,13515
53,115,13516
52,111,13517
51,112,13518
51,103,13519
52,98,13520
53,91,13521
54,87,13522
54,84,13523
56,79,13524
59,74,13525
64,67,13526
64,66,13527
66,63,13528
76,55,13529
75,55,13530
82,51,13531
88,49,13532
87,48,13533
90,47,13534
102,46,13535
107,46,13536
104,45,13537
113,46,13538
124,50,13539
125,50,13540
130,52,13541
137,57,13542
138,57,13543
149,70,13544
152,74,13545
150,69,13546
158,84,13547
159,87,13548
159,84,13549
164,101,13550
165,110,13551
166,109,13552
166,121,13553
166,130,13554
165,137,13555
165,139,13556
162,149,13557
160,156,13558
160,157,13559
153,170,13560
147,178,13561
147,179,13562
144,183,13563
132,193,13564
132,194,13565
124,199,13566
115,203,13567
112,205,13568
109,206,13569
93,208,13570
91,209,13571
78,208,13572
67,205,13573
61,203,13574
59,202,13575
49,197,13576
46,195,13577
41,192,13578
25,174,13579
23,172,13580
20,168,13581
16,161,13582
12,153,13583
13,158,13584
4,125,13585
3,119,13586
3,123,13587
2,107,13588
1,105,13589
98,113,13590
100,114,13591
101,115,13592
101,118,13593
100,120,13594
102,119,13595
101,121,13596
101,122,13597
100,124,13598
99,125,13599
97,127,13600
96,128,13601
94,128,13602
93,129,13603
90,129,13604
94,131,13605
88,129,13606
87,130,13607
84,128,13608
84,129,13609
80,126,13610
79,125,13611
78,125,13612
77,125,13613
75,121,13614
73,116,13615
73,119,13616
72,110,13617
71,112,13618
71,106,13619
71,101,13620
69,106,13621
70,100,13622
70,98,13623
73,91,13624
71,92,13625
73,88,13626
80,80,13627
77,82,13628
82,77,13629
80,77,13630
88,73,13631
85,73,13632
92,70,13633
95,69,13634
96,68,13635
107,69,13636
107,68,13637
106,67,13638
115,70,13639
115,69,13640
119,71,13641
120,71,13642
129,78,13643
130,79,13644
130,77,13645
134,82,13646
139,91,13647
142,97,13648
142,94,13649
145,105,13650
145,103,13651
146,106,13652
147,117,13653
147,126,13654
147,129,13655
145,137,13656
147,133,13657
143,146,13658
137,156,13659
142,150,13660
142,151,13661
126,170,13662
128,169,13663
128,170,13664
125,173,13665
111,181,13666
117,179,13667
105,184,13668
99,185,13669
96,186,13670
88,186,13671
76,184,13672
79,186,13673
73,184,13674
64,180,13675
65,182,13676
54,174,13677
47,168,13678
53,175,13679
45,168,13680
35,153,13681
32,149,13682
29,143,13683
26,135,13684
24,127,13685
22,119,13686
22,122,13687
21,101,13688
21,97,13689
21,94,13690
25,76,13691
23,80,13692
27,68,13693
34,54,13694
31,57,13695
34,52,13696
45,38,13697
45,37,13698
52,30,13699
57,26,13700
70,18,13701
69,18,13702
82,13,13703
94,11,13704
93,10,13705
106,10,13706
111,10,13707
123,12,13708
124,12,13709
133,15,13710
135,15,13711
156,29,13712
166,39,13713
165,37,13714
166,37,13715
176,50,13716
96,113,13717
93,114,13718
92,115,13719
90,112,13720
90,110,13721
89,110,13722
88,109,13723
87,109,13724
87,107,13725
87,106,13726
88,102,13727
89,100,13728
87,101,13729
91,97,13730
91,96,13731
89,96,13732
94,93,13733
94,92,13734
96,91,13735
97,90,13736
102,90,13737
103,90,13738
103,89,13739
103,88,13740
105,88,13741
112,92,13742
108,88,13743
116,94,13744
115,92,13745
118,95,13746
121,98,13747
122,99,13748
124,103,13749
124,102,13750
126,108,13751
127,108,13752
128,114,13753
128,122,13754
128,125,13755
129,122,13756
129,124,13757
125,137,13758
129,130,13759
124,140,13760
125,140,13761
121,146,13762
114,153,13763
117,152,13764
115,154,13765
108,158,13766
108,159,13767
104,161,13768
102,162,13769
93,163,13770
92,164,13771
93,165,13772
83,164,13773
77,162,13774
72,160,13775
72,161,13776
69,159,13777
65,157,13778
61,154,13779
56,148,13780
53,144,13781
50,141,13782
49,139,13783
46,133,13784
44,128,13785
42,122,13786
41,116,13787
40,113,13788
41,95,13789
41,94,13790
40,94,13791
41,87,13792
46,75,13793
43,79,13794
48,68,13795
54,59,13796
57,55,13797
60,52,13798
62,49,13799
67,45,13800
73,41,13801
84,36,13802
79,37,13803
94,33,13804
107,33,13805
100,32,13806
104,31,13807
119,34,13808
121,34,13809
127,36,13810
138,42,13811
140,43,13812
146,48,13813
148,49,13814
158,61,13815
163,68,13816
161,63,13817
168,77,13818
170,81,13819
174,92,13820
175,96,13821
177,106,13822
178,114,13823
178,123,13824
178,131,13825
177,140,13826
173,154,13827
170,163,13828
171,162,13829
166,173,13830
155,188,13831
160,183,13832
148,197,13833
141,203,13834
143,202,13835
129,211,13836
122,215,13837
126,214,13838
101,221,13839
96,222,13840
91,222,13841
90,223,13842
79,222,13843
97,111,13844
98,109,13845
99,108,13846
101,108,13847
102,108,13848
104,108,13849
105,109,13850
106,109,13851
107,110,13852
108,111,13853
109,113,13854
109,114,13855
110,115,13856
110,118,13857
110,120,13858
111,120,13859
110,124,13860
110,125,13861
109,128,13862
108,130,13863
108,131,13864
107,133,13865
104,136,13866
104,137,13867
102,138,13868
99,140,13869
98,141,13870
93,141,13871
94,142,13872
90,142,13873
89,143,13874
87,143,13875
82,141,13876
81,141,13877
77,139,13878
75,138,13879
72,136,13880
69,132,13881
67,130,13882
65,127,13883
64,126,13884
62,121,13885
62,122,13886
60,115,13887
59,111,13888
59,107,13889
59,102,13890
59,98,13891
59,97,13892
60,92,13893
62,85,13894
63,83,13895
66,77,13896
67,75,13897
70,71,13898
72,68,13899
77,64,13900
78,63,13901
84,59,13902
86,58,13903
91,56,13904
95,55,13905
99,54,13906
104,54,13907
112,55,13908
114,55,13909
120,57,13910
121,57,13911
131,63,13912
129,61,13913
137,68,13914
142,73,13915
143,74,13916
148,81,13917
150,85,13918
152,88,13919
155,96,13920
156,99,13921
158,108,13922
159,114,13923
159,120,13924
158,133,13925
158,136,13926
156,144,13927
155,148,13928
154,151,13929
149,162,13930
147,165,13931
141,174,13932
143,172,13933
136,180,13934
126,188,13935
121,191,13936
120,192,13937
111,196,13938
108,197,13939
100,199,13940
94,200,13941
80,199,13942
78,199,13943
69,197,13944
63,195,13945
54,190,13946
55,191,13947
46,185,13948
40,180,13949
36,176,13950
28,166,13951
27,165,13952
22,156,13953
20,153,13954
15,141,13955
12,129,13956
10,119,13957
10,99,13958
9,109,13959
10,90,13960
10,88,13961
11,81,13962
15,66,13963
19,56,13964
19,55,13965
25,44,13966
30,36,13967
36,28,13968
42,22,13969
46,18,13970
97,116,13971
98,116,13972
98,118,13973
96,119,13974
94,120,13975
94,121,13976
93,122,13977
92,123,13978
91,123,13979
89,122,13980
87,122,13981
86,122,13982
84,119,13983
83,118,13984
82,119,13985
83,122,13986
80,113,13987
79,114,13988
78,111,13989
78,108,13990
77,108,13991
77,106,13992
78,101,13993
77,101,13994
76,102,13995
78,96,13996
79,93,13997
81,90,13998
81,89,13999
85,85,14000
86,83,14001
87,82,14002
90,80,14003
91,79,14004
94,78,14005
95,77,14006
100,76,14007
107,77,14008
107,76,14009
110,77,14010
113,77,14011
118,80,14012
115,77,14013
121,81,14014
125,85,14015
126,85,14016
133,97,14017
132,92,14018
133,93,14019
137,106,14020
137,103,14021
139,110,14022
139,109,14023
140,117,14024
140,123,14025
140,128,14026
140,129,14027
137,139,14028
136,143,14029
135,146,14030
131,153,14031
132,153,14032
127,159,14033
123,163,14034
120,166,14035
121,166,14036
109,173,14037
108,174,14038
105,175,14039
96,177,14040
96,178,14041
91,178,14042
83,177,14043
76,176,14044
74,176,14045
73,176,14046
64,171,14047
56,166,14048
55,166,14049
50,161,14050
47,158,14051
40,146,14052
38,143,14053
39,148,14054
33,132,14055
31,124,14056
30,125,14057
29,108,14058
28,106,14059
28,98,14060
29,92,14061
30,85,14062
31,80,14063
34,70,14064
40,58,14065
42,55,14066
41,55,14067
51,43,14068
56,38,14069
55,38,14070
60,33,14071
76,25,14072
74,25,14073
89,20,14074
95,19,14075
96,18,14076
104,18,14077
110,18,14078
119,19,14079
125,21,14080
137,26,14081
144,30,14082
150,34,14083
155,38,14084
159,42,14085
160,42,14086
174,63,14087
178,69,14088
179,71,14089
184,84,14090
187,95,14091
185,83,14092
189,113,14093
190,118,14094
189,134,14095
189,139,14096
188,146,14097
94,111,14098
93,110,14099
92,109,14100
93,107,14101
94,105,14102
93,104,14103
94,103,14104
94,102,14105
95,100,14106
99,99,14107
95,99,14108
99,98,14109
101,97,14110
103,97,14111
106,98,14112
102,95,14113
109,99,14114
108,97,14115
111,100,14116
112,99,14117
114,102,14118
116,105,14119
116,103,14120
117,104,14121
119,108,14122
120,112,14123
121,112,14124
121,119,14125
122,116,14126
121,123,14127
121,126,14128
122,125,14129
121,129,14130
120,133,14131
115,140,14132
120,136,14133
114,143,14134
109,147,14135
111,147,14136
107,150,14137
107,151,14138
99,153,14139
104,153,14140
95,155,14141
93,156,14142
90,156,14143
79,153,14144
79,154,14145
79,155,14146
73,151,14147
74,153,14148
69,150,14149
65,146,14150
59,139,14151
57,137,14152
60,143,14153
54,133,14154
52,128,14155
50,122,14156
49,121,14157
48,114,14158
47,111,14159
48,97,14160
47,100,14161
48,91,14162
49,87,14163
53,77,14164
50,81,14165
54,73,14166
63,61,14167
58,65,14168
58,64,14169
74,51,14170
76,49,14171
77,48,14172
82,45,14173
90,43,14174
88,42,14175
96,41,14176
103,40,14177
104,40,14178
119,43,14179
127,46,14180
120,42,14181
131,47,14182
140,54,14183
137,50,14184
150,63,14185
156,72,14186
150,61,14187
158,73,14188
164,87,14189
165,89,14190
167,94,14191
169,102,14192
170,112,14193
171,115,14194
170,131,14195
170,134,14196
169,141,14197
168,147,14198
161,164,14199
165,157,14200
158,171,14201
150,182,14202
153,180,14203
146,188,14204
138,195,14205
134,199,14206
124,205,14207
117,208,14208
108,211,14209
107,212,14210
98,213,14211
82,213,14212
82,214,14213
64,209,14214
62,209,14215
55,206,14216
51,204,14217
46,201,14218
43,200,14219
26,183,14220
21,177,14221
19,175,14222
15,170,14223
10,160,14224
99,112,14225
101,112,14226
102,112,14227
102,114,14228
103,116,14229
104,115,14230
104,118,14231
105,118,14232
105,120,14233
105,121,14234
104,123,14235
103,126,14236
102,127,14237
101,129,14238
99,130,14239
102,130,14240
96,132,14241
96,133,14242
94,134,14243
93,134,14244
87,133,14245
88,134,14246
88,135,14247
84,134,14248
83,134,14249
79,131,14250
79,132,14251
74,126,14252
76,130,14253
72,124,14254
72,125,14255
69,119,14256
68,116,14257
67,115,14258
67,107,14259
66,111,14260
66,105,14261
68,95,14262
66,98,14263
68,91,14264
66,95,14265
72,83,14266
68,87,14267
72,81,14268
76,76,14269
77,74,14270
82,71,14271
83,69,14272
86,67,14273
93,65,14274
90,65,14275
96,63,14276
102,63,14277
107,63,14278
109,63,14279
104,61,14280
113,63,14281
123,68,14282
128,71,14283
125,68,14284
131,72,14285
134,75,14286
136,77,14287
143,88,14288
144,90,14289
145,90,14290
148,98,14291
150,105,14292
151,111,14293
151,121,14294
152,117,14295
153,120,14296
149,140,14297
148,143,14298
149,143,14299
149,144,14300
140,161,14301
142,160,14302
139,164,14303
132,172,14304
127,177,14305
123,180,14306
121,182,14307
114,186,14308
108,188,14309
100,190,14310
104,190,14311
86,191,14312
79,190,14313
85,192,14314
78,191,14315
59,183,14316
59,184,14317
56,182,14318
48,176,14319
43,172,14320
38,166,14321
37,166,14322
27,148,14323
25,145,14324
26,149,14325
21,134,14326
18,122,14327
18,123,14328
17,105,14329
16,107,14330
16,100,14331
19,80,14332
19,77,14333
21,70,14334
25,61,14335
30,51,14336
28,53,14337
35,42,14338
53,24,14339
48,27,14340
56,21,14341
63,16,14342
72,11,14343
82,8,14344
84,7,14345
90,5,14346
110,5,14347
112,5,14348
119,6,14349
123,6,14350
130,8,14351
95,115,14352
94,116,14353
94,117,14354
92,117,14355
90,114,14356
90,117,14357
88,115,14358
87,114,14359
86,113,14360
85,113,14361
85,108,14362
84,108,14363
83,108,14364
84,104,14365
85,101,14366
83,102,14367
85,98,14368
85,97,14369
86,95,14370
88,93,14371
88,92,14372
89,90,14373
93,88,14374
91,88,14375
94,86,14376
99,85,14377
98,84,14378
105,85,14379
107,85,14380
107,84,14381
110,85,14382
111,85,14383
116,88,14384
117,88,14385
120,90,14386
122,92,14387
123,93,14388
127,100,14389
127,99,14390
129,104,14391
129,101,14392
131,117,14393
132,110,14394
133,116,14395
133,121,14396
133,124,14397
131,133,14398
130,137,14399
131,136,14400
128,143,14401
126,147,14402
125,149,14403
123,152,14404
119,156,14405
116,159,14406
117,159,14407
111,163,14408
107,165,14409
102,167,14410
99,168,14411
93,169,14412
92,170,14413
83,169,14414
76,167,14415
73,166,14416
72,166,14417
66,163,14418
61,160,14419
58,157,14420
54,154,14421
49,147,14422
46,143,14423
42,134,14424
43,138,14425
39,127,14426
39,129,14427
36,114,14428
37,100,14429
35,108,14430
36,95,14431
37,88,14432
38,83,14433
38,82,14434
41,73,14435
44,66,14436
47,61,14437
49,57,14438
55,50,14439
59,45,14440
65,40,14441
71,36,14442
80,32,14443
79,32,14444
83,30,14445
91,28,14446
106,27,14447
105,26,14448
113,27,14449
124,30,14450
127,31,14451
133,33,14452
138,36,14453
147,42,14454
151,45,14455
160,55,14456
161,56,14457
167,65,14458
167,64,14459
172,73,14460
176,83,14461
180,98,14462
181,101,14463
182,110,14464
183,118,14465
180,143,14466
183,130,14467
179,149,14468
178,155,14469
174,166,14470
168,178,14471
167,180,14472
163,187,14473
154,198,14474
153,199,14475
143,208,14476
138,212,14477
130,217,14478
96,111,14479
96,108,14480
96,107,14481
98,106,14482
99,105,14483
100,104,14484
101,104,14485
103,104,14486
104,104,14487
105,104,14488
107,105,14489
107,104,14490
109,107,14491
111,110,14492
112,111,14493
111,105,14494
113,114,14495
114,114,14496
114,118,14497
114,120,14498
115,121,14499
115,122,14500
113,128,14501
114,128,14502
114,129,14503
112,133,14504
110,136,14505
109,138,14506
109,139,14507
103,142,14508
103,143,14509
102,144,14510
98,146,14511
97,147,14512
91,147,14513
92,148,14514
89,148,14515
82,146,14516
81,146,14517
78,145,14518
75,144,14519
71,140,14520
71,142,14521
67,138,14522
65,135,14523
64,135,14524
59,122,14525
59,126,14526
58,126,14527
56,113,14528
55,113,14529
54,110,14530
54,103,14531
54,101,14532
55,95,14533
54,96,14534
58,83,14535
60,79,14536
62,75,14537
64,71,14538
65,69,14539
68,65,14540
72,62,14541
80,56,14542
79,56,14543
84,53,14544
92,51,14545
93,50,14546
99,49,14547
105,49,14548
109,49,14549
112,49,14550
123,53,14551
124,53,14552
127,54,14553
132,57,14554
140,64,14555
140,63,14556
143,66,14557
149,74,14558
151,76,14559
157,90,14560
160,98,14561
159,91,14562
162,108,14563
163,114,14564
164,114,14565
163,128,14566
163,131,14567
163,135,14568
159,149,14569
158,153,14570
155,160,14571
152,167,14572
146,175,14573
141,181,14574
142,181,14575
134,188,14576
125,194,14577
123,196,14578
121,198,14579
104,203,14580
101,204,14581
95,205,14582
87,205,14583
81,205,14584
71,203,14585
64,201,14586
61,200,14587
55,197,14588
41,187,14589
39,186,14590
34,181,14591
29,175,14592
21,164,14593
23,168,14594
14,149,14595
11,142,14596
8,134,14597
6,121,14598
5,115,14599
4,112,14600
5,93,14601
5,92,14602
7,79,14603
8,73,14604
11,62,14605
99,114,14606
99,115,14607
100,117,14608
99,119,14609
98,120,14610
99,121,14611
98,123,14612
98,124,14613
97,125,14614
95,126,14615
92,126,14616
92,127,14617
90,127,14618
89,127,14619
86,126,14620
89,129,14621
82,123,14622
83,125,14623
80,122,14624
80,123,14625
77,118,14626
76,117,14627
76,118,14628
75,116,14629
74,113,14630
73,109,14631
73,106,14632
73,103,14633
72,104,14634
74,96,14635
74,95,14636
75,92,14637
75,90,14638
76,88,14639
81,83,14640
79,83,14641
83,79,14642
89,76,14643
89,75,14644
94,73,14645
90,73,14646
99,72,14647
97,71,14648
102,70,14649
107,71,14650
110,71,14651
119,76,14652
118,74,14653
121,75,14654
126,80,14655
126,78,14656
130,82,14657
133,86,14658
137,93,14659
138,94,14660
139,94,14661
141,99,14662
143,110,14663
144,113,14664
144,118,14665
145,119,14666
145,123,14667
142,138,14668
143,136,14669
142,140,14670
140,147,14671
135,155,14672
135,156,14673
134,158,14674
123,169,14675
128,166,14676
126,169,14677
111,177,14678
110,178,14679
106,180,14680
101,182,14681
87,182,14682
87,183,14683
89,184,14684
79,182,14685
73,181,14686
62,175,14687
60,174,14688
64,178,14689
53,170,14690
44,160,14691
47,166,14692
40,156,14693
33,144,14694
33,146,14695
31,142,14696
27,126,14697
25,119,14698
24,115,14699
24,101,14700
23,103,14701
24,92,14702
26,83,14703
28,74,14704
28,73,14705
32,63,14706
42,47,14707
35,56,14708
46,41,14709
50,37,14710
53,33,14711
62,26,14712
68,23,14713
70,21,14714
77,18,14715
87,15,14716
97,13,14717
106,13,14718
112,13,14719
121,15,14720
121,14,14721
139,22,14722
144,24,14723
150,28,14724
156,33,14725
160,36,14726
159,34,14727
175,55,14728
182,68,14729
182,66,14730
182,65,14731
188,81,14732
94,113,14733
93,113,14734
91,113,14735
91,110,14736
91,107,14737
90,108,14738
90,106,14739
89,106,14740
89,104,14741
89,103,14742
91,100,14743
92,98,14744
92,97,14745
96,96,14746
96,95,14747
94,94,14748
99,93,14749
99,92,14750
103,93,14751
103,92,14752
108,94,14753
110,94,14754
108,92,14755
110,92,14756
113,94,14757
117,99,14758
117,97,14759
120,102,14760
120,101,14761
122,106,14762
123,105,14763
124,110,14764
125,113,14765
126,115,14766
125,124,14767
127,117,14768
126,125,14769
122,136,14770
124,134,14771
123,136,14772
122,139,14773
117,146,14774
123,140,14775
114,150,14776
114,151,14777
111,153,14778
103,157,14779
103,158,14780
101,159,14781
94,160,14782
95,161,14783
90,161,14784
87,161,14785
78,159,14786
75,158,14787
79,161,14788
70,156,14789
68,155,14790
60,148,14791
61,150,14792
57,145,14793
53,140,14794
52,139,14795
47,126,14796
46,124,14797
45,123,14798
44,118,14799
43,112,14800
43,100,14801
44,94,14802
42,99,14803
42,96,14804
50,73,14805
50,72,14806
49,72,14807
51,68,14808
63,54,14809
58,57,14810
63,52,14811
67,49,14812
74,44,14813
83,40,14814
86,38,14815
89,37,14816
96,36,14817
103,35,14818
102,34,14819
113,36,14820
123,39,14821
121,37,14822
129,40,14823
138,46,14824
142,48,14825
148,53,14826
154,60,14827
157,64,14828
163,73,14829
162,70,14830
169,88,14831
172,96,14832
172,93,14833
174,108,14834
175,113,14835
175,127,14836
173,140,14837
175,136,14838
173,146,14839
169,157,14840
170,157,14841
165,168,14842
159,178,14843
151,189,14844
152,189,14845
147,194,14846
129,207,14847
131,207,14848
117,213,14849
119,213,14850
111,216,14851
98,218,14852
93,219,14853
92,220,14854
72,217,14855
65,215,14856
54,211,14857
54,212,14858
49,209,14859
98,110,14860
99,110,14861
100,109,14862
102,110,14863
103,111,14864
104,110,14865
105,112,14866
106,112,14867
107,114,14868
108,115,14869
107,119,14870
108,119,14871
109,120,14872
108,122,14873
107,125,14874
109,124,14875
105,129,14876
105,130,14877
104,132,14878
103,133,14879
103,134,14880
100,136,14881
98,137,14882
96,138,14883
95,139,14884
91,139,14885
91,140,14886
84,138,14887
84,139,14888
82,138,14889
81,138,14890
78,137,14891
74,133,14892
73,133,14893
72,132,14894
68,127,14895
67,125,14896
65,120,14897
64,119,14898
63,113,14899
62,114,14900
63,99,14901
61,109,14902
61,104,14903
63,93,14904
62,95,14905
66,85,14906
65,85,14907
68,79,14908
70,76,14909
71,74,14910
74,71,14911
75,69,14912
79,66,14913
86,62,14914
85,62,14915
89,60,14916
97,58,14917
105,58,14918
103,57,14919
108,57,14920
113,58,14921
117,59,14922
121,61,14923
127,64,14924
130,66,14925
133,68,14926
136,70,14927
143,79,14928
142,77,14929
147,85,14930
149,88,14931
153,101,14932
153,99,14933
155,108,14934
156,111,14935
155,129,14936
157,120,14937
156,131,14938
154,140,14939
153,144,14940
150,152,14941
149,156,14942
144,165,14943
140,170,14944
137,174,14945
134,178,14946
130,181,14947
122,187,14948
123,187,14949
115,191,14950
101,195,14951
99,196,14952
95,197,14953
82,196,14954
75,195,14955
77,196,14956
66,193,14957
57,188,14958
52,185,14959
51,185,14960
43,179,14961
37,172,14962
34,169,14963
27,159,14964
24,154,14965
19,143,14966
17,138,14967
16,135,14968
14,126,14969
12,112,14970
12,104,14971
11,104,14972
13,85,14973
17,71,14974
16,71,14975
20,61,14976
23,53,14977
28,44,14978
34,36,14979
38,31,14980
40,28,14981
54,16,14982
58,13,14983
63,10,14984
71,6,14985
78,3,14986
97,114,14987
96,117,14988
96,118,14989
94,119,14990
92,119,14991
91,120,14992
91,121,14993
89,120,14994
88,119,14995
87,119,14996
86,119,14997
84,117,14998
83,115,14999
82,113,15000
81,112,15001
81,116,15002
80,108,15003
79,109,15004
80,103,15005
80,101,15006
80,99,15007
80,98,15008
83,93,15009
81,95,15010
81,93,15011
85,89,15012
86,87,15013
90,84,15014
87,85,15015
93,82,15016
95,81,15017
96,80,15018
99,79,15019
102,79,15020
104,79,15021
104,78,15022
111,80,15023
115,82,15024
116,82,15025
120,85,15026
121,84,15027
125,89,15028
127,90,15029
130,95,15030
131,97,15031
133,99,15032
135,111,15033
136,110,15034
136,106,15035
137,118,15036
138,118,15037
137,126,15038
137,129,15039
136,134,15040
135,138,15041
133,144,15042
132,147,15043
128,152,15044
125,156,15045
124,158,15046
120,162,15047
117,165,15048
112,168,15049
108,170,15050
103,172,15051
102,173,15052
93,174,15053
92,175,15054
89,175,15055
78,173,15056
73,172,15057
70,171,15058
65,168,15059
60,165,15060
57,163,15061
53,160,15062
47,152,15063
46,152,15064
42,145,15065
39,140,15066
36,134,15067
33,120,15068
32,116,15069
32,122,15070
31,108,15071
31,101,15072
31,94,15073
34,81,15074
34,79,15075
36,73,15076
39,66,15077
44,57,15078
45,55,15079
48,50,15080
57,41,15081
63,36,15082
66,33,15083
72,30,15084
84,25,15085
82,25,15086
83,24,15087
100,22,15088
103,21,15089
114,22,15090
122,24,15091
121,23,15092
139,31,15093
135,28,15094
142,32,15095
150,38,15096
157,44,15097
164,52,15098
167,56,15099
171,62,15100
177,74,15101
178,75,15102
185,103,15103
185,99,15104
186,104,15105
187,118,15106
187,128,15107
187,131,15108
185,144,15109
184,151,15110
179,165,15111
177,171,15112
175,176,15113
95,111,15114
94,109,15115
93,108,15116
96,105,15117
96,104,15118
95,103,15119
97,102,15120
97,101,15121
99,101,15122
99,100,15123
104,101,15124
103,99,15125
105,100,15126
108,102,15127
108,101,15128
107,98,15129
112,105,15130
112,103,15131
114,107,15132
115,106,15133
116,110,15134
117,112,15135
118,113,15136
118,115,15137
119,115,15138
119,120,15139
118,126,15140
119,124,15141
118,129,15142
116,133,15143
116,134,15144
115,137,15145
115,138,15146
113,141,15147
106,146,15148
110,145,15149
102,149,15150
98,150,15151
99,151,15152
96,152,15153
92,152,15154
88,152,15155
91,154,15156
86,153,15157
80,151,15158
80,152,15159
69,144,15160
72,148,15161
69,147,15162
61,136,15163
64,142,15164
60,137,15165
56,130,15166
54,125,15167
52,118,15168
52,123,15169
51,115,15170
50,110,15171
50,104,15172
51,94,15173
49,102,15174
51,90,15175
53,84,15176
56,76,15177
56,75,15178
58,71,15179
65,63,15180
64,63,15181
70,57,15182
76,53,15183
75,52,15184
78,50,15185
92,46,15186
94,45,15187
97,44,15188
99,43,15189
114,45,15190
113,44,15191
114,44,15192
125,48,15193
130,50,15194
138,56,15195
146,64,15196
140,56,15197
148,65,15198
156,77,15199
153,70,15200
160,84,15201
163,93,15202
163,90,15203
164,92,15204
167,111,15205
168,116,15206
168,125,15207
167,133,15208
167,136,15209
167,139,15210
160,160,15211
159,162,15212
158,165,15213
153,174,15214
143,185,15215
146,184,15216
137,192,15217
125,200,15218
130,198,15219
122,203,15220
110,207,15221
105,209,15222
99,210,15223
84,210,15224
81,210,15225
74,209,15226
69,208,15227
61,205,15228
59,205,15229
40,192,15230
38,191,15231
32,186,15232
25,178,15233
21,173,15234
20,173,15235
9,149,15236
7,144,15237
6,143,15238
4,137,15239
2,127,15240
98,112,15241
101,113,15242
101,114,15243
101,117,15244
101,119,15245
103,117,15246
102,121,15247
103,121,15248
101,124,15249
101,125,15250
101,126,15251
100,127,15252
98,128,15253
96,129,15254
94,130,15255
97,131,15256
91,131,15257
91,132,15258
88,131,15259
88,132,15260
83,129,15261
82,130,15262
81,129,15263
80,129,15264
77,126,15265
75,123,15266
74,124,15267
72,119,15268
71,117,15269
70,113,15270
70,108,15271
69,111,15272
68,108,15273
68,103,15274
70,96,15275
68,99,15276
69,95,15277
76,83,15278
72,87,15279
75,82,15280
74,82,15281
82,75,15282
78,77,15283
85,72,15284
88,70,15285
89,69,15286
97,67,15287
94,67,15288
98,66,15289
104,66,15290
105,65,15291
110,66,15292
115,67,15293
122,71,15294
124,72,15295
122,69,15296
128,74,15297
134,80,15298
138,86,15299
138,84,15300
143,95,15301
143,93,15302
145,97,15303
147,108,15304
148,111,15305
149,114,15306
149,122,15307
150,120,15308
148,133,15309
144,145,15310
147,141,15311
147,143,15312
138,158,15313
136,162,15314
137,162,15315
134,166,15316
125,174,15317
130,172,15318
121,178,15319
114,182,15320
110,184,15321
103,186,15322
91,187,15323
95,188,15324
83,188,15325
79,187,15326
77,188,15327
63,182,15328
60,180,15329
63,183,15330
56,179,15331
45,169,15332
44,169,15333
36,159,15334
34,156,15335
28,144,15336
26,140,15337
26,142,15338
21,119,15339
20,117,15340
19,113,15341
19,103,15342
19,97,15343
20,89,15344
26,68,15345
23,73,15346
26,65,15347
32,53,15348
29,57,15349
38,43,15350
45,35,15351
52,28,15352
51,28,15353
62,20,15354
75,14,15355
73,14,15356
87,10,15357
89,9,15358
107,8,15359
112,8,15360
113,8,15361
118,8,15362
137,15,15363
143,18,15364
150,22,15365
153,23,15366
161,30,15367
95,114,15368
93,115,15369
92,116,15370
91,114,15371
89,112,15372
89,114,15373
88,111,15374
87,111,15375
86,109,15376
86,108,15377
87,103,15378
86,104,15379
85,104,15380
88,99,15381
88,98,15382
86,98,15383
91,94,15384
90,94,15385
92,92,15386
94,90,15387
96,89,15388
99,89,15389
99,88,15390
98,87,15391
101,87,15392
109,89,15393
104,86,15394
111,89,15395
113,89,15396
115,91,15397
116,91,15398
118,92,15399
122,97,15400
123,98,15401
125,101,15402
125,100,15403
128,108,15404
129,113,15405
129,115,15406
130,116,15407
130,120,15408
129,127,15409
132,120,15410
129,131,15411
128,136,15412
127,139,15413
123,145,15414
122,148,15415
122,149,15416
117,154,15417
116,155,15418
114,157,15419
110,160,15420
104,163,15421
100,164,15422
101,165,15423
95,166,15424
88,166,15425
83,165,15426
83,166,15427
78,165,15428
74,164,15429
68,161,15430
62,156,15431
58,153,15432
55,150,15433
56,152,15434
49,142,15435
47,139,15436
44,133,15437
43,130,15438
41,125,15439
39,113,15440
39,105,15441
38,108,15442
38,99,15443
42,82,15444
38,93,15445
41,81,15446
43,76,15447
47,67,15448
50,62,15449
50,61,15450
56,53,15451
61,48,15452
70,41,15453
70,40,15454
81,35,15455
82,34,15456
87,32,15457
93,31,15458
101,30,15459
107,30,15460
112,30,15461
119,32,15462
124,33,15463
135,38,15464
136,38,15465
146,46,15466
151,50,15467
150,48,15468
160,60,15469
163,64,15470
167,71,15471
170,76,15472
174,86,15473
176,93,15474
178,100,15475
179,106,15476
180,117,15477
179,134,15478
178,140,15479
179,139,15480
175,155,15481
165,176,15482
170,169,15483
160,185,15484
161,184,15485
156,191,15486
146,201,15487
143,204,15488
139,208,15489
124,216,15490
120,218,15491
115,220,15492
109,222,15493
97,224,15494
97,109,15495
97,108,15496
98,107,15497
100,107,15498
101,106,15499
102,106,15500
103,106,15501
105,107,15502
106,108,15503
107,108,15504
108,109,15505
109,110,15506
110,113,15507
111,115,15508
111,117,15509
112,116,15510
112,120,15511
113,120,15512
112,123,15513
112,125,15514
111,128,15515
110,131,15516
108,133,15517
108,134,15518
107,136,15519
103,139,15520
102,140,15521
101,141,15522
100,142,15523
95,143,15524
95,144,15525
93,145,15526
89,145,15527
85,144,15528
81,143,15529
82,144,15530
78,142,15531
74,139,15532
72,138,15533
70,136,15534
69,136,15535
65,130,15536
63,128,15537
61,123,15538
60,121,15539
59,120,15540
58,109,15541
57,110,15542
57,104,15543
57,101,15544
57,98,15545
58,93,15546
60,86,15547
60,85,15548
63,78,15549
64,76,15550
68,71,15551
71,67,15552
74,64,15553
77,61,15554
82,58,15555
86,56,15556
91,54,15557
95,53,15558
101,53,15559
103,52,15560
107,52,15561
110,52,15562
117,54,15563
123,56,15564
130,60,15565
132,61,15566
137,65,15567
142,70,15568
143,71,15569
145,73,15570
149,79,15571
153,86,15572
156,93,15573
158,100,15574
158,99,15575
160,115,15576
161,118,15577
161,122,15578
161,126,15579
158,143,15580
158,145,15581
153,157,15582
155,154,15583
150,164,15584
144,173,15585
141,177,15586
135,183,15587
137,182,15588
125,191,15589
120,194,15590
116,196,15591
108,199,15592
97,201,15593
95,202,15594
90,202,15595
85,202,15596
72,200,15597
69,199,15598
61,196,15599
56,194,15600
48,189,15601
42,184,15602
38,181,15603
30,172,15604
25,165,15605
23,162,15606
17,150,15607
13,140,15608
11,133,15609
9,124,15610
8,111,15611
7,108,15612
8,91,15613
8,88,15614
10,77,15615
12,69,15616
16,58,15617
19,51,15618
21,47,15619
27,37,15620
31,31,15621
97,113,15622
98,117,15623
99,117,15624
97,120,15625
95,121,15626
96,122,15627
95,123,15628
94,123,15629
93,124,15630
92,125,15631
88,123,15632
90,125,15633
86,123,15634
85,122,15635
84,122,15636
85,125,15637
80,116,15638
80,119,15639
78,115,15640
78,117,15641
77,112,15642
76,111,15643
76,105,15644
75,106,15645
74,107,15646
76,99,15647
76,97,15648
77,95,15649
78,92,15650
80,88,15651
80,87,15652
82,85,15653
82,84,15654
84,82,15655
89,79,15656
90,77,15657
94,76,15658
100,75,15659
99,74,15660
104,74,15661
106,74,15662
110,75,15663
107,73,15664
115,76,15665
119,78,15666
120,78,15667
129,88,15668
129,86,15669
129,85,15670
135,96,15671
133,90,15672
136,96,15673
138,100,15674
140,109,15675
141,112,15676
142,112,15677
142,118,15678
141,129,15679
141,130,15680
140,136,15681
140,138,15682
139,142,15683
135,150,15684
131,156,15685
130,158,15686
128,161,15687
120,168,15688
120,169,15689
115,172,15690
106,176,15691
109,176,15692
107,177,15693
92,179,15694
90,180,15695
87,180,15696
83,180,15697
73,177,15698
70,176,15699
68,176,15700
57,169,15701
59,171,15702
46,158,15703
42,153,15704
45,159,15705
38,147,15706
33,136,15707
35,144,15708
29,125,15709
28,119,15710
27,117,15711
27,100,15712
26,103,15713
27,92,15714
27,91,15715
31,75,15716
32,71,15717
33,67,15718
39,56,15719
44,49,15720
47,44,15721
49,41,15722
62,31,15723
60,31,15724
67,27,15725
77,22,15726
75,22,15727
87,18,15728
96,17,15729
99,16,15730
108,16,15731
120,18,15732
124,19,15733
133,22,15734
138,24,15735
146,29,15736
146,28,15737
165,47,15738
166,47,15739
169,51,15740
174,58,15741
180,69,15742
177,61,15743
188,94,15744
190,103,15745
191,110,15746
191,105,15747
192,119,15748
94,112,15749
93,112,15750
92,110,15751
92,107,15752
93,106,15753
91,106,15754
92,104,15755
92,102,15756
93,101,15757
93,100,15758
96,98,15759
95,98,15760
98,97,15761
100,96,15762
102,96,15763
99,94,15764
106,96,15765
104,94,15766
109,97,15767
109,96,15768
113,99,15769
114,100,15770
114,99,15771
115,99,15772
117,102,15773
120,108,15774
120,105,15775
121,110,15776
122,111,15777
123,116,15778
123,121,15779
124,118,15780
124,121,15781
123,128,15782
120,134,15783
123,131,15784
119,138,15785
114,144,15786
117,142,15787
114,146,15788
114,147,15789
106,152,15790
110,151,15791
101,155,15792
100,156,15793
98,157,15794
85,156,15795
89,158,15796
90,159,15797
80,156,15798
80,157,15799
77,156,15800
73,154,15801
66,149,15802
61,144,15803
65,150,15804
59,143,15805
57,141,15806
53,133,15807
52,134,15808
48,121,15809
48,123,15810
47,121,15811
46,110,15812
45,107,15813
45,104,15814
48,87,15815
46,90,15816
49,81,15817
55,70,15818
49,79,15819
50,75,15820
64,57,15821
67,54,15822
66,54,15823
64,55,15824
78,46,15825
73,47,15826
82,43,15827
91,40,15828
95,39,15829
106,39,15830
114,40,15831
109,38,15832
118,40,15833
126,43,15834
124,41,15835
137,49,15836
146,57,15837
143,52,15838
149,58,15839
158,71,15840
159,72,15841
161,75,15842
166,86,15843
169,96,15844
169,95,15845
171,101,15846
172,117,15847
172,129,15848
173,122,15849
170,142,15850
170,146,15851
169,149,15852
162,166,15853
165,162,15854
161,170,15855
151,184,15856
150,186,15857
144,193,15858
139,197,15859
131,203,15860
123,208,15861
115,211,15862
102,214,15863
102,215,15864
85,215,15865
79,215,15866
78,215,15867
71,214,15868
59,210,15869
57,210,15870
39,198,15871
34,194,15872
30,191,15873
30,192,15874
21,181,15875
99,111,15876
100,111,15877
101,110,15878
103,113,15879
103,114,15880
104,114,15881
105,115,15882
106,116,15883
106,118,15884
106,119,15885
105,123,15886
105,124,15887
105,125,15888
104,127,15889
103,129,15890
105,128,15891
99,132,15892
101,132,15893
97,134,15894
97,135,15895
92,135,15896
92,136,15897
91,136,15898
89,137,15899
88,137,15900
83,135,15901
83,136,15902
78,132,15903
80,135,15904
75,130,15905
74,130,15906
72,128,15907
70,124,15908
68,122,15909
67,119,15910
66,116,15911
65,113,15912
65,104,15913
64,106,15914
64,103,15915
64,99,15916
68,88,15917
63,98,15918
67,88,15919
69,83,15920
71,80,15921
75,75,15922
74,75,15923
79,70,15924
84,67,15925
83,67,15926
86,65,15927
90,63,15928
94,62,15929
100,61,15930
99,60,15931
105,60,15932
113,62,15933
119,64,15934
119,63,15935
125,66,15936
127,67,15937
131,70,15938
136,75,15939
139,79,15940
142,82,15941
144,85,15942
146,89,15943
149,96,15944
151,102,15945
152,107,15946
153,110,15947
153,121,15948
152,133,15949
154,125,15950
153,133,15951
147,151,15952
150,147,15953
147,153,15954
142,162,15955
141,164,15956
134,172,15957
130,177,15958
129,178,15959
119,185,15960
117,186,15961
112,189,15962
101,192,15963
102,192,15964
98,193,15965
90,194,15966
77,192,15967
79,193,15968
71,191,15969
62,187,15970
59,186,15971
49,179,15972
48,179,15973
36,166,15974
32,161,15975
33,164,15976
27,153,15977
22,142,15978
19,134,15979
18,131,15980
16,121,15981
15,115,15982
15,101,15983
14,104,15984
15,90,15985
19,73,15986
22,64,15987
20,67,15988
23,60,15989
36,39,15990
34,40,15991
42,31,15992
49,24,15993
51,22,15994
58,17,15995
70,10,15996
68,10,15997
85,5,15998
94,3,15999
101,3,16000
107,2,16001
108,2,16002
96,115,16003
95,117,16004
94,118,16005
92,118,16006
90,116,16007
89,117,16008
88,116,16009
87,116,16010
86,115,16011
86,116,16012
84,113,16013
84,111,16014
83,110,16015
83,107,16016
83,105,16017
81,107,16018
82,103,16019
82,101,16020
83,98,16021
84,96,16022
84,95,16023
86,92,16024
89,89,16025
88,89,16026
88,88,16027
94,85,16028
94,84,16029
97,83,16030
100,83,16031
101,82,16032
104,82,16033
107,82,16034
110,83,16035
113,84,16036
114,84,16037
116,85,16038
120,88,16039
123,91,16040
126,95,16041
127,96,16042
127,95,16043
130,100,16044
131,102,16045
133,110,16046
134,112,16047
134,117,16048
134,124,16049
134,126,16050
134,129,16051
133,134,16052
132,138,16053
131,141,16054
130,144,16055
127,149,16056
124,153,16057
123,155,16058
118,160,16059
114,163,16060
113,164,16061
108,167,16062
102,169,16063
101,170,16064
95,171,16065
89,171,16066
86,171,16067
83,171,16068
77,170,16069
71,168,16070
69,167,16071
62,163,16072
57,159,16073
55,157,16074
52,154,16075
47,148,16076
44,143,16077
41,138,16078
39,132,16079
37,127,16080
35,119,16081
34,112,16082
34,101,16083
34,99,16084
34,95,16085
35,88,16086
36,82,16087
40,71,16088
41,68,16089
45,61,16090
46,58,16091
53,49,16092
56,46,16093
60,42,16094
68,36,16095
74,32,16096
81,29,16097
84,28,16098
91,26,16099
97,25,16100
107,25,16101
110,25,16102
119,26,16103
128,29,16104
133,31,16105
137,33,16106
146,39,16107
150,42,16108
158,50,16109
157,48,16110
167,61,16111
171,68,16112
175,76,16113
177,81,16114
181,94,16115
182,98,16116
184,113,16117
184,110,16118
184,126,16119
184,132,16120
181,150,16121
180,153,16122
178,160,16123
173,173,16124
169,180,16125
167,184,16126
162,191,16127
153,202,16128
152,203,16129
95,110,16130
95,109,16131
95,107,16132
97,105,16133
98,105,16134
98,103,16135
100,103,16136
100,102,16137
102,102,16138
103,102,16139
106,103,16140
106,102,16141
109,106,16142
110,106,16143
111,107,16144
110,102,16145
113,111,16146
114,110,16147
115,113,16148
115,117,16149
116,116,16150
116,119,16151
115,125,16152
116,125,16153
117,124,16154
116,127,16155
114,132,16156
114,133,16157
114,134,16158
108,140,16159
109,141,16160
108,142,16161
105,144,16162
103,146,16163
99,147,16164
100,148,16165
94,149,16166
85,148,16167
89,150,16168
85,149,16169
83,149,16170
76,146,16171
78,148,16172
73,145,16173
68,141,16174
68,142,16175
61,130,16176
63,136,16177
62,136,16178
56,120,16179
56,124,16180
55,121,16181
54,116,16182
53,110,16183
53,101,16184
52,104,16185
53,96,16186
54,91,16187
55,87,16188
57,81,16189
57,79,16190
61,72,16191
65,67,16192
71,61,16193
70,61,16194
74,57,16195
80,54,16196
82,52,16197
91,49,16198
95,48,16199
91,48,16200
100,47,16201
112,48,16202
115,48,16203
116,48,16204
121,49,16205
128,53,16206
132,55,16207
137,58,16208
144,65,16209
144,64,16210
153,78,16211
156,83,16212
152,73,16213
160,92,16214
162,99,16215
163,99,16216
164,108,16217
165,117,16218
166,117,16219
164,135,16220
164,138,16221
163,142,16222
162,147,16223
156,162,16224
154,166,16225
153,169,16226
144,180,16227
140,185,16228
136,189,16229
137,189,16230
118,200,16231
115,202,16232
109,204,16233
105,205,16234
104,206,16235
91,207,16236
82,207,16237
78,207,16238
70,205,16239
62,202,16240
50,196,16241
44,192,16242
45,193,16243
31,180,16244
31,181,16245
19,163,16246
17,160,16247
16,159,16248
10,145,16249
8,139,16250
7,139,16251
4,116,16252
3,109,16253
3,99,16254
3,93,16255
3,90,16256
98,113,16257
100,114,16258
101,116,16259
100,119,16260
99,120,16261
101,120,16262
100,122,16263
100,123,16264
99,124,16265
98,126,16266
96,127,16267
94,127,16268
93,128,16269
92,129,16270
92,130,16271
87,127,16272
85,127,16273
85,128,16274
82,126,16275
82,127,16276
79,123,16277
77,121,16278
78,124,16279
76,121,16280
74,118,16281
73,114,16282
72,113,16283
72,107,16284
71,110,16285
72,101,16286
72,98,16287
71,99,16288
72,95,16289
72,94,16290
77,86,16291
74,88,16292
77,84,16293
85,77,16294
81,79,16295
86,75,16296
83,76,16297
93,72,16298
89,72,16299
96,70,16300
100,69,16301
102,69,16302
111,71,16303
112,70,16304
111,69,16305
119,73,16306
121,73,16307
124,75,16308
127,77,16309
132,83,16310
135,86,16311
134,83,16312
136,86,16313
142,100,16314
143,102,16315
144,103,16316
145,110,16317
146,112,16318
146,122,16319
146,127,16320
146,128,16321
145,136,16322
142,144,16323
144,141,16324
140,150,16325
132,162,16326
136,159,16327
136,160,16328
122,172,16329
120,174,16330
120,175,16331
114,179,16332
105,182,16333
108,182,16334
99,184,16335
92,185,16336
86,185,16337
76,183,16338
70,181,16339
75,184,16340
65,180,16341
55,173,16342
58,177,16343
47,167,16344
39,157,16345
42,163,16346
39,159,16347
31,143,16348
29,140,16349
26,132,16350
24,124,16351
23,116,16352
22,113,16353
22,104,16354
22,98,16355
23,87,16356
24,81,16357
28,70,16358
27,70,16359
33,57,16360
41,45,16361
39,46,16362
44,40,16363
51,33,16364
51,32,16365
65,22,16366
72,18,16367
84,14,16368
81,14,16369
92,12,16370
103,11,16371
102,10,16372
124,14,16373
126,14,16374
129,15,16375
141,20,16376
143,21,16377
148,23,16378
164,38,16379
171,46,16380
175,51,16381
173,47,16382
183,64,16383
96,113,16384
92,113,16385
92,114,16386
91,111,16387
90,109,16388
89,109,16389
89,107,16390
88,108,16391
88,106,16392
88,104,16393
89,101,16394
90,99,16395
89,99,16396
93,96,16397
93,95,16398
91,95,16399
96,93,16400
96,92,16401
99,91,16402
99,90,16403
104,91,16404
105,91,16405
106,90,16406
105,89,16407
108,90,16408
115,95,16409
112,91,16410
118,97,16411
117,95,16412
119,97,16413
122,101,16414
123,103,16415
125,108,16416
125,106,16417
126,117,16418
127,112,16419
128,117,16420
126,128,16421
127,127,16422
126,132,16423
127,130,16424
123,139,16425
127,134,16426
120,145,16427
121,145,16428
117,150,16429
110,155,16430
113,154,16431
111,156,16432
101,160,16433
101,161,16434
98,162,16435
95,163,16436
85,162,16437
88,163,16438
87,164,16439
79,162,16440
72,159,16441
66,155,16442
69,158,16443
62,153,16444
60,151,16445
55,146,16446
51,139,16447
48,134,16448
47,133,16449
45,128,16450
43,121,16451
42,116,16452
42,105,16453
41,110,16454
40,107,16455
43,88,16456
45,81,16457
43,84,16458
42,86,16459
51,67,16460
48,69,16461
55,59,16462
58,55,16463
62,51,16464
67,47,16465
70,44,16466
73,42,16467
82,38,16468
91,35,16469
91,34,16470
101,33,16471
109,34,16472
111,33,16473
117,34,16474
127,38,16475
128,38,16476
133,40,16477
142,46,16478
148,51,16479
152,55,16480
152,54,16481
164,73,16482
166,75,16483
166,73,16484
171,87,16485
173,93,16486
175,101,16487
176,125,16488
177,115,16489
177,128,16490
175,141,16491
176,140,16492
175,145,16493
167,167,16494
166,169,16495
163,176,16496
157,185,16497
148,194,16498
150,194,16499
136,205,16500
134,207,16501
130,210,16502
118,215,16503
110,218,16504
109,219,16505
93,221,16506
89,221,16507
72,219,16508
79,221,16509
62,217,16510
97,111,16511
98,109,16512
100,108,16513
102,109,16514
103,109,16515
103,108,16516
105,110,16517
106,110,16518
107,111,16519
108,113,16520
108,117,16521
109,116,16522
110,117,16523
109,122,16524
109,123,16525
110,123,16526
109,126,16527
108,128,16528
107,130,16529
106,132,16530
106,133,16531
105,134,16532
101,137,16533
102,137,16534
99,139,16535
96,140,16536
95,141,16537
90,141,16538
91,142,16539
86,141,16540
84,141,16541
83,141,16542
78,138,16543
77,138,16544
74,136,16545
72,134,16546
71,134,16547
68,129,16548
66,127,16549
64,121,16550
64,124,16551
62,117,16552
61,116,16553
60,111,16554
60,102,16555
60,100,16556
61,95,16557
61,93,16558
62,88,16559
64,84,16560
64,82,16561
67,77,16562
69,74,16563
72,70,16564
74,68,16565
77,65,16566
80,63,16567
87,59,16568
89,58,16569
92,57,16570
97,56,16571
101,55,16572
105,55,16573
111,56,16574
119,58,16575
120,58,16576
126,61,16577
128,62,16578
134,67,16579
136,68,16580
143,76,16581
144,77,16582
148,84,16583
150,86,16584
154,97,16585
155,99,16586
156,104,16587
157,109,16588
158,115,16589
158,122,16590
158,126,16591
156,138,16592
155,144,16593
153,150,16594
151,155,16595
149,160,16596
145,167,16597
140,173,16598
137,177,16599
131,183,16600
127,186,16601
118,191,16602
117,192,16603
108,196,16604
98,198,16605
93,198,16606
91,199,16607
86,199,16608
71,196,16609
65,194,16610
64,194,16611
59,192,16612
47,184,16613
44,182,16614
37,175,16615
35,173,16616
30,167,16617
23,156,16618
19,148,16619
16,140,16620
15,137,16621
13,130,16622
11,117,16623
10,110,16624
11,95,16625
10,93,16626
14,74,16627
13,76,16628
16,66,16629
21,54,16630
24,48,16631
27,42,16632
37,29,16633
40,25,16634
48,18,16635
52,15,16636
62,8,16637
97,116,16638
97,117,16639
97,119,16640
95,119,16641
93,120,16642
93,121,16643
92,122,16644
91,122,16645
90,122,16646
88,121,16647
87,121,16648
86,121,16649
84,118,16650
82,116,16651
82,117,16652
82,120,16653
80,111,16654
79,112,16655
79,108,16656
79,105,16657
78,105,16658
78,102,16659
79,99,16660
79,97,16661
78,97,16662
81,92,16663
82,90,16664
84,87,16665
83,87,16666
87,84,16667
89,82,16668
90,81,16669
92,80,16670
93,79,16671
101,78,16672
100,77,16673
105,77,16674
109,78,16675
113,79,16676
115,80,16677
115,79,16678
122,84,16679
120,81,16680
125,86,16681
127,88,16682
130,91,16683
135,105,16684
134,98,16685
135,99,16686
137,110,16687
138,110,16688
139,114,16689
139,120,16690
139,125,16691
138,132,16692
139,130,16693
137,138,16694
134,144,16695
132,149,16696
130,153,16697
128,156,16698
128,157,16699
119,165,16700
115,168,16701
116,168,16702
113,170,16703
103,174,16704
102,175,16705
96,176,16706
87,176,16707
89,177,16708
86,177,16709
75,174,16710
73,174,16711
67,172,16712
65,171,16713
55,163,16714
54,163,16715
48,157,16716
45,153,16717
41,148,16718
37,138,16719
35,134,16720
34,135,16721
31,120,16722
30,112,16723
29,114,16724
30,95,16725
29,99,16726
30,89,16727
32,81,16728
34,74,16729
37,66,16730
39,61,16731
43,55,16732
50,46,16733
49,46,16734
55,40,16735
69,30,16736
69,29,16737
66,30,16738
84,23,16739
89,21,16740
96,20,16741
108,20,16742
105,19,16743
119,21,16744
124,22,16745
128,23,16746
135,26,16747
146,33,16748
148,34,16749
156,41,16750
162,47,16751
169,56,16752
167,52,16753
178,73,16754
181,79,16755
182,81,16756
187,102,16757
188,107,16758
188,99,16759
189,123,16760
189,126,16761
186,147,16762
186,149,16763
183,161,16764
94,111,16765
93,110,16766
93,109,16767
94,106,16768
95,104,16769
94,104,16770
95,102,16771
95,101,16772
96,100,16773
97,99,16774
101,99,16775
100,98,16776
103,98,16777
105,99,16778
107,99,16779
104,96,16780
111,102,16781
110,99,16782
112,102,16783
113,101,16784
116,107,16785
117,108,16786
117,106,16787
118,107,16788
119,111,16789
120,115,16790
120,118,16791
120,123,16792
121,122,16793
119,129,16794
120,128,16795
119,131,16796
119,133,16797
118,136,16798
112,143,16799
116,140,16800
111,145,16801
106,148,16802
105,150,16803
103,151,16804
105,151,16805
95,153,16806
98,154,16807
91,155,16808
89,155,16809
86,155,16810
75,150,16811
77,152,16812
77,153,16813
67,146,16814
68,148,16815
65,145,16816
62,142,16817
58,136,16818
56,133,16819
56,135,16820
52,126,16821
50,118,16822
49,113,16823
49,108,16824
48,109,16825
48,101,16826
50,90,16827
49,92,16828
50,86,16829
51,83,16830
56,73,16831
56,71,16832
58,68,16833
67,58,16834
63,60,16835
64,59,16836
81,48,16837
82,47,16838
86,45,16839
87,44,16840
101,43,16841
100,42,16842
103,41,16843
111,42,16844
117,43,16845
126,47,16846
134,51,16847
130,47,16848
138,53,16849
147,62,16850
144,57,16851
152,67,16852
160,81,16853
156,71,16854
160,78,16855
166,97,16856
167,100,16857
168,102,16858
169,125,16859
170,120,16860
170,125,16861
168,138,16862
167,145,16863
164,155,16864
164,156,16865
156,171,16866
156,173,16867
153,177,16868
140,191,16869
145,188,16870
136,196,16871
124,203,16872
127,202,16873
115,208,16874
107,210,16875
98,212,16876
92,212,16877
90,213,16878
71,210,16879
75,212,16880
57,205,16881
56,205,16882
50,202,16883
41,196,16884
35,191,16885
38,195,16886
17,169,16887
13,162,16888
14,165,16889
9,156,16890
4,142,16891
99,112,16892
100,112,16893
102,113,16894
102,115,16895
102,117,16896
104,117,16897
103,120,16898
104,119,16899
103,122,16900
104,122,16901
103,124,16902
102,126,16903
101,128,16904
99,129,16905
97,130,16906
100,131,16907
94,132,16908
94,133,16909
91,133,16910
91,134,16911
86,132,16912
84,132,16913
84,133,16914
82,132,16915
81,132,16916
77,127,16917
77,129,16918
73,123,16919
73,125,16920
71,120,16921
71,122,16922
69,116,16923
68,113,16924
67,111,16925
67,104,16926
66,107,16927
67,99,16928
71,89,16929
68,93,16930
70,89,16931
69,89,16932
75,80,16933
70,85,16934
76,77,16935
79,74,16936
83,71,16937
87,69,16938
87,68,16939
91,66,16940
97,65,16941
97,64,16942
102,64,16943
108,64,16944
113,65,16945
116,66,16946
111,63,16947
121,67,16948
125,70,16949
131,75,16950
131,74,16951
135,78,16952
139,83,16953
142,87,16954
146,98,16955
147,100,16956
148,101,16957
149,106,16958
150,111,16959
151,117,16960
149,133,16961
151,127,16962
151,131,16963
144,150,16964
144,151,16965
146,149,16966
143,156,16967
133,168,16968
139,163,16969
131,172,16970
125,177,16971
123,179,16972
114,184,16973
113,185,16974
105,188,16975
99,189,16976
92,190,16977
93,191,16978
83,190,16979
72,187,16980
74,189,16981
65,186,16982
56,180,16983
53,179,16984
47,174,16985
43,170,16986
36,162,16987
34,159,16988
33,159,16989
24,138,16990
22,134,16991
22,136,16992
19,121,16993
18,114,16994
17,108,16995
19,88,16996
17,97,16997
18,88,16998
23,70,16999
22,70,17000
27,58,17001
31,51,17002
40,38,17003
39,38,17004
49,28,17005
60,20,17006
57,21,17007
68,15,17008
71,13,17009
78,10,17010
92,7,17011
97,6,17012
98,5,17013
117,7,17014
123,8,17015
135,12,17016
135,11,17017
143,15,17018
95,115,17019
94,116,17020
93,117,17021
91,116,17022
89,113,17023
89,116,17024
88,113,17025
87,113,17026
86,111,17027
85,111,17028
85,107,17029
85,106,17030
84,106,17031
85,102,17032
86,100,17033
84,101,17034
87,96,17035
87,95,17036
89,93,17037
90,92,17038
91,90,17039
93,89,17040
95,88,17041
94,87,17042
97,86,17043
102,86,17044
101,85,17045
106,86,17046
109,86,17047
108,85,17048
112,87,17049
114,87,17050
118,91,17051
119,91,17052
122,94,17053
124,96,17054
126,99,17055
128,104,17056
129,105,17057
130,110,17058
131,110,17059
131,121,17060
132,114,17061
132,122,17062
132,124,17063
131,131,17064
128,139,17065
128,140,17066
128,141,17067
124,148,17068
123,150,17069
120,153,17070
119,155,17071
113,160,17072
110,162,17073
109,163,17074
102,166,17075
98,167,17076
91,167,17077
92,168,17078
85,168,17079
88,169,17080
78,167,17081
71,164,17082
69,163,17083
65,161,17084
62,159,17085
58,156,17086
55,153,17087
52,150,17088
48,144,17089
43,135,17090
40,125,17091
40,128,17092
38,118,17093
37,117,17094
38,95,17095
36,107,17096
36,100,17097
38,88,17098
41,77,17099
42,74,17100
42,73,17101
45,66,17102
51,57,17103
55,52,17104
56,50,17105
60,46,17106
67,40,17107
73,36,17108
77,34,17109
90,30,17110
88,30,17111
90,29,17112
104,28,17113
115,29,17114
113,28,17115
118,29,17116
131,34,17117
140,39,17118
144,41,17119
149,45,17120
154,50,17121
157,53,17122
163,61,17123
166,65,17124
172,77,17125
174,80,17126
177,89,17127
179,98,17128
181,110,17129
181,124,17130
182,124,17131
181,134,17132
176,155,17133
180,144,17134
174,162,17135
172,168,17136
170,173,17137
161,187,17138
158,191,17139
159,191,17140
141,208,17141
140,209,17142
129,216,17143
125,218,17144
121,220,17145
96,110,17146
96,109,17147
97,107,17148
99,106,17149
100,105,17150
101,105,17151
102,104,17152
104,105,17153
105,106,17154
106,105,17155
107,106,17156
108,106,17157
110,110,17158
111,112,17159
112,112,17160
112,108,17161
113,116,17162
114,116,17163
113,122,17164
113,124,17165
114,123,17166
113,127,17167
112,129,17168
112,131,17169
111,133,17170
110,135,17171
107,138,17172
105,140,17173
105,141,17174
99,143,17175
100,144,17176
98,145,17177
95,146,17178
92,146,17179
89,146,17180
88,147,17181
83,146,17182
76,142,17183
75,142,17184
74,142,17185
73,142,17186
67,135,17187
68,138,17188
64,132,17189
62,129,17190
62,130,17191
58,116,17192
57,117,17193
57,121,17194
56,108,17195
55,108,17196
55,103,17197
56,95,17198
56,94,17199
58,86,17200
58,85,17201
60,80,17202
64,74,17203
64,73,17204
68,68,17205
72,63,17206
73,62,17207
80,57,17208
84,55,17209
88,53,17210
90,52,17211
97,51,17212
99,50,17213
105,50,17214
112,51,17215
114,51,17216
119,52,17217
125,55,17218
128,56,17219
135,61,17220
139,64,17221
146,72,17222
145,70,17223
151,79,17224
154,84,17225
156,88,17226
160,104,17227
161,107,17228
161,101,17229
162,115,17230
162,127,17231
163,122,17232
161,137,17233
160,143,17234
159,148,17235
156,155,17236
150,167,17237
149,169,17238
149,170,17239
138,183,17240
133,187,17241
134,187,17242
122,195,17243
115,198,17244
112,200,17245
111,201,17246
95,203,17247
93,204,17248
85,204,17249
73,202,17250
71,202,17251
63,199,17252
54,195,17253
55,196,17254
45,189,17255
34,179,17256
31,176,17257
27,171,17258
23,165,17259
16,152,17260
16,153,17261
9,129,17262
8,127,17263
7,125,17264
6,111,17265
5,105,17266
6,91,17267
7,85,17268
8,78,17269
12,64,17270
16,53,17271
20,45,17272
98,114,17273
99,116,17274
99,118,17275
98,119,17276
97,121,17277
98,122,17278
97,123,17279
96,124,17280
95,125,17281
94,125,17282
91,125,17283
90,126,17284
88,125,17285
87,125,17286
86,125,17287
88,128,17288
81,120,17289
81,122,17290
79,119,17291
79,121,17292
77,115,17293
76,114,17294
75,112,17295
75,110,17296
74,111,17297
74,106,17298
74,102,17299
74,100,17300
74,98,17301
75,95,17302
77,90,17303
77,89,17304
77,88,17305
79,85,17306
85,80,17307
85,79,17308
86,78,17309
94,75,17310
91,75,17311
97,73,17312
100,73,17313
103,72,17314
101,71,17315
104,71,17316
116,75,17317
114,73,17318
122,79,17319
120,76,17320
123,77,17321
131,87,17322
130,84,17323
134,89,17324
136,92,17325
138,97,17326
140,102,17327
140,99,17328
142,106,17329
143,115,17330
143,123,17331
143,126,17332
144,124,17333
143,133,17334
140,142,17335
138,147,17336
138,148,17337
138,149,17338
131,159,17339
130,161,17340
125,167,17341
119,171,17342
120,172,17343
119,173,17344
103,179,17345
100,180,17346
99,181,17347
96,182,17348
84,181,17349
86,182,17350
77,181,17351
72,179,17352
68,178,17353
56,170,17354
51,166,17355
55,171,17356
47,163,17357
38,150,17358
41,157,17359
35,146,17360
32,139,17361
30,136,17362
28,131,17363
26,114,17364
25,112,17365
25,98,17366
25,97,17367
26,87,17368
26,85,17369
30,72,17370
33,64,17371
33,63,17372
39,52,17373
48,41,17374
44,44,17375
51,37,17376
61,29,17377
61,28,17378
69,23,17379
76,20,17380
83,17,17381
92,15,17382
100,14,17383
104,14,17384
116,15,17385
122,16,17386
135,21,17387
135,20,17388
151,31,17389
151,30,17390
159,37,17391
164,42,17392
171,50,17393
170,47,17394
181,68,17395
186,80,17396
186,79,17397
187,80,17398
191,97,17399
95,113,17400
92,112,17401
91,112,17402
91,109,17403
92,106,17404
90,107,17405
91,104,17406
90,104,17407
91,102,17408
91,101,17409
93,99,17410
93,98,17411
93,97,17412
97,96,17413
98,95,17414
96,94,17415
101,94,17416
101,93,17417
106,94,17418
106,93,17419
109,95,17420
111,95,17421
112,95,17422
113,95,17423
115,97,17424
118,102,17425
117,98,17426
120,104,17427
121,104,17428
123,111,17429
123,108,17430
124,113,17431
125,116,17432
125,121,17433
124,126,17434
126,123,17435
123,133,17436
118,141,17437
121,138,17438
119,142,17439
119,143,17440
113,149,17441
118,146,17442
108,153,17443
108,154,17444
105,156,17445
97,158,17446
100,158,17447
97,159,17448
88,159,17449
90,160,17450
86,160,17451
78,158,17452
74,156,17453
70,154,17454
72,157,17455
65,151,17456
62,149,17457
58,144,17458
57,144,17459
52,136,17460
50,133,17461
50,134,17462
46,119,17463
45,116,17464
44,113,17465
44,104,17466
43,106,17467
44,97,17468
47,85,17469
45,87,17470
45,85,17471
54,68,17472
54,67,17473
53,67,17474
57,61,17475
69,50,17476
61,55,17477
73,46,17478
76,44,17479
80,42,17480
93,38,17481
90,38,17482
96,37,17483
105,36,17484
111,37,17485
110,36,17486
128,42,17487
135,46,17488
129,41,17489
136,45,17490
150,58,17491
150,57,17492
152,59,17493
160,70,17494
163,76,17495
164,77,17496
166,80,17497
172,103,17498
173,107,17499
173,103,17500
174,123,17501
175,122,17502
174,131,17503
169,152,17504
173,142,17505
170,153,17506
164,167,17507
164,169,17508
157,180,17509
153,185,17510
145,194,17511
140,199,17512
136,202,17513
121,210,17514
121,211,17515
102,216,17516
105,216,17517
93,217,17518
90,218,17519
77,217,17520
78,218,17521
62,213,17522
51,208,17523
47,206,17524
47,207,17525
36,199,17526
98,111,17527
100,110,17528
101,109,17529
102,111,17530
104,112,17531
104,111,17532
105,113,17533
106,114,17534
107,115,17535
107,116,17536
106,122,17537
107,122,17538
108,121,17539
106,125,17540
106,126,17541
108,125,17542
102,131,17543
103,131,17544
102,133,17545
99,135,17546
100,135,17547
98,136,17548
95,137,17549
94,138,17550
93,139,17551
89,138,17552
89,139,17553
83,137,17554
82,137,17555
79,136,17556
78,135,17557
76,134,17558
73,131,17559
71,129,17560
69,126,17561
67,124,17562
66,120,17563
64,113,17564
64,116,17565
63,109,17566
62,110,17567
64,97,17568
61,105,17569
63,95,17570
65,89,17571
65,88,17572
71,78,17573
68,81,17574
69,79,17575
75,72,17576
75,71,17577
80,67,17578
82,65,17579
84,64,17580
92,61,17581
89,61,17582
96,59,17583
103,59,17584
112,60,17585
106,58,17586
113,59,17587
119,61,17588
122,62,17589
128,66,17590
133,70,17591
136,72,17592
138,74,17593
142,79,17594
145,84,17595
147,87,17596
150,94,17597
152,99,17598
154,110,17599
154,117,17600
155,115,17601
156,118,17602
153,137,17603
156,126,17604
154,137,17605
151,147,17606
147,157,17607
142,165,17608
143,165,17609
138,171,17610
130,179,17611
128,181,17612
126,183,17613
119,187,17614
117,189,17615
110,192,17616
103,194,17617
94,195,17618
91,196,17619
88,196,17620
72,193,17621
68,192,17622
65,191,17623
62,190,17624
49,181,17625
46,179,17626
44,178,17627
38,172,17628
29,160,17629
25,153,17630
23,150,17631
21,145,17632
18,137,17633
16,130,17634
14,122,17635
13,111,17636
13,100,17637
14,89,17638
14,84,17639
17,72,17640
22,60,17641
21,60,17642
28,47,17643
32,40,17644
35,36,17645
43,27,17646
47,23,17647
52,18,17648
66,10,17649
72,7,17650
80,4,17651
87,2,17652
92,1,17653
97,115,17654
96,116,17655
96,118,17656
93,119,17657
91,118,17658
91,119,17659
90,119,17660
88,118,17661
87,118,17662
86,117,17663
85,117,17664
84,115,17665
83,113,17666
82,111,17667
82,108,17668
81,110,17669
81,105,17670
80,106,17671
81,102,17672
81,99,17673
81,98,17674
82,96,17675
85,92,17676
84,91,17677
84,90,17678
90,86,17679
90,85,17680
92,84,17681
92,83,17682
96,82,17683
98,81,17684
99,80,17685
103,80,17686
105,80,17687
109,81,17688
110,80,17689
114,82,17690
118,85,17691
121,87,17692
125,91,17693
124,88,17694
127,93,17695
128,93,17696
131,99,17697
133,103,17698
134,104,17699
135,115,17700
136,114,17701
136,120,17702
136,126,17703
136,127,17704
135,133,17705
135,135,17706
134,138,17707
131,145,17708
130,148,17709
128,151,17710
123,157,17711
118,162,17712
119,162,17713
111,167,17714
114,166,17715
105,170,17716
99,172,17717
96,173,17718
92,173,17719
85,173,17720
88,174,17721
77,172,17722
74,171,17723
67,168,17724
62,165,17725
58,162,17726
54,159,17727
53,158,17728
49,154,17729
42,143,17730
41,142,17731
38,135,17732
36,130,17733
35,127,17734
33,113,17735
32,109,17736
32,102,17737
32,96,17738
34,85,17739
34,83,17740
37,75,17741
36,75,17742
44,59,17743
48,53,17744
47,54,17745
54,45,17746
57,42,17747
62,38,17748
69,33,17749
73,30,17750
81,27,17751
93,24,17752
96,23,17753
107,23,17754
110,23,17755
114,23,17756
122,25,17757
128,27,17758
134,29,17759
142,34,17760
146,36,17761
153,42,17762
161,50,17763
164,54,17764
172,66,17765
173,68,17766
177,76,17767
182,91,17768
182,90,17769
185,111,17770
186,113,17771
186,121,17772
186,129,17773
185,138,17774
184,145,17775
178,165,17776
180,161,17777
170,182,17778
169,184,17779
166,189,17780
96,112,17781
95,108,17782
94,107,17783
96,106,17784
97,104,17785
97,103,17786
98,102,17787
98,101,17788
100,101,17789
100,100,17790
105,102,17791
104,100,17792
107,102,17793
109,103,17794
110,104,17795
109,100,17796
113,108,17797
113,106,17798
115,110,17799
115,107,17800
116,113,17801
117,114,17802
117,119,17803
118,118,17804
119,118,17805
118,123,17806
117,128,17807
117,129,17808
117,130,17809
113,137,17810
115,135,17811
112,139,17812
112,140,17813
108,144,17814
103,147,17815
107,146,17816
100,149,17817
94,150,17818
95,151,17819
91,151,17820
86,151,17821
83,150,17822
84,152,17823
80,150,17824
75,148,17825
75,149,17826
66,140,17827
67,143,17828
66,143,17829
59,131,17830
59,134,17831
58,132,17832
55,125,17833
53,118,17834
52,114,17835
52,119,17836
51,106,17837
51,100,17838
52,94,17839
53,88,17840
52,89,17841
53,86,17842
57,77,17843
59,73,17844
60,70,17845
63,66,17846
70,59,17847
70,58,17848
77,53,17849
86,49,17850
83,49,17851
85,48,17852
98,46,17853
101,45,17854
108,45,17855
111,45,17856
121,48,17857
122,48,17858
121,47,17859
132,53,17860
136,55,17861
143,62,17862
149,69,17863
145,62,17864
155,77,17865
158,83,17866
157,79,17867
163,95,17868
165,105,17869
166,106,17870
166,105,17871
167,119,17872
167,125,17873
167,129,17874
164,144,17875
164,146,17876
161,156,17877
156,166,17878
151,174,17879
150,176,17880
150,177,17881
133,193,17882
136,192,17883
130,196,17884
119,202,17885
121,202,17886
108,207,17887
99,208,17888
97,209,17889
89,210,17890
76,208,17891
71,207,17892
67,206,17893
59,203,17894
48,197,17895
50,199,17896
31,182,17897
32,184,17898
22,172,17899
18,166,17900
14,159,17901
18,168,17902
5,133,17903
4,129,17904
3,126,17905
2,122,17906
1,110,17907
99,113,17908
100,113,17909
101,115,17910
101,118,17911
100,120,17912
103,118,17913
102,120,17914
102,122,17915
101,123,17916
100,125,17917
99,126,17918
98,127,17919
95,128,17920
94,129,17921
91,129,17922
95,131,17923
87,129,17924
89,131,17925
85,129,17926
85,130,17927
81,127,17928
80,127,17929
79,126,17930
78,127,17931
75,122,17932
74,119,17933
74,122,17934
72,116,17935
71,114,17936
70,110,17937
70,105,17938
69,108,17939
69,103,17940
69,102,17941
73,90,17942
70,94,17943
72,89,17944
78,82,17945
74,85,17946
79,79,17947
77,80,17948
86,73,17949
81,75,17950
91,70,17951
93,69,17952
94,68,17953
104,68,17954
103,67,17955
102,66,17956
111,68,17957
111,67,17958
114,68,17959
119,70,17960
126,75,17961
129,77,17962
127,74,17963
134,81,17964
136,84,17965
140,91,17966
139,87,17967
144,100,17968
144,98,17969
146,103,17970
147,114,17971
148,117,17972
148,123,17973
147,130,17974
148,131,17975
145,142,17976
139,154,17977
145,144,17978
145,146,17979
130,167,17980
130,168,17981
131,168,17982
127,172,17983
116,179,17984
123,176,17985
114,181,17986
106,184,17987
100,186,17988
92,187,17989
84,186,17990
88,188,17991
77,186,17992
71,184,17993
74,186,17994
60,179,17995
51,172,17996
51,174,17997
48,171,17998
36,156,17999
38,160,18000
34,154,18001
28,142,18002
25,133,18003
24,131,18004
23,130,18005
21,111,18006
20,109,18007
20,101,18008
22,86,18009
22,82,18010
24,75,18011
29,63,18012
28,62,18013
34,51,18014
39,44,18015
39,43,18016
46,35,18017
56,26,18018
60,23,18019
64,20,18020
72,16,18021
89,11,18022
85,11,18023
101,9,18024
103,9,18025
117,10,18026
123,11,18027
130,13,18028
132,13,18029
149,23,18030
152,25,18031
160,31,18032
160,30,18033
170,41,18034
94,114,18035
93,114,18036
92,116,18037
90,113,18038
90,111,18039
89,111,18040
88,110,18041
87,110,18042
87,108,18043
87,106,18044
87,104,18045
88,101,18046
86,102,18047
90,97,18048
89,97,18049
88,97,18050
92,94,18051
93,92,18052
95,91,18053
96,90,18054
100,90,18055
101,89,18056
101,88,18057
102,88,18058
106,88,18059
110,90,18060
109,88,18061
114,92,18062
113,90,18063
118,94,18064
120,96,18065
120,95,18066
123,100,18067
124,101,18068
126,106,18069
127,106,18070
128,112,18071
128,120,18072
129,119,18073
129,123,18074
130,122,18075
127,132,18076
131,122,18077
126,137,18078
126,139,18079
124,143,18080
118,150,18081
119,150,18082
118,152,18083
109,158,18084
112,157,18085
108,160,18086
104,162,18087
100,163,18088
95,164,18089
96,165,18090
87,165,18091
82,164,18092
75,162,18093
75,163,18094
71,161,18095
67,159,18096
64,157,18097
59,152,18098
53,145,18099
52,145,18100
51,144,18101
46,134,18102
44,130,18103
42,124,18104
41,120,18105
40,117,18106
40,101,18107
40,98,18108
39,99,18109
39,96,18110
44,79,18111
41,84,18112
44,75,18113
47,69,18114
54,58,18115
57,54,18116
58,52,18117
61,49,18118
69,43,18119
76,39,18120
77,37,18121
88,34,18122
89,33,18123
93,32,18124
100,31,18125
113,32,18126
115,32,18127
121,33,18128
130,37,18129
138,41,18130
141,43,18131
143,44,18132
155,56,18133
159,61,18134
154,53,18135
167,73,18136
168,75,18137
172,84,18138
175,93,18139
176,97,18140
178,108,18141
179,115,18142
179,124,18143
179,127,18144
176,145,18145
174,153,18146
174,156,18147
169,168,18148
162,179,18149
163,180,18150
154,191,18151
149,197,18152
145,201,18153
134,209,18154
133,210,18155
131,212,18156
113,219,18157
107,221,18158
101,222,18159
95,223,18160
81,223,18161
97,110,18162
98,108,18163
99,107,18164
101,107,18165
102,107,18166
103,107,18167
104,107,18168
105,108,18169
107,109,18170
108,110,18171
109,112,18172
109,111,18173
110,114,18174
111,116,18175
111,119,18176
112,118,18177
111,123,18178
111,124,18179
111,125,18180
110,128,18181
110,129,18182
109,131,18183
106,135,18184
106,136,18185
105,137,18186
102,139,18187
99,141,18188
97,142,18189
98,142,18190
92,143,18191
92,144,18192
89,144,18193
85,143,18194
84,143,18195
81,142,18196
77,140,18197
74,138,18198
71,135,18199
68,132,18200
67,131,18201
66,130,18202
63,125,18203
62,123,18204
60,117,18205
59,113,18206
59,109,18207
59,100,18208
58,104,18209
59,95,18210
59,94,18211
60,89,18212
61,86,18213
63,81,18214
65,77,18215
67,74,18216
69,71,18217
75,65,18218
77,63,18219
81,60,18220
83,59,18221
89,56,18222
92,55,18223
96,54,18224
106,54,18225
109,54,18226
112,54,18227
113,54,18228
117,55,18229
126,59,18230
130,61,18231
134,64,18232
137,67,18233
143,73,18234
144,74,18235
147,78,18236
150,83,18237
153,89,18238
155,94,18239
158,105,18240
159,110,18241
159,117,18242
159,128,18243
159,132,18244
159,133,18245
158,139,18246
156,147,18247
154,153,18248
149,163,18249
147,167,18250
145,170,18251
139,177,18252
131,185,18253
130,186,18254
123,191,18255
115,195,18256
113,196,18257
104,199,18258
99,200,18259
84,200,18260
80,200,18261
78,200,18262
73,199,18263
64,196,18264
57,193,18265
52,190,18266
46,186,18267
40,181,18268
35,176,18269
27,166,18270
25,163,18271
22,158,18272
18,150,18273
13,136,18274
12,133,18275
10,123,18276
9,117,18277
9,95,18278
9,90,18279
10,83,18280
11,78,18281
13,70,18282
17,58,18283
22,48,18284
24,44,18285
32,32,18286
38,25,18287
44,19,18288
98,115,18289
98,116,18290
98,118,18291
96,120,18292
95,120,18293
95,122,18294
93,122,18295
93,123,18296
92,124,18297
90,123,18298
89,123,18299
87,123,18300
84,120,18301
83,119,18302
83,120,18303
83,123,18304
80,114,18305
79,116,18306
78,112,18307
78,109,18308
77,109,18309
76,108,18310
77,103,18311
77,100,18312
75,104,18313
77,98,18314
78,94,18315
80,91,18316
79,91,18317
83,86,18318
83,85,18319
86,82,18320
89,80,18321
88,80,18322
93,78,18323
93,77,18324
97,76,18325
105,76,18326
105,75,18327
108,76,18328
111,76,18329
116,78,18330
112,75,18331
119,79,18332
123,82,18333
124,82,18334
131,93,18335
131,90,18336
132,90,18337
137,104,18338
136,98,18339
138,103,18340
139,106,18341
140,114,18342
141,117,18343
141,123,18344
141,126,18345
139,134,18346
139,136,18347
136,145,18348
136,146,18349
135,149,18350
130,156,18351
126,161,18352
122,165,18353
124,164,18354
115,170,18355
117,170,18356
109,174,18357
103,176,18358
103,177,18359
99,178,18360
86,178,18361
83,178,18362
79,178,18363
74,177,18364
66,173,18365
62,171,18366
57,168,18367
53,164,18368
51,163,18369
42,151,18370
40,148,18371
43,155,18372
35,139,18373
32,130,18374
32,134,18375
29,120,18376
28,111,18377
27,110,18378
28,96,18379
28,93,18380
30,81,18381
31,77,18382
34,69,18383
37,62,18384
39,57,18385
46,48,18386
52,41,18387
52,40,18388
53,38,18389
70,27,18390
71,26,18391
77,23,18392
87,20,18393
88,19,18394
107,18,18395
103,17,18396
110,17,18397
116,18,18398
132,23,18399
136,25,18400
139,26,18401
147,31,18402
157,39,18403
157,38,18404
173,60,18405
172,57,18406
176,64,18407
181,74,18408
185,85,18409
184,78,18410
189,106,18411
190,112,18412
190,128,18413
191,122,18414
191,127,18415
95,112,18416
93,111,18417
92,110,18418
93,107,18419
94,105,18420
92,105,18421
93,103,18422
93,102,18423
94,101,18424
94,100,18425
97,98,18426
98,98,18427
100,97,18428
102,97,18429
104,97,18430
101,95,18431
107,97,18432
105,95,18433
111,99,18434
111,98,18435
114,101,18436
116,104,18437
116,102,18438
116,101,18439
119,107,18440
120,111,18441
121,111,18442
121,117,18443
122,114,18444
122,121,18445
122,122,18446
122,126,18447
122,127,18448
122,129,18449
117,138,18450
122,132,18451
116,141,18452
110,147,18453
114,145,18454
109,149,18455
109,150,18456
101,153,18457
105,153,18458
98,155,18459
96,156,18460
94,157,18461
84,155,18462
84,156,18463
85,157,18464
72,151,18465
77,155,18466
71,152,18467
67,149,18468
63,145,18469
61,143,18470
61,145,18471
57,139,18472
53,132,18473
50,124,18474
50,126,18475
48,117,18476
47,114,18477
47,102,18478
46,104,18479
46,102,18480
47,93,18481
51,80,18482
48,86,18483
53,74,18484
60,64,18485
53,72,18486
56,66,18487
69,54,18488
72,51,18489
71,51,18490
75,48,18491
85,44,18492
81,44,18493
92,41,18494
98,40,18495
102,39,18496
115,41,18497
121,43,18498
115,40,18499
124,43,18500
133,48,18501
132,46,18502
143,55,18503
154,68,18504
146,56,18505
155,67,18506
163,83,18507
163,82,18508
165,86,18509
167,92,18510
170,107,18511
171,110,18512
171,120,18513
171,130,18514
171,131,18515
170,141,18516
165,156,18517
166,156,18518
161,167,18519
153,179,18520
157,175,18521
152,182,18522
139,195,18523
140,195,18524
132,201,18525
127,204,18526
116,209,18527
118,209,18528
104,213,18529
93,214,18530
94,215,18531
72,212,18532
69,212,18533
66,211,18534
55,207,18535
53,206,18536
48,204,18537
33,191,18538
26,184,18539
26,185,18540
22,181,18541
13,167,18542
97,112,18543
101,112,18544
101,111,18545
102,114,18546
103,115,18547
104,115,18548
105,116,18549
105,117,18550
105,119,18551
106,120,18552
104,124,18553
104,125,18554
103,127,18555
102,128,18556
100,130,18557
103,130,18558
97,132,18559
98,133,18560
95,134,18561
95,135,18562
90,134,18563
87,134,18564
89,136,18565
86,135,18566
84,135,18567
80,132,18568
81,134,18569
76,129,18570
77,132,18571
74,128,18572
72,126,18573
70,123,18574
69,120,18575
68,120,18576
67,109,18577
66,113,18578
65,109,18579
66,101,18580
65,102,18581
67,93,18582
65,97,18583
70,86,18584
66,90,18585
70,83,18586
73,79,18587
75,76,18588
81,71,18589
77,73,18590
80,70,18591
91,65,18592
88,65,18593
91,64,18594
97,62,18595
103,62,18596
106,62,18597
107,61,18598
112,62,18599
119,65,18600
126,69,18601
123,66,18602
128,69,18603
132,73,18604
135,75,18605
140,82,18606
143,87,18607
145,89,18608
146,91,18609
149,99,18610
150,103,18611
151,119,18612
152,114,18613
153,116,18614
151,132,18615
150,138,18616
151,138,18617
150,143,18618
143,157,18619
147,152,18620
141,162,18621
136,169,18622
133,172,18623
129,176,18624
125,180,18625
117,185,18626
110,188,18627
103,190,18628
106,190,18629
95,192,18630
89,192,18631
88,193,18632
80,192,18633
70,189,18634
66,188,18635
61,186,18636
52,180,18637
48,177,18638
39,168,18639
38,168,18640
29,153,18641
31,158,18642
28,154,18643
23,142,18644
20,133,18645
18,126,18646
17,120,18647
16,112,18648
15,106,18649
17,88,18650
16,90,18651
17,83,18652
22,67,18653
26,57,18654
26,56,18655
32,45,18656
44,31,18657
41,33,18658
50,25,18659
57,19,18660
61,16,18661
69,12,18662
78,8,18663
79,7,18664
97,4,18665
106,4,18666
110,4,18667
117,4,18668
121,5,18669
96,114,18670
95,116,18671
94,117,18672
92,117,18673
90,115,18674
90,117,18675
88,115,18676
87,115,18677
86,114,18678
85,113,18679
85,109,18680
84,109,18681
83,109,18682
84,103,18683
84,102,18684
82,104,18685
84,99,18686
84,98,18687
85,96,18688
86,94,18689
86,93,18690
88,91,18691
92,88,18692
90,88,18693
93,86,18694
97,85,18695
96,84,18696
102,84,18697
105,84,18698
105,83,18699
109,84,18700
108,83,18701
114,86,18702
115,86,18703
117,87,18704
120,89,18705
122,91,18706
126,97,18707
126,96,18708
129,103,18709
129,100,18710
131,106,18711
132,107,18712
133,114,18713
133,119,18714
134,121,18715
133,127,18716
132,132,18717
132,135,18718
130,140,18719
129,143,18720
128,145,18721
126,149,18722
122,154,18723
118,158,18724
119,158,18725
114,162,18726
106,166,18727
107,166,18728
103,168,18729
97,169,18730
95,170,18731
86,170,18732
81,169,18733
76,168,18734
74,168,18735
70,166,18736
69,166,18737
60,160,18738
58,159,18739
52,152,18740
51,151,18741
44,140,18742
45,143,18743
41,134,18744
39,131,18745
37,122,18746
36,118,18747
35,113,18748
35,102,18749
35,98,18750
36,90,18751
37,83,18752
40,74,18753
41,71,18754
43,67,18755
44,64,18756
50,55,18757
51,53,18758
57,46,18759
64,40,18760
72,35,18761
80,31,18762
81,30,18763
88,28,18764
94,27,18765
99,26,18766
109,26,18767
115,27,18768
123,29,18769
125,29,18770
136,34,18771
141,37,18772
143,38,18773
153,46,18774
155,48,18775
164,59,18776
167,63,18777
170,68,18778
175,79,18779
178,87,18780
179,90,18781
182,104,18782
183,112,18783
182,132,18784
184,120,18785
181,143,18786
180,150,18787
178,157,18788
175,165,18789
171,174,18790
167,182,18791
158,194,18792
161,191,18793
152,201,18794
143,209,18795
135,215,18796
96,111,18797
96,108,18798
95,107,18799
97,106,18800
99,105,18801
99,104,18802
101,103,18803
102,103,18804
104,104,18805
104,103,18806
106,104,18807
107,103,18808
110,108,18809
111,109,18810
112,110,18811
111,104,18812
113,113,18813
114,113,18814
115,115,18815
115,119,18816
115,120,18817
116,121,18818
114,127,18819
115,126,18820
116,126,18821
114,130,18822
111,135,18823
111,136,18824
111,137,18825
106,141,18826
106,142,18827
105,143,18828
99,146,18829
98,147,18830
93,147,18831
94,148,18832
91,149,18833
83,147,18834
82,147,18835
81,147,18836
77,146,18837
72,142,18838
73,144,18839
69,141,18840
65,136,18841
65,137,18842
59,124,18843
60,130,18844
59,129,18845
56,116,18846
55,116,18847
54,113,18848
54,106,18849
53,105,18850
54,98,18851
53,100,18852
56,87,18853
57,84,18854
59,79,18855
61,75,18856
63,71,18857
64,69,18858
71,62,18859
76,58,18860
76,57,18861
79,55,18862
89,51,18863
88,51,18864
95,49,18865
101,48,18866
105,48,18867
109,48,18868
116,50,18869
121,51,18870
122,51,18871
130,55,18872
136,60,18873
136,59,18874
143,65,18875
146,69,18876
149,72,18877
155,84,18878
159,93,18879
156,82,18880
161,99,18881
163,110,18882
164,110,18883
164,123,18884
164,127,18885
165,123,18886
161,145,18887
160,149,18888
158,155,18889
158,156,18890
149,172,18891
146,176,18892
147,176,18893
136,187,18894
128,193,18895
129,193,18896
129,194,18897
110,202,18898
109,203,18899
100,205,18900
92,206,18901
86,206,18902
84,206,18903
76,205,18904
70,204,18905
64,202,18906
51,195,18907
43,190,18908
38,186,18909
35,183,18910
27,174,18911
25,172,18912
16,155,18913
15,154,18914
11,145,18915
7,130,18916
6,126,18917
5,127,18918
4,106,18919
4,98,18920
5,87,18921
6,79,18922
8,70,18923
99,114,18924
100,115,18925
100,116,18926
100,118,18927
98,121,18928
100,121,18929
98,123,18930
98,124,18931
97,125,18932
96,126,18933
93,126,18934
93,127,18935
91,127,18936
90,128,18937
88,127,18938
90,130,18939
84,125,18940
83,126,18941
81,124,18942
80,124,18943
78,120,18944
77,119,18945
76,119,18946
75,118,18947
74,115,18948
73,111,18949
72,111,18950
73,102,18951
71,107,18952
73,99,18953
73,96,18954
74,93,18955
73,94,18956
74,91,18957
80,83,18958
77,85,18959
80,81,18960
88,76,18961
86,76,18962
89,74,18963
87,74,18964
97,72,18965
95,71,18966
100,70,18967
104,70,18968
108,70,18969
117,74,18970
115,72,18971
117,72,18972
124,77,18973
123,75,18974
127,79,18975
130,81,18976
136,90,18977
137,91,18978
138,91,18979
139,93,18980
143,107,18981
144,110,18982
144,107,18983
145,115,18984
146,117,18985
144,131,18986
145,129,18987
143,139,18988
142,143,18989
138,151,18990
139,151,18991
134,159,18992
125,168,18993
132,163,18994
131,165,18995
116,175,18996
112,178,18997
108,180,18998
107,181,18999
96,183,19000
100,183,19001
92,184,19002
81,183,19003
78,183,19004
68,179,19005
62,176,19006
69,181,19007
60,176,19008
48,166,19009
51,170,19010
43,161,19011
37,152,19012
38,156,19013
36,153,19014
28,132,19015
27,131,19016
25,125,19017
24,117,19018
23,108,19019
23,97,19020
24,91,19021
25,83,19022
26,78,19023
28,71,19024
35,57,19025
35,55,19026
39,49,19027
49,37,19028
46,39,19029
52,33,19030
60,27,19031
65,23,19032
73,19,19033
84,15,19034
94,13,19035
91,13,19036
107,12,19037
113,13,19038
114,12,19039
132,18,19040
136,19,19041
140,21,19042
150,27,19043
154,30,19044
158,32,19045
173,51,19046
177,57,19047
181,63,19048
180,60,19049
188,79,19050
94,113,19051
93,113,19052
91,113,19053
91,111,19054
91,108,19055
89,108,19056
90,105,19057
89,106,19058
89,104,19059
89,102,19060
90,101,19061
91,99,19062
91,98,19063
95,96,19064
95,95,19065
93,94,19066
98,93,19067
98,92,19068
102,92,19069
101,91,19070
105,92,19071
109,93,19072
109,92,19073
108,91,19074
112,93,19075
116,97,19076
115,94,19077
119,100,19078
120,100,19079
122,104,19080
123,104,19081
124,108,19082
125,111,19083
126,113,19084
126,121,19085
127,115,19086
127,122,19087
124,132,19088
125,132,19089
125,133,19090
124,136,19091
120,143,19092
123,141,19093
116,148,19094
116,149,19095
112,153,19096
107,156,19097
107,157,19098
103,159,19099
96,160,19100
97,161,19101
94,162,19102
89,162,19103
84,161,19104
85,163,19105
78,160,19106
74,159,19107
69,156,19108
63,151,19109
63,153,19110
58,147,19111
58,148,19112
53,142,19113
49,133,19114
46,126,19115
46,128,19116
44,122,19117
43,116,19118
42,110,19119
43,98,19120
41,103,19121
41,101,19122
46,81,19123
49,73,19124
47,75,19125
48,73,19126
59,58,19127
53,63,19128
59,56,19129
65,50,19130
71,45,19131
75,43,19132
77,41,19133
81,39,19134
92,36,19135
99,35,19136
98,34,19137
112,35,19138
119,37,19139
116,35,19140
126,38,19141
136,44,19142
139,45,19143
143,48,19144
152,57,19145
154,59,19146
160,67,19147
158,63,19148
167,81,19149
169,85,19150
170,85,19151
174,103,19152
175,108,19153
176,114,19154
175,130,19155
176,131,19156
175,139,19157
170,156,19158
173,149,19159
169,161,19160
164,171,19161
157,182,19162
155,186,19163
151,191,19164
139,201,19165
143,199,19166
124,211,19167
125,211,19168
117,215,19169
104,218,19170
99,219,19171
98,220,19172
80,219,19173
74,218,19174
65,216,19175
62,216,19176
53,212,19177
98,110,19178
99,109,19179
100,108,19180
102,110,19181
103,110,19182
104,109,19183
105,111,19184
106,112,19185
107,113,19186
108,114,19187
108,118,19188
109,117,19189
109,119,19190
108,123,19191
107,126,19192
109,125,19193
107,128,19194
106,130,19195
105,131,19196
104,133,19197
104,134,19198
101,136,19199
99,137,19200
98,138,19201
97,139,19202
94,140,19203
92,140,19204
86,139,19205
86,140,19206
85,140,19207
80,138,19208
81,139,19209
75,135,19210
74,135,19211
72,133,19212
69,129,19213
68,128,19214
66,124,19215
65,124,19216
63,116,19217
63,119,19218
62,105,19219
61,112,19220
60,107,19221
62,96,19222
61,98,19223
64,88,19224
64,86,19225
65,83,19226
67,80,19227
68,77,19228
71,73,19229
73,71,19230
78,66,19231
81,64,19232
82,63,19233
85,61,19234
90,59,19235
101,58,19236
100,57,19237
102,56,19238
105,56,19239
113,57,19240
118,59,19241
123,61,19242
124,61,19243
129,64,19244
133,67,19245
139,73,19246
139,72,19247
144,79,19248
148,85,19249
151,93,19250
152,94,19251
155,105,19252
155,103,19253
156,120,19254
157,116,19255
157,126,19256
156,133,19257
155,139,19258
152,149,19259
151,153,19260
149,157,19261
144,166,19262
142,169,19263
138,174,19264
131,181,19265
129,183,19266
127,185,19267
114,192,19268
104,195,19269
106,195,19270
99,197,19271
87,197,19272
84,197,19273
86,198,19274
78,197,19275
61,191,19276
57,189,19277
53,187,19278
47,183,19279
38,174,19280
39,176,19281
30,165,19282
28,162,19283
24,155,19284
22,152,19285
18,143,19286
14,129,19287
12,117,19288
12,99,19289
11,108,19290
11,99,19291
15,76,19292
12,85,19293
19,62,19294
20,58,19295
22,54,19296
27,45,19297
33,36,19298
33,35,19299
49,19,19300
51,17,19301
60,11,19302
65,8,19303
71,5,19304
97,114,19305
96,117,19306
97,118,19307
94,119,19308
92,119,19309
92,120,19310
91,121,19311
90,121,19312
88,120,19313
87,119,19314
86,120,19315
85,119,19316
83,116,19317
82,114,19318
81,113,19319
81,117,19320
80,109,19321
79,110,19322
79,106,19323
79,104,19324
79,102,19325
79,100,19326
82,94,19327
80,96,19328
80,94,19329
84,89,19330
84,88,19331
88,85,19332
86,85,19333
90,83,19334
93,81,19335
94,80,19336
97,79,19337
100,79,19338
106,79,19339
106,78,19340
110,79,19341
114,81,19342
117,82,19343
116,81,19344
119,82,19345
125,88,19346
123,85,19347
128,91,19348
129,92,19349
132,96,19350
135,108,19351
135,104,19352
135,101,19353
137,115,19354
138,115,19355
138,121,19356
138,125,19357
137,132,19358
136,137,19359
137,135,19360
135,141,19361
129,151,19362
128,154,19363
126,157,19364
123,160,19365
123,161,19366
115,167,19367
110,170,19368
108,171,19369
107,172,19370
97,174,19371
96,175,19372
86,175,19373
85,175,19374
78,174,19375
76,174,19376
64,168,19377
63,168,19378
61,167,19379
57,164,19380
51,158,19381
51,159,19382
46,153,19383
41,145,19384
38,140,19385
35,130,19386
33,124,19387
32,125,19388
31,112,19389
30,105,19390
30,101,19391
31,93,19392
32,84,19393
33,80,19394
37,69,19395
41,61,19396
43,57,19397
45,53,19398
52,45,19399
56,41,19400
56,40,19401
64,34,19402
77,27,19403
80,25,19404
76,26,19405
95,22,19406
98,21,19407
104,20,19408
116,22,19409
120,22,19410
131,26,19411
132,26,19412
137,28,19413
146,34,19414
154,41,19415
159,45,19416
164,51,19417
171,61,19418
175,68,19419
175,67,19420
182,87,19421
185,96,19422
186,99,19423
187,111,19424
188,117,19425
188,123,19426
187,135,19427
186,144,19428
180,164,19429
182,160,19430
177,173,19431
95,111,19432
94,110,19433
93,108,19434
95,106,19435
95,105,19436
95,103,19437
96,102,19438
96,101,19439
98,100,19440
98,99,19441
102,100,19442
102,99,19443
104,99,19444
106,100,19445
107,100,19446
105,97,19447
112,104,19448
111,101,19449
113,104,19450
114,104,19451
116,109,19452
117,110,19453
118,112,19454
118,110,19455
119,113,19456
119,119,19457
119,123,19458
119,126,19459
120,124,19460
118,130,19461
117,133,19462
117,134,19463
117,136,19464
115,139,19465
108,145,19466
113,143,19467
107,147,19468
100,150,19469
100,151,19470
101,151,19471
100,152,19472
91,153,19473
93,154,19474
89,154,19475
84,153,19476
82,153,19477
72,147,19478
71,148,19479
73,150,19480
64,141,19481
64,143,19482
60,138,19483
57,133,19484
55,129,19485
53,124,19486
53,127,19487
51,119,19488
50,113,19489
50,101,19490
50,98,19491
49,99,19492
49,98,19493
52,86,19494
53,82,19495
54,78,19496
55,75,19497
61,67,19498
59,68,19499
65,61,19500
71,56,19501
70,55,19502
71,54,19503
89,46,19504
91,45,19505
93,44,19506
95,43,19507
111,44,19508
110,43,19509
112,43,19510
119,45,19511
123,46,19512
135,53,19513
139,56,19514
136,52,19515
150,67,19516
145,60,19517
150,65,19518
158,78,19519
161,86,19520
162,85,19521
164,90,19522
167,107,19523
168,111,19524
169,114,19525
168,130,19526
168,133,19527
168,136,19528
162,156,19529
164,152,19530
161,160,19531
159,165,19532
151,177,19533
153,176,19534
140,190,19535
135,194,19536
134,196,19537
127,201,19538
115,206,19539
114,207,19540
103,210,19541
96,211,19542
86,211,19543
83,211,19544
79,211,19545
62,206,19546
62,207,19547
44,196,19548
43,196,19549
37,191,19550
31,186,19551
29,184,19552
27,183,19553
13,160,19554
10,153,19555
7,148,19556
5,143,19557
1,124,19558
98,112,19559
101,113,19560
102,113,19561
102,116,19562
102,118,19563
103,117,19564
103,119,19565
104,120,19566
102,123,19567
102,124,19568
101,126,19569
101,127,19570
99,128,19571
97,129,19572
95,130,19573
98,131,19574
92,131,19575
92,132,19576
89,132,19577
89,133,19578
84,131,19579
83,130,19580
82,131,19581
80,130,19582
79,129,19583
76,125,19584
76,127,19585
72,120,19586
72,121,19587
70,115,19588
70,118,19589
69,113,19590
68,110,19591
68,105,19592
69,98,19593
67,102,19594
68,97,19595
75,84,19596
70,90,19597
72,86,19598
73,83,19599
79,77,19600
75,79,19601
82,73,19602
85,71,19603
86,70,19604
95,67,19605
91,67,19606
95,66,19607
102,65,19608
106,65,19609
108,65,19610
109,65,19611
118,68,19612
122,70,19613
119,67,19614
125,71,19615
130,75,19616
136,82,19617
135,79,19618
140,87,19619
141,88,19620
144,93,19621
147,104,19622
148,107,19623
149,110,19624
149,120,19625
150,117,19626
149,130,19627
147,138,19628
149,135,19629
149,137,19630
141,154,19631
140,157,19632
141,157,19633
139,161,19634
127,173,19635
134,168,19636
122,178,19637
119,180,19638
112,184,19639
105,186,19640
104,187,19641
99,188,19642
92,189,19643
89,190,19644
80,188,19645
71,186,19646
64,183,19647
66,185,19648
58,181,19649
47,171,19650
46,172,19651
39,164,19652
34,157,19653
31,151,19654
29,149,19655
29,150,19656
21,123,19657
21,126,19658
20,123,19659
19,106,19660
18,105,19661
19,92,19662
23,75,19663
20,82,19664
23,71,19665
28,60,19666
26,62,19667
35,46,19668
42,37,19669
45,34,19670
46,32,19671
55,24,19672
71,15,19673
71,14,19674
84,10,19675
82,10,19676
91,8,19677
107,7,19678
111,7,19679
108,6,19680
129,11,19681
136,14,19682
141,16,19683
143,16,19684
155,24,19685
95,114,19686
94,115,19687
93,116,19688
91,115,19689
89,112,19690
89,114,19691
88,112,19692
87,112,19693
86,110,19694
85,110,19695
86,105,19696
86,103,19697
85,103,19698
87,100,19699
87,98,19700
85,100,19701
89,95,19702
89,94,19703
91,92,19704
92,91,19705
92,90,19706
95,89,19707
97,88,19708
97,87,19709
100,86,19710
104,87,19711
103,85,19712
110,88,19713
112,88,19714
113,88,19715
116,90,19716
117,90,19717
121,95,19718
123,97,19719
124,98,19720
125,99,19721
127,104,19722
129,111,19723
129,109,19724
130,113,19725
131,114,19726
129,129,19727
132,118,19728
130,129,19729
130,131,19730
129,136,19731
124,144,19732
125,144,19733
125,145,19734
120,151,19735
118,154,19736
115,157,19737
114,158,19738
108,162,19739
105,163,19740
105,164,19741
98,166,19742
93,167,19743
86,166,19744
85,167,19745
80,166,19746
78,166,19747
73,164,19748
66,160,19749
62,157,19750
59,155,19751
56,153,19752
53,149,19753
48,142,19754
46,139,19755
43,132,19756
42,130,19757
39,116,19758
39,119,19759
38,112,19760
37,110,19761
39,93,19762
37,97,19763
38,91,19764
42,77,19765
45,70,19766
48,64,19767
48,63,19768
51,58,19769
58,50,19770
65,44,19771
65,43,19772
73,38,19773
74,37,19774
77,35,19775
89,31,19776
96,30,19777
100,29,19778
107,29,19779
118,31,19780
123,32,19781
124,32,19782
132,35,19783
146,45,19784
145,44,19785
149,46,19786
157,55,19787
163,63,19788
165,66,19789
167,69,19790
171,77,19791
175,87,19792
176,89,19793
179,101,19794
180,111,19795
180,127,19796
179,138,19797
181,127,19798
178,146,19799
171,166,19800
174,161,19801
167,175,19802
165,179,19803
163,183,19804
151,197,19805
150,199,19806
145,204,19807
133,212,19808
124,217,19809
120,219,19810
115,221,19811
108,223,19812
97,109,19813
97,108,19814
98,107,19815
100,107,19816
100,106,19817
102,105,19818
103,105,19819
104,106,19820
106,107,19821
107,107,19822
108,108,19823
109,109,19824
110,112,19825
111,113,19826
112,114,19827
112,115,19828
112,119,19829
113,119,19830
112,124,19831
112,126,19832
112,127,19833
111,129,19834
110,132,19835
110,133,19836
109,135,19837
107,137,19838
103,140,19839
104,140,19840
102,142,19841
96,143,19842
97,144,19843
95,145,19844
91,145,19845
87,145,19846
83,144,19847
83,145,19848
81,144,19849
76,141,19850
74,140,19851
71,138,19852
70,138,19853
65,131,19854
66,134,19855
62,127,19856
61,125,19857
60,124,19858
58,111,19859
57,112,19860
57,107,19861
56,104,19862
56,102,19863
57,95,19864
58,90,19865
59,86,19866
61,81,19867
62,78,19868
64,75,19869
67,71,19870
71,66,19871
75,62,19872
76,61,19873
79,59,19874
87,55,19875
93,53,19876
96,52,19877
99,52,19878
103,51,19879
107,51,19880
112,52,19881
120,54,19882
125,56,19883
130,59,19884
133,61,19885
137,64,19886
142,69,19887
145,72,19888
149,78,19889
150,79,19890
154,87,19891
157,94,19892
158,97,19893
160,111,19894
161,113,19895
161,119,19896
162,121,19897
161,130,19898
160,139,19899
157,148,19900
157,150,19901
153,159,19902
150,165,19903
147,170,19904
142,177,19905
140,180,19906
129,189,19907
123,193,19908
122,194,19909
113,198,19910
101,201,19911
100,202,19912
102,202,19913
88,203,19914
85,203,19915
73,201,19916
67,199,19917
63,198,19918
55,194,19919
47,189,19920
44,187,19921
37,181,19922
30,173,19923
27,169,19924
19,156,19925
17,152,19926
13,142,19927
11,136,19928
8,117,19929
7,115,19930
7,106,19931
6,103,19932
7,92,19933
8,84,19934
12,68,19935
14,61,19936
21,46,19937
23,42,19938
24,40,19939
97,113,19940
99,116,19941
99,118,19942
97,120,19943
96,121,19944
97,122,19945
95,123,19946
95,124,19947
94,124,19948
93,125,19949
90,124,19950
89,125,19951
87,124,19952
85,123,19953
84,123,19954
85,126,19955
80,117,19956
81,121,19957
79,117,19958
79,120,19959
77,113,19960
76,112,19961
76,107,19962
75,107,19963
74,108,19964
75,101,19965
75,100,19966
76,96,19967
76,95,19968
78,91,19969
79,88,19970
80,86,19971
80,85,19972
83,82,19973
88,79,19974
86,79,19975
92,76,19976
98,75,19977
97,74,19978
101,74,19979
103,73,19980
108,74,19981
104,72,19982
110,73,19983
116,76,19984
117,75,19985
128,86,19986
126,82,19987
126,81,19988
134,93,19989
133,89,19990
135,93,19991
137,96,19992
140,106,19993
141,109,19994
141,105,19995
142,115,19996
142,124,19997
142,126,19998
141,134,19999
142,133,20000
141,137,20001
137,147,20002
135,151,20003
133,155,20004
132,157,20005
125,165,20006
122,168,20007
118,171,20008
112,174,20009
113,175,20010
109,177,20011
96,179,20012
94,180,20013
92,181,20014
90,181,20015
78,179,20016
73,178,20017
71,178,20018
62,173,20019
61,173,20020
51,164,20021
46,159,20022
46,161,20023
40,152,20024
34,140,20025
37,149,20026
32,137,20027
28,122,20028
28,125,20029
28,128,20030
26,107,20031
26,97,20032
26,94,20033
28,84,20034
29,78,20035
29,77,20036
36,60,20037
39,55,20038
39,54,20039
45,45,20040
57,34,20041
51,38,20042
64,28,20043
71,24,20044
73,22,20045
81,19,20046
90,17,20047
93,16,20048
101,15,20049
113,16,20050
119,17,20051
124,18,20052
135,22,20053
144,27,20054
144,26,20055
164,45,20056
161,40,20057
166,46,20058
174,57,20059
176,60,20060
176,58,20061
186,84,20062
188,90,20063
189,93,20064
191,100,20065
192,113,20066
94,112,20067
93,112,20068
92,111,20069
92,108,20070
93,105,20071
91,105,20072
92,103,20073
91,103,20074
92,101,20075
92,100,20076
94,99,20077
96,97,20078
95,97,20079
99,96,20080
100,95,20081
98,94,20082
104,95,20083
103,94,20084
107,95,20085
107,94,20086
111,97,20087
112,97,20088
113,97,20089
114,97,20090
117,101,20091
119,105,20092
119,102,20093
121,108,20094
122,109,20095
123,114,20096
123,119,20097
124,116,20098
124,120,20099
124,124,20100
121,133,20101
125,126,20102
121,136,20103
116,142,20104
118,142,20105
117,144,20106
116,145,20107
110,150,20108
111,151,20109
102,155,20110
101,156,20111
102,156,20112
91,157,20113
91,158,20114
92,159,20115
82,157,20116
86,159,20117
78,157,20118
74,155,20119
69,152,20120
65,149,20121
68,153,20122
60,145,20123
58,143,20124
54,136,20125
55,140,20126
49,126,20127
48,125,20128
47,123,20129
46,113,20130
45,110,20131
45,100,20132
46,94,20133
44,101,20134
47,86,20135
51,77,20136
48,80,20137
47,81,20138
60,61,20139
61,59,20140
61,58,20141
63,55,20142
75,47,20143
69,49,20144
80,43,20145
83,42,20146
92,39,20147
99,38,20148
104,38,20149
106,37,20150
112,38,20151
120,40,20152
120,39,20153
130,44,20154
139,50,20155
140,49,20156
139,48,20157
153,63,20158
153,62,20159
160,72,20160
164,80,20161
166,85,20162
169,93,20163
170,94,20164
172,111,20165
173,115,20166
173,127,20167
172,135,20168
173,133,20169
170,148,20170
166,158,20171
167,159,20172
164,165,20173
155,180,20174
156,180,20175
150,187,20176
141,196,20177
132,203,20178
133,203,20179
122,209,20180
113,212,20181
109,214,20182
94,216,20183
85,216,20184
81,216,20185
79,216,20186
65,213,20187
63,213,20188
50,206,20189
38,198,20190
40,200,20191
36,198,20192
27,189,20193
99,111,20194
100,110,20195
101,110,20196
103,112,20197
103,114,20198
104,113,20199
105,114,20200
106,115,20201
106,117,20202
107,118,20203
106,121,20204
106,123,20205
106,124,20206
105,126,20207
104,128,20208
106,128,20209
101,131,20210
100,133,20211
99,134,20212
98,135,20213
96,136,20214
93,136,20215
93,137,20216
90,137,20217
90,138,20218
84,136,20219
84,137,20220
80,134,20221
79,135,20222
76,132,20223
75,132,20224
74,131,20225
71,127,20226
70,126,20227
67,121,20228
66,118,20229
65,115,20230
65,107,20231
64,108,20232
63,106,20233
63,104,20234
66,92,20235
62,103,20236
65,91,20237
67,86,20238
68,83,20239
72,78,20240
70,79,20241
74,74,20242
80,69,20243
79,69,20244
84,65,20245
88,63,20246
91,62,20247
97,61,20248
96,60,20249
101,59,20250
112,61,20251
116,62,20252
115,61,20253
119,62,20254
123,64,20255
128,67,20256
133,71,20257
139,78,20258
139,77,20259
143,82,20260
145,86,20261
148,92,20262
149,94,20263
151,100,20264
152,102,20265
154,116,20266
153,129,20267
155,121,20268
154,130,20269
150,144,20270
153,139,20271
150,148,20272
144,160,20273
141,165,20274
138,169,20275
138,170,20276
133,175,20277
125,182,20278
120,185,20279
118,187,20280
110,190,20281
109,191,20282
103,193,20283
95,194,20284
86,194,20285
82,194,20286
75,193,20287
67,190,20288
58,186,20289
54,184,20290
55,185,20291
42,174,20292
39,171,20293
38,171,20294
31,161,20295
23,146,20296
24,149,20297
19,137,20298
18,133,20299
15,119,20300
14,112,20301
14,107,20302
14,95,20303
15,88,20304
18,74,20305
17,75,20306
22,61,20307
31,45,20308
27,50,20309
36,37,20310
40,32,20311
44,27,20312
54,19,20313
58,16,20314
58,15,20315
76,7,20316
81,5,20317
89,3,20318
96,2,20319
103,1,20320
96,115,20321
95,117,20322
95,118,20323
93,118,20324
91,117,20325
90,118,20326
89,118,20327
88,117,20328
87,117,20329
85,115,20330
85,116,20331
84,114,20332
83,111,20333
82,109,20334
82,106,20335
81,108,20336
82,102,20337
81,103,20338
82,100,20339
83,97,20340
83,96,20341
84,94,20342
87,90,20343
86,90,20344
87,88,20345
92,86,20346
92,85,20347
96,83,20348
98,83,20349
99,82,20350
101,81,20351
103,81,20352
105,81,20353
110,82,20354
113,83,20355
114,83,20356
118,86,20357
121,88,20358
123,90,20359
126,93,20360
127,94,20361
130,99,20362
131,100,20363
133,107,20364
133,106,20365
134,108,20366
135,119,20367
135,121,20368
135,125,20369
135,128,20370
134,133,20371
133,138,20372
131,143,20373
130,145,20374
127,150,20375
126,152,20376
123,156,20377
120,159,20378
114,164,20379
113,165,20380
104,169,20381
103,170,20382
99,171,20383
93,172,20384
88,172,20385
85,172,20386
79,171,20387
78,171,20388
70,168,20389
67,167,20390
61,163,20391
57,160,20392
53,156,20393
50,153,20394
47,149,20395
43,143,20396
39,134,20397
38,132,20398
37,130,20399
34,116,20400
34,118,20401
33,106,20402
33,102,20403
34,90,20404
34,89,20405
36,81,20406
38,73,20407
43,63,20408
43,62,20409
50,52,20410
53,48,20411
58,43,20412
60,41,20413
65,37,20414
71,33,20415
82,28,20416
84,27,20417
92,25,20418
101,24,20419
105,24,20420
110,24,20421
124,27,20422
122,26,20423
130,29,20424
143,36,20425
145,37,20426
152,43,20427
155,45,20428
161,52,20429
163,54,20430
169,63,20431
173,70,20432
177,79,20433
181,91,20434
183,100,20435
184,104,20436
185,121,20437
185,125,20438
183,143,20439
182,148,20440
181,153,20441
179,160,20442
174,172,20443
169,182,20444
162,192,20445
159,196,20446
155,201,20447
95,110,20448
95,108,20449
94,108,20450
97,105,20451
98,104,20452
98,103,20453
99,103,20454
100,102,20455
101,101,20456
102,101,20457
104,102,20458
105,101,20459
109,105,20460
109,104,20461
111,106,20462
109,101,20463
113,110,20464
114,109,20465
115,112,20466
115,109,20467
116,115,20468
117,117,20469
116,123,20470
117,121,20471
118,122,20472
116,128,20473
115,131,20474
115,132,20475
114,135,20476
110,139,20477
111,139,20478
109,142,20479
106,144,20480
107,144,20481
100,147,20482
102,148,20483
96,149,20484
90,149,20485
90,150,20486
86,150,20487
85,150,20488
77,147,20489
83,151,20490
75,147,20491
71,144,20492
70,144,20493
62,133,20494
63,137,20495
62,137,20496
57,124,20497
57,128,20498
55,123,20499
54,119,20500
53,113,20501
52,109,20502
52,106,20503
52,100,20504
52,97,20505
54,88,20506
55,85,20507
54,85,20508
58,76,20509
60,73,20510
66,65,20511
66,64,20512
71,59,20513
77,55,20514
77,54,20515
83,51,20516
89,49,20517
89,48,20518
92,47,20519
109,47,20520
105,46,20521
109,46,20522
116,47,20523
125,51,20524
127,51,20525
132,54,20526
139,59,20527
141,60,20528
149,71,20529
154,78,20530
151,71,20531
157,83,20532
162,97,20533
161,90,20534
164,103,20535
165,113,20536
166,112,20537
165,130,20538
166,127,20539
165,135,20540
164,142,20541
160,154,20542
157,162,20543
157,163,20544
150,174,20545
144,181,20546
142,184,20547
139,188,20548
127,196,20549
125,198,20550
119,201,20551
108,205,20552
110,205,20553
103,207,20554
91,208,20555
89,209,20556
75,207,20557
63,203,20558
60,202,20559
50,197,20560
44,193,20561
40,190,20562
38,189,20563
22,169,20564
22,170,20565
17,162,20566
13,154,20567
10,147,20568
10,150,20569
4,123,20570
3,115,20571
2,111,20572
2,105,20573
2,93,20574
98,113,20575
100,114,20576
101,116,20577
100,119,20578
99,120,20579
101,120,20580
100,122,20581
100,123,20582
100,124,20583
99,125,20584
97,127,20585
95,127,20586
94,128,20587
93,129,20588
90,129,20589
93,131,20590
86,128,20591
88,130,20592
83,127,20593
83,128,20594
80,125,20595
78,123,20596
77,123,20597
77,124,20598
75,120,20599
73,115,20600
73,118,20601
72,109,20602
71,111,20603
71,105,20604
71,102,20605
70,103,20606
71,97,20607
71,95,20608
74,89,20609
71,93,20610
74,87,20611
81,80,20612
78,81,20613
81,78,20614
82,76,20615
90,72,20616
87,72,20617
93,70,20618
97,69,20619
98,68,20620
110,70,20621
105,68,20622
109,68,20623
116,71,20624
114,69,20625
122,73,20626
124,74,20627
131,81,20628
134,84,20629
133,81,20630
135,84,20631
141,96,20632
142,98,20633
142,95,20634
145,106,20635
146,108,20636
146,124,20637
147,119,20638
147,124,20639
147,127,20640
143,143,20641
146,136,20642
143,145,20643
136,157,20644
140,154,20645
141,153,20646
123,172,20647
125,171,20648
125,172,20649
119,177,20650
112,180,20651
110,182,20652
103,184,20653
96,185,20654
93,186,20655
83,185,20656
74,183,20657
76,185,20658
71,183,20659
61,178,20660
64,181,20661
52,172,20662
43,163,20663
48,170,20664
43,165,20665
32,147,20666
32,148,20667
28,140,20668
26,134,20669
23,121,20670
23,123,20671
22,99,20672
21,104,20673
21,100,20674
22,89,20675
26,74,20676
24,78,20677
30,62,20678
37,50,20679
35,51,20680
37,48,20681
48,35,20682
48,34,20683
59,25,20684
65,21,20685
71,18,20686
74,16,20687
87,12,20688
97,11,20689
96,10,20690
112,11,20691
121,12,20692
131,15,20693
129,14,20694
139,18,20695
144,20,20696
153,27,20697
164,37,20698
168,41,20699
169,41,20700
178,54,20701
96,113,20702
93,114,20703
92,115,20704
90,112,20705
90,110,20706
89,110,20707
88,109,20708
88,108,20709
87,107,20710
87,105,20711
88,103,20712
89,100,20713
88,100,20714
92,96,20715
91,96,20716
90,95,20717
95,93,20718
94,92,20719
97,91,20720
98,90,20721
102,90,20722
104,90,20723
104,89,20724
104,88,20725
107,89,20726
113,93,20727
111,90,20728
116,95,20729
116,93,20730
120,98,20731
120,97,20732
122,100,20733
125,107,20734
125,104,20735
126,109,20736
127,110,20737
128,115,20738
127,125,20739
128,123,20740
128,127,20741
128,129,20742
125,136,20743
128,133,20744
123,142,20745
123,143,20746
120,147,20747
115,152,20748
115,153,20749
112,156,20750
105,159,20751
107,159,20752
100,162,20753
101,162,20754
91,163,20755
90,164,20756
91,165,20757
85,164,20758
75,161,20759
71,159,20760
71,160,20761
65,156,20762
63,155,20763
60,152,20764
52,142,20765
50,139,20766
50,140,20767
47,135,20768
45,129,20769
43,123,20770
42,120,20771
41,113,20772
40,111,20773
41,97,20774
43,86,20775
41,90,20776
42,84,20777
49,69,20778
44,77,20779
49,67,20780
53,61,20781
59,53,20782
66,47,20783
65,47,20784
69,44,20785
80,38,20786
89,35,20787
82,36,20788
96,33,20789
103,33,20790
106,32,20791
108,32,20792
124,36,20793
122,35,20794
126,36,20795
139,43,20796
143,46,20797
149,51,20798
152,53,20799
161,66,20800
165,72,20801
160,62,20802
171,85,20803
172,87,20804
175,97,20805
176,103,20806
177,109,20807
178,117,20808
177,131,20809
177,137,20810
177,138,20811
172,156,20812
169,164,20813
168,168,20814
166,172,20815
151,192,20816
156,188,20817
147,197,20818
139,204,20819
133,209,20820
120,215,20821
116,217,20822
115,218,20823
99,221,20824
84,221,20825
89,222,20826
81,222,20827
75,221,20828
97,111,20829
98,109,20830
99,108,20831
101,108,20832
102,108,20833
104,108,20834
105,109,20835
106,109,20836
107,111,20837
108,112,20838
108,116,20839
109,115,20840
110,116,20841
110,119,20842
110,121,20843
111,121,20844
110,124,20845
110,125,20846
109,128,20847
107,131,20848
107,132,20849
106,134,20850
103,136,20851
103,137,20852
100,139,20853
98,140,20854
97,141,20855
92,141,20856
93,142,20857
88,142,20858
87,142,20859
84,142,20860
81,140,20861
79,140,20862
76,138,20863
74,137,20864
72,135,20865
68,130,20866
68,131,20867
65,126,20868
63,123,20869
62,119,20870
61,118,20871
60,113,20872
60,106,20873
59,105,20874
60,97,20875
60,95,20876
60,94,20877
62,87,20878
61,88,20879
64,81,20880
67,76,20881
69,73,20882
72,69,20883
73,68,20884
79,63,20885
80,62,20886
85,59,20887
87,58,20888
93,56,20889
97,55,20890
101,54,20891
109,55,20892
114,56,20893
116,56,20894
121,58,20895
125,59,20896
129,62,20897
130,62,20898
138,69,20899
144,76,20900
146,79,20901
149,83,20902
152,90,20903
152,89,20904
156,101,20905
157,105,20906
158,111,20907
158,125,20908
159,122,20909
158,130,20910
157,139,20911
155,146,20912
154,150,20913
152,155,20914
148,163,20915
141,173,20916
142,172,20917
138,177,20918
133,182,20919
125,188,20920
120,191,20921
115,194,20922
110,196,20923
102,198,20924
97,199,20925
90,200,20926
77,198,20927
71,197,20928
67,196,20929
62,194,20930
55,190,20931
48,186,20932
43,182,20933
35,174,20934
33,172,20935
27,164,20936
25,161,20937
19,149,20938
16,142,20939
13,133,20940
11,122,20941
10,116,20942
10,104,20943
9,106,20944
11,86,20945
12,78,20946
14,70,20947
19,57,20948
24,47,20949
21,51,20950
33,33,20951
35,30,20952
40,24,20953
46,19,20954
53,13,20955
97,116,20956
98,116,20957
97,119,20958
96,119,20959
94,120,20960
94,121,20961
92,122,20962
92,123,20963
90,122,20964
89,122,20965
88,122,20966
86,122,20967
83,117,20968
83,118,20969
82,118,20970
82,121,20971
80,112,20972
79,114,20973
78,110,20974
78,107,20975
77,107,20976
77,105,20977
79,98,20978
78,98,20979
77,99,20980
79,94,20981
80,92,20982
82,89,20983
82,88,20984
86,84,20985
85,84,20986
89,81,20987
91,80,20988
92,79,20989
99,78,20990
98,77,20991
101,76,20992
106,77,20993
109,77,20994
113,78,20995
114,78,20996
119,81,20997
118,79,20998
123,83,20999
126,86,21000
127,86,21001
133,98,21002
132,93,21003
133,94,21004
137,107,21005
138,108,21006
139,111,21007
139,117,21008
140,119,21009
140,122,21010
140,126,21011
139,132,21012
136,141,21013
135,144,21014
134,147,21015
130,154,21016
131,154,21017
125,161,21018
120,165,21019
117,168,21020
118,168,21021
107,173,21022
107,174,21023
100,176,21024
94,177,21025
87,177,21026
88,178,21027
76,175,21028
74,175,21029
70,174,21030
67,173,21031
59,167,21032
58,167,21033
54,164,21034
49,159,21035
46,156,21036
37,140,21037
36,138,21038
38,145,21039
31,123,21040
30,117,21041
30,122,21042
29,101,21043
28,104,21044
28,101,21045
30,88,21046
31,82,21047
34,72,21048
36,66,21049
38,62,21050
43,54,21051
44,51,21052
53,41,21053
63,33,21054
63,32,21055
65,30,21056
82,23,21057
80,23,21058
91,20,21059
98,19,21060
99,18,21061
110,19,21062
114,19,21063
124,21,21064
127,22,21065
136,26,21066
143,30,21067
148,33,21068
160,44,21069
163,47,21070
163,46,21071
177,69,21072
177,68,21073
183,82,21074
186,93,21075
186,92,21076
186,88,21077
189,117,21078
190,122,21079
188,139,21080
188,143,21081
187,149,21082
94,111,21083
93,110,21084
92,109,21085
93,107,21086
95,104,21087
93,104,21088
94,103,21089
94,102,21090
96,100,21091
96,99,21092
100,99,21093
99,98,21094
101,97,21095
104,98,21096
105,98,21097
103,95,21098
109,99,21099
108,97,21100
112,101,21101
112,100,21102
115,104,21103
116,106,21104
117,105,21105
118,106,21106
119,109,21107
120,113,21108
121,113,21109
121,120,21110
122,117,21111
120,127,21112
121,125,21113
120,130,21114
120,132,21115
119,135,21116
114,141,21117
119,137,21118
112,144,21119
107,148,21120
109,148,21121
108,149,21122
106,151,21123
97,153,21124
100,154,21125
94,155,21126
90,155,21127
89,156,21128
78,152,21129
80,154,21130
80,155,21131
70,149,21132
73,152,21133
67,148,21134
62,143,21135
58,137,21136
57,136,21137
57,138,21138
54,132,21139
51,124,21140
50,120,21141
49,119,21142
48,112,21143
47,109,21144
49,93,21145
48,95,21146
48,93,21147
49,88,21148
54,76,21149
52,78,21150
57,69,21151
64,61,21152
57,67,21153
60,62,21154
78,49,21155
77,49,21156
82,46,21157
83,45,21158
96,42,21159
90,42,21160
99,41,21161
108,41,21162
111,41,21163
121,44,21164
128,47,21165
122,43,21166
132,48,21167
143,57,21168
140,53,21169
147,60,21170
158,76,21171
152,64,21172
160,77,21173
165,91,21174
165,90,21175
167,95,21176
169,106,21177
170,115,21178
171,118,21179
169,136,21180
169,138,21181
167,148,21182
166,152,21183
160,165,21184
162,163,21185
157,172,21186
146,186,21187
150,183,21188
143,191,21189
132,199,21190
130,201,21191
123,205,21192
116,208,21193
110,210,21194
105,212,21195
94,213,21196
77,212,21197
86,214,21198
65,209,21199
63,209,21200
54,205,21201
50,203,21202
41,197,21203
37,195,21204
21,176,21205
18,172,21206
15,168,21207
13,166,21208
7,152,21209
99,112,21210
101,112,21211
102,112,21212
102,115,21213
103,116,21214
104,116,21215
103,120,21216
105,118,21217
104,121,21218
105,121,21219
104,123,21220
103,125,21221
102,127,21222
100,129,21223
98,130,21224
101,130,21225
95,132,21226
95,133,21227
92,133,21228
92,134,21229
87,133,21230
86,133,21231
86,134,21232
85,134,21233
82,133,21234
78,129,21235
78,131,21236
75,127,21237
75,129,21238
72,123,21239
71,123,21240
69,118,21241
68,115,21242
67,113,21243
67,106,21244
66,109,21245
66,102,21246
69,93,21247
67,95,21248
68,92,21249
68,90,21250
73,82,21251
69,86,21252
74,79,21253
77,75,21254
78,74,21255
84,70,21256
82,70,21257
87,67,21258
95,65,21259
94,64,21260
98,63,21261
103,63,21262
111,64,21263
112,64,21264
109,62,21265
118,65,21266
124,69,21267
129,72,21268
129,71,21269
132,74,21270
136,78,21271
140,83,21272
144,91,21273
145,93,21274
146,94,21275
148,99,21276
150,107,21277
151,114,21278
150,129,21279
152,120,21280
152,126,21281
148,141,21282
147,145,21283
147,148,21284
146,151,21285
138,163,21286
141,161,21287
138,165,21288
131,173,21289
124,179,21290
117,183,21291
120,182,21292
110,187,21293
103,189,21294
97,190,21295
97,191,21296
90,191,21297
76,189,21298
81,191,21299
75,190,21300
58,182,21301
60,184,21302
55,181,21303
45,173,21304
42,170,21305
34,160,21306
36,164,21307
27,147,21308
24,142,21309
24,143,21310
20,129,21311
18,119,21312
17,113,21313
17,103,21314
16,104,21315
17,91,21316
20,78,21317
20,75,21318
22,68,21319
28,55,21320
34,45,21321
32,47,21322
40,36,21323
56,22,21324
52,24,21325
61,18,21326
72,12,21327
73,11,21328
87,7,21329
91,6,21330
87,6,21331
106,5,21332
116,6,21333
129,9,21334
129,8,21335
134,10,21336
95,115,21337
94,116,21338
93,117,21339
91,116,21340
90,114,21341
89,116,21342
88,114,21343
87,114,21344
86,112,21345
85,112,21346
85,108,21347
84,108,21348
84,107,21349
84,104,21350
85,101,21351
83,103,21352
85,98,21353
86,96,21354
87,94,21355
88,93,21356
89,91,21357
90,90,21358
94,88,21359
93,87,21360
95,86,21361
101,86,21362
99,84,21363
104,85,21364
106,85,21365
106,84,21366
111,86,21367
113,86,21368
117,89,21369
118,89,21370
120,91,21371
123,94,21372
124,95,21373
128,103,21374
128,101,21375
130,107,21376
130,105,21377
131,118,21378
132,111,21379
133,118,21380
133,122,21381
132,129,21382
130,135,21383
129,139,21384
129,140,21385
127,144,21386
127,145,21387
123,151,21388
121,154,21389
118,157,21390
113,161,21391
112,162,21392
106,165,21393
100,167,21394
97,168,21395
95,168,21396
91,169,21397
90,170,21398
85,169,21399
74,166,21400
72,165,21401
68,164,21402
65,162,21403
60,159,21404
56,155,21405
52,151,21406
48,145,21407
47,144,21408
42,133,21409
42,135,21410
38,121,21411
38,124,21412
37,101,21413
36,111,21414
35,106,21415
36,97,21416
38,86,21417
39,81,21418
41,74,21419
44,67,21420
48,60,21421
51,56,21422
52,54,21423
59,46,21424
61,44,21425
67,39,21426
72,36,21427
84,31,21428
83,31,21429
88,29,21430
107,28,21431
104,27,21432
110,27,21433
116,28,21434
128,32,21435
135,35,21436
134,34,21437
145,41,21438
150,45,21439
155,50,21440
157,52,21441
162,58,21442
172,76,21443
170,70,21444
176,84,21445
178,91,21446
180,100,21447
181,105,21448
182,114,21449
182,128,21450
179,146,21451
182,136,21452
175,161,21453
176,160,21454
171,172,21455
167,179,21456
164,184,21457
161,189,21458
152,199,21459
145,206,21460
137,212,21461
129,217,21462
125,219,21463
96,110,21464
96,109,21465
96,107,21466
98,106,21467
100,105,21468
101,105,21469
101,104,21470
103,104,21471
105,105,21472
106,105,21473
107,105,21474
108,105,21475
110,109,21476
111,111,21477
112,111,21478
112,107,21479
113,115,21480
114,115,21481
114,118,21482
114,122,21483
114,124,21484
114,125,21485
113,128,21486
113,130,21487
113,131,21488
111,134,21489
109,137,21490
108,138,21491
108,139,21492
101,143,21493
101,144,21494
100,145,21495
97,146,21496
95,147,21497
87,146,21498
91,148,21499
85,147,21500
81,145,21501
78,144,21502
76,144,21503
77,145,21504
69,138,21505
70,140,21506
66,136,21507
63,132,21508
62,131,21509
58,118,21510
58,123,21511
58,125,21512
56,111,21513
55,111,21514
55,105,21515
55,99,21516
55,96,21517
56,92,21518
55,92,21519
59,81,21520
62,76,21521
63,74,21522
65,70,21523
67,67,21524
70,64,21525
75,60,21526
81,56,21527
82,55,21528
83,54,21529
94,51,21530
96,50,21531
101,49,21532
110,50,21533
112,50,21534
114,50,21535
122,53,21536
129,56,21537
131,57,21538
135,60,21539
141,65,21540
145,69,21541
148,73,21542
150,76,21543
153,80,21544
158,94,21545
159,96,21546
160,95,21547
162,110,21548
163,117,21549
163,126,21550
162,134,21551
162,136,21552
161,143,21553
158,151,21554
156,157,21555
151,167,21556
151,168,21557
143,178,21558
138,184,21559
139,184,21560
131,190,21561
117,198,21562
116,199,21563
118,199,21564
101,203,21565
98,204,21566
91,205,21567
81,204,21568
76,204,21569
66,201,21570
63,200,21571
60,199,21572
49,193,21573
44,189,21574
38,184,21575
32,178,21576
27,172,21577
22,165,21578
17,157,21579
10,136,21580
11,141,21581
9,136,21582
6,117,21583
5,111,21584
5,98,21585
6,87,21586
7,80,21587
9,72,21588
11,64,21589
13,58,21590
98,114,21591
99,115,21592
100,117,21593
99,119,21594
98,120,21595
99,121,21596
97,123,21597
97,124,21598
96,125,21599
95,126,21600
92,126,21601
91,126,21602
89,126,21603
88,126,21604
87,126,21605
87,128,21606
82,123,21607
82,124,21608
80,121,21609
79,122,21610
77,117,21611
76,116,21612
75,114,21613
75,115,21614
74,112,21615
73,108,21616
73,105,21617
73,104,21618
73,100,21619
75,94,21620
75,93,21621
76,90,21622
75,91,21623
77,87,21624
82,82,21625
82,81,21626
85,78,21627
92,75,21628
90,75,21629
92,74,21630
91,73,21631
100,72,21632
99,71,21633
103,71,21634
109,72,21635
109,71,21636
120,77,21637
121,76,21638
122,76,21639
128,82,21640
128,81,21641
130,83,21642
132,85,21643
137,94,21644
138,95,21645
139,95,21646
142,104,21647
143,112,21648
144,115,21649
144,120,21650
145,121,21651
144,129,21652
141,140,21653
141,142,21654
140,145,21655
139,148,21656
131,160,21657
132,160,21658
130,162,21659
120,171,21660
127,167,21661
124,170,21662
107,178,21663
106,179,21664
105,180,21665
99,182,21666
88,182,21667
89,183,21668
85,183,21669
73,180,21670
71,180,21671
59,173,21672
56,171,21673
58,174,21674
50,167,21675
40,154,21676
46,164,21677
39,154,21678
34,145,21679
32,143,21680
31,141,21681
26,119,21682
25,117,21683
24,113,21684
24,104,21685
24,98,21686
24,95,21687
28,77,21688
29,72,21689
31,66,21690
36,56,21691
41,49,21692
39,50,21693
49,38,21694
55,33,21695
57,30,21696
64,25,21697
72,21,21698
78,18,21699
81,17,21700
94,14,21701
109,14,21702
104,13,21703
109,13,21704
123,16,21705
123,15,21706
148,28,21707
148,27,21708
153,31,21709
163,40,21710
167,44,21711
161,36,21712
177,59,21713
183,71,21714
185,74,21715
185,73,21716
190,89,21717
95,113,21718
92,112,21719
91,112,21720
91,110,21721
91,107,21722
90,108,21723
90,106,21724
89,105,21725
90,103,21726
90,102,21727
92,99,21728
92,98,21729
92,97,21730
96,96,21731
97,95,21732
95,94,21733
100,93,21734
100,92,21735
104,93,21736
104,92,21737
108,94,21738
110,94,21739
110,93,21740
111,93,21741
114,95,21742
118,101,21743
118,99,21744
121,105,21745
121,103,21746
123,109,21747
123,106,21748
124,111,21749
125,114,21750
125,119,21751
125,123,21752
127,119,21753
124,131,21754
121,137,21755
124,133,21756
122,138,21757
121,141,21758
116,147,21759
120,144,21760
112,151,21761
113,151,21762
109,154,21763
102,157,21764
102,158,21765
100,159,21766
92,160,21767
93,161,21768
89,161,21769
83,160,21770
76,158,21771
72,156,21772
77,160,21773
68,154,21774
66,153,21775
59,146,21776
60,149,21777
55,142,21778
53,139,21779
50,135,21780
47,125,21781
45,119,21782
45,121,21783
44,107,21784
43,110,21785
43,102,21786
45,90,21787
43,94,21788
43,92,21789
51,72,21790
51,71,21791
50,71,21792
53,65,21793
67,51,21794
57,59,21795
69,48,21796
73,45,21797
77,43,21798
84,40,21799
87,38,21800
91,37,21801
99,36,21802
108,36,21803
107,35,21804
120,38,21805
127,41,21806
123,38,21807
130,41,21808
144,51,21809
145,51,21810
148,54,21811
158,66,21812
161,71,21813
163,74,21814
165,76,21815
171,96,21816
172,98,21817
174,117,21818
173,98,21819
175,116,21820
175,124,21821
172,143,21822
174,140,21823
173,144,21824
165,166,21825
166,166,21826
162,173,21827
153,186,21828
154,185,21829
143,197,21830
141,199,21831
130,206,21832
127,209,21833
116,213,21834
115,214,21835
106,217,21836
94,218,21837
88,219,21838
82,219,21839
70,216,21840
58,212,21841
51,209,21842
53,211,21843
43,205,21844
98,111,21845
99,110,21846
100,109,21847
102,111,21848
103,111,21849
104,110,21850
105,112,21851
106,113,21852
107,114,21853
108,115,21854
107,120,21855
108,120,21856
109,120,21857
107,124,21858
106,127,21859
108,126,21860
105,129,21861
104,131,21862
103,132,21863
102,134,21864
101,135,21865
99,136,21866
97,137,21867
95,138,21868
94,139,21869
90,139,21870
90,140,21871
85,138,21872
85,139,21873
80,137,21874
78,136,21875
77,136,21876
73,132,21877
71,130,21878
69,127,21879
69,128,21880
66,123,21881
65,118,21882
64,118,21883
63,112,21884
62,112,21885
63,101,21886
61,108,21887
61,103,21888
64,91,21889
63,92,21890
67,83,21891
66,84,21892
69,78,21893
72,74,21894
72,73,21895
75,70,21896
77,68,21897
81,65,21898
90,61,21899
90,60,21900
93,59,21901
99,58,21902
109,59,21903
104,57,21904
106,57,21905
115,59,21906
119,60,21907
123,62,21908
130,67,21909
132,68,21910
135,70,21911
138,73,21912
144,81,21913
145,82,21914
149,90,21915
151,94,21916
153,103,21917
154,104,21918
155,111,21919
156,114,21920
155,127,21921
157,121,21922
155,135,21923
153,142,21924
152,147,21925
147,158,21926
147,159,21927
144,164,21928
137,173,21929
134,177,21930
133,178,21931
127,183,21932
123,186,21933
117,190,21934
109,193,21935
98,195,21936
96,196,21937
92,197,21938
78,195,21939
77,195,21940
71,194,21941
67,193,21942
53,185,21943
47,181,21944
50,184,21945
39,174,21946
35,169,21947
30,163,21948
25,155,21949
23,151,21950
18,139,21951
16,133,21952
14,125,21953
13,117,21954
12,109,21955
13,93,21956
12,96,21957
14,82,21958
18,69,21959
17,69,21960
25,51,21961
24,52,21962
28,45,21963
38,32,21964
45,24,21965
44,24,21966
61,12,21967
64,10,21968
72,6,21969
75,5,21970
88,1,21971
97,115,21972
96,116,21973
96,118,21974
93,119,21975
91,118,21976
91,120,21977
90,120,21978
89,119,21979
88,119,21980
86,118,21981
85,118,21982
84,116,21983
83,114,21984
82,112,21985
81,111,21986
81,115,21987
81,106,21988
80,107,21989
80,104,21990
80,102,21991
80,100,21992
81,97,21993
84,92,21994
82,93,21995
82,92,21996
86,88,21997
88,86,21998
89,85,21999
89,84,22000
94,82,22001
96,81,22002
97,80,22003
101,80,22004
103,79,22005
108,80,22006
108,79,22007
113,81,22008
116,83,22009
119,84,22010
121,86,22011
122,86,22012
127,92,22013
126,89,22014
130,96,22015
133,102,22016
133,100,22017
135,112,22018
136,112,22019
136,118,22020
137,119,22021
137,123,22022
136,131,22023
137,128,22024
135,136,22025
133,142,22026
133,143,22027
132,146,22028
126,154,22029
123,158,22030
122,160,22031
117,164,22032
115,166,22033
107,170,22034
104,171,22035
98,173,22036
99,173,22037
91,174,22038
90,175,22039
84,174,22040
79,173,22041
72,171,22042
67,169,22043
64,167,22044
58,163,22045
54,160,22046
50,156,22047
46,150,22048
43,147,22049
39,139,22050
38,137,22051
36,132,22052
33,117,22053
32,114,22054
32,119,22055
31,105,22056
32,93,22057
32,89,22058
35,79,22059
35,76,22060
39,67,22061
42,61,22062
45,56,22063
49,50,22064
51,47,22065
61,38,22066
65,35,22067
68,32,22068
77,28,22069
90,24,22070
87,24,22071
88,23,22072
103,22,22073
111,22,22074
118,23,22075
127,26,22076
126,25,22077
135,29,22078
143,33,22079
148,37,22080
153,41,22081
159,47,22082
167,57,22083
171,63,22084
174,68,22085
179,80,22086
180,81,22087
185,105,22088
186,108,22089
186,126,22090
187,123,22091
186,136,22092
185,143,22093
183,151,22094
181,160,22095
177,169,22096
172,180,22097
170,184,22098
96,112,22099
94,109,22100
94,107,22101
96,105,22102
96,104,22103
96,103,22104
97,102,22105
98,101,22106
99,101,22107
100,100,22108
103,101,22109
103,99,22110
106,101,22111
108,102,22112
109,102,22113
108,99,22114
112,105,22115
113,105,22116
114,107,22117
114,105,22118
116,111,22119
117,113,22120
118,114,22121
118,116,22122
119,116,22123
119,121,22124
118,125,22125
118,128,22126
117,131,22127
115,134,22128
115,136,22129
114,138,22130
114,139,22131
111,142,22132
107,145,22133
109,145,22134
103,148,22135
97,150,22136
97,151,22137
95,152,22138
90,152,22139
84,151,22140
88,153,22141
83,152,22142
78,150,22143
76,150,22144
68,143,22145
69,145,22146
69,146,22147
60,134,22148
62,139,22149
59,135,22150
56,129,22151
53,120,22152
52,117,22153
52,122,22154
51,109,22155
50,108,22156
51,97,22157
51,96,22158
50,96,22159
52,87,22160
54,82,22161
59,72,22162
57,74,22163
59,70,22164
67,61,22165
66,61,22166
72,56,22167
80,51,22168
76,52,22169
79,50,22170
94,46,22171
97,45,22172
99,44,22173
106,44,22174
116,46,22175
116,45,22176
120,46,22177
126,49,22178
129,50,22179
141,59,22180
144,62,22181
143,59,22182
150,68,22183
156,78,22184
154,72,22185
160,85,22186
164,98,22187
165,98,22188
166,101,22189
167,114,22190
168,119,22191
168,121,22192
166,137,22193
166,140,22194
165,146,22195
159,161,22196
155,169,22197
153,173,22198
152,175,22199
141,187,22200
139,190,22201
134,194,22202
126,199,22203
126,200,22204
116,205,22205
105,208,22206
102,209,22207
95,210,22208
88,210,22209
77,209,22210
71,208,22211
62,205,22212
53,201,22213
52,201,22214
36,188,22215
35,188,22216
31,184,22217
24,176,22218
21,172,22219
18,169,22220
8,145,22221
5,136,22222
5,138,22223
2,126,22224
1,117,22225
99,113,22226
100,113,22227
101,114,22228
101,117,22229
101,119,22230
103,118,22231
102,120,22232
102,122,22233
101,124,22234
101,125,22235
100,126,22236
99,127,22237
97,128,22238
95,129,22239
94,130,22240
96,131,22241
89,130,22242
90,131,22243
86,130,22244
86,131,22245
83,129,22246
82,129,22247
80,128,22248
79,128,22249
76,124,22250
74,121,22251
75,125,22252
72,118,22253
71,116,22254
70,112,22255
70,107,22256
69,110,22257
68,107,22258
69,100,22259
71,94,22260
69,96,22261
70,93,22262
75,85,22263
74,84,22264
76,81,22265
76,80,22266
84,74,22267
80,75,22268
87,71,22269
89,70,22270
90,69,22271
101,68,22272
100,67,22273
100,66,22274
108,67,22275
109,66,22276
112,67,22277
117,68,22278
123,72,22279
126,74,22280
124,71,22281
130,76,22282
136,83,22283
140,90,22284
139,86,22285
143,96,22286
143,94,22287
145,98,22288
147,110,22289
148,113,22290
149,116,22291
148,126,22292
149,126,22293
147,137,22294
142,149,22295
146,143,22296
146,145,22297
134,163,22298
134,164,22299
135,164,22300
132,168,22301
119,178,22302
128,173,22303
117,180,22304
111,183,22305
106,185,22306
97,187,22307
88,187,22308
92,188,22309
86,188,22310
72,185,22311
75,187,22312
62,181,22313
52,174,22314
57,179,22315
51,175,22316
43,166,22317
42,166,22318
34,155,22319
31,150,22320
28,143,22321
24,133,22322
23,132,22323
21,116,22324
20,114,22325
19,110,22326
20,97,22327
20,91,22328
21,85,22329
26,69,22330
25,68,22331
29,59,22332
33,52,22333
34,49,22334
41,40,22335
49,31,22336
55,26,22337
58,23,22338
68,17,22339
82,12,22340
79,12,22341
95,9,22342
98,8,22343
105,8,22344
117,9,22345
122,10,22346
121,9,22347
138,16,22348
147,21,22349
156,27,22350
155,25,22351
165,34,22352
94,114,22353
93,115,22354
92,116,22355
91,114,22356
90,111,22357
89,111,22358
88,111,22359
87,111,22360
86,109,22361
86,107,22362
87,103,22363
87,102,22364
85,104,22365
89,98,22366
88,98,22367
87,97,22368
93,93,22369
91,93,22370
94,91,22371
93,91,22372
97,89,22373
99,89,22374
100,88,22375
99,87,22376
102,87,22377
108,89,22378
107,87,22379
112,90,22380
112,89,22381
116,92,22382
117,92,22383
119,93,22384
121,96,22385
124,100,22386
126,104,22387
126,102,22388
128,110,22389
129,114,22390
129,117,22391
130,117,22392
130,123,22393
128,131,22394
131,124,22395
127,136,22396
127,138,22397
126,140,22398
121,147,22399
123,146,22400
121,150,22401
116,154,22402
114,156,22403
112,158,22404
108,161,22405
103,163,22406
98,164,22407
99,165,22408
93,166,22409
84,165,22410
80,164,22411
80,165,22412
74,163,22413
73,163,22414
67,160,22415
60,154,22416
58,152,22417
53,147,22418
54,149,22419
49,141,22420
45,134,22421
44,132,22422
41,122,22423
40,120,22424
39,110,22425
39,104,22426
38,105,22427
38,101,22428
43,80,22429
39,89,22430
41,82,22431
46,70,22432
50,63,22433
53,58,22434
53,57,22435
59,50,22436
65,45,22437
71,41,22438
72,39,22439
85,34,22440
86,33,22441
85,33,22442
96,31,22443
104,30,22444
113,31,22445
116,31,22446
127,35,22447
128,35,22448
136,39,22449
137,39,22450
149,49,22451
155,55,22452
152,50,22453
163,65,22454
165,68,22455
171,80,22456
172,82,22457
176,94,22458
177,99,22459
179,110,22460
179,116,22461
180,120,22462
178,139,22463
176,148,22464
177,147,22465
174,157,22466
164,177,22467
167,174,22468
161,183,22469
155,191,22470
152,195,22471
138,207,22472
140,206,22473
134,211,22474
118,218,22475
116,219,22476
106,222,22477
101,223,22478
93,224,22479
97,110,22480
98,108,22481
99,107,22482
101,107,22483
102,107,22484
102,106,22485
103,106,22486
105,107,22487
106,108,22488
107,108,22489
108,109,22490
109,110,22491
110,113,22492
111,115,22493
111,118,22494
112,117,22495
112,121,22496
112,122,22497
111,126,22498
111,127,22499
110,130,22500
109,132,22501
107,134,22502
107,135,22503
106,137,22504
104,138,22505
101,140,22506
100,141,22507
99,142,22508
93,143,22509
93,144,22510
90,144,22511
87,144,22512
86,144,22513
82,143,22514
80,143,22515
77,141,22516
73,138,22517
71,137,22518
69,135,22519
67,133,22520
64,128,22521
63,127,22522
61,122,22523
60,119,22524
59,118,22525
58,107,22526
57,108,22527
58,98,22528
58,96,22529
58,95,22530
59,90,22531
62,82,22532
62,81,22533
63,79,22534
66,74,22535
70,69,22536
75,64,22537
76,63,22538
79,60,22539
83,58,22540
87,56,22541
92,54,22542
97,53,22543
106,53,22544
104,52,22545
112,53,22546
113,53,22547
119,55,22548
122,56,22549
131,61,22550
134,63,22551
141,70,22552
140,68,22553
147,77,22554
149,80,22555
152,85,22556
155,92,22557
157,98,22558
158,102,22559
159,105,22560
160,118,22561
160,125,22562
160,129,22563
160,132,22564
157,145,22565
157,147,22566
154,154,22567
152,160,22568
149,165,22569
142,175,22570
134,183,22571
137,181,22572
129,188,22573
121,193,22574
119,194,22575
110,198,22576
103,200,22577
94,201,22578
85,201,22579
81,201,22580
80,201,22581
70,199,22582
62,196,22583
56,193,22584
52,191,22585
45,186,22586
36,178,22587
34,176,22588
29,170,22589
25,164,22590
19,154,22591
15,144,22592
13,139,22593
10,127,22594
10,128,22595
8,108,22596
8,97,22597
8,95,22598
9,85,22599
10,79,22600
14,64,22601
16,59,22602
21,48,22603
25,41,22604
29,35,22605
35,27,22606
98,115,22607
98,117,22608
99,117,22609
96,120,22610
95,121,22611
96,122,22612
94,122,22613
94,123,22614
93,124,22615
91,124,22616
88,123,22617
88,124,22618
85,121,22619
85,122,22620
83,121,22621
84,124,22622
80,115,22623
80,118,22624
78,114,22625
78,116,22626
77,111,22627
76,110,22628
77,102,22629
76,103,22630
75,105,22631
76,100,22632
76,98,22633
78,93,22634
79,90,22635
81,88,22636
81,87,22637
83,84,22638
85,82,22639
87,80,22640
91,78,22641
91,77,22642
95,76,22643
101,75,22644
102,75,22645
107,75,22646
105,74,22647
112,76,22648
111,74,22649
117,77,22650
121,80,22651
121,79,22652
130,90,22653
127,84,22654
128,84,22655
135,97,22656
135,94,22657
138,102,22658
138,101,22659
140,111,22660
141,114,22661
142,114,22662
142,120,22663
140,132,22664
140,134,22665
139,138,22666
139,140,22667
137,146,22668
134,151,22669
129,158,22670
128,160,22671
126,163,22672
118,169,22673
119,169,22674
111,174,22675
105,176,22676
108,176,22677
103,178,22678
90,179,22679
87,179,22680
89,180,22681
79,179,22682
67,174,22683
64,173,22684
63,173,22685
59,170,22686
54,167,22687
44,155,22688
40,149,22689
43,156,22690
36,143,22691
33,135,22692
32,136,22693
29,124,22694
28,116,22695
27,114,22696
27,102,22697
27,97,22698
28,88,22699
28,87,22700
31,76,22701
34,67,22702
33,68,22703
40,55,22704
47,46,22705
46,46,22706
49,42,22707
67,28,22708
61,31,22709
71,25,22710
84,20,22711
85,19,22712
89,18,22713
99,17,22714
106,16,22715
114,17,22716
126,20,22717
129,21,22718
134,23,22719
144,28,22720
148,31,22721
151,32,22722
167,50,22723
170,53,22724
174,59,22725
178,66,22726
183,77,22727
180,67,22728
189,101,22729
189,99,22730
191,113,22731
191,118,22732
192,121,22733
95,112,22734
93,111,22735
92,110,22736
92,107,22737
93,106,22738
91,106,22739
92,104,22740
92,102,22741
93,101,22742
94,100,22743
97,98,22744
97,97,22745
99,97,22746
101,96,22747
103,96,22748
100,94,22749
105,96,22750
106,95,22751
109,97,22752
109,96,22753
113,99,22754
115,102,22755
115,100,22756
116,100,22757
118,104,22758
120,109,22759
120,106,22760
121,115,22761
122,112,22762
122,119,22763
122,124,22764
123,123,22765
123,124,22766
123,126,22767
119,136,22768
123,130,22769
118,139,22770
113,145,22771
116,143,22772
113,147,22773
113,148,22774
105,152,22775
108,152,22776
100,155,22777
98,156,22778
96,157,22779
87,156,22780
87,157,22781
87,158,22782
76,154,22783
78,156,22784
75,155,22785
70,152,22786
64,147,22787
62,145,22788
63,148,22789
58,141,22790
55,137,22791
51,128,22792
52,133,22793
48,120,22794
47,118,22795
47,106,22796
46,107,22797
46,99,22798
46,97,22799
49,85,22800
46,92,22801
49,82,22802
56,69,22803
51,75,22804
51,74,22805
67,55,22806
65,56,22807
70,51,22808
72,49,22809
83,44,22810
76,46,22811
89,41,22812
94,40,22813
98,39,22814
104,39,22815
112,40,22816
114,39,22817
120,41,22818
129,45,22819
127,43,22820
139,51,22821
150,62,22822
140,50,22823
152,62,22824
157,70,22825
160,75,22826
164,82,22827
167,90,22828
169,98,22829
170,101,22830
171,104,22831
172,124,22832
172,126,22833
172,131,22834
169,145,22835
170,144,22836
166,157,22837
160,169,22838
162,168,22839
159,173,22840
147,188,22841
146,190,22842
142,194,22843
133,201,22844
123,207,22845
122,208,22846
111,212,22847
99,214,22848
100,215,22849
79,214,22850
75,214,22851
67,212,22852
66,212,22853
58,209,22854
54,208,22855
41,199,22856
32,191,22857
28,188,22858
27,188,22859
17,175,22860
97,112,22861
100,111,22862
101,111,22863
103,113,22864
103,115,22865
104,114,22866
105,116,22867
106,116,22868
105,119,22869
106,119,22870
105,122,22871
105,124,22872
104,126,22873
103,128,22874
102,129,22875
104,129,22876
98,132,22877
99,133,22878
96,134,22879
96,135,22880
91,135,22881
90,135,22882
90,136,22883
87,136,22884
86,136,22885
82,134,22886
82,135,22887
77,131,22888
78,133,22889
74,129,22890
72,127,22891
71,126,22892
69,121,22893
69,123,22894
67,117,22895
66,115,22896
65,111,22897
65,103,22898
65,100,22899
65,98,22900
64,101,22901
67,91,22902
65,92,22903
68,86,22904
71,81,22905
72,79,22906
79,72,22907
76,73,22908
77,72,22909
85,67,22910
87,65,22911
89,64,22912
95,62,22913
100,62,22914
102,61,22915
101,60,22916
110,61,22917
115,63,22918
120,65,22919
120,64,22920
126,67,22921
129,69,22922
133,73,22923
138,78,22924
142,84,22925
143,84,22926
145,88,22927
147,92,22928
150,101,22929
151,103,22930
152,110,22931
153,112,22932
152,129,22933
152,131,22934
153,131,22935
152,137,22936
147,150,22937
150,146,22938
143,160,22939
141,163,22940
137,169,22941
133,173,22942
132,175,22943
123,182,22944
118,185,22945
114,187,22946
111,189,22947
99,192,22948
91,192,22949
93,193,22950
83,193,22951
75,191,22952
72,191,22953
69,190,22954
57,184,22955
53,182,22956
46,176,22957
45,176,22958
33,161,22959
31,159,22960
29,157,22961
24,146,22962
20,135,22963
19,133,22964
18,129,22965
16,118,22966
15,111,22967
15,103,22968
15,95,22969
16,85,22970
21,68,22971
23,62,22972
23,61,22973
26,54,22974
38,37,22975
36,38,22976
49,25,22977
52,22,22978
57,18,22979
64,14,22980
69,11,22981
74,8,22982
87,5,22983
97,3,22984
103,3,22985
105,2,22986
120,4,22987
96,114,22988
95,116,22989
94,118,22990
92,118,22991
90,116,22992
89,117,22993
88,116,22994
87,116,22995
86,114,22996
85,114,22997
84,112,22998
84,110,22999
83,110,23000
83,107,23001
83,104,23002
82,105,23003
83,101,23004
83,99,23005
84,97,23006
85,95,23007
85,94,23008
86,92,23009
90,89,23010
89,88,23011
90,87,23012
95,85,23013
93,85,23014
100,84,23015
101,83,23016
102,82,23017
107,83,23018
105,82,23019
113,85,23020
112,84,23021
115,85,23022
117,86,23023
121,89,23024
124,93,23025
125,94,23026
128,98,23027
129,99,23028
131,104,23029
131,103,23030
133,111,23031
134,113,23032
134,119,23033
134,122,23034
133,130,23035
134,128,23036
133,133,23037
132,137,23038
130,142,23039
129,145,23040
125,151,23041
122,155,23042
121,157,23043
120,158,23044
112,164,23045
109,166,23046
107,167,23047
100,169,23048
99,170,23049
93,171,23050
84,170,23051
82,170,23052
80,170,23053
75,169,23054
70,167,23055
62,162,23056
64,164,23057
56,157,23058
51,152,23059
48,148,23060
45,144,23061
42,138,23062
41,137,23063
38,128,23064
36,122,23065
35,117,23066
34,110,23067
34,102,23068
35,92,23069
35,90,23070
37,81,23071
37,80,23072
41,70,23073
44,63,23074
48,57,23075
48,56,23076
53,50,23077
62,41,23078
67,37,23079
74,33,23080
73,33,23081
80,30,23082
89,27,23083
94,26,23084
100,25,23085
112,26,23086
119,27,23087
124,28,23088
127,29,23089
134,32,23090
138,34,23091
148,41,23092
153,45,23093
161,54,23094
163,56,23095
169,65,23096
173,73,23097
176,79,23098
177,82,23099
181,96,23100
182,100,23101
183,124,23102
184,116,23103
183,133,23104
183,137,23105
181,148,23106
176,164,23107
174,169,23108
170,178,23109
166,184,23110
161,192,23111
155,199,23112
151,203,23113
142,211,23114
96,111,23115
95,109,23116
95,107,23117
97,105,23118
98,105,23119
99,104,23120
100,103,23121
101,102,23122
103,103,23123
103,102,23124
105,103,23125
106,102,23126
109,106,23127
110,107,23128
111,107,23129
110,103,23130
113,112,23131
114,111,23132
115,114,23133
115,118,23134
116,117,23135
116,120,23136
115,125,23137
116,124,23138
117,123,23139
115,129,23140
113,133,23141
112,135,23142
113,135,23143
107,141,23144
107,142,23145
106,143,23146
103,145,23147
102,146,23148
96,148,23149
98,148,23150
93,149,23151
86,148,23152
87,149,23153
82,148,23154
81,148,23155
75,145,23156
76,147,23157
71,143,23158
68,140,23159
67,140,23160
59,125,23161
61,133,23162
60,132,23163
56,119,23164
56,122,23165
54,115,23166
54,109,23167
53,108,23168
53,104,23169
53,97,23170
54,93,23171
56,85,23172
57,82,23173
59,77,23174
59,76,23175
62,71,23176
67,65,23177
70,62,23178
74,58,23179
76,56,23180
84,52,23181
83,52,23182
92,49,23183
97,48,23184
98,47,23185
102,47,23186
110,48,23187
117,49,23188
118,49,23189
124,51,23190
132,56,23191
133,56,23192
138,60,23193
143,64,23194
146,67,23195
154,81,23196
155,82,23197
155,79,23198
161,97,23199
162,101,23200
163,101,23201
164,118,23202
165,120,23203
165,127,23204
163,139,23205
163,140,23206
162,145,23207
159,155,23208
154,165,23209
151,170,23210
152,170,23211
141,183,23212
137,187,23213
133,191,23214
130,194,23215
117,200,23216
114,202,23217
103,205,23218
98,206,23219
96,207,23220
88,207,23221
77,206,23222
75,206,23223
68,204,23224
53,197,23225
51,196,23226
46,193,23227
37,186,23228
34,183,23229
28,177,23230
19,162,23231
14,153,23232
14,154,23233
8,137,23234
6,130,23235
6,134,23236
4,113,23237
3,105,23238
4,90,23239
4,87,23240
4,85,23241
99,114,23242
100,115,23243
100,116,23244
100,118,23245
98,121,23246
100,121,23247
99,122,23248
99,123,23249
98,125,23250
97,126,23251
94,126,23252
94,127,23253
92,128,23254
91,128,23255
87,127,23256
91,130,23257
84,126,23258
85,128,23259
82,125,23260
81,126,23261
79,123,23262
78,122,23263
77,122,23264
75,119,23265
74,117,23266
73,112,23267
72,112,23268
72,106,23269
71,108,23270
72,102,23271
72,99,23272
72,97,23273
72,96,23274
73,92,23275
78,85,23276
75,87,23277
78,83,23278
84,78,23279
82,78,23280
85,76,23281
86,74,23282
94,72,23283
92,71,23284
97,70,23285
101,69,23286
103,69,23287
114,72,23288
111,70,23289
120,74,23290
114,70,23291
119,72,23292
126,77,23293
128,79,23294
133,85,23295
136,88,23296
135,85,23297
138,90,23298
142,102,23299
143,104,23300
144,104,23301
145,112,23302
146,114,23303
145,127,23304
146,125,23305
145,133,23306
144,138,23307
140,148,23308
142,146,23309
139,152,23310
130,164,23311
135,160,23312
135,161,23313
120,173,23314
115,177,23315
118,176,23316
111,180,23317
99,183,23318
104,183,23319
97,184,23320
84,184,23321
89,185,23322
71,181,23323
69,180,23324
70,182,23325
64,179,23326
52,170,23327
56,175,23328
44,163,23329
39,156,23330
40,160,23331
36,154,23332
29,137,23333
28,136,23334
27,134,23335
24,122,23336
23,113,23337
22,110,23338
23,94,23339
23,92,23340
23,89,23341
25,79,23342
32,61,23343
29,66,23344
37,51,23345
43,43,23346
41,44,23347
48,36,23348
59,27,23349
59,26,23350
64,23,23351
76,17,23352
82,15,23353
86,13,23354
96,12,23355
110,12,23356
110,11,23357
129,16,23358
128,15,23359
135,18,23360
140,20,23361
150,26,23362
150,25,23363
167,42,23364
172,48,23365
177,55,23366
178,55,23367
183,65,23368
94,113,23369
92,113,23370
92,114,23371
91,111,23372
91,108,23373
89,108,23374
89,107,23375
88,107,23376
88,105,23377
88,104,23378
89,101,23379
90,100,23380
90,98,23381
93,96,23382
94,95,23383
92,95,23384
97,93,23385
96,92,23386
99,91,23387
100,91,23388
106,92,23389
107,92,23390
105,90,23391
107,90,23392
110,91,23393
115,96,23394
113,92,23395
119,99,23396
118,96,23397
121,101,23398
121,100,23399
124,106,23400
125,109,23401
126,111,23402
126,119,23403
127,113,23404
127,123,23405
125,130,23406
127,126,23407
126,131,23408
126,133,23409
121,142,23410
126,136,23411
119,146,23412
119,147,23413
114,152,23414
111,154,23415
110,156,23416
107,158,23417
99,160,23418
100,161,23419
97,162,23420
91,162,23421
87,162,23422
84,162,23423
89,164,23424
77,161,23425
71,158,23426
68,156,23427
68,157,23428
61,151,23429
59,150,23430
57,148,23431
50,136,23432
49,135,23433
47,132,23434
45,127,23435
43,119,23436
42,114,23437
42,104,23438
41,107,23439
40,105,23440
44,85,23441
46,79,23442
44,82,23443
45,78,23444
54,63,23445
51,65,23446
54,61,23447
61,53,23448
65,49,23449
72,44,23450
74,42,23451
79,39,23452
85,37,23453
94,35,23454
93,34,23455
106,34,23456
113,35,23457
108,33,23458
119,35,23459
134,42,23460
132,40,23461
137,43,23462
145,49,23463
153,57,23464
154,58,23465
158,62,23466
166,77,23467
166,76,23468
166,74,23469
173,95,23470
175,103,23471
176,109,23472
176,123,23473
177,118,23474
177,125,23475
174,144,23476
175,143,23477
172,155,23478
167,166,23479
160,179,23480
160,180,23481
158,183,23482
140,201,23483
145,198,23484
134,206,23485
128,210,23486
121,214,23487
114,216,23488
104,219,23489
107,219,23490
84,220,23491
82,220,23492
74,219,23493
75,220,23494
58,215,23495
98,110,23496
99,109,23497
100,108,23498
102,109,23499
103,109,23500
103,108,23501
105,111,23502
106,111,23503
107,112,23504
108,113,23505
108,117,23506
109,116,23507
109,118,23508
109,121,23509
108,124,23510
110,122,23511
108,127,23512
108,128,23513
106,131,23514
105,132,23515
105,133,23516
104,135,23517
102,136,23518
100,138,23519
98,139,23520
95,140,23521
94,141,23522
88,140,23523
88,141,23524
87,141,23525
83,140,23526
82,140,23527
77,137,23528
76,137,23529
73,135,23530
71,133,23531
70,132,23532
66,125,23533
65,125,23534
63,118,23535
63,121,23536
62,108,23537
61,114,23538
60,109,23539
60,103,23540
60,101,23541
62,92,23542
62,90,23543
63,87,23544
67,79,23545
65,81,23546
68,76,23547
71,72,23548
76,67,23549
77,66,23550
79,64,23551
84,61,23552
88,59,23553
91,58,23554
94,57,23555
99,56,23556
103,55,23557
110,56,23558
114,57,23559
120,59,23560
123,60,23561
131,65,23562
132,65,23563
136,69,23564
139,71,23565
144,78,23566
145,79,23567
151,91,23568
152,92,23569
154,98,23570
155,100,23571
156,106,23572
157,112,23573
158,118,23574
157,129,23575
157,132,23576
154,145,23577
155,143,23578
150,156,23579
147,162,23580
145,166,23581
143,169,23582
137,176,23583
135,179,23584
128,185,23585
125,187,23586
115,192,23587
114,193,23588
106,196,23589
102,197,23590
90,198,23591
89,199,23592
80,198,23593
70,195,23594
66,194,23595
58,191,23596
55,189,23597
44,181,23598
41,179,23599
33,170,23600
30,166,23601
27,162,23602
23,155,23603
19,147,23604
16,139,23605
13,127,23606
12,124,23607
11,114,23608
10,106,23609
10,97,23610
13,82,23611
14,76,23612
16,67,23613
19,59,23614
24,49,23615
28,42,23616
31,37,23617
45,22,23618
43,23,23619
50,17,23620
57,12,23621
65,7,23622
97,114,23623
97,117,23624
97,118,23625
95,119,23626
93,120,23627
93,121,23628
92,121,23629
90,121,23630
89,121,23631
87,120,23632
87,121,23633
85,120,23634
84,118,23635
82,115,23636
81,114,23637
81,118,23638
80,110,23639
79,112,23640
79,107,23641
79,105,23642
78,104,23643
78,102,23644
80,97,23645
80,95,23646
79,95,23647
82,91,23648
83,89,23649
85,87,23650
85,86,23651
89,83,23652
90,82,23653
91,81,23654
95,79,23655
97,78,23656
102,78,23657
102,77,23658
104,77,23659
113,80,23660
112,79,23661
117,81,23662
117,80,23663
122,85,23664
122,83,23665
126,87,23666
128,90,23667
130,92,23668
134,103,23669
135,102,23670
134,97,23671
137,112,23672
138,112,23673
138,119,23674
139,122,23675
139,123,23676
138,130,23677
138,134,23678
136,140,23679
132,148,23680
131,150,23681
129,154,23682
126,158,23683
126,159,23684
121,163,23685
116,167,23686
112,170,23687
109,172,23688
101,174,23689
100,175,23690
94,176,23691
88,176,23692
85,176,23693
82,176,23694
73,173,23695
67,171,23696
66,171,23697
61,168,23698
53,161,23699
51,160,23700
50,159,23701
42,148,23702
41,147,23703
36,135,23704
34,130,23705
34,134,23706
31,117,23707
30,110,23708
29,111,23709
30,98,23710
30,92,23711
31,86,23712
34,76,23713
37,67,23714
39,63,23715
40,60,23716
47,50,23717
53,43,23718
52,43,23719
59,37,23720
68,31,23721
70,29,23722
72,27,23723
90,22,23724
92,21,23725
99,20,23726
105,20,23727
112,20,23728
124,23,23729
129,24,23730
134,26,23731
138,28,23732
152,38,23733
149,35,23734
159,44,23735
164,50,23736
170,58,23737
170,57,23738
180,79,23739
182,83,23740
185,92,23741
187,105,23742
188,111,23743
188,103,23744
188,131,23745
188,134,23746
184,154,23747
183,159,23748
183,160,23749
95,111,23750
94,110,23751
93,109,23752
94,106,23753
95,105,23754
94,104,23755
95,102,23756
96,101,23757
97,100,23758
97,99,23759
101,99,23760
101,98,23761
103,98,23762
105,99,23763
106,99,23764
106,97,23765
111,102,23766
110,100,23767
113,103,23768
113,102,23769
116,107,23770
117,109,23771
117,107,23772
118,108,23773
119,112,23774
120,116,23775
120,119,23776
120,122,23777
121,121,23778
119,128,23779
119,130,23780
118,133,23781
118,135,23782
117,137,23783
111,143,23784
115,141,23785
108,147,23786
103,149,23787
104,150,23788
102,151,23789
102,152,23790
93,153,23791
96,154,23792
87,154,23793
86,154,23794
83,154,23795
74,149,23796
72,149,23797
72,150,23798
66,144,23799
67,147,23800
63,143,23801
61,140,23802
57,134,23803
54,128,23804
54,131,23805
51,121,23806
50,116,23807
49,111,23808
49,106,23809
48,107,23810
48,103,23811
51,87,23812
50,89,23813
51,85,23814
52,81,23815
61,66,23816
58,69,23817
62,63,23818
70,56,23819
65,59,23820
66,57,23821
82,48,23822
83,47,23823
91,44,23824
89,44,23825
106,43,23826
102,42,23827
109,42,23828
114,43,23829
116,43,23830
131,50,23831
133,51,23832
129,47,23833
141,56,23834
149,65,23835
149,63,23836
153,69,23837
159,80,23838
159,77,23839
161,81,23840
167,103,23841
167,101,23842
169,110,23843
169,120,23844
169,129,23845
169,133,23846
165,149,23847
165,151,23848
164,154,23849
161,162,23850
153,175,23851
155,174,23852
148,183,23853
136,194,23854
141,191,23855
134,197,23856
123,203,23857
121,205,23858
110,209,23859
101,211,23860
95,212,23861
90,212,23862
81,212,23863
73,210,23864
73,211,23865
54,203,23866
51,202,23867
46,199,23868
37,192,23869
33,189,23870
33,190,23871
15,165,23872
13,161,23873
11,159,23874
9,155,23875
3,137,23876
98,112,23877
100,112,23878
102,113,23879
102,116,23880
102,117,23881
104,117,23882
103,119,23883
104,119,23884
103,122,23885
103,123,23886
102,125,23887
102,126,23888
100,128,23889
98,129,23890
97,130,23891
99,131,23892
93,132,23893
93,133,23894
90,132,23895
90,133,23896
85,131,23897
85,132,23898
85,133,23899
81,131,23900
80,131,23901
76,126,23902
76,128,23903
73,122,23904
73,124,23905
71,119,23906
70,120,23907
69,115,23908
68,112,23909
67,110,23910
68,100,23911
66,106,23912
67,100,23913
72,88,23914
68,94,23915
71,87,23916
71,86,23917
76,79,23918
72,82,23919
78,76,23920
80,74,23921
82,72,23922
90,68,23923
90,67,23924
92,66,23925
99,65,23926
99,64,23927
105,64,23928
106,64,23929
115,66,23930
117,67,23931
114,64,23932
122,68,23933
127,72,23934
135,80,23935
134,77,23936
139,84,23937
140,85,23938
141,86,23939
146,99,23940
148,105,23941
148,102,23942
149,108,23943
150,113,23944
150,124,23945
149,131,23946
151,125,23947
150,135,23948
143,151,23949
142,155,23950
144,152,23951
142,157,23952
131,170,23953
138,164,23954
127,175,23955
122,179,23956
119,181,23957
110,185,23958
112,185,23959
107,187,23960
96,189,23961
90,190,23962
84,190,23963
80,189,23964
70,186,23965
69,187,23966
64,185,23967
51,176,23968
51,177,23969
41,167,23970
40,166,23971
34,158,23972
30,152,23973
31,155,23974
22,130,23975
23,136,23976
21,131,23977
19,117,23978
18,110,23979
18,98,23980
20,85,23981
18,91,23982
19,84,23983
26,63,23984
25,63,23985
29,55,23986
34,47,23987
42,36,23988
42,35,23989
46,31,23990
61,20,23991
64,17,23992
73,13,23993
77,11,23994
86,8,23995
96,7,23996
101,6,23997
102,5,23998
120,8,23999
128,10,24000
134,12,24001
134,11,24002
144,16,24003
95,114,24004
94,115,24005
93,116,24006
91,115,24007
89,113,24008
89,115,24009
88,113,24010
87,113,24011
86,111,24012
85,111,24013
86,106,24014
85,105,24015
84,105,24016
86,101,24017
86,100,24018
85,99,24019
87,96,24020
88,95,24021
89,93,24022
91,91,24023
90,91,24024
94,89,24025
96,88,24026
95,87,24027
98,86,24028
103,86,24029
102,85,24030
109,87,24031
110,87,24032
110,86,24033
114,88,24034
115,88,24035
119,92,24036
120,92,24037
121,93,24038
123,95,24039
127,102,24040
128,106,24041
129,107,24042
130,111,24043
131,112,24044
130,126,24045
132,115,24046
131,127,24047
131,129,24048
130,134,24049
127,140,24050
127,141,24051
125,146,24052
123,149,24053
121,152,24054
119,154,24055
115,158,24056
111,161,24057
107,163,24058
108,163,24059
101,166,24060
96,167,24061
88,167,24062
90,168,24063
87,168,24064
84,168,24065
76,166,24066
70,163,24067
65,160,24068
63,159,24069
60,157,24070
56,154,24071
53,150,24072
51,148,24073
46,140,24074
43,134,24075
40,124,24076
40,126,24077
38,116,24078
37,114,24079
38,97,24080
36,105,24081
37,94,24082
39,85,24083
41,78,24084
43,73,24085
45,67,24086
49,60,24087
53,55,24088
58,49,24089
59,47,24090
67,41,24091
68,40,24092
74,36,24093
83,32,24094
92,30,24095
95,29,24096
98,28,24097
110,29,24098
118,30,24099
120,30,24100
124,31,24101
134,36,24102
142,41,24103
142,40,24104
155,52,24105
157,54,24106
159,56,24107
164,63,24108
169,71,24109
174,83,24110
174,81,24111
178,94,24112
180,105,24113
181,114,24114
181,122,24115
182,121,24116
180,139,24117
175,157,24118
177,154,24119
172,166,24120
168,175,24121
165,181,24122
158,190,24123
154,195,24124
153,197,24125
140,208,24126
133,213,24127
124,218,24128
122,219,24129
111,223,24130
96,110,24131
96,109,24132
97,107,24133
99,106,24134
100,106,24135
102,105,24136
103,105,24137
104,105,24138
105,106,24139
106,106,24140
108,107,24141
109,108,24142
110,111,24143
111,112,24144
112,113,24145
112,109,24146
113,117,24147
113,118,24148
113,121,24149
113,124,24150
113,126,24151
112,128,24152
111,131,24153
111,132,24154
110,134,24155
109,136,24156
105,139,24157
106,139,24158
106,140,24159
98,143,24160
98,144,24161
97,145,24162
94,146,24163
91,146,24164
85,145,24165
85,146,24166
82,145,24167
78,143,24168
77,143,24169
73,141,24170
72,140,24171
66,133,24172
67,136,24173
63,130,24174
62,128,24175
60,126,24176
58,114,24177
57,115,24178
57,119,24179
56,107,24180
55,107,24181
56,99,24182
56,97,24183
57,91,24184
59,84,24185
59,83,24186
62,77,24187
67,70,24188
68,69,24189
70,66,24190
74,62,24191
75,61,24192
81,57,24193
85,55,24194
89,53,24195
92,52,24196
100,51,24197
101,50,24198
111,51,24199
115,52,24200
120,53,24201
122,54,24202
128,57,24203
133,60,24204
137,63,24205
141,66,24206
147,74,24207
149,76,24208
152,82,24209
154,85,24210
157,91,24211
160,106,24212
161,109,24213
161,104,24214
162,118,24215
162,124,24216
162,130,24217
159,144,24218
158,149,24219
157,152,24220
152,163,24221
150,166,24222
148,170,24223
145,175,24224
138,182,24225
130,189,24226
131,189,24227
117,197,24228
108,200,24229
111,200,24230
106,202,24231
92,203,24232
88,204,24233
80,203,24234
71,201,24235
69,201,24236
57,196,24237
55,195,24238
51,193,24239
41,185,24240
36,181,24241
29,173,24242
24,166,24243
21,161,24244
16,151,24245
12,142,24246
8,122,24247
8,125,24248
7,121,24249
6,107,24250
6,98,24251
7,86,24252
8,81,24253
9,75,24254
16,55,24255
17,52,24256
22,42,24257
98,114,24258
99,116,24259
99,118,24260
98,119,24261
96,121,24262
97,122,24263
96,123,24264
96,124,24265
95,125,24266
93,125,24267
89,124,24268
90,126,24269
88,125,24270
86,124,24271
85,124,24272
86,127,24273
81,120,24274
80,120,24275
79,118,24276
78,119,24277
77,115,24278
76,114,24279
75,111,24280
75,109,24281
74,110,24282
74,104,24283
74,103,24284
75,97,24285
75,96,24286
77,92,24287
77,91,24288
78,88,24289
78,87,24290
81,84,24291
87,79,24292
84,80,24293
88,77,24294
95,75,24295
95,74,24296
98,73,24297
101,73,24298
106,73,24299
106,72,24300
107,72,24301
113,74,24302
116,74,24303
124,81,24304
123,79,24305
125,79,24306
132,89,24307
132,87,24308
134,90,24309
136,93,24310
139,101,24311
141,107,24312
140,100,24313
142,108,24314
143,117,24315
143,122,24316
142,131,24317
143,130,24318
143,131,24319
140,141,24320
137,148,24321
135,153,24322
135,154,24323
129,161,24324
128,163,24325
123,168,24326
117,172,24327
119,172,24328
113,176,24329
100,179,24330
98,180,24331
96,181,24332
93,182,24333
80,180,24334
81,181,24335
79,181,24336
66,176,24337
63,175,24338
55,169,24339
47,161,24340
52,168,24341
45,160,24342
39,151,24343
40,155,24344
34,143,24345
29,129,24346
29,132,24347
29,133,24348
26,111,24349
25,109,24350
25,101,24351
26,92,24352
27,84,24353
27,82,24354
33,65,24355
36,59,24356
36,58,24357
43,47,24358
54,36,24359
47,41,24360
60,30,24361
68,25,24362
63,27,24363
70,23,24364
86,17,24365
85,17,24366
95,15,24367
109,15,24368
110,15,24369
119,16,24370
127,18,24371
134,21,24372
136,21,24373
155,35,24374
155,34,24375
165,44,24376
170,50,24377
169,48,24378
173,52,24379
184,76,24380
186,81,24381
189,90,24382
189,88,24383
192,106,24384
95,113,24385
92,112,24386
91,112,24387
91,109,24388
92,106,24389
90,107,24390
91,104,24391
90,104,24392
91,102,24393
91,101,24394
93,99,24395
94,98,24396
94,97,24397
98,96,24398
99,95,24399
97,94,24400
102,94,24401
102,93,24402
105,94,24403
105,93,24404
110,96,24405
111,96,24406
112,96,24407
113,96,24408
116,99,24409
119,104,24410
118,100,24411
121,106,24412
122,108,24413
123,112,24414
123,117,24415
124,114,24416
125,117,24417
125,122,24418
123,129,24419
126,122,24420
123,132,24421
119,139,24422
119,141,24423
120,140,24424
118,144,24425
111,150,24426
115,148,24427
106,154,24428
107,154,24429
104,156,24430
95,158,24431
94,158,24432
95,159,24433
84,158,24434
89,160,24435
83,159,24436
76,157,24437
71,154,24438
68,152,24439
71,156,24440
63,149,24441
59,145,24442
55,139,24443
56,142,24444
51,133,24445
51,134,24446
48,128,24447
46,117,24448
45,114,24449
44,111,24450
45,97,24451
43,104,24452
45,92,24453
49,80,24454
46,84,24455
45,86,24456
55,67,24457
57,63,24458
57,62,24459
59,59,24460
71,49,24461
63,53,24462
77,44,24463
79,43,24464
86,40,24465
95,38,24466
102,38,24467
99,37,24468
110,37,24469
114,38,24470
114,37,24471
127,42,24472
137,48,24473
132,43,24474
137,46,24475
148,56,24476
153,61,24477
157,66,24478
159,69,24479
165,81,24480
167,85,24481
168,86,24482
172,106,24483
173,110,24484
173,104,24485
173,131,24486
174,128,24487
172,142,24488
168,154,24489
170,152,24490
167,160,24491
162,170,24492
160,175,24493
151,187,24494
148,190,24495
142,196,24496
138,200,24497
129,206,24498
120,210,24499
115,213,24500
105,215,24501
97,217,24502
86,217,24503
81,217,24504
73,216,24505
75,217,24506
54,209,24507
45,204,24508
43,203,24509
40,202,24510
32,195,24511
98,111,24512
100,110,24513
101,109,24514
103,112,24515
104,112,24516
104,111,24517
105,114,24518
106,114,24519
107,115,24520
107,117,24521
106,122,24522
107,121,24523
107,123,24524
106,125,24525
105,127,24526
107,127,24527
102,131,24528
102,132,24529
101,133,24530
100,134,24531
97,136,24532
95,136,24533
94,137,24534
93,138,24535
92,138,24536
86,137,24537
86,138,24538
81,135,24539
80,136,24540
78,134,24541
77,134,24542
75,133,24543
71,128,24544
70,127,24545
68,124,24546
67,122,24547
65,117,24548
64,112,24549
64,110,24550
63,108,24551
62,109,24552
65,94,24553
62,100,24554
63,96,24555
65,90,24556
66,86,24557
72,77,24558
69,80,24559
71,76,24560
78,70,24561
78,69,24562
82,66,24563
83,65,24564
89,62,24565
94,61,24566
93,60,24567
98,59,24568
104,59,24569
110,60,24570
110,59,24571
116,60,24572
118,61,24573
126,65,24574
130,68,24575
135,72,24576
137,74,24577
140,77,24578
143,81,24579
147,88,24580
149,92,24581
151,98,24582
152,100,24583
154,112,24584
154,120,24585
155,117,24586
155,125,24587
151,143,24588
155,132,24589
153,140,24590
149,151,24591
147,156,24592
141,166,24593
143,164,24594
136,173,24595
133,176,24596
126,182,24597
121,186,24598
112,190,24599
111,191,24600
109,192,24601
100,194,24602
91,195,24603
86,195,24604
82,195,24605
71,192,24606
64,190,24607
58,187,24608
57,187,24609
46,178,24610
43,176,24611
39,173,24612
32,164,24613
29,159,24614
23,148,24615
23,149,24616
18,135,24617
16,128,24618
15,123,24619
14,118,24620
13,108,24621
14,92,24622
15,85,24623
15,81,24624
19,67,24625
28,49,24626
24,54,24627
33,40,24628
32,41,24629
39,32,24630
47,24,24631
50,21,24632
57,15,24633
67,10,24634
73,7,24635
85,3,24636
89,2,24637
97,1,24638
97,115,24639
96,116,24640
95,118,24641
93,118,24642
91,117,24643
91,119,24644
90,119,24645
88,118,24646
87,118,24647
86,117,24648
85,117,24649
84,115,24650
83,112,24651
82,110,24652
82,107,24653
81,109,24654
81,104,24655
80,105,24656
81,102,24657
81,100,24658
82,97,24659
83,94,24660
86,91,24661
85,91,24662
85,90,24663
89,87,24664
89,86,24665
93,84,24666
93,83,24667
97,82,24668
99,81,24669
102,81,24670
104,80,24671
108,81,24672
112,82,24673
111,81,24674
116,84,24675
119,86,24676
122,88,24677
123,89,24678
125,90,24679
129,96,24680
129,95,24681
132,103,24682
133,104,24683
134,106,24684
135,117,24685
136,116,24686
136,122,24687
136,124,24688
135,131,24689
135,132,24690
134,137,24691
132,142,24692
129,148,24693
129,149,24694
126,153,24695
121,159,24696
120,160,24697
116,164,24698
110,167,24699
110,168,24700
104,170,24701
96,172,24702
91,172,24703
90,173,24704
87,173,24705
83,173,24706
76,171,24707
70,169,24708
63,165,24709
61,164,24710
55,159,24711
52,156,24712
50,154,24713
48,152,24714
42,142,24715
39,136,24716
37,132,24717
36,128,24718
34,122,24719
33,110,24720
32,107,24721
32,103,24722
32,99,24723
34,87,24724
35,80,24725
41,66,24726
39,68,24727
45,58,24728
47,55,24729
52,48,24730
55,45,24731
61,39,24732
68,34,24733
78,29,24734
77,29,24735
89,25,24736
96,24,24737
99,23,24738
103,23,24739
115,24,24740
117,24,24741
127,27,24742
136,31,24743
137,31,24744
143,35,24745
150,40,24746
157,46,24747
162,52,24748
169,62,24749
171,65,24750
176,75,24751
178,80,24752
181,89,24753
184,100,24754
185,115,24755
186,117,24756
185,132,24757
185,135,24758
184,142,24759
182,152,24760
178,164,24761
175,172,24762
167,186,24763
166,188,24764
161,195,24765
96,112,24766
95,108,24767
94,107,24768
96,106,24769
97,104,24770
97,103,24771
98,102,24772
99,102,24773
101,101,24774
101,100,24775
105,102,24776
103,100,24777
107,102,24778
108,103,24779
110,104,24780
108,100,24781
113,108,24782
113,107,24783
115,111,24784
115,108,24785
116,113,24786
117,115,24787
117,120,24788
118,119,24789
118,120,24790
117,126,24791
117,127,24792
116,131,24793
115,133,24794
112,137,24795
113,138,24796
111,140,24797
110,142,24798
109,143,24799
102,147,24800
105,147,24801
98,149,24802
93,150,24803
93,151,24804
90,151,24805
88,151,24806
86,152,24807
80,149,24808
78,149,24809
73,146,24810
73,147,24811
65,138,24812
64,139,24813
64,140,24814
57,126,24815
59,133,24816
56,127,24817
55,124,24818
53,116,24819
52,112,24820
51,113,24821
51,104,24822
51,102,24823
53,90,24824
54,86,24825
53,87,24826
55,81,24827
60,72,24828
62,69,24829
63,67,24830
65,64,24831
72,58,24832
73,56,24833
80,52,24834
87,49,24835
82,50,24836
86,48,24837
101,46,24838
103,45,24839
105,45,24840
109,45,24841
122,49,24842
126,50,24843
127,50,24844
136,56,24845
134,54,24846
146,66,24847
150,71,24848
148,66,24849
156,80,24850
160,89,24851
160,86,24852
162,93,24853
165,108,24854
165,102,24855
166,120,24856
167,121,24857
166,132,24858
166,134,24859
161,153,24860
161,154,24861
159,160,24862
155,167,24863
149,176,24864
145,182,24865
144,184,24866
131,194,24867
134,193,24868
123,200,24869
118,202,24870
113,205,24871
110,206,24872
96,208,24873
93,209,24874
85,209,24875
74,207,24876
69,206,24877
58,202,24878
55,201,24879
47,196,24880
43,194,24881
28,178,24882
28,179,24883
24,174,24884
19,167,24885
14,158,24886
15,162,24887
5,131,24888
4,127,24889
2,116,24890
2,118,24891
1,106,24892
99,113,24893
100,113,24894
101,115,24895
101,118,24896
100,120,24897
102,119,24898
101,121,24899
101,122,24900
100,124,24901
99,125,24902
97,127,24903
96,128,24904
95,128,24905
94,129,24906
91,129,24907
94,131,24908
88,129,24909
87,130,24910
84,128,24911
84,129,24912
80,126,24913
80,127,24914
79,126,24915
78,126,24916
76,123,24917
73,117,24918
73,120,24919
72,115,24920
71,113,24921
70,109,24922
70,104,24923
69,106,24924
70,100,24925
70,98,24926
72,93,24927
70,95,24928
72,90,24929
79,81,24930
76,82,24931
80,78,24932
79,78,24933
87,73,24934
83,74,24935
89,71,24936
94,69,24937
95,68,24938
108,69,24939
104,67,24940
107,67,24941
113,69,24942
113,68,24943
118,70,24944
122,72,24945
128,77,24946
132,81,24947
129,76,24948
132,79,24949
138,88,24950
140,92,24951
141,91,24952
144,101,24953
145,102,24954
146,105,24955
147,116,24956
148,119,24957
148,122,24958
145,138,24959
148,129,24960
145,141,24961
138,155,24962
144,146,24963
143,150,24964
129,167,24965
127,170,24966
127,171,24967
124,174,24968
115,179,24969
116,180,24970
111,182,24971
101,185,24972
98,186,24973
87,186,24974
80,185,24975
84,187,24976
75,185,24977
65,181,24978
69,184,24979
52,173,24980
48,169,24981
49,172,24982
46,169,24983
34,152,24984
34,153,24985
31,148,24986
28,141,24987
25,132,24988
23,126,24989
22,124,24990
21,107,24991
20,105,24992
21,92,24993
23,83,24994
23,79,24995
25,73,24996
31,59,24997
29,61,24998
35,50,24999
43,40,25000
43,39,25001
48,33,25002
58,25,25003
66,20,25004
67,19,25005
78,14,25006
91,11,25007
91,10,25008
108,10,25009
113,10,25010
120,11,25011
125,12,25012
131,14,25013
136,15,25014
151,25,25015
159,31,25016
167,39,25017
164,34,25018
175,48,25019
94,114,25020
93,114,25021
92,115,25022
90,113,25023
90,110,25024
89,110,25025
88,110,25026
87,109,25027
87,107,25028
87,106,25029
88,102,25030
88,101,25031
87,101,25032
91,97,25033
90,96,25034
89,96,25035
94,93,25036
92,93,25037
96,91,25038
96,90,25039
101,90,25040
103,90,25041
102,89,25042
103,88,25043
105,88,25044
111,91,25045
108,88,25046
115,93,25047
114,91,25048
118,95,25049
119,95,25050
121,97,25051
124,103,25052
125,103,25053
126,107,25054
127,108,25055
128,113,25056
128,121,25057
129,120,25058
129,121,25059
129,125,25060
126,135,25061
130,127,25062
124,141,25063
125,141,25064
122,145,25065
117,151,25066
118,151,25067
114,155,25068
110,157,25069
110,158,25070
105,161,25071
103,162,25072
94,163,25073
93,164,25074
94,165,25075
89,165,25076
80,163,25077
74,161,25078
74,162,25079
70,160,25080
66,158,25081
62,155,25082
58,151,25083
52,143,25084
51,143,25085
49,140,25086
45,131,25087
44,129,25088
42,123,25089
41,117,25090
40,115,25091
40,104,25092
41,93,25093
39,101,25094
40,91,25095
45,77,25096
43,78,25097
46,72,25098
51,63,25099
53,60,25100
63,49,25101
63,48,25102
64,47,25103
74,40,25104
81,37,25105
78,37,25106
93,33,25107
91,33,25108
98,32,25109
103,31,25110
116,33,25111
118,33,25112
122,34,25113
131,38,25114
139,42,25115
144,46,25116
146,47,25117
156,58,25118
160,63,25119
160,61,25120
168,76,25121
171,83,25122
172,85,25123
176,99,25124
177,104,25125
178,111,25126
178,125,25127
179,122,25128
178,135,25129
175,148,25130
173,155,25131
173,158,25132
169,167,25133
156,187,25134
159,185,25135
150,195,25136
146,199,25137
142,203,25138
128,212,25139
127,213,25140
122,216,25141
107,220,25142
98,222,25143
92,222,25144
86,223,25145
85,223,25146
97,110,25147
98,108,25148
99,107,25149
101,108,25150
102,108,25151
104,108,25152
105,109,25153
106,109,25154
107,110,25155
108,111,25156
109,113,25157
109,114,25158
110,115,25159
110,118,25160
110,120,25161
111,120,25162
111,122,25163
110,126,25164
110,127,25165
109,129,25166
109,130,25167
108,132,25168
105,135,25169
105,136,25170
103,138,25171
101,139,25172
100,140,25173
93,141,25174
94,142,25175
90,142,25176
89,143,25177
87,143,25178
82,141,25179
80,141,25180
78,140,25181
76,139,25182
73,137,25183
70,134,25184
69,133,25185
66,129,25186
65,128,25187
63,124,25188
61,120,25189
60,116,25190
59,112,25191
59,108,25192
59,101,25193
58,103,25194
59,96,25195
60,91,25196
60,90,25197
62,84,25198
64,80,25199
66,76,25200
69,72,25201
71,69,25202
73,67,25203
79,62,25204
82,60,25205
88,57,25206
90,56,25207
94,55,25208
98,54,25209
105,54,25210
107,54,25211
110,54,25212
115,55,25213
122,57,25214
127,60,25215
131,62,25216
136,66,25217
138,68,25218
141,71,25219
145,76,25220
149,82,25221
151,85,25222
154,93,25223
157,102,25224
158,107,25225
159,113,25226
159,124,25227
159,125,25228
159,129,25229
157,141,25230
157,142,25231
155,149,25232
151,159,25233
148,164,25234
145,169,25235
144,171,25236
137,179,25237
129,186,25238
125,189,25239
124,190,25240
112,196,25241
109,197,25242
102,199,25243
96,200,25244
87,200,25245
83,200,25246
76,199,25247
65,196,25248
57,192,25249
58,193,25250
47,186,25251
42,182,25252
34,174,25253
33,173,25254
29,168,25255
21,155,25256
18,149,25257
16,144,25258
13,134,25259
11,126,25260
9,112,25261
9,111,25262
9,99,25263
9,94,25264
12,75,25265
13,72,25266
15,65,25267
20,52,25268
24,45,25269
29,37,25270
31,34,25271
44,20,25272
48,16,25273
98,115,25274
98,116,25275
98,118,25276
96,119,25277
95,120,25278
95,122,25279
93,122,25280
92,123,25281
91,123,25282
90,123,25283
87,122,25284
87,123,25285
84,119,25286
83,119,25287
82,119,25288
83,122,25289
80,113,25290
79,115,25291
78,112,25292
78,108,25293
77,109,25294
77,106,25295
78,100,25296
77,101,25297
76,101,25298
78,96,25299
78,95,25300
81,90,25301
80,90,25302
84,85,25303
84,84,25304
85,83,25305
88,81,25306
90,79,25307
94,78,25308
94,77,25309
99,76,25310
108,77,25311
104,75,25312
111,77,25313
110,76,25314
117,79,25315
114,76,25316
120,80,25317
125,84,25318
126,84,25319
132,95,25320
130,89,25321
132,91,25322
137,105,25323
137,102,25324
138,105,25325
139,108,25326
140,116,25327
140,124,25328
141,122,25329
141,124,25330
137,140,25331
137,141,25332
136,144,25333
134,149,25334
134,150,25335
128,158,25336
124,162,25337
124,163,25338
120,167,25339
111,172,25340
113,172,25341
102,176,25342
98,177,25343
97,178,25344
93,178,25345
82,177,25346
79,177,25347
77,177,25348
72,176,25349
65,172,25350
57,167,25351
56,167,25352
51,162,25353
50,162,25354
40,147,25355
37,142,25356
40,150,25357
33,133,25358
31,125,25359
30,126,25360
29,117,25361
28,108,25362
27,107,25363
29,90,25364
30,83,25365
31,79,25366
33,72,25367
37,63,25368
41,56,25369
39,58,25370
49,45,25371
58,36,25372
57,36,25373
56,36,25374
73,26,25375
78,23,25376
81,22,25377
93,19,25378
95,18,25379
103,18,25380
112,18,25381
114,18,25382
123,20,25383
133,24,25384
141,28,25385
149,33,25386
153,36,25387
160,43,25388
162,44,25389
175,64,25390
176,65,25391
178,68,25392
182,78,25393
184,83,25394
186,86,25395
189,110,25396
190,115,25397
190,124,25398
190,131,25399
189,142,25400
95,112,25401
93,111,25402
92,109,25403
93,107,25404
94,105,25405
92,105,25406
93,103,25407
94,102,25408
95,100,25409
99,99,25410
95,99,25411
98,98,25412
100,97,25413
103,97,25414
106,98,25415
102,95,25416
108,98,25417
107,96,25418
111,100,25419
112,99,25420
114,102,25421
115,103,25422
115,101,25423
117,103,25424
119,108,25425
120,112,25426
121,112,25427
121,118,25428
122,115,25429
121,124,25430
121,127,25431
122,125,25432
121,130,25433
121,131,25434
116,139,25435
121,134,25436
115,142,25437
108,148,25438
112,146,25439
110,148,25440
110,149,25441
100,153,25442
104,153,25443
96,155,25444
94,156,25445
91,156,25446
82,154,25447
81,155,25448
82,156,25449
71,150,25450
72,152,25451
70,151,25452
65,147,25453
61,142,25454
59,140,25455
59,142,25456
55,135,25457
53,131,25458
50,123,25459
50,125,25460
48,115,25461
47,112,25462
47,103,25463
47,98,25464
47,96,25465
48,89,25466
52,79,25467
49,84,25468
55,71,25469
61,63,25470
57,66,25471
57,65,25472
71,53,25473
73,51,25474
76,48,25475
79,46,25476
89,43,25477
85,43,25478
95,41,25479
101,40,25480
106,40,25481
117,42,25482
123,44,25483
121,42,25484
130,46,25485
138,52,25486
133,47,25487
146,58,25488
154,69,25489
151,62,25490
155,68,25491
163,84,25492
165,88,25493
167,93,25494
168,97,25495
170,110,25496
171,113,25497
171,122,25498
171,127,25499
169,142,25500
169,144,25501
163,160,25502
164,160,25503
160,168,25504
154,177,25505
154,179,25506
149,185,25507
136,197,25508
137,197,25509
131,201,25510
123,206,25511
109,211,25512
114,210,25513
100,213,25514
88,214,25515
90,215,25516
74,212,25517
67,211,25518
59,208,25519
54,206,25520
47,202,25521
44,201,25522
31,189,25523
20,176,25524
18,174,25525
16,172,25526
12,164,25527
97,112,25528
101,112,25529
101,111,25530
102,114,25531
103,116,25532
104,115,25533
104,118,25534
105,117,25535
105,120,25536
105,121,25537
104,124,25538
103,126,25539
103,127,25540
101,129,25541
99,130,25542
102,130,25543
96,132,25544
97,133,25545
94,134,25546
94,135,25547
89,134,25548
87,134,25549
87,135,25550
84,134,25551
85,135,25552
79,131,25553
80,133,25554
75,128,25555
76,130,25556
73,126,25557
71,124,25558
70,122,25559
68,117,25560
67,115,25561
67,108,25562
66,111,25563
65,108,25564
67,98,25565
66,97,25566
67,94,25567
66,94,25568
71,84,25569
67,89,25570
71,82,25571
75,77,25572
76,75,25573
83,70,25574
80,71,25575
84,68,25576
92,65,25577
92,64,25578
95,63,25579
101,63,25580
108,63,25581
110,63,25582
105,61,25583
114,63,25584
120,66,25585
127,70,25586
124,67,25587
130,71,25588
135,76,25589
137,78,25590
142,86,25591
145,91,25592
146,92,25593
147,95,25594
150,104,25595
151,110,25596
151,120,25597
152,116,25598
153,119,25599
150,136,25600
148,144,25601
150,141,25602
149,145,25603
141,160,25604
144,157,25605
140,163,25606
134,170,25607
131,174,25608
126,178,25609
124,180,25610
118,184,25611
111,187,25612
101,190,25613
101,191,25614
92,192,25615
84,191,25616
83,192,25617
77,191,25618
64,186,25619
65,187,25620
57,183,25621
50,178,25622
45,174,25623
42,171,25624
41,171,25625
26,146,25626
26,148,25627
25,147,25628
22,138,25629
19,128,25630
17,118,25631
17,106,25632
16,109,25633
16,98,25634
18,84,25635
17,86,25636
19,76,25637
26,58,25638
28,54,25639
29,51,25640
34,43,25641
48,28,25642
45,29,25643
54,22,25644
59,18,25645
67,13,25646
75,10,25647
80,8,25648
84,6,25649
101,4,25650
114,5,25651
115,5,25652
120,5,25653
124,6,25654
96,114,25655
95,116,25656
94,117,25657
92,117,25658
90,115,25659
90,117,25660
88,115,25661
87,115,25662
86,113,25663
85,113,25664
85,109,25665
84,109,25666
83,108,25667
84,103,25668
84,102,25669
83,102,25670
84,100,25671
84,98,25672
86,95,25673
87,93,25674
87,92,25675
89,90,25676
91,89,25677
92,87,25678
94,86,25679
98,85,25680
97,84,25681
103,84,25682
104,84,25683
104,83,25684
108,84,25685
110,84,25686
115,87,25687
116,87,25688
119,89,25689
121,91,25690
124,94,25691
126,98,25692
128,100,25693
130,106,25694
129,101,25695
131,108,25696
132,109,25697
133,116,25698
133,123,25699
133,125,25700
132,130,25701
131,134,25702
131,137,25703
129,141,25704
128,144,25705
127,146,25706
124,151,25707
121,155,25708
115,160,25709
116,160,25710
110,164,25711
105,166,25712
103,167,25713
101,168,25714
95,169,25715
93,170,25716
88,170,25717
78,168,25718
75,167,25719
71,166,25720
67,164,25721
65,163,25722
59,158,25723
57,157,25724
50,149,25725
47,145,25726
44,139,25727
43,139,25728
40,130,25729
39,130,25730
37,120,25731
36,116,25732
35,110,25733
35,103,25734
36,92,25735
37,87,25736
38,81,25737
41,72,25738
42,70,25739
45,64,25740
48,58,25741
53,52,25742
56,48,25743
61,43,25744
66,39,25745
75,34,25746
81,31,25747
85,29,25748
90,28,25749
101,27,25750
102,26,25751
106,26,25752
122,29,25753
125,30,25754
129,31,25755
137,35,25756
146,41,25757
149,43,25758
155,49,25759
158,52,25760
164,60,25761
169,67,25762
173,75,25763
175,80,25764
180,97,25765
181,100,25766
182,108,25767
183,116,25768
181,138,25769
183,132,25770
179,150,25771
178,156,25772
175,164,25773
170,175,25774
166,182,25775
164,186,25776
160,191,25777
148,204,25778
147,205,25779
141,210,25780
131,217,25781
96,111,25782
96,108,25783
96,107,25784
97,106,25785
99,105,25786
100,104,25787
101,104,25788
102,103,25789
104,104,25790
105,104,25791
106,104,25792
107,104,25793
109,107,25794
111,110,25795
112,110,25796
111,105,25797
113,114,25798
114,113,25799
114,117,25800
114,120,25801
115,120,25802
115,123,25803
114,126,25804
114,128,25805
115,128,25806
113,132,25807
110,136,25808
110,137,25809
110,138,25810
104,142,25811
103,143,25812
103,144,25813
101,145,25814
97,147,25815
92,147,25816
93,148,25817
88,148,25818
82,146,25819
80,146,25820
79,146,25821
76,145,25822
71,141,25823
72,143,25824
68,139,25825
64,134,25826
63,134,25827
58,120,25828
59,127,25829
58,127,25830
56,114,25831
55,114,25832
54,112,25833
54,104,25834
54,100,25835
55,94,25836
54,95,25837
57,85,25838
59,80,25839
61,76,25840
62,74,25841
64,70,25842
67,66,25843
74,60,25844
78,57,25845
77,57,25846
80,55,25847
90,51,25848
92,50,25849
98,49,25850
106,49,25851
110,49,25852
118,51,25853
113,49,25854
120,51,25855
125,53,25856
129,55,25857
138,62,25858
139,62,25859
144,67,25860
148,72,25861
152,77,25862
158,92,25863
158,91,25864
159,90,25865
162,106,25866
163,113,25867
164,112,25868
163,130,25869
163,133,25870
164,130,25871
160,147,25872
159,151,25873
155,161,25874
154,164,25875
147,174,25876
143,179,25877
144,179,25878
132,190,25879
124,195,25880
122,197,25881
125,196,25882
105,203,25883
103,204,25884
97,205,25885
85,205,25886
89,206,25887
79,205,25888
73,204,25889
63,201,25890
56,198,25891
43,189,25892
45,191,25893
33,180,25894
31,178,25895
24,169,25896
22,167,25897
13,147,25898
11,143,25899
11,144,25900
7,128,25901
5,118,25902
5,124,25903
4,104,25904
5,90,25905
6,83,25906
8,72,25907
8,71,25908
99,114,25909
99,115,25910
100,116,25911
99,119,25912
98,120,25913
99,121,25914
98,123,25915
98,124,25916
97,125,25917
96,126,25918
92,126,25919
92,127,25920
90,127,25921
89,127,25922
86,126,25923
89,129,25924
83,124,25925
83,126,25926
81,123,25927
80,123,25928
77,118,25929
76,117,25930
76,118,25931
75,117,25932
74,114,25933
73,110,25934
73,107,25935
73,103,25936
72,104,25937
74,96,25938
73,97,25939
74,94,25940
74,92,25941
75,89,25942
81,82,25943
78,84,25944
83,79,25945
89,76,25946
87,76,25947
91,74,25948
88,74,25949
98,72,25950
96,71,25951
101,70,25952
108,71,25953
106,70,25954
121,77,25955
116,73,25956
118,73,25957
126,79,25958
125,77,25959
129,81,25960
132,84,25961
135,89,25962
137,92,25963
138,92,25964
140,96,25965
143,109,25966
144,112,25967
144,117,25968
145,117,25969
145,125,25970
143,135,25971
143,137,25972
142,141,25973
142,142,25974
137,152,25975
138,152,25976
135,157,25977
126,167,25978
130,165,25979
128,167,25980
109,178,25981
108,179,25982
107,180,25983
105,181,25984
94,183,25985
92,183,25986
90,184,25987
83,183,25988
76,182,25989
63,176,25990
61,175,25991
63,178,25992
55,172,25993
47,164,25994
49,168,25995
39,155,25996
35,148,25997
35,150,25998
33,147,25999
27,127,26000
26,125,26001
24,116,26002
24,100,26003
23,105,26004
23,101,26005
25,87,26006
27,77,26007
27,76,26008
30,67,26009
39,51,26010
37,52,26011
43,44,26012
53,34,26013
50,35,26014
55,31,26015
69,22,26016
68,22,26017
76,18,26018
86,15,26019
96,13,26020
101,13,26021
103,12,26022
117,14,26023
122,14,26024
141,23,26025
137,20,26026
146,25,26027
153,30,26028
158,34,26029
154,29,26030
174,53,26031
181,65,26032
183,68,26033
184,69,26034
188,80,26035
94,113,26036
93,113,26037
91,113,26038
91,110,26039
91,107,26040
90,108,26041
90,105,26042
89,106,26043
89,104,26044
89,103,26045
91,100,26046
91,99,26047
91,98,26048
95,96,26049
96,95,26050
94,94,26051
99,93,26052
98,92,26053
102,92,26054
102,91,26055
107,93,26056
108,93,26057
108,92,26058
110,92,26059
113,94,26060
116,98,26061
116,96,26062
120,102,26063
122,106,26064
121,102,26065
122,103,26066
124,109,26067
125,112,26068
126,114,26069
125,125,26070
127,117,26071
126,126,26072
123,134,26073
125,131,26074
123,137,26075
123,138,26076
118,145,26077
122,142,26078
114,150,26079
115,150,26080
110,154,26081
104,157,26082
104,158,26083
102,159,26084
95,160,26085
96,161,26086
91,161,26087
86,161,26088
81,160,26089
77,159,26090
82,162,26091
73,158,26092
65,153,26093
61,149,26094
62,151,26095
56,144,26096
56,145,26097
52,140,26098
47,127,26099
46,125,26100
46,127,26101
44,119,26102
43,114,26103
42,108,26104
44,92,26105
42,98,26106
42,95,26107
49,75,26108
49,74,26109
47,76,26110
50,69,26111
61,56,26112
57,58,26113
62,53,26114
68,48,26115
73,44,26116
82,40,26117
80,40,26118
88,37,26119
95,36,26120
102,35,26121
100,34,26122
115,36,26123
124,39,26124
122,37,26125
125,38,26126
137,45,26127
138,45,26128
146,51,26129
150,55,26130
156,62,26131
162,71,26132
163,71,26133
170,90,26134
171,92,26135
170,86,26136
174,106,26137
175,111,26138
176,118,26139
174,135,26140
176,128,26141
175,137,26142
170,155,26143
169,160,26144
165,169,26145
160,177,26146
156,183,26147
153,188,26148
144,197,26149
131,206,26150
136,204,26151
118,213,26152
117,214,26153
115,215,26154
100,218,26155
95,219,26156
94,220,26157
71,217,26158
64,215,26159
58,213,26160
58,214,26161
52,211,26162
98,110,26163
99,110,26164
100,109,26165
102,110,26166
103,110,26167
104,109,26168
105,112,26169
106,112,26170
107,113,26171
108,114,26172
107,119,26173
108,119,26174
109,119,26175
108,123,26176
107,125,26177
109,124,26178
106,129,26179
106,130,26180
104,132,26181
103,133,26182
102,135,26183
101,136,26184
98,137,26185
97,138,26186
96,139,26187
92,139,26188
91,140,26189
87,139,26190
87,140,26191
83,139,26192
81,138,26193
79,138,26194
75,134,26195
74,134,26196
72,132,26197
70,130,26198
67,126,26199
65,121,26200
64,120,26201
63,114,26202
62,115,26203
62,104,26204
61,110,26205
61,102,26206
62,97,26207
62,94,26208
65,87,26209
64,87,26210
66,82,26211
69,77,26212
70,75,26213
73,72,26214
74,70,26215
80,65,26216
84,63,26217
86,61,26218
91,59,26219
95,58,26220
103,58,26221
102,57,26222
104,56,26223
110,57,26224
114,58,26225
122,61,26226
124,62,26227
128,64,26228
132,67,26229
135,69,26230
141,76,26231
141,75,26232
146,83,26233
148,86,26234
153,100,26235
153,98,26236
155,107,26237
156,110,26238
156,122,26239
157,118,26240
157,124,26241
154,141,26242
153,145,26243
150,153,26244
150,154,26245
147,160,26246
142,168,26247
139,172,26248
135,177,26249
128,183,26250
124,186,26251
125,186,26252
113,192,26253
106,194,26254
105,195,26255
97,197,26256
89,197,26257
79,196,26258
81,197,26259
75,196,26260
58,189,26261
53,186,26262
52,186,26263
45,181,26264
40,176,26265
32,167,26266
30,164,26267
26,158,26268
20,146,26269
19,144,26270
17,139,26271
14,127,26272
12,115,26273
12,105,26274
11,105,26275
12,92,26276
15,77,26277
14,78,26278
19,63,26279
21,57,26280
26,47,26281
30,41,26282
36,33,26283
35,33,26284
52,17,26285
56,14,26286
59,12,26287
66,8,26288
72,5,26289
97,114,26290
96,117,26291
97,118,26292
94,119,26293
92,119,26294
92,120,26295
91,121,26296
89,120,26297
88,120,26298
87,119,26299
86,119,26300
84,117,26301
83,115,26302
82,113,26303
81,112,26304
81,116,26305
80,108,26306
79,109,26307
80,103,26308
80,101,26309
79,102,26310
80,98,26311
83,93,26312
81,94,26313
81,93,26314
85,89,26315
85,88,26316
87,86,26317
87,85,26318
92,82,26319
94,81,26320
95,80,26321
98,79,26322
101,79,26323
105,79,26324
105,78,26325
109,79,26326
117,83,26327
118,83,26328
120,84,26329
120,83,26330
126,90,26331
125,87,26332
129,93,26333
131,96,26334
132,97,26335
135,110,26336
136,109,26337
136,105,26338
137,117,26339
138,117,26340
137,127,26341
138,124,26342
136,135,26343
135,139,26344
135,140,26345
133,145,26346
126,155,26347
129,152,26348
125,157,26349
122,161,26350
119,164,26351
114,167,26352
109,170,26353
107,171,26354
103,173,26355
95,174,26356
94,175,26357
88,175,26358
81,174,26359
79,174,26360
72,172,26361
66,169,26362
62,167,26363
58,164,26364
55,162,26365
49,155,26366
45,151,26367
42,146,26368
38,138,26369
38,139,26370
33,121,26371
32,117,26372
32,123,26373
31,110,26374
31,99,26375
30,103,26376
33,84,26377
32,86,26378
35,75,26379
37,70,26380
43,58,26381
46,53,26382
47,51,26383
59,39,26384
55,42,26385
59,38,26386
73,29,26387
78,27,26388
79,26,26389
82,24,26390
98,22,26391
101,21,26392
107,21,26393
123,24,26394
122,23,26395
134,28,26396
133,27,26397
141,31,26398
148,36,26399
156,43,26400
161,48,26401
168,57,26402
173,65,26403
175,69,26404
177,72,26405
183,92,26406
185,98,26407
186,102,26408
187,115,26409
187,130,26410
187,134,26411
186,140,26412
185,147,26413
180,163,26414
177,172,26415
176,174,26416
95,111,26417
94,109,26418
93,108,26419
95,106,26420
96,104,26421
95,103,26422
97,102,26423
97,101,26424
98,100,26425
99,100,26426
104,101,26427
102,99,26428
105,100,26429
107,101,26430
107,100,26431
107,98,26432
112,104,26433
112,103,26434
114,106,26435
114,104,26436
116,110,26437
117,111,26438
118,113,26439
118,115,26440
119,114,26441
119,120,26442
119,122,26443
119,125,26444
119,127,26445
117,132,26446
116,135,26447
116,136,26448
116,137,26449
113,141,26450
109,144,26451
111,144,26452
104,148,26453
99,150,26454
99,151,26455
97,152,26456
93,152,26457
87,152,26458
92,154,26459
86,153,26460
79,151,26461
79,152,26462
70,145,26463
70,147,26464
70,148,26465
63,139,26466
63,141,26467
61,139,26468
57,132,26469
55,128,26470
53,122,26471
53,126,26472
51,117,26473
50,111,26474
50,102,26475
50,100,26476
49,101,26477
50,93,26478
54,81,26479
55,78,26480
54,79,26481
56,74,26482
63,65,26483
60,67,26484
67,59,26485
74,54,26486
72,54,26487
76,51,26488
90,46,26489
93,45,26490
95,44,26491
98,43,26492
108,44,26493
108,43,26494
115,44,26495
121,46,26496
127,48,26497
137,55,26498
142,59,26499
139,55,26500
145,61,26501
155,75,26502
151,67,26503
158,79,26504
163,92,26505
163,89,26506
164,91,26507
167,110,26508
168,114,26509
168,127,26510
167,135,26511
167,137,26512
167,140,26513
161,158,26514
160,161,26515
156,169,26516
154,173,26517
145,184,26518
148,182,26519
142,188,26520
129,198,26521
129,199,26522
126,201,26523
111,207,26524
106,209,26525
101,210,26526
92,211,26527
89,211,26528
78,210,26529
68,208,26530
58,204,26531
63,207,26532
42,194,26533
41,194,26534
31,185,26535
29,183,26536
26,180,26537
25,180,26538
13,159,26539
8,147,26540
5,140,26541
4,138,26542
1,122,26543
98,112,26544
101,113,26545
101,114,26546
101,117,26547
102,118,26548
103,117,26549
102,121,26550
103,121,26551
102,123,26552
102,124,26553
101,126,26554
100,127,26555
98,128,26556
97,129,26557
95,130,26558
97,131,26559
91,131,26560
91,132,26561
87,131,26562
87,132,26563
84,130,26564
82,130,26565
82,131,26566
81,130,26567
78,128,26568
75,123,26569
74,124,26570
72,119,26571
71,118,26572
70,114,26573
70,117,26574
69,111,26575
68,109,26576
68,104,26577
69,99,26578
68,98,26579
69,95,26580
74,86,26581
71,88,26582
73,85,26583
74,82,26584
80,76,26585
76,78,26586
83,73,26587
86,71,26588
87,70,26589
96,67,26590
93,67,26591
97,66,26592
105,66,26593
103,65,26594
111,66,26595
112,66,26596
121,70,26597
123,71,26598
121,68,26599
127,73,26600
132,77,26601
137,84,26602
137,82,26603
141,90,26604
143,92,26605
144,94,26606
147,107,26607
148,109,26608
149,112,26609
149,121,26610
150,119,26611
148,134,26612
146,140,26613
148,138,26614
148,140,26615
137,160,26616
139,158,26617
140,158,26618
136,164,26619
124,175,26620
131,171,26621
120,179,26622
115,182,26623
113,183,26624
100,187,26625
97,188,26626
86,187,26627
88,189,26628
77,187,26629
83,189,26630
65,183,26631
61,181,26632
59,181,26633
54,178,26634
44,168,26635
43,168,26636
38,162,26637
35,158,26638
29,147,26639
26,141,26640
27,145,26641
21,121,26642
20,119,26643
19,114,26644
19,102,26645
19,95,26646
20,87,26647
24,73,26648
21,80,26649
24,69,26650
30,56,26651
31,53,26652
37,44,26653
40,40,26654
48,31,26655
53,26,26656
60,21,26657
70,16,26658
72,14,26659
91,9,26660
94,8,26661
108,8,26662
105,7,26663
116,8,26664
114,7,26665
133,13,26666
140,16,26667
147,20,26668
144,17,26669
158,27,26670
95,114,26671
93,115,26672
93,116,26673
91,114,26674
89,112,26675
89,114,26676
88,112,26677
87,111,26678
86,110,26679
86,108,26680
86,105,26681
86,104,26682
85,103,26683
88,99,26684
87,99,26685
86,98,26686
89,95,26687
90,94,26688
91,92,26689
94,90,26690
93,90,26691
98,89,26692
98,88,26693
98,87,26694
101,87,26695
107,88,26696
105,86,26697
111,89,26698
111,88,26699
114,89,26700
115,90,26701
117,91,26702
120,94,26703
122,96,26704
125,101,26705
126,101,26706
127,105,26707
129,112,26708
129,115,26709
130,115,26710
131,116,26711
129,128,26712
132,119,26713
129,132,26714
129,133,26715
128,137,26716
122,147,26717
124,145,26718
124,146,26719
118,153,26720
115,156,26721
113,158,26722
111,160,26723
107,162,26724
101,164,26725
104,164,26726
96,166,26727
90,166,26728
82,165,26729
87,167,26730
77,165,26731
76,165,26732
72,163,26733
64,158,26734
59,154,26735
57,153,26736
55,151,26737
52,147,26738
48,141,26739
46,138,26740
42,128,26741
41,126,26742
39,114,26743
39,107,26744
38,109,26745
37,108,26746
41,85,26747
37,99,26748
39,88,26749
42,78,26750
46,69,26751
51,60,26752
49,62,26753
54,55,26754
62,47,26755
68,42,26756
63,45,26757
76,37,26758
79,35,26759
83,33,26760
91,31,26761
99,30,26762
109,30,26763
105,29,26764
120,32,26765
125,33,26766
130,35,26767
133,36,26768
144,44,26769
149,48,26770
148,46,26771
158,57,26772
164,65,26773
168,72,26774
169,73,26775
172,80,26776
177,96,26777
178,99,26778
179,104,26779
180,114,26780
180,124,26781
179,135,26782
179,141,26783
177,149,26784
169,169,26785
174,160,26786
166,176,26787
162,183,26788
158,189,26789
149,199,26790
147,201,26791
142,206,26792
122,217,26793
125,216,26794
113,221,26795
106,223,26796
100,224,26797
97,109,26798
97,108,26799
98,107,26800
100,107,26801
101,106,26802
102,106,26803
103,106,26804
105,107,26805
106,108,26806
107,107,26807
108,108,26808
109,109,26809
110,112,26810
111,114,26811
111,117,26812
112,116,26813
112,120,26814
113,120,26815
112,123,26816
112,125,26817
112,127,26818
111,129,26819
109,133,26820
109,134,26821
108,135,26822
105,138,26823
104,139,26824
102,141,26825
101,142,26826
95,143,26827
95,144,26828
93,145,26829
90,145,26830
88,145,26831
84,144,26832
84,145,26833
79,143,26834
75,140,26835
73,139,26836
68,134,26837
68,135,26838
64,129,26839
64,130,26840
62,126,26841
60,122,26842
59,121,26843
58,110,26844
57,111,26845
57,105,26846
57,100,26847
57,97,26848
58,92,26849
59,88,26850
59,87,26851
62,80,26852
62,79,26853
66,73,26854
69,69,26855
75,63,26856
73,64,26857
80,59,26858
83,57,26859
88,55,26860
94,53,26861
98,52,26862
102,52,26863
108,52,26864
105,51,26865
115,53,26866
119,54,26867
126,57,26868
131,60,26869
135,63,26870
139,66,26871
144,72,26872
146,74,26873
151,82,26874
152,84,26875
154,88,26876
157,95,26877
158,98,26878
160,113,26879
161,116,26880
161,123,26881
161,128,26882
159,140,26883
160,137,26884
156,150,26885
154,157,26886
149,166,26887
147,169,26888
143,175,26889
139,180,26890
136,183,26891
127,190,26892
124,192,26893
119,195,26894
112,198,26895
99,201,26896
97,202,26897
91,202,26898
83,202,26899
80,202,26900
71,200,26901
65,198,26902
57,195,26903
49,190,26904
44,186,26905
40,183,26906
34,177,26907
29,171,26908
21,159,26909
19,155,26910
15,146,26911
13,141,26912
10,131,26913
8,114,26914
7,111,26915
7,104,26916
7,96,26917
9,81,26918
10,76,26919
14,63,26920
17,55,26921
23,43,26922
29,34,26923
27,36,26924
97,113,26925
98,117,26926
99,117,26927
97,120,26928
95,121,26929
96,122,26930
95,123,26931
94,123,26932
93,124,26933
92,125,26934
90,124,26935
90,125,26936
86,123,26937
85,123,26938
84,122,26939
85,125,26940
80,117,26941
80,119,26942
78,115,26943
78,118,26944
77,112,26945
76,111,26946
76,106,26947
75,106,26948
74,107,26949
75,102,26950
76,97,26951
77,94,26952
77,93,26953
80,88,26954
78,90,26955
81,86,26956
82,84,26957
85,81,26958
90,78,26959
88,78,26960
93,76,26961
99,75,26962
98,74,26963
103,74,26964
107,74,26965
111,75,26966
108,73,26967
114,75,26968
118,77,26969
119,77,26970
127,85,26971
127,83,26972
128,83,26973
134,94,26974
134,91,26975
137,98,26976
137,97,26977
140,108,26978
141,111,26979
142,111,26980
142,117,26981
142,122,26982
141,131,26983
140,137,26984
141,136,26985
140,139,26986
136,148,26987
134,152,26988
131,157,26989
130,159,26990
123,166,26991
124,166,26992
116,172,26993
107,176,26994
112,175,26995
108,177,26996
94,179,26997
91,180,26998
85,180,26999
89,181,27000
76,178,27001
69,176,27002
72,178,27003
58,170,27004
60,172,27005
50,163,27006
45,157,27007
49,164,27008
38,148,27009
36,144,27010
36,146,27011
31,133,27012
28,121,27013
27,118,27014
27,121,27015
26,102,27016
26,100,27017
27,89,27018
29,81,27019
30,76,27020
32,69,27021
37,59,27022
43,50,27023
46,45,27024
48,42,27025
59,33,27026
56,34,27027
65,28,27028
72,24,27029
72,23,27030
82,19,27031
94,17,27032
97,16,27033
104,15,27034
117,17,27035
125,19,27036
126,19,27037
134,22,27038
143,27,27039
148,29,27040
161,42,27041
161,41,27042
168,49,27043
176,61,27044
181,71,27045
175,57,27046
187,89,27047
188,92,27048
191,108,27049
191,103,27050
192,117,27051
94,112,27052
93,112,27053
92,111,27054
92,108,27055
93,105,27056
91,106,27057
92,103,27058
91,103,27059
93,101,27060
93,100,27061
96,98,27062
95,98,27063
98,97,27064
100,96,27065
102,96,27066
99,94,27067
106,96,27068
104,94,27069
108,96,27070
108,95,27071
112,98,27072
113,98,27073
114,98,27074
115,98,27075
118,103,27076
119,106,27077
119,103,27078
121,109,27079
122,110,27080
123,115,27081
123,120,27082
124,118,27083
124,121,27084
121,132,27085
123,128,27086
124,128,27087
120,137,27088
115,143,27089
117,143,27090
115,145,27091
115,146,27092
108,151,27093
109,152,27094
104,154,27095
103,155,27096
99,157,27097
89,157,27098
90,158,27099
91,159,27100
83,157,27101
82,158,27102
76,156,27103
72,154,27104
67,150,27105
63,147,27106
66,151,27107
58,142,27108
56,140,27109
52,132,27110
53,136,27111
49,125,27112
48,124,27113
47,122,27114
46,111,27115
45,108,27116
45,102,27117
47,90,27118
45,95,27119
47,87,27120
54,71,27121
48,81,27122
48,79,27123
62,59,27124
63,57,27125
63,56,27126
65,54,27127
76,47,27128
70,49,27129
84,42,27130
87,41,27131
94,39,27132
107,39,27133
109,39,27134
104,37,27135
115,39,27136
122,41,27137
125,41,27138
136,48,27139
144,55,27140
138,48,27141
145,54,27142
157,69,27143
157,68,27144
159,71,27145
165,83,27146
168,92,27147
169,94,27148
171,100,27149
172,115,27150
173,119,27151
173,123,27152
171,138,27153
172,137,27154
169,150,27155
163,164,27156
165,163,27157
159,174,27158
153,182,27159
152,184,27160
143,194,27161
138,198,27162
133,202,27163
127,206,27164
121,209,27165
104,214,27166
108,214,27167
91,216,27168
90,216,27169
76,215,27170
70,214,27171
61,211,27172
59,211,27173
46,203,27174
40,199,27175
32,193,27176
32,194,27177
24,185,27178
99,111,27179
100,111,27180
101,110,27181
103,113,27182
103,114,27183
104,113,27184
105,115,27185
106,115,27186
106,118,27187
107,118,27188
105,123,27189
106,123,27190
105,125,27191
104,127,27192
103,129,27193
105,128,27194
101,131,27195
101,132,27196
98,134,27197
97,135,27198
93,135,27199
92,136,27200
92,137,27201
89,137,27202
87,137,27203
85,136,27204
85,137,27205
79,133,27206
80,135,27207
75,131,27208
73,129,27209
73,130,27210
70,124,27211
69,124,27212
67,119,27213
66,117,27214
65,114,27215
65,105,27216
64,107,27217
64,104,27218
63,103,27219
67,90,27220
63,97,27221
67,87,27222
68,85,27223
70,81,27224
74,76,27225
73,76,27226
76,72,27227
82,68,27228
84,66,27229
85,65,27230
87,64,27231
93,62,27232
99,61,27233
98,60,27234
107,60,27235
114,62,27236
118,63,27237
117,62,27238
120,63,27239
124,65,27240
130,69,27241
134,73,27242
140,80,27243
140,79,27244
143,83,27245
147,90,27246
148,93,27247
151,101,27248
152,106,27249
153,108,27250
153,123,27251
153,127,27252
154,126,27253
153,135,27254
149,146,27255
152,141,27256
148,152,27257
143,161,27258
140,166,27259
135,172,27260
135,173,27261
128,179,27262
124,182,27263
113,188,27264
117,187,27265
105,191,27266
103,192,27267
100,193,27268
92,194,27269
81,193,27270
78,193,27271
73,192,27272
61,187,27273
55,184,27274
51,181,27275
50,181,27276
39,170,27277
37,168,27278
35,167,27279
26,152,27280
23,145,27281
20,138,27282
18,132,27283
16,122,27284
15,117,27285
15,99,27286
14,105,27287
14,98,27288
17,80,27289
19,72,27290
18,73,27291
24,57,27292
31,46,27293
31,44,27294
40,33,27295
44,28,27296
46,26,27297
59,16,27298
60,15,27299
64,12,27300
80,6,27301
87,4,27302
93,3,27303
100,2,27304
111,2,27305
96,115,27306
95,117,27307
94,118,27308
92,118,27309
90,116,27310
90,118,27311
89,118,27312
88,117,27313
86,115,27314
86,116,27315
84,113,27316
84,111,27317
83,111,27318
82,109,27319
82,106,27320
81,107,27321
82,103,27322
82,101,27323
82,100,27324
83,97,27325
84,95,27326
85,93,27327
88,90,27328
87,89,27329
88,88,27330
94,85,27331
94,84,27332
97,83,27333
99,83,27334
100,82,27335
103,82,27336
107,82,27337
110,83,27338
111,83,27339
112,83,27340
115,84,27341
119,87,27342
122,90,27343
124,92,27344
126,94,27345
128,96,27346
129,98,27347
131,101,27348
133,109,27349
134,111,27350
134,116,27351
134,125,27352
135,122,27353
135,124,27354
134,131,27355
133,135,27356
132,139,27357
131,142,27358
129,146,27359
125,152,27360
124,154,27361
121,158,27362
117,161,27363
112,165,27364
110,166,27365
103,169,27366
102,170,27367
97,171,27368
90,171,27369
84,171,27370
81,171,27371
76,170,27372
73,169,27373
67,166,27374
63,164,27375
59,161,27376
56,158,27377
51,153,27378
49,151,27379
45,145,27380
44,144,27381
39,133,27382
38,131,27383
35,120,27384
34,114,27385
34,107,27386
34,97,27387
34,94,27388
35,87,27389
35,86,27390
39,73,27391
39,72,27392
43,64,27393
44,61,27394
52,50,27395
55,47,27396
62,40,27397
66,37,27398
67,36,27399
78,30,27400
83,28,27401
89,26,27402
95,25,27403
109,25,27404
112,25,27405
115,25,27406
126,28,27407
129,29,27408
134,31,27409
144,37,27410
147,39,27411
156,47,27412
159,50,27413
163,55,27414
169,64,27415
174,73,27416
178,83,27417
179,86,27418
182,97,27419
184,112,27420
184,108,27421
184,128,27422
184,134,27423
182,146,27424
180,154,27425
179,158,27426
175,169,27427
171,177,27428
166,186,27429
163,190,27430
155,200,27431
149,206,27432
95,110,27433
95,109,27434
94,108,27435
97,105,27436
98,104,27437
98,103,27438
100,103,27439
100,102,27440
102,102,27441
102,101,27442
106,103,27443
105,101,27444
109,105,27445
110,106,27446
111,106,27447
110,102,27448
113,110,27449
114,110,27450
115,113,27451
115,116,27452
116,116,27453
117,117,27454
116,122,27455
116,125,27456
118,121,27457
116,127,27458
115,130,27459
114,133,27460
113,136,27461
109,140,27462
109,141,27463
107,143,27464
104,145,27465
105,145,27466
97,148,27467
100,148,27468
95,149,27469
89,149,27470
88,150,27471
84,149,27472
82,149,27473
78,147,27474
79,149,27475
74,146,27476
69,142,27477
69,143,27478
62,132,27479
62,135,27480
61,135,27481
57,123,27482
57,127,27483
55,122,27484
54,118,27485
53,111,27486
52,107,27487
52,102,27488
53,95,27489
53,94,27490
55,86,27491
56,83,27492
56,81,27493
59,75,27494
63,69,27495
68,63,27496
68,62,27497
69,61,27498
78,55,27499
78,54,27500
87,50,27501
90,49,27502
95,47,27503
94,47,27504
107,47,27505
110,47,27506
113,47,27507
118,48,27508
127,52,27509
131,54,27510
133,55,27511
140,61,27512
142,62,27513
150,73,27514
154,79,27515
150,70,27516
160,91,27517
161,95,27518
162,94,27519
164,106,27520
165,115,27521
166,115,27522
164,136,27523
165,133,27524
164,139,27525
162,148,27526
158,158,27527
156,163,27528
155,166,27529
146,178,27530
141,184,27531
140,186,27532
135,191,27533
121,199,27534
118,201,27535
113,203,27536
106,205,27537
100,207,27538
92,207,27539
88,208,27540
84,208,27541
69,205,27542
59,201,27543
57,200,27544
49,196,27545
42,191,27546
36,186,27547
34,185,27548
20,165,27549
20,166,27550
17,161,27551
12,151,27552
9,143,27553
9,146,27554
4,119,27555
3,111,27556
3,96,27557
3,91,27558
3,88,27559
98,113,27560
100,114,27561
101,116,27562
100,119,27563
99,120,27564
101,120,27565
100,122,27566
100,123,27567
99,124,27568
98,126,27569
96,127,27570
95,127,27571
93,128,27572
92,129,27573
89,128,27574
92,130,27575
85,127,27576
86,129,27577
82,126,27578
82,127,27579
79,124,27580
77,121,27581
78,124,27582
76,122,27583
74,118,27584
73,114,27585
72,114,27586
72,108,27587
71,110,27588
71,104,27589
71,103,27590
71,99,27591
71,98,27592
71,96,27593
76,87,27594
73,89,27595
76,85,27596
82,79,27597
80,79,27598
83,77,27599
84,75,27600
92,72,27601
91,71,27602
95,70,27603
99,69,27604
100,68,27605
112,71,27606
109,69,27607
112,69,27608
121,74,27609
118,71,27610
123,74,27611
126,76,27612
133,84,27613
132,82,27614
131,79,27615
137,87,27616
141,97,27617
142,99,27618
142,96,27619
145,108,27620
146,111,27621
146,123,27622
147,121,27623
146,129,27624
146,131,27625
142,145,27626
145,139,27627
140,151,27628
133,161,27629
140,153,27630
138,157,27631
125,170,27632
122,173,27633
122,174,27634
118,177,27635
106,182,27636
109,182,27637
101,184,27638
94,185,27639
91,186,27640
79,184,27641
72,182,27642
78,185,27643
69,182,27644
57,175,27645
61,179,27646
49,169,27647
41,160,27648
45,167,27649
41,162,27650
32,146,27651
30,143,27652
27,136,27653
24,125,27654
23,118,27655
22,115,27656
22,105,27657
22,96,27658
22,93,27659
23,85,27660
27,72,27661
26,72,27662
34,55,27663
40,46,27664
38,47,27665
42,42,27666
53,31,27667
53,30,27668
60,25,27669
66,21,27670
80,15,27671
75,16,27672
90,12,27673
101,11,27674
100,10,27675
121,13,27676
119,12,27677
130,15,27678
135,17,27679
145,22,27680
145,21,27681
165,39,27682
167,41,27683
170,44,27684
174,48,27685
181,60,27686
96,113,27687
92,113,27688
92,114,27689
90,112,27690
90,109,27691
89,109,27692
88,109,27693
88,108,27694
88,106,27695
88,104,27696
88,103,27697
90,99,27698
89,99,27699
92,96,27700
93,95,27701
91,95,27702
96,93,27703
95,92,27704
98,91,27705
103,91,27706
99,90,27707
106,91,27708
106,90,27709
106,89,27710
109,90,27711
114,94,27712
112,91,27713
117,96,27714
117,94,27715
119,97,27716
121,99,27717
123,102,27718
124,105,27719
125,105,27720
126,116,27721
127,111,27722
128,117,27723
126,128,27724
127,128,27725
127,129,27726
127,131,27727
124,138,27728
127,135,27729
121,144,27730
121,145,27731
118,149,27732
113,153,27733
112,155,27734
113,155,27735
104,159,27736
104,160,27737
102,161,27738
96,163,27739
89,163,27740
87,163,27741
86,164,27742
82,163,27743
74,160,27744
67,156,27745
70,159,27746
63,154,27747
61,153,27748
59,151,27749
52,141,27750
49,136,27751
48,136,27752
47,134,27753
44,125,27754
43,122,27755
42,106,27756
41,111,27757
40,108,27758
42,93,27759
44,83,27760
42,88,27761
43,82,27762
49,70,27763
47,71,27764
52,63,27765
57,56,27766
63,50,27767
68,46,27768
67,46,27769
71,43,27770
81,38,27771
87,36,27772
86,35,27773
99,33,27774
111,34,27775
104,32,27776
113,33,27777
123,36,27778
129,38,27779
132,39,27780
141,45,27781
146,49,27782
154,57,27783
154,56,27784
164,72,27785
165,73,27786
164,69,27787
172,89,27788
173,92,27789
175,99,27790
176,106,27791
177,113,27792
178,120,27793
176,137,27794
176,141,27795
175,146,27796
168,165,27797
166,170,27798
167,169,27799
162,178,27800
148,195,27801
152,192,27802
138,204,27803
137,205,27804
132,209,27805
119,215,27806
111,218,27807
114,218,27808
95,221,27809
90,221,27810
83,221,27811
76,221,27812
68,219,27813
97,111,27814
98,109,27815
99,108,27816
101,108,27817
103,109,27818
103,108,27819
105,110,27820
106,110,27821
107,111,27822
108,112,27823
108,116,27824
109,115,27825
110,117,27826
109,122,27827
109,123,27828
110,123,27829
109,126,27830
109,127,27831
108,129,27832
107,131,27833
106,133,27834
105,134,27835
101,137,27836
102,137,27837
101,138,27838
97,140,27839
96,141,27840
91,141,27841
92,142,27842
86,141,27843
84,141,27844
85,142,27845
79,139,27846
78,139,27847
75,137,27848
73,136,27849
70,133,27850
68,129,27851
67,129,27852
64,122,27853
63,122,27854
62,118,27855
61,117,27856
60,112,27857
60,105,27858
60,99,27859
61,94,27860
61,92,27861
61,91,27862
63,86,27863
63,84,27864
65,80,27865
68,75,27866
70,72,27867
75,67,27868
78,64,27869
83,61,27870
84,60,27871
86,59,27872
91,57,27873
95,56,27874
99,55,27875
106,55,27876
112,56,27877
116,57,27878
118,57,27879
125,60,27880
124,59,27881
130,63,27882
135,66,27883
141,73,27884
145,78,27885
149,85,27886
149,84,27887
152,91,27888
153,92,27889
156,102,27890
157,107,27891
158,113,27892
158,121,27893
158,127,27894
156,140,27895
157,137,27896
153,151,27897
151,156,27898
148,162,27899
146,166,27900
141,172,27901
138,176,27902
136,179,27903
130,184,27904
119,191,27905
113,194,27906
114,194,27907
105,197,27908
99,198,27909
93,199,27910
84,199,27911
74,197,27912
70,196,27913
63,194,27914
61,193,27915
48,185,27916
50,187,27917
39,178,27918
33,171,27919
32,170,27920
27,163,27921
22,155,27922
18,146,27923
15,138,27924
14,135,27925
11,119,27926
10,112,27927
11,93,27928
9,104,27929
12,82,27930
12,80,27931
15,68,27932
18,60,27933
22,51,27934
28,40,27935
32,35,27936
38,27,27937
41,24,27938
49,17,27939
55,12,27940
97,116,27941
97,117,27942
97,119,27943
95,119,27944
94,120,27945
93,121,27946
92,122,27947
91,122,27948
90,122,27949
88,121,27950
88,122,27951
86,121,27952
83,117,27953
82,116,27954
82,117,27955
82,120,27956
80,111,27957
79,113,27958
78,110,27959
78,106,27960
78,105,27961
77,104,27962
79,99,27963
78,99,27964
78,97,27965
80,93,27966
81,91,27967
84,87,27968
83,87,27969
88,83,27970
87,83,27971
88,82,27972
94,79,27973
93,79,27974
100,78,27975
100,77,27976
102,76,27977
110,78,27978
111,78,27979
114,79,27980
116,79,27981
121,83,27982
119,80,27983
124,85,27984
128,89,27985
128,88,27986
134,102,27987
133,96,27988
134,96,27989
137,109,27990
138,109,27991
139,113,27992
139,119,27993
139,126,27994
139,127,27995
139,131,27996
138,136,27997
134,145,27998
133,148,27999
132,150,28000
129,155,28001
130,155,28002
123,162,28003
117,167,28004
115,169,28005
112,171,28006
106,173,28007
103,175,28008
98,176,28009
92,177,28010
88,177,28011
85,177,28012
74,174,28013
70,173,28014
71,174,28015
66,172,28016
57,165,28017
55,164,28018
50,160,28019
44,152,28020
42,150,28021
38,141,28022
34,132,28023
35,138,28024
31,121,28025
30,114,28026
29,115,28027
29,104,28028
29,97,28029
29,94,28030
32,80,28031
34,73,28032
36,68,28033
36,67,28034
44,53,28035
48,48,28036
47,48,28037
57,38,28038
64,33,28039
64,32,28040
64,31,28041
83,23,28042
88,21,28043
94,20,28044
102,19,28045
107,19,28046
115,20,28047
122,21,28048
126,22,28049
131,24,28050
142,30,28051
147,33,28052
155,39,28053
164,49,28054
168,54,28055
168,53,28056
180,77,28057
178,71,28058
184,86,28059
187,101,28060
187,99,28061
188,98,28062
189,124,28063
189,128,28064
186,148,28065
187,146,28066
185,155,28067
94,111,28068
93,110,28069
93,109,28070
94,106,28071
95,104,28072
93,104,28073
95,102,28074
95,101,28075
96,100,28076
96,99,28077
101,99,28078
100,98,28079
102,98,28080
104,98,28081
105,98,28082
104,96,28083
110,101,28084
109,98,28085
112,102,28086
113,101,28087
115,105,28088
116,106,28089
117,106,28090
118,107,28091
119,110,28092
120,114,28093
120,118,28094
120,123,28095
122,118,28096
120,126,28097
120,129,28098
119,132,28099
120,131,28100
119,134,28101
112,143,28102
117,139,28103
110,146,28104
105,149,28105
105,150,28106
104,151,28107
104,152,28108
96,153,28109
98,154,28110
92,155,28111
88,155,28112
85,155,28113
76,151,28114
76,152,28115
76,153,28116
68,147,28117
69,149,28118
66,146,28119
61,141,28120
59,138,28121
55,132,28122
55,134,28123
53,129,28124
50,119,28125
49,114,28126
49,117,28127
48,110,28128
47,107,28129
49,95,28130
49,91,28131
49,90,28132
51,82,28133
57,71,28134
54,74,28135
60,65,28136
68,57,28137
62,61,28138
63,59,28139
77,50,28140
81,47,28141
83,46,28142
84,45,28143
98,42,28144
92,42,28145
102,41,28146
112,42,28147
114,42,28148
125,46,28149
129,48,28150
126,45,28151
136,51,28152
145,59,28153
143,56,28154
150,64,28155
158,77,28156
153,66,28157
159,76,28158
166,96,28159
167,98,28160
168,100,28161
169,117,28162
170,118,28163
170,127,28164
168,140,28165
167,146,28166
165,153,28167
165,154,28168
158,168,28169
159,168,28170
154,176,28171
143,189,28172
147,186,28173
141,192,28174
128,201,28175
126,203,28176
120,206,28177
108,210,28178
99,212,28179
101,212,28180
86,213,28181
74,211,28182
80,213,28183
61,207,28184
57,206,28185
48,201,28186
46,200,28187
38,194,28188
40,197,28189
20,174,28190
15,166,28191
16,169,28192
12,163,28193
7,151,28194
99,112,28195
100,112,28196
102,112,28197
102,115,28198
102,117,28199
104,116,28200
103,120,28201
104,119,28202
104,121,28203
104,122,28204
103,124,28205
103,125,28206
101,128,28207
99,129,28208
98,130,28209
100,131,28210
94,132,28211
95,133,28212
91,133,28213
91,134,28214
88,133,28215
84,132,28216
84,133,28217
83,133,28218
81,132,28219
77,128,28220
78,130,28221
74,125,28222
74,127,28223
71,121,28224
70,121,28225
69,117,28226
68,114,28227
67,112,28228
67,105,28229
66,108,28230
66,103,28231
70,91,28232
67,96,28233
70,88,28234
69,88,28235
74,81,28236
71,83,28237
75,78,28238
78,75,28239
80,73,28240
86,69,28241
86,68,28242
88,67,28243
96,65,28244
96,64,28245
100,63,28246
104,63,28247
109,64,28248
114,65,28249
112,63,28250
119,66,28251
128,72,28252
130,74,28253
130,73,28254
134,76,28255
138,81,28256
141,85,28257
144,92,28258
147,99,28259
148,100,28260
149,104,28261
150,109,28262
151,116,28263
150,127,28264
152,122,28265
152,123,28266
146,146,28267
146,147,28268
147,147,28269
145,152,28270
135,166,28271
137,166,28272
133,170,28273
129,174,28274
122,180,28275
118,182,28276
114,185,28277
106,188,28278
101,189,28279
94,190,28280
94,191,28281
81,190,28282
74,188,28283
73,189,28284
67,187,28285
54,179,28286
56,181,28287
49,176,28288
42,169,28289
40,167,28290
33,158,28291
35,162,28292
24,139,28293
23,138,28294
21,133,28295
19,123,28296
18,116,28297
17,110,28298
18,95,28299
17,95,28300
18,87,28301
23,69,28302
21,73,28303
25,62,28304
29,54,28305
36,43,28306
38,39,28307
43,33,28308
58,21,28309
58,20,28310
67,15,28311
75,11,28312
77,10,28313
89,7,28314
95,6,28315
96,5,28316
113,6,28317
119,7,28318
133,11,28319
127,8,28320
142,14,28321
95,115,28322
94,116,28323
93,117,28324
91,116,28325
90,114,28326
89,116,28327
88,114,28328
87,113,28329
86,112,28330
85,111,28331
85,107,28332
85,106,28333
84,106,28334
85,102,28335
86,99,28336
84,101,28337
86,97,28338
86,96,28339
88,94,28340
89,92,28341
91,90,28342
92,89,28343
94,88,28344
94,87,28345
96,86,28346
102,86,28347
100,85,28348
107,86,28349
109,86,28350
109,85,28351
113,87,28352
112,86,28353
118,90,28354
119,90,28355
121,92,28356
122,93,28357
126,99,28358
127,101,28359
129,105,28360
130,109,28361
131,109,28362
131,120,28363
132,113,28364
132,121,28365
132,125,28366
132,127,28367
129,137,28368
129,138,28369
128,142,28370
125,147,28371
124,149,28372
122,152,28373
117,157,28374
116,158,28375
112,161,28376
111,162,28377
108,164,28378
99,167,28379
92,167,28380
93,168,28381
89,169,28382
87,169,28383
81,168,28384
73,165,28385
70,164,28386
66,162,28387
64,161,28388
60,158,28389
54,152,28390
54,153,28391
46,141,28392
44,138,28393
41,129,28394
41,131,28395
39,124,28396
38,122,28397
37,104,28398
36,109,28399
36,99,28400
37,92,28401
39,83,28402
41,76,28403
42,72,28404
44,68,28405
48,61,28406
53,54,28407
55,51,28408
62,44,28409
64,42,28410
71,37,28411
79,33,28412
89,30,28413
91,29,28414
94,28,28415
103,28,28416
109,28,28417
107,27,28418
119,29,28419
132,34,28420
139,38,28421
140,38,28422
147,43,28423
155,51,28424
159,55,28425
162,59,28426
165,63,28427
170,72,28428
172,75,28429
177,88,28430
179,96,28431
180,102,28432
181,125,28433
182,117,28434
182,125,28435
179,144,28436
181,140,28437
175,160,28438
174,164,28439
171,171,28440
164,183,28441
156,194,28442
155,196,28443
145,205,28444
143,207,28445
133,214,28446
128,217,28447
124,219,28448
96,110,28449
96,109,28450
97,107,28451
98,106,28452
100,105,28453
101,105,28454
102,104,28455
104,105,28456
105,105,28457
106,105,28458
107,106,28459
108,106,28460
110,110,28461
111,111,28462
112,112,28463
112,108,28464
113,116,28465
114,115,28466
114,119,28467
114,121,28468
114,123,28469
113,127,28470
112,130,28471
113,129,28472
112,132,28473
110,135,28474
107,138,28475
107,139,28476
107,140,28477
100,143,28478
100,144,28479
99,145,28480
96,146,28481
93,146,28482
88,146,28483
88,147,28484
86,147,28485
79,144,28486
76,143,28487
77,144,28488
73,142,28489
68,137,28490
69,139,28491
65,134,28492
63,131,28493
61,129,28494
58,117,28495
58,121,28496
58,124,28497
56,109,28498
55,110,28499
55,104,28500
55,101,28501
56,93,28502
57,89,28503
56,90,28504
59,82,28505
65,72,28506
66,70,28507
68,67,28508
69,66,28509
74,61,28510
77,59,28511
82,56,28512
87,53,28513
86,53,28514
96,51,28515
98,50,28516
106,50,28517
108,50,28518
115,51,28519
116,51,28520
129,57,28521
130,57,28522
133,59,28523
137,62,28524
142,67,28525
146,71,28526
149,75,28527
152,80,28528
155,85,28529
159,99,28530
160,102,28531
161,100,28532
162,113,28533
163,120,28534
163,123,28535
161,138,28536
160,144,28537
161,142,28538
157,153,28539
152,164,28540
150,168,28541
148,172,28542
140,181,28543
137,184,28544
132,189,28545
126,193,28546
118,197,28547
113,200,28548
112,201,28549
97,203,28550
95,204,28551
83,204,28552
77,203,28553
74,203,28554
67,201,28555
57,197,28556
56,197,28557
42,187,28558
39,184,28559
34,180,28560
26,170,28561
24,167,28562
18,157,28563
17,156,28564
11,138,28565
9,133,28566
7,126,28567
6,113,28568
5,107,28569
5,102,28570
7,83,28571
8,77,28572
13,61,28573
14,57,28574
16,52,28575
98,114,28576
99,115,28577
100,117,28578
98,119,28579
97,121,28580
98,122,28581
97,123,28582
97,124,28583
96,125,28584
94,125,28585
91,125,28586
91,126,28587
89,126,28588
87,125,28589
86,125,28590
88,128,28591
82,122,28592
82,124,28593
80,121,28594
79,121,28595
77,116,28596
76,115,28597
75,113,28598
75,110,28599
74,111,28600
74,106,28601
74,101,28602
74,99,28603
73,101,28604
75,95,28605
76,92,28606
76,91,28607
76,89,28608
79,85,28609
85,80,28610
83,80,28611
84,79,28612
93,75,28613
93,74,28614
96,73,28615
93,73,28616
102,72,28617
100,71,28618
105,71,28619
114,74,28620
111,72,28621
121,78,28622
122,77,28623
120,75,28624
129,84,28625
131,85,28626
132,86,28627
135,90,28628
139,99,28629
140,101,28630
139,96,28631
142,105,28632
143,114,28633
143,124,28634
144,122,28635
144,125,28636
144,127,28637
141,139,28638
140,143,28639
139,146,28640
136,153,28641
132,158,28642
131,161,28643
128,164,28644
122,169,28645
124,169,28646
122,171,28647
106,178,28648
105,179,28649
100,181,28650
97,182,28651
83,181,28652
84,182,28653
81,182,28654
71,179,28655
70,179,28656
60,173,28657
53,168,28658
57,173,28659
46,162,28660
39,152,28661
43,160,28662
37,150,28663
31,137,28664
32,142,28665
29,135,28666
26,116,28667
25,114,28668
24,110,28669
25,95,28670
25,93,28671
25,90,28672
31,69,28673
31,68,28674
31,67,28675
37,55,28676
46,43,28677
43,45,28678
50,38,28679
58,31,28680
62,27,28681
65,25,28682
78,19,28683
82,17,28684
90,15,28685
97,14,28686
103,14,28687
110,14,28688
119,15,28689
131,19,28690
128,17,28691
150,30,28692
150,29,28693
157,35,28694
161,38,28695
164,41,28696
166,42,28697
181,67,28698
183,72,28699
186,78,28700
189,86,28701
191,96,28702
95,113,28703
92,112,28704
91,112,28705
91,109,28706
92,106,28707
90,107,28708
91,104,28709
89,105,28710
90,103,28711
90,102,28712
92,99,28713
93,98,28714
93,97,28715
97,96,28716
98,95,28717
96,94,28718
101,94,28719
101,93,28720
106,94,28721
104,92,28722
110,95,28723
109,94,28724
111,94,28725
112,94,28726
114,96,28727
117,100,28728
117,98,28729
120,104,28730
121,104,28731
123,111,28732
123,107,28733
124,113,28734
125,115,28735
125,120,28736
124,127,28737
126,124,28738
124,130,28739
120,138,28740
122,137,28741
121,139,28742
121,140,28743
114,148,28744
119,145,28745
110,152,28746
110,153,28747
107,155,28748
98,158,28749
101,158,28750
98,159,28751
87,159,28752
87,160,28753
85,160,28754
81,159,28755
75,157,28756
73,156,28757
76,159,28758
66,152,28759
64,151,28760
57,143,28761
59,147,28762
53,138,28763
51,135,28764
49,132,28765
46,120,28766
45,117,28767
44,114,28768
44,102,28769
43,108,28770
44,95,28771
46,87,28772
44,90,28773
44,88,28774
52,71,28775
53,68,28776
54,65,28777
55,63,28778
64,54,28779
60,56,28780
70,48,28781
74,45,28782
79,42,28783
92,38,28784
88,38,28785
94,37,28786
102,36,28787
113,37,28788
112,36,28789
124,40,28790
134,45,28791
127,40,28792
133,43,28793
146,54,28794
151,58,28795
154,61,28796
159,68,28797
162,74,28798
166,81,28799
165,77,28800
172,102,28801
172,100,28802
173,101,28803
174,124,28804
175,120,28805
174,133,28806
169,153,28807
173,143,28808
170,154,28809
165,165,28810
166,165,28811
161,174,28812
150,189,28813
144,195,28814
145,195,28815
139,200,28816
124,209,28817
126,209,28818
108,215,28819
111,215,28820
102,217,28821
91,218,28822
83,218,28823
86,219,28824
59,212,28825
49,207,28826
52,209,28827
52,210,28828
41,203,28829
98,111,28830
99,110,28831
101,109,28832
102,111,28833
103,111,28834
104,111,28835
105,113,28836
106,113,28837
107,115,28838
107,116,28839
107,120,28840
107,122,28841
108,121,28842
107,124,28843
106,126,28844
108,125,28845
104,130,28846
103,131,28847
102,133,28848
101,134,28849
100,135,28850
98,136,28851
96,137,28852
94,138,28853
93,139,28854
88,138,28855
88,139,28856
83,137,28857
83,138,28858
81,137,28859
77,135,28860
76,135,28861
72,130,28862
70,128,28863
68,125,28864
68,126,28865
66,121,28866
64,114,28867
64,117,28868
63,110,28869
62,111,28870
64,96,28871
61,106,28872
62,99,28873
64,92,28874
64,90,28875
69,81,28876
67,82,28877
70,77,28878
74,73,28879
74,72,28880
77,69,28881
79,67,28882
85,63,28883
91,61,28884
91,60,28885
95,59,28886
106,59,28887
107,59,28888
107,58,28889
109,58,28890
117,60,28891
120,61,28892
124,63,28893
132,69,28894
134,70,28895
137,72,28896
140,76,28897
143,80,28898
147,86,28899
149,91,28900
151,95,28901
154,109,28902
154,107,28903
155,113,28904
156,116,28905
154,132,28906
156,128,28907
154,139,28908
150,150,28909
149,153,28910
146,159,28911
146,160,28912
140,169,28913
135,175,28914
133,177,28915
125,184,28916
120,187,28917
115,190,28918
111,192,28919
104,194,28920
95,195,28921
93,196,28922
87,196,28923
76,194,28924
74,194,28925
69,193,28926
64,191,28927
51,183,28928
49,182,28929
43,178,28930
36,170,28931
33,166,28932
27,157,28933
26,156,28934
20,143,28935
18,138,28936
16,131,28937
15,128,28938
13,114,28939
13,98,28940
14,87,28941
13,89,28942
16,75,28943
22,59,28944
18,67,28945
25,52,28946
28,46,28947
33,38,28948
42,28,28949
49,21,28950
48,21,28951
62,12,28952
69,8,28953
71,7,28954
86,2,28955
90,1,28956
97,115,28957
96,116,28958
96,118,28959
93,119,28960
91,118,28961
91,120,28962
90,120,28963
89,119,28964
87,118,28965
86,117,28966
85,118,28967
84,116,28968
83,113,28969
82,111,28970
81,111,28971
81,110,28972
81,105,28973
80,106,28974
81,101,28975
81,99,28976
81,98,28977
84,93,28978
82,95,28979
83,92,28980
83,91,28981
88,87,28982
87,87,28983
91,84,28984
91,83,28985
95,82,28986
97,81,28987
99,80,28988
102,80,28989
106,80,28990
110,81,28991
110,80,28992
114,82,28993
117,84,28994
120,86,28995
123,88,28996
123,87,28997
128,94,28998
127,91,28999
131,98,29000
132,100,29001
133,101,29002
135,114,29003
136,113,29004
136,119,29005
137,121,29006
136,128,29007
136,130,29008
136,132,29009
133,141,29010
132,143,29011
132,145,29012
129,150,29013
124,156,29014
121,160,29015
118,163,29016
113,166,29017
111,168,29018
106,170,29019
103,171,29020
101,172,29021
93,173,29022
89,174,29023
86,174,29024
81,173,29025
73,171,29026
68,169,29027
63,166,29028
59,163,29029
56,161,29030
51,156,29031
48,153,29032
45,148,29033
42,144,29034
39,138,29035
37,133,29036
34,124,29037
33,114,29038
32,111,29039
32,101,29040
31,103,29041
33,89,29042
33,86,29043
37,74,29044
36,74,29045
42,62,29046
43,60,29047
49,51,29048
52,47,29049
54,44,29050
64,36,29051
72,31,29052
69,32,29053
83,26,29054
92,24,29055
89,24,29056
91,23,29057
112,23,29058
107,22,29059
123,25,29060
131,28,29061
130,27,29062
141,33,29063
142,33,29064
151,40,29065
156,44,29066
162,51,29067
170,62,29068
174,69,29069
175,71,29070
179,81,29071
181,85,29072
185,109,29073
186,111,29074
186,120,29075
186,132,29076
185,140,29077
184,146,29078
179,163,29079
180,162,29080
173,177,29081
168,186,29082
165,191,29083
96,112,29084
94,109,29085
94,107,29086
96,105,29087
97,104,29088
96,103,29089
98,102,29090
98,101,29091
100,101,29092
100,100,29093
105,102,29094
104,100,29095
106,101,29096
109,103,29097
109,102,29098
112,106,29099
109,100,29100
113,106,29101
114,108,29102
115,107,29103
116,112,29104
117,114,29105
117,118,29106
118,117,29107
119,117,29108
118,124,29109
117,128,29110
118,127,29111
117,130,29112
114,136,29113
115,135,29114
113,139,29115
112,140,29116
110,143,29117
105,146,29118
106,147,29119
101,149,29120
95,150,29121
96,151,29122
92,151,29123
89,152,29124
82,150,29125
89,153,29126
79,150,29127
77,149,29128
77,150,29129
65,139,29130
68,144,29131
67,144,29132
60,133,29133
61,137,29134
57,131,29135
56,128,29136
53,119,29137
52,115,29138
52,120,29139
51,107,29140
50,106,29141
51,99,29142
52,92,29143
51,92,29144
53,85,29145
56,78,29146
60,71,29147
58,73,29148
61,68,29149
71,58,29150
68,59,29151
74,55,29152
81,51,29153
79,51,29154
84,48,29155
97,46,29156
99,45,29157
102,44,29158
105,44,29159
118,47,29160
117,46,29161
124,48,29162
131,52,29163
132,52,29164
145,64,29165
147,66,29166
146,63,29167
153,73,29168
159,85,29169
157,78,29170
162,91,29171
165,104,29172
165,99,29173
166,103,29174
167,117,29175
167,127,29176
167,131,29177
164,145,29178
164,147,29179
162,154,29180
155,168,29181
152,173,29182
151,175,29183
148,180,29184
137,190,29185
142,187,29186
129,197,29187
120,202,29188
117,204,29189
115,205,29190
101,208,29191
99,209,29192
91,210,29193
81,209,29194
70,207,29195
63,205,29196
58,203,29197
49,198,29198
51,200,29199
29,180,29200
29,181,29201
28,180,29202
19,168,29203
16,163,29204
16,165,29205
7,141,29206
4,130,29207
3,128,29208
2,124,29209
1,113,29210
99,113,29211
100,113,29212
101,115,29213
101,118,29214
101,119,29215
103,118,29216
102,120,29217
102,122,29218
101,123,29219
100,125,29220
99,126,29221
98,127,29222
97,128,29223
95,129,29224
93,130,29225
95,131,29226
87,129,29227
89,131,29228
86,130,29229
86,131,29230
82,128,29231
81,128,29232
79,127,29233
78,127,29234
75,122,29235
74,119,29236
74,123,29237
72,117,29238
71,115,29239
70,111,29240
70,106,29241
69,108,29242
69,103,29243
69,102,29244
72,92,29245
69,97,29246
71,91,29247
77,83,29248
75,83,29249
78,80,29250
77,79,29251
83,75,29252
82,74,29253
88,71,29254
90,70,29255
91,69,29256
103,68,29257
101,67,29258
101,66,29259
112,68,29260
107,66,29261
117,69,29262
118,69,29263
125,74,29264
128,76,29265
125,72,29266
132,78,29267
137,85,29268
139,89,29269
138,85,29270
143,97,29271
145,100,29272
146,102,29273
147,112,29274
148,115,29275
148,124,29276
147,131,29277
149,124,29278
146,139,29279
142,148,29280
145,145,29281
146,144,29282
132,165,29283
131,167,29284
132,167,29285
126,173,29286
118,178,29287
125,175,29288
113,182,29289
107,184,29290
101,186,29291
94,187,29292
83,186,29293
90,188,29294
82,187,29295
70,184,29296
73,186,29297
63,181,29298
54,175,29299
52,175,29300
49,173,29301
40,163,29302
37,158,29303
35,156,29304
31,149,29305
26,137,29306
25,135,29307
24,134,29308
21,113,29309
20,111,29310
20,99,29311
21,91,29312
21,86,29313
24,74,29314
30,60,29315
27,64,29316
30,58,29317
38,45,29318
37,45,29319
44,37,29320
52,29,29321
57,25,29322
59,23,29323
71,16,29324
80,13,29325
84,11,29326
99,9,29327
107,9,29328
111,9,29329
120,10,29330
128,12,29331
127,11,29332
143,19,29333
155,27,29334
158,29,29335
158,28,29336
165,35,29337
94,114,29338
93,115,29339
92,116,29340
90,113,29341
90,111,29342
89,111,29343
88,110,29344
87,110,29345
87,108,29346
86,107,29347
87,104,29348
87,102,29349
86,102,29350
90,97,29351
89,97,29352
88,97,29353
93,93,29354
93,92,29355
95,91,29356
95,90,29357
100,90,29358
100,89,29359
101,88,29360
100,87,29361
103,87,29362
110,90,29363
106,87,29364
114,92,29365
114,90,29366
117,93,29367
118,93,29368
119,94,29369
123,100,29370
123,99,29371
126,105,29372
126,103,29373
128,111,29374
128,119,29375
129,118,29376
130,119,29377
130,122,29378
127,133,29379
131,123,29380
126,138,29381
127,137,29382
125,142,29383
119,149,29384
120,149,29385
119,151,29386
113,156,29387
111,158,29388
110,159,29389
105,162,29390
101,163,29391
96,164,29392
97,165,29393
91,166,29394
86,165,29395
78,163,29396
78,164,29397
73,162,29398
70,161,29399
66,159,29400
56,149,29401
54,147,29402
55,149,29403
50,143,29404
47,137,29405
45,133,29406
44,131,29407
41,121,29408
41,123,29409
39,108,29410
40,97,29411
39,97,29412
39,94,29413
44,78,29414
40,87,29415
43,77,29416
49,65,29417
53,59,29418
55,56,29419
56,54,29420
62,48,29421
67,44,29422
77,38,29423
73,39,29424
86,34,29425
88,33,29426
91,32,29427
98,31,29428
107,31,29429
110,31,29430
118,32,29431
126,35,29432
131,37,29433
137,40,29434
141,42,29435
151,51,29436
157,58,29437
156,55,29438
165,69,29439
170,79,29440
172,83,29441
173,86,29442
175,92,29443
178,107,29444
179,113,29445
179,125,29446
179,129,29447
177,142,29448
174,154,29449
176,150,29450
171,164,29451
161,181,29452
166,175,29453
156,189,29454
152,194,29455
149,198,29456
136,208,29457
135,209,29458
130,213,29459
114,219,29460
108,221,29461
103,222,29462
97,223,29463
88,224,29464
97,110,29465
98,108,29466
99,107,29467
101,107,29468
102,107,29469
103,107,29470
104,107,29471
105,108,29472
107,109,29473
108,110,29474
109,112,29475
109,111,29476
110,114,29477
111,116,29478
111,119,29479
112,118,29480
111,123,29481
111,124,29482
111,125,29483
110,128,29484
110,129,29485
109,131,29486
106,135,29487
106,136,29488
105,137,29489
102,139,29490
99,141,29491
97,142,29492
98,142,29493
92,143,29494
92,144,29495
89,144,29496
85,143,29497
84,143,29498
81,142,29499
78,141,29500
75,139,29501
71,136,29502
70,135,29503
68,133,29504
65,129,29505
64,127,29506
62,124,29507
60,118,29508
59,114,29509
59,116,29510
58,105,29511
58,102,29512
58,100,29513
59,93,29514
59,92,29515
60,88,29516
62,83,29517
63,80,29518
66,75,29519
68,72,29520
72,67,29521
73,66,29522
78,62,29523
82,59,29524
84,58,29525
91,55,29526
94,54,29527
99,53,29528
105,53,29529
108,53,29530
110,53,29531
115,54,29532
123,57,29533
126,58,29534
132,62,29535
136,65,29536
140,69,29537
142,71,29538
146,76,29539
151,84,29540
152,86,29541
155,93,29542
157,99,29543
159,109,29544
159,107,29545
160,120,29546
160,123,29547
159,135,29548
159,136,29549
156,148,29550
156,149,29551
150,162,29552
148,166,29553
146,169,29554
140,177,29555
137,180,29556
133,184,29557
128,188,29558
120,193,29559
116,195,29560
105,199,29561
101,200,29562
91,201,29563
88,201,29564
84,201,29565
72,199,29566
68,198,29567
63,196,29568
50,189,29569
51,190,29570
42,183,29571
33,174,29572
32,173,29573
28,168,29574
24,162,29575
20,155,29576
15,143,29577
13,137,29578
10,125,29579
9,119,29580
8,104,29581
8,101,29582
10,82,29583
11,77,29584
13,69,29585
16,60,29586
21,49,29587
22,47,29588
28,37,29589
35,28,29590
39,23,29591
98,115,29592
98,117,29593
98,118,29594
96,120,29595
95,120,29596
95,122,29597
94,122,29598
93,123,29599
92,124,29600
91,124,29601
89,123,29602
87,123,29603
84,120,29604
84,121,29605
83,120,29606
83,123,29607
80,115,29608
79,116,29609
78,113,29610
78,109,29611
77,110,29612
76,109,29613
77,103,29614
76,104,29615
75,103,29616
77,97,29617
77,96,29618
79,92,29619
80,89,29620
83,86,29621
82,86,29622
84,83,29623
87,81,29624
86,81,29625
92,78,29626
92,77,29627
96,76,29628
105,76,29629
103,75,29630
109,76,29631
108,75,29632
114,77,29633
113,75,29634
118,78,29635
122,81,29636
123,81,29637
132,94,29638
129,87,29639
130,87,29640
136,101,29641
136,97,29642
137,100,29643
139,105,29644
140,113,29645
141,116,29646
141,120,29647
141,127,29648
139,135,29649
139,137,29650
137,143,29651
137,144,29652
137,145,29653
131,155,29654
127,160,29655
125,163,29656
122,166,29657
114,171,29658
114,172,29659
110,174,29660
104,176,29661
104,177,29662
101,178,29663
85,178,29664
81,178,29665
84,179,29666
77,178,29667
68,174,29668
65,173,29669
61,171,29670
54,165,29671
53,165,29672
44,154,29673
41,150,29674
42,154,29675
34,137,29676
32,131,29677
32,135,29678
29,122,29679
28,113,29680
27,111,29681
28,94,29682
28,91,29683
28,90,29684
30,79,29685
33,71,29686
36,64,29687
36,62,29688
44,50,29689
50,43,29690
51,41,29691
54,37,29692
66,29,29693
70,26,29694
74,24,29695
82,21,29696
83,20,29697
108,18,29698
102,17,29699
104,16,29700
117,18,29701
130,22,29702
135,24,29703
143,28,29704
146,30,29705
155,37,29706
155,36,29707
168,52,29708
174,60,29709
177,65,29710
179,69,29711
184,81,29712
180,68,29713
189,104,29714
190,109,29715
191,117,29716
191,120,29717
191,130,29718
95,112,29719
93,111,29720
92,110,29721
92,107,29722
93,106,29723
92,105,29724
93,103,29725
93,102,29726
94,101,29727
94,100,29728
97,98,29729
97,97,29730
99,97,29731
101,96,29732
104,97,29733
101,95,29734
107,97,29735
105,95,29736
110,98,29737
110,97,29738
113,100,29739
116,104,29740
116,102,29741
116,101,29742
118,105,29743
120,110,29744
120,107,29745
121,116,29746
122,113,29747
122,120,29748
122,123,29749
123,122,29750
122,128,29751
122,130,29752
118,137,29753
122,133,29754
117,140,29755
110,147,29756
114,145,29757
112,147,29758
112,148,29759
102,153,29760
107,152,29761
99,155,29762
97,156,29763
95,157,29764
83,155,29765
83,156,29766
84,157,29767
75,153,29768
79,156,29769
72,153,29770
68,150,29771
62,144,29772
60,142,29773
60,144,29774
55,136,29775
54,134,29776
51,127,29777
50,127,29778
48,119,29779
47,116,29780
47,105,29781
46,105,29782
46,101,29783
47,92,29784
49,86,29785
47,89,29786
51,78,29787
57,68,29788
54,70,29789
54,69,29790
70,53,29791
68,54,29792
72,50,29793
74,48,29794
84,44,29795
80,44,29796
91,41,29797
97,40,29798
101,39,29799
109,40,29800
119,42,29801
117,40,29802
122,42,29803
132,47,29804
131,45,29805
142,54,29806
152,65,29807
145,55,29808
153,64,29809
160,76,29810
162,79,29811
165,85,29812
168,95,29813
170,105,29814
171,108,29815
171,125,29816
172,121,29817
171,133,29818
171,136,29819
167,151,29820
169,147,29821
164,161,29822
154,178,29823
158,174,29824
156,177,29825
143,192,29826
144,192,29827
134,200,29828
126,205,29829
117,209,29830
116,210,29831
109,212,29832
95,214,29833
96,215,29834
75,213,29835
72,213,29836
62,210,29837
64,211,29838
49,204,29839
55,208,29840
34,193,29841
30,189,29842
24,183,29843
24,184,29844
15,171,29845
97,112,29846
100,111,29847
101,111,29848
103,113,29849
103,115,29850
104,114,29851
105,116,29852
105,117,29853
105,119,29854
106,120,29855
105,122,29856
104,125,29857
104,126,29858
102,128,29859
102,129,29860
103,130,29861
98,132,29862
98,133,29863
96,134,29864
95,135,29865
90,134,29866
89,135,29867
89,136,29868
88,136,29869
84,135,29870
81,133,29871
81,134,29872
77,130,29873
77,132,29874
73,127,29875
73,128,29876
71,125,29877
68,118,29878
68,121,29879
67,116,29880
66,114,29881
65,110,29882
66,100,29883
65,101,29884
66,96,29885
65,96,29886
69,87,29887
65,93,29888
69,85,29889
72,80,29890
74,77,29891
78,73,29892
78,72,29893
81,69,29894
88,66,29895
86,66,29896
93,63,29897
96,62,29898
102,62,29899
107,62,29900
103,60,29901
108,61,29902
117,64,29903
123,67,29904
125,67,29905
127,68,29906
131,71,29907
134,74,29908
139,80,29909
142,85,29910
143,85,29911
147,93,29912
149,98,29913
151,107,29914
151,105,29915
152,112,29916
153,115,29917
151,134,29918
150,139,29919
152,135,29920
151,140,29921
145,154,29922
148,150,29923
142,161,29924
137,168,29925
135,171,29926
127,178,29927
128,178,29928
119,184,29929
115,186,29930
108,189,29931
107,190,29932
97,192,29933
88,192,29934
87,193,29935
86,193,29936
73,190,29937
71,190,29938
65,188,29939
56,183,29940
50,179,29941
43,173,29942
41,172,29943
31,157,29944
29,155,29945
30,158,29946
24,145,29947
21,137,29948
18,127,29949
17,122,29950
16,114,29951
15,108,29952
16,95,29953
16,88,29954
17,82,29955
21,69,29956
24,61,29957
26,55,29958
30,48,29959
41,34,29960
39,35,29961
46,28,29962
54,21,29963
56,19,29964
73,10,29965
75,9,29966
73,9,29967
95,4,29968
109,4,29969
112,4,29970
111,3,29971
122,5,29972
96,114,29973
95,116,29974
94,117,29975
92,117,29976
90,115,29977
89,117,29978
88,116,29979
87,115,29980
86,114,29981
85,114,29982
84,112,29983
84,110,29984
83,109,29985
83,106,29986
83,104,29987
82,104,29988
84,99,29989
83,100,29990
85,96,29991
86,94,29992
86,93,29993
87,91,29994
90,89,29995
90,88,29996
91,87,29997
96,85,29998
95,84,29999
101,84,30000
102,83,30001
103,83,30002
106,83,30003
112,85,30004
109,83,30005
114,85,30006
117,87,30007
119,88,30008
123,92,30009
125,95,30010
126,96,30011
129,102,30012
130,102,30013
131,105,30014
132,106,30015
133,113,30016
134,115,30017
134,120,30018
133,128,30019
132,133,30020
133,131,30021
131,138,30022
130,141,30023
127,147,30024
128,146,30025
124,152,30026
120,156,30027
120,157,30028
117,160,30029
111,164,30030
108,166,30031
106,167,30032
98,169,30033
97,170,30034
91,171,30035
80,169,30036
79,169,30037
77,169,30038
72,167,30039
67,165,30040
64,163,30041
63,163,30042
54,155,30043
50,150,30044
46,144,30045
44,142,30046
42,137,30047
40,134,30048
38,127,30049
36,120,30050
35,114,30051
35,100,30052
35,96,30053
35,95,30054
36,87,30055
39,76,30056
39,75,30057
45,63,30058
45,62,30059
53,51,30060
49,55,30061
56,47,30062
60,43,30063
68,37,30064
77,32,30065
78,31,30066
87,28,30067
92,27,30068
97,26,30069
104,25,30070
116,27,30071
121,28,30072
126,29,30073
135,33,30074
138,35,30075
142,37,30076
151,44,30077
158,51,30078
162,56,30079
164,58,30080
168,64,30081
174,76,30082
178,86,30083
179,89,30084
182,103,30085
183,110,30086
182,134,30087
184,119,30088
182,138,30089
182,141,30090
180,151,30091
176,163,30092
169,178,30093
172,174,30094
159,193,30095
162,190,30096
149,204,30097
147,206,30098
137,214,30099
96,111,30100
96,108,30101
95,107,30102
97,106,30103
98,105,30104
99,104,30105
101,103,30106
101,102,30107
103,103,30108
104,103,30109
105,103,30110
107,103,30111
110,108,30112
110,107,30113
111,108,30114
111,104,30115
113,112,30116
114,112,30117
115,115,30118
115,118,30119
116,118,30120
116,121,30121
115,124,30122
115,127,30123
116,126,30124
114,131,30125
112,134,30126
111,136,30127
112,136,30128
105,142,30129
106,142,30130
104,144,30131
102,145,30132
98,147,30133
94,147,30134
95,148,30135
91,149,30136
87,148,30137
84,148,30138
80,147,30139
79,147,30140
73,143,30141
74,145,30142
70,142,30143
67,139,30144
64,136,30145
60,127,30146
61,132,30147
60,131,30148
56,117,30149
55,117,30150
54,114,30151
54,107,30152
53,106,30153
54,97,30154
53,99,30155
55,90,30156
57,83,30157
58,81,30158
60,76,30159
61,74,30160
63,70,30161
69,64,30162
72,61,30163
72,60,30164
77,56,30165
83,53,30166
87,51,30167
94,49,30168
99,48,30169
106,48,30170
104,47,30171
114,49,30172
119,50,30173
120,50,30174
125,52,30175
134,58,30176
135,58,30177
140,62,30178
144,66,30179
147,69,30180
155,83,30181
157,87,30182
157,84,30183
162,102,30184
163,108,30185
164,109,30186
164,124,30187
164,129,30188
165,124,30189
162,142,30190
162,143,30191
159,153,30192
157,159,30193
153,166,30194
150,171,30195
149,174,30196
139,185,30197
130,192,30198
131,192,30199
132,192,30200
107,203,30201
113,202,30202
106,204,30203
94,206,30204
93,207,30205
82,206,30206
75,205,30207
69,204,30208
61,201,30209
54,197,30210
50,195,30211
40,188,30212
36,184,30213
30,178,30214
27,175,30215
14,151,30216
13,150,30217
10,143,30218
7,132,30219
6,128,30220
5,128,30221
4,108,30222
4,95,30223
5,85,30224
5,83,30225
7,72,30226
99,114,30227
100,115,30228
100,116,30229
100,118,30230
98,121,30231
100,121,30232
99,122,30233
99,123,30234
98,125,30235
97,126,30236
93,126,30237
93,127,30238
91,127,30239
90,128,30240
88,127,30241
90,130,30242
84,125,30243
84,127,30244
81,124,30245
81,125,30246
78,121,30247
77,120,30248
76,120,30249
75,119,30250
74,116,30251
73,111,30252
72,111,30253
72,105,30254
71,107,30255
73,98,30256
72,100,30257
73,95,30258
73,93,30259
74,90,30260
79,84,30261
76,86,30262
79,82,30263
86,77,30264
84,77,30265
89,74,30266
85,75,30267
96,72,30268
94,71,30269
99,70,30270
105,70,30271
104,69,30272
115,73,30273
113,71,30274
115,71,30275
123,76,30276
120,73,30277
127,78,30278
131,82,30279
135,88,30280
136,89,30281
137,89,30282
140,95,30283
142,103,30284
143,105,30285
144,106,30286
145,114,30287
146,116,30288
144,132,30289
145,130,30290
144,136,30291
144,137,30292
139,149,30293
141,147,30294
136,156,30295
129,164,30296
133,162,30297
132,164,30298
118,174,30299
114,177,30300
111,179,30301
112,179,30302
102,182,30303
102,183,30304
94,184,30305
86,184,30306
82,184,30307
70,180,30308
65,178,30309
66,180,30310
58,175,30311
49,167,30312
53,172,30313
41,159,30314
38,154,30315
39,158,30316
34,150,30317
28,133,30318
28,135,30319
25,126,30320
24,119,30321
23,110,30322
22,107,30323
24,89,30324
24,88,30325
25,81,30326
29,68,30327
34,58,30328
32,60,30329
38,50,30330
47,39,30331
44,41,30332
54,31,30333
61,26,30334
60,26,30335
70,20,30336
77,17,30337
87,14,30338
89,13,30339
99,12,30340
115,13,30341
106,11,30342
133,18,30343
132,17,30344
144,23,30345
146,24,30346
157,32,30347
156,30,30348
172,49,30349
175,53,30350
179,59,30351
180,59,30352
186,73,30353
94,113,30354
93,113,30355
91,113,30356
91,111,30357
91,108,30358
89,108,30359
90,105,30360
88,107,30361
88,105,30362
89,102,30363
90,101,30364
90,100,30365
90,98,30366
94,96,30367
95,95,30368
93,94,30369
97,93,30370
97,92,30371
101,92,30372
101,91,30373
105,92,30374
109,93,30375
107,91,30376
109,91,30377
111,92,30378
116,97,30379
114,93,30380
118,98,30381
119,98,30382
122,104,30383
122,102,30384
124,107,30385
125,110,30386
126,112,30387
126,120,30388
127,115,30389
127,121,30390
125,129,30391
126,129,30392
125,133,30393
124,137,30394
122,140,30395
124,139,30396
117,148,30397
117,149,30398
115,151,30399
109,155,30400
109,156,30401
106,158,30402
98,160,30403
99,161,30404
95,162,30405
88,162,30406
83,161,30407
81,161,30408
84,163,30409
76,160,30410
67,155,30411
64,152,30412
64,154,30413
59,149,30414
57,147,30415
55,145,30416
48,131,30417
48,132,30418
47,131,30419
45,126,30420
43,117,30421
42,112,30422
43,96,30423
41,105,30424
41,100,30425
45,84,30426
48,75,30427
46,77,30428
47,74,30429
57,60,30430
51,66,30431
55,60,30432
62,52,30433
68,47,30434
78,41,30435
75,42,30436
78,40,30437
90,36,30438
97,35,30439
96,34,30440
104,34,30441
120,37,30442
112,34,30443
121,36,30444
135,43,30445
136,43,30446
138,44,30447
148,52,30448
150,54,30449
156,61,30450
159,64,30451
166,78,30452
169,84,30453
170,84,30454
173,97,30455
175,105,30456
176,112,30457
175,132,30458
177,121,30459
176,133,30460
172,150,30461
173,150,30462
170,159,30463
162,175,30464
158,181,30465
159,181,30466
157,184,30467
143,198,30468
141,201,30469
128,209,30470
121,213,30471
120,214,30472
105,218,30473
101,219,30474
106,219,30475
88,220,30476
72,218,30477
64,216,30478
68,218,30479
57,214,30480
98,110,30481
99,109,30482
100,108,30483
102,109,30484
103,110,30485
104,109,30486
105,111,30487
106,111,30488
107,112,30489
108,114,30490
108,118,30491
109,117,30492
109,118,30493
109,121,30494
107,126,30495
109,125,30496
107,128,30497
107,129,30498
106,131,30499
104,133,30500
104,134,30501
103,135,30502
100,137,30503
99,138,30504
97,139,30505
94,140,30506
93,140,30507
89,140,30508
89,141,30509
85,140,30510
82,139,30511
80,139,30512
76,136,30513
75,136,30514
72,133,30515
71,132,30516
69,130,30517
65,122,30518
66,126,30519
63,116,30520
62,116,30521
62,106,30522
61,113,30523
60,108,30524
61,100,30525
61,97,30526
63,90,30527
63,88,30528
64,85,30529
68,78,30530
66,80,30531
70,74,30532
73,70,30533
75,68,30534
79,65,30535
83,62,30536
87,60,30537
93,58,30538
96,57,30539
99,57,30540
101,56,30541
106,56,30542
108,56,30543
116,58,30544
125,62,30545
126,62,30546
132,66,30547
133,66,30548
138,71,30549
141,74,30550
146,82,30551
147,83,30552
151,92,30553
152,93,30554
155,104,30555
156,107,30556
156,124,30557
157,114,30558
158,120,30559
156,135,30560
155,140,30561
153,147,30562
152,151,30563
150,155,30564
146,163,30565
143,168,30566
140,172,30567
135,178,30568
133,180,30569
130,183,30570
119,190,30571
111,193,30572
110,194,30573
100,197,30574
86,197,30575
82,197,30576
84,198,30577
77,197,30578
68,194,30579
58,190,30580
54,188,30581
48,184,30582
41,178,30583
38,175,30584
36,173,30585
29,164,30586
23,154,30587
20,148,30588
17,141,30589
15,134,30590
12,118,30591
12,120,30592
11,110,30593
11,97,30594
13,84,30595
11,90,30596
18,64,30597
19,60,30598
22,53,30599
26,46,30600
32,37,30601
36,31,30602
43,24,30603
48,19,30604
52,16,30605
61,10,30606
66,7,30607
97,114,30608
96,117,30609
97,118,30610
94,119,30611
93,120,30612
92,120,30613
92,121,30614
90,121,30615
89,121,30616
87,120,30617
86,120,30618
85,119,30619
83,116,30620
82,114,30621
81,114,30622
81,117,30623
80,109,30624
79,111,30625
79,106,30626
79,103,30627
79,101,30628
78,103,30629
81,96,30630
80,96,30631
79,96,30632
83,90,30633
84,88,30634
86,86,30635
86,85,30636
91,82,30637
92,81,30638
93,80,30639
96,79,30640
98,78,30641
103,78,30642
103,77,30643
107,78,30644
112,80,30645
115,81,30646
116,81,30647
116,80,30648
124,87,30649
123,84,30650
126,88,30651
130,93,30652
131,94,30653
135,107,30654
135,103,30655
136,103,30656
137,114,30657
138,114,30658
138,123,30659
138,127,30660
138,128,30661
137,133,30662
137,136,30663
136,139,30664
130,150,30665
130,151,30666
128,155,30667
124,159,30668
124,160,30669
118,165,30670
112,169,30671
106,172,30672
110,171,30673
98,174,30674
98,175,30675
92,176,30676
84,175,30677
81,175,30678
79,175,30679
69,171,30680
68,171,30681
62,168,30682
59,166,30683
50,157,30684
50,158,30685
45,152,30686
42,147,30687
39,143,30688
35,131,30689
34,129,30690
33,130,30691
31,114,30692
30,107,30693
30,99,30694
31,92,30695
31,88,30696
33,79,30697
36,71,30698
38,66,30699
40,62,30700
41,59,30701
50,47,30702
58,39,30703
58,38,30704
62,35,30705
76,27,30706
77,26,30707
73,27,30708
93,22,30709
96,21,30710
102,20,30711
111,21,30712
117,21,30713
129,25,30714
128,24,30715
139,29,30716
142,31,30717
149,36,30718
160,46,30719
161,47,30720
168,56,30721
173,64,30722
176,68,30723
182,86,30724
184,91,30725
185,93,30726
187,109,30727
188,114,30728
188,126,30729
187,137,30730
187,139,30731
182,159,30732
180,166,30733
181,164,30734
95,111,30735
94,110,30736
93,108,30737
95,106,30738
95,105,30739
95,103,30740
96,102,30741
96,101,30742
98,100,30743
98,99,30744
102,100,30745
101,98,30746
104,99,30747
106,100,30748
106,99,30749
105,97,30750
111,103,30751
110,100,30752
113,104,30753
114,103,30754
116,108,30755
117,110,30756
118,111,30757
118,109,30758
119,113,30759
120,117,30760
120,120,30761
119,126,30762
120,125,30763
118,131,30764
117,133,30765
117,135,30766
118,134,30767
115,139,30768
110,144,30769
114,142,30770
107,147,30771
101,150,30772
103,150,30773
101,151,30774
101,152,30775
92,153,30776
94,154,30777
88,154,30778
83,153,30779
81,153,30780
73,148,30781
74,150,30782
71,149,30783
63,140,30784
65,144,30785
63,142,30786
58,135,30787
56,131,30788
54,127,30789
54,130,30790
51,120,30791
50,114,30792
49,109,30793
49,104,30794
48,104,30795
49,97,30796
52,85,30797
52,84,30798
53,80,30799
54,77,30800
60,68,30801
61,65,30802
64,62,30803
72,55,30804
67,57,30805
69,55,30806
86,47,30807
87,46,30808
92,44,30809
94,43,30810
104,43,30811
105,42,30812
107,42,30813
120,45,30814
124,46,30815
134,52,30816
138,55,30817
135,51,30818
143,58,30819
153,71,30820
146,60,30821
154,71,30822
162,88,30823
161,82,30824
164,89,30825
167,105,30826
168,109,30827
169,112,30828
169,122,30829
169,126,30830
169,130,30831
164,151,30832
164,153,30833
163,156,30834
160,163,30835
149,180,30836
154,175,30837
144,187,30838
133,196,30839
137,194,30840
129,200,30841
118,205,30842
115,207,30843
104,210,30844
98,211,30845
84,211,30846
81,211,30847
77,211,30848
70,209,30849
67,209,30850
45,197,30851
50,201,30852
39,193,30853
30,185,30854
26,181,30855
31,188,30856
15,164,30857
8,149,30858
8,151,30859
7,149,30860
2,131,30861
98,112,30862
101,113,30863
102,113,30864
102,116,30865
102,118,30866
104,117,30867
103,119,30868
104,120,30869
102,123,30870
103,123,30871
102,125,30872
101,127,30873
99,128,30874
98,129,30875
96,130,30876
98,131,30877
92,131,30878
93,133,30879
89,132,30880
89,133,30881
83,130,30882
83,131,30883
83,132,30884
80,130,30885
79,130,30886
75,124,30887
75,126,30888
72,120,30889
72,122,30890
70,116,30891
70,119,30892
69,113,30893
68,111,30894
68,106,30895
68,102,30896
67,102,30897
68,96,30898
73,87,30899
69,92,30900
72,86,30901
72,84,30902
78,78,30903
74,80,30904
79,75,30905
83,72,30906
84,71,30907
92,68,30908
88,68,30909
94,66,30910
101,65,30911
101,64,30912
104,64,30913
110,65,30914
116,67,30915
121,69,30916
118,66,30917
124,70,30918
129,74,30919
133,78,30920
136,80,30921
139,85,30922
140,86,30923
143,90,30924
146,100,30925
148,106,30926
149,109,30927
149,118,30928
150,115,30929
150,122,30930
147,139,30931
150,131,30932
150,133,30933
140,156,30934
139,159,30935
143,154,30936
141,158,30937
126,174,30938
135,167,30939
124,177,30940
118,181,30941
116,182,30942
106,186,30943
108,186,30944
101,188,30945
93,189,30946
86,189,30947
87,190,30948
73,187,30949
68,185,30950
65,185,30951
63,184,30952
48,173,30953
48,174,30954
43,169,30955
38,163,30956
31,152,30957
30,151,30958
28,149,30959
22,131,30960
21,124,30961
21,130,30962
19,107,30963
18,107,30964
18,102,30965
21,82,30966
19,86,30967
21,77,30968
28,59,30969
27,59,30970
30,54,30971
41,38,30972
39,40,30973
50,28,30974
51,27,30975
65,18,30976
63,18,30977
77,12,30978
81,10,30979
89,8,30980
99,7,30981
104,6,30982
110,6,30983
126,10,30984
135,13,30985
140,15,30986
142,15,30987
150,20,30988
95,114,30989
94,115,30990
93,116,30991
91,115,30992
89,112,30993
89,115,30994
88,112,30995
87,112,30996
86,110,30997
85,110,30998
86,106,30999
86,103,31000
84,105,31001
87,100,31002
87,98,31003
85,100,31004
88,96,31005
88,95,31006
90,93,31007
91,91,31008
92,90,31009
95,89,31010
97,88,31011
96,87,31012
99,86,31013
105,87,31014
103,85,31015
108,87,31016
112,88,31017
111,87,31018
115,89,31019
116,89,31020
120,93,31021
121,94,31022
123,96,31023
124,97,31024
127,103,31025
128,107,31026
129,108,31027
130,113,31028
131,113,31029
130,124,31030
132,117,31031
130,130,31032
130,132,31033
130,133,31034
125,143,31035
126,143,31036
124,147,31037
121,151,31038
119,153,31039
118,155,31040
116,157,31041
110,161,31042
103,164,31043
103,165,31044
99,166,31045
94,167,31046
84,166,31047
89,168,31048
83,167,31049
81,167,31050
74,165,31051
69,162,31052
63,158,31053
61,157,31054
58,155,31055
55,152,31056
49,144,31057
47,141,31058
45,137,31059
42,131,31060
39,117,31061
39,121,31062
38,113,31063
37,112,31064
39,92,31065
36,103,31066
38,90,31067
40,83,31068
43,74,31069
46,67,31070
46,66,31071
49,61,31072
56,52,31073
61,47,31074
61,46,31075
69,40,31076
70,39,31077
75,36,31078
88,31,31079
95,30,31080
98,29,31081
101,28,31082
114,30,31083
116,30,31084
125,32,31085
128,33,31086
140,40,31087
143,42,31088
143,41,31089
152,49,31090
159,57,31091
162,61,31092
169,72,31093
170,74,31094
176,90,31095
176,88,31096
179,100,31097
180,109,31098
181,117,31099
180,130,31100
181,129,31101
178,147,31102
172,164,31103
177,153,31104
169,172,31105
166,178,31106
165,180,31107
154,194,31108
151,198,31109
151,199,31110
138,209,31111
127,216,31112
123,218,31113
118,220,31114
109,223,31115
97,109,31116
97,108,31117
98,107,31118
99,106,31119
100,106,31120
102,105,31121
103,105,31122
104,106,31123
106,107,31124
107,107,31125
108,107,31126
109,108,31127
110,111,31128
111,113,31129
112,114,31130
112,115,31131
112,119,31132
113,118,31133
113,121,31134
113,123,31135
113,125,31136
111,130,31137
110,132,31138
110,133,31139
109,135,31140
108,136,31141
106,138,31142
103,141,31143
104,141,31144
97,143,31145
97,144,31146
95,145,31147
92,145,31148
90,146,31149
86,145,31150
86,146,31151
80,144,31152
77,142,31153
73,140,31154
71,138,31155
71,139,31156
67,134,31157
65,133,31158
63,129,31159
61,127,31160
60,123,31161
58,112,31162
57,114,31163
57,118,31164
56,105,31165
56,101,31166
57,94,31167
57,93,31168
58,89,31169
60,83,31170
60,82,31171
63,76,31172
66,72,31173
70,67,31174
72,64,31175
77,60,31176
82,57,31177
86,55,31178
92,53,31179
91,53,31180
94,52,31181
102,51,31182
108,51,31183
113,52,31184
117,53,31185
121,54,31186
126,56,31187
129,58,31188
135,62,31189
140,66,31190
141,67,31191
147,75,31192
150,78,31193
153,84,31194
155,88,31195
157,93,31196
160,109,31197
161,112,31198
161,125,31199
162,120,31200
161,132,31201
161,135,31202
158,146,31203
157,151,31204
154,158,31205
152,162,31206
145,173,31207
144,175,31208
142,178,31209
133,186,31210
128,190,31211
126,192,31212
116,197,31213
102,201,31214
106,201,31215
104,202,31216
87,203,31217
83,203,31218
76,202,31219
66,199,31220
62,198,31221
58,196,31222
49,191,31223
46,189,31224
38,182,31225
34,178,31226
26,168,31227
21,160,31228
18,155,31229
15,148,31230
12,141,31231
8,120,31232
7,116,31233
7,99,31234
6,102,31235
7,90,31236
8,83,31237
10,74,31238
11,69,31239
15,58,31240
20,47,31241
25,38,31242
97,113,31243
99,116,31244
99,118,31245
97,120,31246
96,121,31247
97,122,31248
96,123,31249
95,124,31250
94,124,31251
93,125,31252
90,124,31253
89,125,31254
87,124,31255
86,124,31256
84,123,31257
85,126,31258
81,119,31259
81,121,31260
79,117,31261
79,120,31262
77,114,31263
76,113,31264
76,107,31265
75,108,31266
74,109,31267
75,101,31268
75,99,31269
75,98,31270
76,94,31271
78,91,31272
78,89,31273
79,87,31274
80,85,31275
82,83,31276
86,80,31277
87,78,31278
91,76,31279
97,75,31280
96,74,31281
101,74,31282
103,73,31283
109,74,31284
105,72,31285
111,73,31286
117,76,31287
115,74,31288
126,83,31289
125,81,31290
125,80,31291
133,91,31292
131,86,31293
136,94,31294
138,98,31295
139,102,31296
141,108,31297
141,104,31298
142,110,31299
143,119,31300
142,127,31301
142,129,31302
143,128,31303
141,138,31304
138,145,31305
134,153,31306
134,154,31307
133,156,31308
126,164,31309
126,165,31310
120,170,31311
114,173,31312
115,174,31313
114,175,31314
98,179,31315
95,180,31316
94,181,31317
86,181,31318
74,178,31319
75,179,31320
73,179,31321
63,174,31322
64,175,31323
52,166,31324
49,163,31325
49,165,31326
41,154,31327
36,145,31328
39,153,31329
31,135,31330
30,131,31331
29,130,31332
27,125,31333
26,108,31334
25,106,31335
25,103,31336
27,88,31337
28,81,31338
29,76,31339
34,64,31340
40,53,31341
37,57,31342
44,46,31343
52,38,31344
50,39,31345
62,29,31346
67,26,31347
67,25,31348
80,19,31349
88,17,31350
91,16,31351
99,15,31352
105,15,31353
115,16,31354
122,17,31355
128,19,31356
141,25,31357
141,24,31358
158,38,31359
159,38,31360
168,48,31361
171,52,31362
174,56,31363
175,56,31364
185,80,31365
188,89,31366
189,92,31367
191,98,31368
192,110,31369
94,112,31370
93,112,31371
92,111,31372
92,108,31373
93,105,31374
91,105,31375
92,103,31376
91,103,31377
92,101,31378
92,100,31379
94,99,31380
96,97,31381
95,97,31382
99,96,31383
100,95,31384
98,94,31385
104,95,31386
103,94,31387
107,95,31388
107,94,31389
111,97,31390
112,97,31391
113,97,31392
114,97,31393
117,101,31394
119,105,31395
119,102,31396
121,107,31397
122,109,31398
123,114,31399
123,118,31400
124,116,31401
124,120,31402
124,124,31403
121,133,31404
125,126,31405
121,136,31406
117,141,31407
118,142,31408
117,144,31409
116,146,31410
109,151,31411
111,151,31412
105,154,31413
104,155,31414
100,157,31415
92,157,31416
92,158,31417
93,159,31418
85,158,31419
85,159,31420
81,158,31421
77,157,31422
70,153,31423
66,150,31424
70,155,31425
61,147,31426
57,142,31427
53,135,31428
53,137,31429
50,129,31430
50,131,31431
47,124,31432
46,114,31433
45,112,31434
44,109,31435
46,93,31436
44,99,31437
46,88,31438
52,74,31439
47,82,31440
47,80,31441
59,62,31442
59,61,31443
59,60,31444
62,56,31445
70,50,31446
66,51,31447
78,44,31448
82,42,31449
91,39,31450
97,38,31451
103,38,31452
101,37,31453
107,37,31454
121,40,31455
121,39,31456
134,46,31457
138,49,31458
133,44,31459
142,50,31460
150,59,31461
155,64,31462
159,70,31463
162,75,31464
165,82,31465
169,92,31466
168,87,31467
172,109,31468
173,113,31469
174,114,31470
173,128,31471
173,135,31472
172,140,31473
165,161,31474
168,157,31475
164,166,31476
160,173,31477
157,179,31478
152,185,31479
146,192,31480
138,199,31481
136,201,31482
125,208,31483
111,213,31484
114,213,31485
97,216,31486
95,217,31487
88,217,31488
76,216,31489
71,215,31490
68,215,31491
51,207,31492
43,202,31493
37,198,31494
38,200,31495
28,191,31496
99,111,31497
100,110,31498
101,109,31499
103,112,31500
104,113,31501
104,112,31502
105,114,31503
106,115,31504
106,117,31505
107,117,31506
106,121,31507
107,121,31508
106,124,31509
105,126,31510
105,127,31511
106,128,31512
100,132,31513
100,133,31514
99,134,31515
100,134,31516
96,136,31517
94,136,31518
93,137,31519
91,137,31520
91,138,31521
84,136,31522
87,138,31523
80,134,31524
81,136,31525
77,133,31526
76,133,31527
74,132,31528
71,127,31529
69,125,31530
68,123,31531
66,119,31532
65,116,31533
65,107,31534
64,109,31535
63,107,31536
63,102,31537
65,95,31538
62,102,31539
64,94,31540
66,88,31541
67,85,31542
71,79,31543
72,76,31544
73,75,31545
81,68,31546
80,68,31547
81,67,31548
86,64,31549
90,62,31550
96,61,31551
95,60,31552
100,59,31553
108,60,31554
113,61,31555
113,60,31556
117,61,31557
122,63,31558
127,66,31559
132,70,31560
136,74,31561
140,78,31562
142,80,31563
144,84,31564
146,87,31565
150,96,31566
152,103,31567
153,105,31568
154,115,31569
154,121,31570
155,120,31571
155,122,31572
151,142,31573
154,135,31574
151,146,31575
146,157,31576
145,159,31577
142,164,31578
139,169,31579
130,178,31580
129,179,31581
121,185,31582
122,185,31583
108,191,31584
107,192,31585
104,193,31586
97,194,31587
84,194,31588
80,194,31589
78,194,31590
69,191,31591
63,189,31592
59,187,31593
56,186,31594
43,175,31595
37,169,31596
36,169,31597
32,163,31598
26,153,31599
22,145,31600
21,143,31601
18,134,31602
15,120,31603
14,113,31604
14,109,31605
13,104,31606
15,86,31607
16,82,31608
17,74,31609
19,68,31610
29,48,31611
25,53,31612
32,42,31613
38,34,31614
42,29,31615
55,18,31616
56,17,31617
61,13,31618
78,6,31619
77,6,31620
83,4,31621
93,2,31622
101,1,31623
96,115,31624
95,117,31625
95,118,31626
93,118,31627
91,117,31628
90,118,31629
89,118,31630
88,118,31631
87,117,31632
85,115,31633
85,116,31634
84,114,31635
83,112,31636
82,110,31637
82,107,31638
81,108,31639
82,102,31640
81,103,31641
82,99,31642
82,98,31643
83,95,31644
84,94,31645
87,90,31646
85,91,31647
86,89,31648
91,86,31649
91,85,31650
95,83,31651
94,83,31652
98,82,31653
100,81,31654
103,81,31655
105,81,31656
110,82,31657
111,82,31658
113,82,31659
117,85,31660
121,88,31661
123,90,31662
124,90,31663
126,92,31664
129,97,31665
130,98,31666
132,104,31667
133,105,31668
134,107,31669
135,118,31670
135,123,31671
135,126,31672
135,129,31673
134,134,31674
134,135,31675
132,141,31676
129,147,31677
128,149,31678
128,150,31679
124,155,31680
119,160,31681
117,162,31682
114,165,31683
107,168,31684
109,168,31685
100,171,31686
94,172,31687
90,172,31688
84,172,31689
82,172,31690
80,172,31691
74,170,31692
69,168,31693
64,165,31694
59,162,31695
55,158,31696
49,152,31697
46,148,31698
45,147,31699
40,137,31700
38,133,31701
36,127,31702
35,122,31703
34,119,31704
33,107,31705
33,100,31706
33,96,31707
33,93,31708
37,77,31709
36,79,31710
40,69,31711
40,67,31712
49,53,31713
48,54,31714
59,42,31715
62,39,31716
63,38,31717
72,32,31718
79,29,31719
83,27,31720
91,25,31721
99,24,31722
107,24,31723
112,24,31724
117,25,31725
123,26,31726
131,29,31727
135,31,31728
141,34,31729
150,41,31730
153,43,31731
159,49,31732
164,55,31733
171,66,31734
175,74,31735
178,81,31736
181,90,31737
183,99,31738
183,97,31739
185,119,31740
185,127,31741
184,138,31742
183,145,31743
181,154,31744
178,163,31745
176,168,31746
174,173,31747
163,191,31748
164,190,31749
157,199,31750
95,110,31751
95,108,31752
94,108,31753
96,106,31754
98,104,31755
97,103,31756
99,103,31757
99,102,31758
101,101,31759
102,101,31760
104,102,31761
105,101,31762
108,104,31763
109,104,31764
110,105,31765
109,101,31766
113,109,31767
114,109,31768
115,111,31769
115,109,31770
116,114,31771
117,116,31772
117,120,31773
117,122,31774
118,122,31775
117,125,31776
115,131,31777
116,130,31778
114,135,31779
111,138,31780
111,139,31781
110,141,31782
108,143,31783
106,145,31784
101,147,31785
104,147,31786
97,149,31787
92,150,31788
91,150,31789
89,151,31790
84,150,31791
79,148,31792
82,151,31793
77,148,31794
72,145,31795
71,145,31796
63,135,31797
66,141,31798
65,141,31799
57,125,31800
58,131,31801
56,126,31802
54,121,31803
53,114,31804
52,110,31805
51,111,31806
52,99,31807
52,96,31808
53,92,31809
55,84,31810
55,82,31811
56,80,31812
61,71,31813
64,67,31814
65,65,31815
67,62,31816
75,56,31817
75,55,31818
81,52,31819
92,48,31820
85,49,31821
91,47,31822
103,46,31823
106,46,31824
111,46,31825
112,46,31826
126,51,31827
129,52,31828
128,51,31829
134,55,31830
139,58,31831
148,69,31832
153,76,31833
152,72,31834
157,82,31835
160,90,31836
160,87,31837
164,102,31838
165,111,31839
166,110,31840
166,122,31841
166,129,31842
165,136,31843
165,138,31844
161,152,31845
159,158,31846
159,159,31847
152,171,31848
146,179,31849
144,182,31850
143,184,31851
129,195,31852
129,196,31853
120,201,31854
109,205,31855
111,205,31856
105,207,31857
92,208,31858
87,209,31859
80,208,31860
71,206,31861
64,204,31862
53,199,31863
51,198,31864
45,194,31865
40,191,31866
27,176,31867
24,173,31868
21,169,31869
15,159,31870
13,155,31871
11,153,31872
4,124,31873
3,118,31874
2,113,31875
2,100,31876
1,104,31877
98,113,31878
100,114,31879
101,115,31880
101,118,31881
99,120,31882
102,119,31883
101,121,31884
101,122,31885
100,124,31886
99,125,31887
97,127,31888
96,128,31889
94,128,31890
93,129,31891
90,129,31892
93,131,31893
86,128,31894
88,130,31895
83,127,31896
83,128,31897
80,125,31898
79,125,31899
78,125,31900
77,125,31901
75,121,31902
73,116,31903
73,119,31904
72,110,31905
71,112,31906
71,106,31907
71,101,31908
70,102,31909
70,101,31910
70,99,31911
74,89,31912
71,93,31913
74,87,31914
80,80,31915
77,82,31916
82,77,31917
80,77,31918
88,73,31919
85,73,31920
90,71,31921
96,69,31922
97,68,31923
106,69,31924
106,68,31925
105,67,31926
117,71,31927
117,70,31928
121,72,31929
123,73,31930
129,78,31931
131,80,31932
131,78,31933
134,82,31934
139,91,31935
142,97,31936
141,92,31937
144,102,31938
146,107,31939
146,119,31940
147,118,31941
147,125,31942
147,128,31943
144,140,31944
146,137,31945
144,143,31946
135,159,31947
141,152,31948
140,155,31949
128,168,31950
123,173,31951
123,174,31952
121,176,31953
113,180,31954
115,180,31955
104,184,31956
98,185,31957
95,186,31958
89,186,31959
77,184,31960
80,186,31961
70,183,31962
59,177,31963
66,182,31964
53,173,31965
50,172,31966
45,166,31967
41,163,31968
34,151,31969
33,150,31970
30,145,31971
25,131,31972
23,122,31973
23,124,31974
22,121,31975
21,105,31976
21,98,31977
21,95,31978
26,73,31979
24,77,31980
28,66,31981
36,51,31982
32,56,31983
38,46,31984
46,37,31985
46,36,31986
51,31,31987
60,24,31988
73,17,31989
71,17,31990
86,12,31991
95,11,31992
94,10,31993
114,11,31994
117,11,31995
122,12,31996
130,14,31997
137,17,31998
139,17,31999
157,30,32000
161,34,32001
163,35,32002
165,36,32003
173,46,32004
96,113,32005
93,114,32006
92,115,32007
90,112,32008
90,110,32009
89,110,32010
88,109,32011
87,109,32012
87,107,32013
87,105,32014
88,102,32015
89,100,32016
88,100,32017
91,97,32018
91,96,32019
90,95,32020
94,93,32021
94,92,32022
97,91,32023
97,90,32024
102,90,32025
104,90,32026
103,89,32027
104,88,32028
107,89,32029
112,92,32030
110,89,32031
116,94,32032
115,92,32033
119,96,32034
121,98,32035
122,99,32036
124,104,32037
124,102,32038
126,108,32039
127,109,32040
128,114,32041
128,122,32042
128,124,32043
129,122,32044
129,124,32045
126,134,32046
129,130,32047
124,140,32048
124,142,32049
121,146,32050
116,151,32051
114,154,32052
115,154,32053
106,159,32054
106,160,32055
103,161,32056
98,163,32057
92,163,32058
91,164,32059
92,165,32060
84,164,32061
78,162,32062
73,160,32063
73,161,32064
66,157,32065
64,156,32066
60,153,32067
54,145,32068
51,141,32069
51,142,32070
48,137,32071
45,130,32072
43,124,32073
42,121,32074
41,115,32075
40,112,32076
41,96,32077
42,89,32078
40,95,32079
41,88,32080
47,73,32081
45,74,32082
50,65,32083
52,62,32084
58,54,32085
62,50,32086
61,50,32087
70,43,32088
75,40,32089
82,37,32090
90,34,32091
84,35,32092
102,33,32093
101,32,32094
110,32,32095
118,34,32096
120,34,32097
124,35,32098
136,41,32099
141,44,32100
147,49,32101
149,50,32102
160,64,32103
161,65,32104
163,66,32105
170,82,32106
171,84,32107
173,89,32108
176,101,32109
177,107,32110
178,115,32111
177,133,32112
178,130,32113
177,139,32114
173,153,32115
171,160,32116
170,164,32117
164,176,32118
154,189,32119
157,187,32120
145,199,32121
142,202,32122
136,207,32123
127,212,32124
124,214,32125
121,216,32126
100,221,32127
103,221,32128
90,222,32129
89,223,32130
73,221,32131
97,111,32132
98,109,32133
99,108,32134
101,108,32135
102,108,32136
104,108,32137
105,109,32138
106,109,32139
107,110,32140
108,111,32141
109,113,32142
109,114,32143
110,116,32144
110,119,32145
110,121,32146
111,121,32147
110,124,32148
110,125,32149
109,128,32150
108,130,32151
108,131,32152
107,133,32153
104,136,32154
104,137,32155
102,138,32156
99,140,32157
97,141,32158
92,141,32159
93,142,32160
88,142,32161
86,142,32162
88,143,32163
80,140,32164
81,141,32165
77,139,32166
75,138,32167
72,136,32168
69,132,32169
67,130,32170
65,127,32171
63,123,32172
62,120,32173
61,119,32174
60,114,32175
59,110,32176
59,106,32177
59,103,32178
59,99,32179
60,93,32180
61,89,32181
62,85,32182
63,83,32183
66,77,32184
67,75,32185
71,70,32186
75,66,32187
76,65,32188
81,61,32189
83,60,32190
89,57,32191
92,56,32192
96,55,32193
100,54,32194
110,55,32195
111,55,32196
113,55,32197
120,57,32198
121,57,32199
132,64,32200
133,64,32201
140,71,32202
141,72,32203
145,77,32204
146,78,32205
151,87,32206
151,86,32207
156,100,32208
157,103,32209
158,109,32210
159,115,32211
159,123,32212
158,132,32213
158,134,32214
156,143,32215
155,147,32216
153,153,32217
151,158,32218
145,168,32219
144,170,32220
140,175,32221
131,184,32222
127,187,32223
119,192,32224
116,194,32225
113,195,32226
104,198,32227
98,199,32228
92,200,32229
82,199,32230
74,198,32231
73,198,32232
66,196,32233
56,191,32234
52,189,32235
45,184,32236
39,179,32237
37,177,32238
31,170,32239
24,160,32240
20,152,32241
18,148,32242
14,137,32243
11,123,32244
10,118,32245
10,101,32246
9,107,32247
10,92,32248
11,82,32249
12,77,32250
17,61,32251
20,54,32252
23,47,32253
27,41,32254
33,32,32255
38,26,32256
48,17,32257
50,15,32258
97,116,32259
98,116,32260
98,118,32261
96,119,32262
94,120,32263
94,121,32264
93,122,32265
92,123,32266
91,123,32267
89,122,32268
87,122,32269
86,122,32270
84,119,32271
83,118,32272
82,118,32273
82,121,32274
80,113,32275
79,114,32276
78,111,32277
78,107,32278
77,108,32279
77,105,32280
78,101,32281
78,98,32282
76,102,32283
79,94,32284
79,93,32285
82,89,32286
81,89,32287
86,84,32288
86,83,32289
87,82,32290
90,80,32291
92,79,32292
97,77,32293
95,77,32294
100,76,32295
107,77,32296
106,76,32297
110,77,32298
112,77,32299
118,80,32300
117,78,32301
122,82,32302
127,87,32303
126,85,32304
134,100,32305
131,91,32306
134,95,32307
137,106,32308
137,103,32309
138,106,32310
139,116,32311
140,118,32312
140,121,32313
140,127,32314
140,129,32315
136,142,32316
135,145,32317
134,148,32318
131,153,32319
133,151,32320
126,160,32321
119,166,32322
120,166,32323
117,169,32324
108,173,32325
110,173,32326
101,176,32327
95,177,32328
95,178,32329
90,178,32330
78,176,32331
77,176,32332
75,176,32333
71,175,32334
61,169,32335
59,168,32336
55,165,32337
47,157,32338
48,159,32339
39,144,32340
37,141,32341
38,146,32342
32,128,32343
30,119,32344
30,124,32345
29,107,32346
28,105,32347
28,99,32348
30,86,32349
31,81,32350
32,77,32351
33,73,32352
39,60,32353
44,52,32354
43,52,32355
52,42,32356
60,35,32357
60,34,32358
63,31,32359
81,23,32360
82,22,32361
90,20,32362
96,19,32363
97,18,32364
112,19,32365
116,19,32366
118,19,32367
128,22,32368
140,28,32369
145,31,32370
147,32,32371
157,40,32372
165,49,32373
165,48,32374
175,65,32375
176,66,32376
181,76,32377
184,85,32378
186,91,32379
187,91,32380
189,114,32381
190,119,32382
189,133,32383
189,137,32384
188,145,32385
94,111,32386
93,110,32387
92,109,32388
93,107,32389
94,105,32390
93,104,32391
94,103,32392
94,102,32393
95,100,32394
95,99,32395
100,99,32396
99,98,32397
101,97,32398
103,97,32399
106,98,32400
103,95,32401
109,99,32402
108,97,32403
111,100,32404
112,99,32405
115,104,32406
116,105,32407
116,103,32408
117,104,32409
119,109,32410
120,113,32411
121,113,32412
121,119,32413
122,116,32414
121,123,32415
121,125,32416
121,128,32417
121,129,32418
120,133,32419
114,141,32420
119,137,32421
113,144,32422
109,147,32423
111,147,32424
107,150,32425
108,150,32426
98,153,32427
101,154,32428
95,155,32429
92,156,32430
88,156,32431
80,153,32432
79,154,32433
79,155,32434
73,151,32435
71,151,32436
68,149,32437
64,145,32438
59,139,32439
58,138,32440
58,140,32441
53,130,32442
51,125,32443
50,121,32444
49,120,32445
48,113,32446
47,110,32447
48,98,32448
47,100,32449
48,91,32450
50,84,32451
54,75,32452
51,79,32453
56,70,32454
63,62,32455
59,64,32456
59,63,32457
73,52,32458
78,48,32459
77,48,32460
80,46,32461
95,42,32462
86,43,32463
97,41,32464
109,41,32465
112,41,32466
122,44,32467
124,45,32468
123,43,32469
129,46,32470
141,55,32471
138,51,32472
149,62,32473
157,74,32474
153,65,32475
156,70,32476
163,85,32477
166,92,32478
166,91,32479
169,104,32480
170,113,32481
171,116,32482
170,130,32483
170,133,32484
169,140,32485
168,146,32486
162,161,32487
164,159,32488
159,169,32489
148,184,32490
152,181,32491
145,189,32492
134,198,32493
135,198,32494
127,203,32495
119,207,32496
111,210,32497
110,211,32498
97,213,32499
84,213,32500
84,214,32501
68,210,32502
65,210,32503
58,207,32504
48,202,32505
42,198,32506
38,196,32507
27,184,32508
19,174,32509
16,170,32510
14,168,32511
7,153,32512
99,112,32513
101,112,32514
102,112,32515
102,114,32516
103,116,32517
104,116,32518
104,118,32519
105,118,32520
105,120,32521
105,121,32522
104,123,32523
103,126,32524
102,127,32525
100,129,32526
99,130,32527
101,130,32528
96,132,32529
96,133,32530
92,133,32531
93,134,32532
87,133,32533
88,134,32534
88,135,32535
85,134,32536
83,134,32537
78,129,32538
79,132,32539
74,126,32540
75,129,32541
72,124,32542
72,125,32543
69,119,32544
68,116,32545
67,114,32546
67,107,32547
66,110,32548
66,102,32549
68,95,32550
66,99,32551
68,91,32552
67,92,32553
71,85,32554
68,87,32555
73,80,32556
76,76,32557
79,73,32558
85,69,32559
83,69,32560
85,68,32561
94,65,32562
93,64,32563
97,63,32564
102,63,32565
106,63,32566
113,64,32567
110,62,32568
116,64,32569
123,68,32570
125,69,32571
125,68,32572
131,73,32573
137,79,32574
139,81,32575
143,89,32576
146,95,32577
146,93,32578
149,102,32579
150,105,32580
151,112,32581
151,122,32582
152,118,32583
152,127,32584
149,139,32585
147,146,32586
148,146,32587
148,147,32588
139,162,32589
143,158,32590
136,168,32591
130,174,32592
128,176,32593
121,181,32594
117,184,32595
113,186,32596
104,189,32597
99,190,32598
99,191,32599
87,191,32600
80,190,32601
79,191,32602
74,190,32603
63,185,32604
61,185,32605
53,180,32606
47,175,32607
40,168,32608
39,167,32609
35,163,32610
25,143,32611
26,147,32612
25,146,32613
20,130,32614
19,126,32615
17,116,32616
17,102,32617
16,105,32618
16,101,32619
20,77,32620
18,82,32621
20,74,32622
29,53,32623
33,46,32624
33,45,32625
38,38,32626
52,25,32627
46,29,32628
62,17,32629
67,14,32630
70,12,32631
79,9,32632
85,7,32633
86,6,32634
108,5,32635
111,5,32636
123,7,32637
122,6,32638
135,10,32639
95,115,32640
94,116,32641
94,117,32642
91,116,32643
90,114,32644
90,117,32645
88,114,32646
87,114,32647
86,113,32648
85,112,32649
85,108,32650
84,108,32651
84,107,32652
84,104,32653
85,101,32654
83,103,32655
85,98,32656
85,97,32657
87,94,32658
88,93,32659
88,92,32660
90,90,32661
93,88,32662
91,88,32663
95,86,32664
99,85,32665
98,84,32666
105,85,32667
107,85,32668
107,84,32669
110,85,32670
111,85,32671
116,88,32672
117,88,32673
120,90,32674
122,92,32675
123,93,32676
127,100,32677
127,99,32678
129,104,32679
130,104,32680
131,117,32681
132,110,32682
133,117,32683
133,121,32684
133,124,32685
131,132,32686
130,137,32687
131,136,32688
126,146,32689
126,147,32690
125,149,32691
122,153,32692
119,156,32693
117,158,32694
114,161,32695
111,163,32696
104,166,32697
101,167,32698
99,168,32699
92,169,32700
91,170,32701
83,169,32702
77,167,32703
71,165,32704
70,165,32705
62,160,32706
64,162,32707
57,156,32708
55,155,32709
50,148,32710
48,146,32711
43,136,32712
41,133,32713
39,126,32714
38,125,32715
37,106,32716
36,113,32717
35,107,32718
36,96,32719
37,89,32720
39,80,32721
39,79,32722
42,71,32723
46,63,32724
49,58,32725
50,56,32726
56,49,32727
58,46,32728
64,41,32729
68,38,32730
78,33,32731
82,31,32732
87,29,32733
97,27,32734
103,27,32735
104,26,32736
112,27,32737
123,30,32738
129,32,32739
136,35,32740
144,40,32741
148,43,32742
153,47,32743
159,54,32744
163,59,32745
169,69,32746
168,66,32747
174,78,32748
178,90,32749
179,94,32750
181,102,32751
182,112,32752
183,119,32753
181,136,32754
183,128,32755
177,156,32756
177,158,32757
175,163,32758
170,174,32759
165,183,32760
159,192,32761
153,198,32762
152,200,32763
144,207,32764
136,213,32765
126,219,32766
96,110,32767
96,108,32768
96,107,32769
98,106,32770
100,105,32771
100,104,32772
101,104,32773
103,104,32774
105,105,32775
105,104,32776
107,105,32777
108,105,32778
109,107,32779
111,110,32780
112,111,32781
112,107,32782
113,114,32783
114,114,32784
114,118,32785
114,122,32786
115,121,32787
115,122,32788
113,128,32789
113,130,32790
114,129,32791
112,133,32792
109,137,32793
108,138,32794
109,139,32795
103,142,32796
101,144,32797
100,145,32798
98,146,32799
96,147,32800
90,147,32801
92,148,32802
89,148,32803
80,145,32804
79,145,32805
78,145,32806
75,144,32807
70,139,32808
70,141,32809
67,138,32810
65,135,32811
63,133,32812
58,119,32813
59,126,32814
59,128,32815
56,112,32816
55,112,32817
54,110,32818
55,98,32819
54,102,32820
56,91,32821
55,91,32822
57,86,32823
61,77,32824
62,75,32825
63,73,32826
66,68,32827
69,65,32828
72,62,32829
77,58,32830
81,55,32831
85,53,32832
92,51,32833
94,50,32834
100,49,32835
104,49,32836
108,49,32837
111,49,32838
120,52,32839
126,54,32840
130,56,32841
133,58,32842
142,66,32843
141,64,32844
147,71,32845
151,77,32846
152,78,32847
158,93,32848
159,95,32849
160,94,32850
162,109,32851
163,115,32852
164,115,32853
163,127,32854
162,137,32855
162,140,32856
158,152,32857
156,158,32858
154,162,32859
153,165,32860
145,176,32861
140,182,32862
140,183,32863
130,191,32864
123,195,32865
121,197,32866
119,199,32867
103,203,32868
100,204,32869
93,205,32870
88,205,32871
82,205,32872
72,203,32873
68,202,32874
59,199,32875
50,194,32876
45,190,32877
38,185,32878
35,182,32879
26,171,32880
23,167,32881
19,161,32882
13,146,32883
9,135,32884
8,133,32885
6,119,32886
5,114,32887
5,121,32888
5,95,32889
6,85,32890
8,75,32891
9,70,32892
12,60,32893
98,114,32894
99,115,32895
100,117,32896
99,119,32897
98,120,32898
99,121,32899
98,123,32900
97,124,32901
96,125,32902
95,126,32903
92,126,32904
92,127,32905
90,127,32906
88,126,32907
87,126,32908
87,128,32909
82,123,32910
83,125,32911
80,122,32912
80,123,32913
77,117,32914
76,116,32915
75,114,32916
75,116,32917
74,113,32918
73,109,32919
73,106,32920
73,104,32921
73,100,32922
74,97,32923
74,95,32924
75,92,32925
75,90,32926
77,87,32927
81,83,32928
80,82,32929
82,80,32930
90,76,32931
89,75,32932
94,73,32933
90,73,32934
100,72,32935
98,71,32936
106,71,32937
110,72,32938
110,71,32939
119,76,32940
118,74,32941
119,74,32942
127,81,32943
127,80,32944
131,84,32945
133,86,32946
137,93,32947
139,97,32948
140,97,32949
141,100,32950
143,111,32951
144,114,32952
144,119,32953
145,119,32954
145,122,32955
142,137,32956
142,139,32957
141,143,32958
141,144,32959
132,159,32960
135,156,32961
131,162,32962
124,168,32963
125,169,32964
127,168,32965
108,178,32966
107,179,32967
102,181,32968
104,181,32969
90,182,32970
90,183,32971
84,183,32972
75,181,32973
77,182,32974
64,176,32975
57,172,32976
59,175,32977
52,169,32978
45,161,32979
44,162,32980
38,153,32981
32,141,32982
34,147,32983
32,144,32984
26,121,32985
26,124,32986
25,121,32987
24,105,32988
24,96,32989
24,93,32990
28,76,32991
27,78,32992
30,68,32993
33,61,32994
40,50,32995
37,53,32996
47,40,32997
57,31,32998
52,34,32999
58,29,33000
74,20,33001
72,20,33002
80,17,33003
93,14,33004
99,13,33005
103,13,33006
111,13,33007
120,15,33008
124,15,33009
144,25,33010
140,22,33011
151,29,33012
157,34,33013
163,39,33014
165,40,33015
179,62,33016
181,66,33017
183,69,33018
184,70,33019
189,85,33020
95,113,33021
93,113,33022
91,113,33023
91,110,33024
91,107,33025
90,108,33026
90,106,33027
89,105,33028
90,103,33029
89,103,33030
91,100,33031
92,98,33032
92,97,33033
96,96,33034
97,95,33035
95,94,33036
99,93,33037
99,92,33038
103,93,33039
103,92,33040
108,94,33041
110,94,33042
110,93,33043
110,92,33044
114,95,33045
117,99,33046
117,97,33047
120,103,33048
120,101,33049
123,109,33050
123,106,33051
124,111,33052
125,113,33053
126,115,33054
125,124,33055
127,118,33056
125,128,33057
122,135,33058
124,133,33059
123,136,33060
122,139,33061
117,146,33062
121,143,33063
111,152,33064
112,152,33065
108,155,33066
103,157,33067
103,158,33068
101,159,33069
93,160,33070
94,161,33071
88,161,33072
82,160,33073
79,159,33074
75,158,33075
79,161,33076
70,156,33077
67,154,33078
58,145,33079
59,148,33080
54,141,33081
52,138,33082
51,137,33083
47,126,33084
45,120,33085
45,122,33086
44,117,33087
43,111,33088
43,101,33089
45,89,33090
42,100,33091
43,90,33092
50,74,33093
51,70,33094
51,69,33095
50,70,33096
64,53,33097
55,61,33098
66,50,33099
71,46,33100
76,43,33101
86,39,33102
81,40,33103
90,37,33104
97,36,33105
109,36,33106
109,35,33107
118,37,33108
128,41,33109
124,38,33110
131,41,33111
142,49,33112
144,50,33113
152,58,33114
153,59,33115
159,67,33116
161,70,33117
163,72,33118
171,95,33119
172,97,33120
171,90,33121
174,109,33122
175,114,33123
175,126,33124
173,139,33125
175,134,33126
173,145,33127
166,164,33128
168,162,33129
164,170,33130
157,181,33131
150,190,33132
150,191,33133
146,195,33134
127,208,33135
134,205,33136
119,212,33137
116,214,33138
107,217,33139
96,218,33140
91,219,33141
90,220,33142
73,217,33143
60,213,33144
59,213,33145
59,214,33146
44,206,33147
98,111,33148
99,110,33149
100,109,33150
102,110,33151
103,111,33152
104,110,33153
105,112,33154
106,113,33155
107,114,33156
108,115,33157
107,119,33158
108,120,33159
109,120,33160
108,122,33161
107,125,33162
108,126,33163
105,129,33164
105,130,33165
103,132,33166
102,134,33167
103,134,33168
100,136,33169
97,137,33170
96,138,33171
95,139,33172
91,139,33173
90,140,33174
84,138,33175
84,139,33176
80,137,33177
79,137,33178
78,137,33179
74,133,33180
71,130,33181
70,129,33182
68,127,33183
66,123,33184
65,119,33185
64,119,33186
63,113,33187
62,113,33188
63,100,33189
61,109,33190
61,104,33191
63,94,33192
63,91,33193
66,85,33194
66,83,33195
67,81,33196
71,75,33197
71,74,33198
76,69,33199
78,67,33200
82,64,33201
86,62,33202
87,61,33203
92,59,33204
97,58,33205
104,58,33206
105,57,33207
107,57,33208
113,58,33209
116,59,33210
125,63,33211
128,65,33212
131,67,33213
134,69,33214
137,71,33215
143,79,33216
144,80,33217
148,87,33218
150,91,33219
153,101,33220
154,103,33221
155,109,33222
156,112,33223
155,128,33224
157,123,33225
156,130,33226
153,143,33227
151,150,33228
149,154,33229
148,158,33230
143,166,33231
139,171,33232
136,175,33233
131,180,33234
126,184,33235
120,188,33236
121,188,33237
110,193,33238
100,195,33239
98,196,33240
94,197,33241
84,196,33242
76,195,33243
73,195,33244
69,194,33245
54,186,33246
48,182,33247
47,182,33248
42,178,33249
33,167,33250
31,165,33251
29,162,33252
21,147,33253
20,145,33254
18,140,33255
15,131,33256
13,119,33257
12,111,33258
12,103,33259
12,94,33260
13,87,33261
18,68,33262
15,75,33263
22,57,33264
25,50,33265
27,46,33266
36,34,33267
40,29,33268
45,23,33269
53,17,33270
57,14,33271
65,9,33272
74,5,33273
82,2,33274
97,115,33275
96,117,33276
96,118,33277
93,119,33278
92,119,33279
91,120,33280
90,120,33281
89,120,33282
88,119,33283
86,118,33284
86,119,33285
84,117,33286
83,114,33287
82,113,33288
81,112,33289
81,115,33290
81,106,33291
79,109,33292
80,104,33293
80,102,33294
80,99,33295
81,97,33296
84,92,33297
81,95,33298
82,92,33299
86,88,33300
86,87,33301
90,84,33302
89,84,33303
93,82,33304
95,81,33305
97,80,33306
99,79,33307
102,79,33308
108,80,33309
108,79,33310
111,80,33311
118,84,33312
119,84,33313
120,85,33314
121,85,33315
127,92,33316
127,90,33317
129,94,33318
132,99,33319
133,99,33320
135,111,33321
136,111,33322
136,106,33323
137,118,33324
137,124,33325
137,126,33326
137,129,33327
135,137,33328
135,138,33329
133,144,33330
131,148,33331
127,153,33332
125,156,33333
123,159,33334
116,165,33335
117,165,33336
110,169,33337
105,171,33338
103,172,33339
101,173,33340
92,174,33341
92,175,33342
82,174,33343
75,172,33344
73,172,33345
71,171,33346
62,166,33347
60,165,33348
56,162,33349
52,159,33350
45,149,33351
44,149,33352
41,143,33353
37,135,33354
37,136,33355
33,119,33356
32,115,33357
32,121,33358
31,107,33359
32,92,33360
31,95,33361
35,78,33362
33,83,33363
37,71,33364
41,62,33365
43,59,33366
48,51,33367
49,49,33368
55,43,33369
62,37,33370
62,36,33371
74,29,33372
82,26,33373
86,24,33374
87,23,33375
102,22,33376
105,21,33377
113,22,33378
121,24,33379
124,24,33380
133,28,33381
140,31,33382
145,34,33383
151,39,33384
161,49,33385
163,51,33386
169,59,33387
173,66,33388
180,82,33389
180,80,33390
185,104,33391
186,107,33392
186,105,33393
187,119,33394
187,126,33395
186,139,33396
184,148,33397
184,150,33398
176,172,33399
176,173,33400
172,181,33401
96,112,33402
94,109,33403
93,108,33404
96,105,33405
96,104,33406
96,103,33407
97,102,33408
97,101,33409
99,101,33410
99,100,33411
103,101,33412
103,99,33413
105,100,33414
108,102,33415
108,101,33416
108,99,33417
112,105,33418
112,103,33419
114,107,33420
115,106,33421
116,111,33422
117,112,33423
118,113,33424
118,116,33425
119,115,33426
119,121,33427
118,126,33428
119,124,33429
118,129,33430
116,133,33431
115,136,33432
115,137,33433
114,139,33434
112,141,33435
106,146,33436
108,146,33437
102,149,33438
97,150,33439
98,151,33440
96,152,33441
91,152,33442
88,152,33443
87,153,33444
82,152,33445
80,151,33446
78,151,33447
69,144,33448
70,146,33449
68,146,33450
61,136,33451
61,138,33452
60,137,33453
55,127,33454
54,124,33455
53,125,33456
52,118,33457
51,115,33458
50,109,33459
50,103,33460
51,95,33461
50,95,33462
51,90,33463
55,79,33464
56,77,33465
58,72,33466
57,73,33467
65,63,33468
65,62,33469
69,58,33470
78,52,33471
74,53,33472
80,49,33473
93,46,33474
95,45,33475
98,44,33476
100,43,33477
113,45,33478
112,44,33479
118,45,33480
127,49,33481
128,49,33482
139,57,33483
143,61,33484
141,57,33485
151,69,33486
154,74,33487
155,73,33488
159,82,33489
164,97,33490
164,93,33491
165,96,33492
167,113,33493
168,117,33494
168,124,33495
166,139,33496
166,141,33497
165,147,33498
161,157,33499
157,166,33500
155,170,33501
150,178,33502
142,186,33503
145,185,33504
138,191,33505
123,201,33506
125,201,33507
123,202,33508
106,208,33509
108,208,33510
97,210,33511
85,210,33512
83,210,33513
70,208,33514
67,207,33515
59,204,33516
57,204,33517
38,190,33518
37,190,33519
29,182,33520
23,175,33521
24,177,33522
21,174,33523
8,146,33524
6,140,33525
6,142,33526
3,133,33527
1,119,33528
99,113,33529
101,113,33530
101,114,33531
101,117,33532
101,119,33533
103,117,33534
102,121,33535
103,121,33536
101,124,33537
101,125,33538
100,126,33539
99,127,33540
98,128,33541
96,129,33542
94,130,33543
96,131,33544
89,130,33545
91,132,33546
88,131,33547
88,132,33548
83,129,33549
82,129,33550
81,129,33551
80,129,33552
77,126,33553
74,121,33554
75,125,33555
72,118,33556
71,117,33557
70,113,33558
70,108,33559
69,110,33560
68,107,33561
68,103,33562
70,96,33563
68,99,33564
70,92,33565
75,85,33566
72,87,33567
75,82,33568
75,81,33569
81,76,33570
79,76,33571
85,72,33572
88,70,33573
89,69,33574
98,67,33575
99,67,33576
99,66,33577
109,67,33578
104,65,33579
113,67,33580
114,67,33581
120,70,33582
124,72,33583
122,69,33584
129,75,33585
133,79,33586
139,88,33587
138,84,33588
143,95,33589
142,91,33590
144,95,33591
147,109,33592
148,112,33593
149,115,33594
148,128,33595
150,121,33596
148,132,33597
143,147,33598
147,140,33599
148,139,33600
136,161,33601
135,163,33602
136,163,33603
133,167,33604
121,177,33605
126,175,33606
116,181,33607
109,184,33608
107,185,33609
98,187,33610
87,187,33611
94,188,33612
84,188,33613
75,186,33614
79,188,33615
66,183,33616
57,178,33617
58,180,33618
52,176,33619
42,165,33620
40,164,33621
37,160,33622
33,154,33623
29,146,33624
25,137,33625
25,139,33626
21,118,33627
20,116,33628
19,112,33629
20,95,33630
19,99,33631
21,83,33632
25,71,33633
22,77,33634
27,63,33635
34,50,33636
33,50,33637
42,38,33638
50,30,33639
51,29,33640
55,25,33641
64,19,33642
73,15,33643
78,12,33644
88,10,33645
90,9,33646
106,8,33647
110,8,33648
119,9,33649
117,8,33650
141,17,33651
146,20,33652
151,23,33653
150,21,33654
162,31,33655
94,114,33656
93,115,33657
92,116,33658
91,114,33659
90,111,33660
89,114,33661
88,111,33662
87,111,33663
86,109,33664
86,108,33665
87,103,33666
86,104,33667
85,104,33668
88,99,33669
88,98,33670
87,97,33671
91,94,33672
90,94,33673
92,92,33674
93,91,33675
96,89,33676
99,89,33677
99,88,33678
99,87,33679
102,87,33680
109,89,33681
104,86,33682
112,90,33683
112,89,33684
115,91,33685
116,91,33686
118,92,33687
121,96,33688
123,98,33689
125,102,33690
125,100,33691
128,109,33692
129,114,33693
129,116,33694
130,116,33695
130,120,33696
128,131,33697
131,125,33698
128,134,33699
128,136,33700
126,141,33701
122,146,33702
121,149,33703
122,149,33704
115,155,33705
116,155,33706
111,159,33707
110,160,33708
106,162,33709
100,164,33710
100,165,33711
94,166,33712
89,166,33713
79,164,33714
83,166,33715
76,164,33716
75,164,33717
70,162,33718
62,156,33719
56,150,33720
56,151,33721
53,148,33722
49,142,33723
46,137,33724
45,135,33725
42,127,33726
41,125,33727
39,112,33728
39,102,33729
38,107,33730
38,100,33731
41,86,33732
38,94,33733
40,85,33734
44,74,33735
49,64,33736
52,59,33737
52,58,33738
57,52,33739
60,49,33740
69,42,33741
66,43,33742
79,36,33743
80,35,33744
84,33,33745
94,31,33746
102,30,33747
106,30,33748
111,30,33749
122,33,33750
126,34,33751
131,36,33752
134,37,33753
147,47,33754
152,51,33755
151,49,33756
162,63,33757
166,69,33758
168,73,33759
172,81,33760
175,90,33761
177,98,33762
178,101,33763
179,107,33764
180,118,33765
179,132,33766
177,145,33767
177,148,33768
174,158,33769
168,170,33770
169,171,33771
162,182,33772
158,188,33773
154,193,33774
147,200,33775
139,207,33776
136,210,33777
121,217,33778
114,220,33779
108,222,33780
104,223,33781
96,224,33782
97,109,33783
97,108,33784
98,107,33785
100,107,33786
101,106,33787
102,106,33788
103,106,33789
105,107,33790
106,108,33791
107,108,33792
108,109,33793
109,110,33794
110,113,33795
111,115,33796
111,118,33797
112,117,33798
112,121,33799
112,122,33800
112,123,33801
112,125,33802
111,128,33803
110,131,33804
108,133,33805
108,134,33806
107,136,33807
103,139,33808
102,140,33809
101,141,33810
100,142,33811
94,143,33812
94,144,33813
91,144,33814
87,144,33815
86,144,33816
82,143,33817
80,143,33818
78,142,33819
74,139,33820
72,138,33821
70,136,33822
69,136,33823
65,130,33824
63,128,33825
61,123,33826
60,120,33827
59,119,33828
58,108,33829
57,109,33830
57,103,33831
57,102,33832
58,94,33833
59,89,33834
61,84,33835
61,83,33836
63,78,33837
64,76,33838
68,71,33839
71,67,33840
73,65,33841
76,62,33842
81,59,33843
84,57,33844
89,55,33845
96,53,33846
102,53,33847
105,52,33848
106,52,33849
114,53,33850
120,55,33851
125,57,33852
128,59,33853
133,62,33854
137,65,33855
141,69,33856
146,75,33857
147,76,33858
150,81,33859
154,89,33860
155,91,33861
157,97,33862
159,103,33863
160,116,33864
160,127,33865
160,131,33866
160,134,33867
159,138,33868
158,144,33869
152,159,33870
153,158,33871
148,167,33872
146,170,33873
140,178,33874
138,180,33875
132,186,33876
123,192,33877
118,195,33878
111,198,33879
104,200,33880
96,201,33881
94,202,33882
88,202,33883
78,201,33884
77,201,33885
64,197,33886
57,194,33887
53,192,33888
50,190,33889
40,182,33890
36,179,33891
31,173,33892
24,163,33893
22,160,33894
18,152,33895
15,145,33896
12,136,33897
10,129,33898
8,110,33899
7,107,33900
8,93,33901
8,90,33902
10,78,33903
12,70,33904
17,56,33905
22,46,33906
26,39,33907
28,36,33908
32,30,33909
97,113,33910
98,117,33911
99,117,33912
96,120,33913
95,121,33914
96,122,33915
94,122,33916
94,123,33917
93,124,33918
91,124,33919
88,123,33920
88,124,33921
85,121,33922
85,122,33923
83,121,33924
84,124,33925
80,116,33926
80,118,33927
78,114,33928
78,117,33929
77,111,33930
76,110,33931
76,105,33932
76,103,33933
75,105,33934
76,99,33935
76,98,33936
77,95,33937
78,92,33938
81,88,33939
80,87,33940
82,85,33941
83,83,33942
84,82,33943
89,79,33944
89,78,33945
94,76,33946
100,75,33947
100,74,33948
104,74,33949
106,74,33950
113,76,33951
107,73,33952
115,76,33953
120,79,33954
120,78,33955
128,87,33956
128,85,33957
129,85,33958
136,99,33959
134,92,33960
136,96,33961
139,103,33962
140,110,33963
141,112,33964
142,113,33965
142,119,33966
141,128,33967
140,135,33968
139,139,33969
139,141,33970
138,144,33971
133,153,33972
130,157,33973
129,159,33974
127,162,33975
121,167,33976
121,168,33977
113,173,33978
108,175,33979
111,175,33980
104,178,33981
91,179,33982
85,179,33983
88,180,33984
84,180,33985
71,176,33986
68,175,33987
66,175,33988
60,171,33989
55,168,33990
47,159,33991
43,154,33992
46,160,33993
37,145,33994
32,133,33995
33,139,33996
31,132,33997
28,118,33998
27,116,33999
27,101,34000
27,95,34001
27,93,34002
28,85,34003
32,72,34004
31,74,34005
34,65,34006
38,58,34007
45,48,34008
44,48,34009
45,46,34010
65,29,34011
59,32,34012
69,26,34013
80,21,34014
80,20,34015
84,19,34016
97,17,34017
100,16,34018
107,16,34019
119,18,34020
127,20,34021
135,23,34022
141,26,34023
147,30,34024
150,31,34025
164,46,34026
168,50,34027
171,54,34028
176,62,34029
182,74,34030
178,63,34031
189,100,34032
189,98,34033
190,102,34034
191,107,34035
192,120,34036
94,112,34037
93,112,34038
92,110,34039
92,107,34040
93,106,34041
91,106,34042
92,104,34043
92,102,34044
93,101,34045
93,100,34046
96,98,34047
95,98,34048
98,97,34049
100,96,34050
102,96,34051
100,94,34052
105,96,34053
106,95,34054
109,97,34055
109,96,34056
113,99,34057
114,100,34058
114,99,34059
115,99,34060
117,102,34061
120,108,34062
120,105,34063
121,110,34064
122,112,34065
122,119,34066
122,124,34067
124,119,34068
123,125,34069
123,127,34070
120,134,34071
123,131,34072
119,138,34073
114,144,34074
117,142,34075
114,146,34076
113,148,34077
105,152,34078
108,152,34079
103,154,34080
99,156,34081
97,157,34082
86,156,34083
86,157,34084
86,158,34085
78,155,34086
80,157,34087
77,156,34088
73,154,34089
66,149,34090
61,144,34091
65,150,34092
57,140,34093
56,139,34094
52,131,34095
51,131,34096
49,124,34097
48,122,34098
47,120,34099
46,109,34100
45,106,34101
45,103,34102
48,87,34103
46,90,34104
49,81,34105
54,72,34106
50,77,34107
51,73,34108
64,58,34109
66,55,34110
65,55,34111
69,51,34112
82,44,34113
75,46,34114
85,42,34115
92,40,34116
96,39,34117
103,39,34118
113,40,34119
108,38,34120
121,41,34121
128,44,34122
126,42,34123
141,52,34124
148,59,34125
139,49,34126
147,56,34127
156,68,34128
160,74,34129
162,77,34130
166,87,34131
169,97,34132
170,100,34133
171,102,34134
172,118,34135
172,128,34136
172,133,34137
169,146,34138
171,141,34139
168,152,34140
161,168,34141
164,164,34142
158,175,34143
149,186,34144
148,188,34145
140,196,34146
132,202,34147
127,205,34148
120,209,34149
112,212,34150
101,214,34151
106,214,34152
86,215,34153
80,215,34154
73,214,34155
68,213,34156
62,211,34157
60,211,34158
42,200,34159
32,192,34160
27,187,34161
25,186,34162
22,182,34163
99,111,34164
100,111,34165
101,110,34166
103,113,34167
103,114,34168
104,114,34169
105,115,34170
106,116,34171
106,118,34172
106,119,34173
105,123,34174
105,124,34175
105,125,34176
103,128,34177
103,129,34178
104,129,34179
99,132,34180
99,133,34181
97,134,34182
96,135,34183
92,135,34184
90,135,34185
91,136,34186
87,136,34187
88,137,34188
83,135,34189
83,136,34190
77,131,34191
79,134,34192
75,130,34193
74,130,34194
72,128,34195
69,122,34196
68,122,34197
67,118,34198
66,116,34199
65,112,34200
65,104,34201
64,105,34202
64,103,34203
64,100,34204
68,88,34205
64,95,34206
67,88,34207
70,82,34208
71,80,34209
76,74,34210
75,74,34211
78,71,34212
83,68,34213
85,66,34214
88,64,34215
91,63,34216
99,62,34217
100,61,34218
100,60,34219
105,60,34220
116,63,34221
119,64,34222
121,64,34223
125,66,34224
128,68,34225
132,71,34226
135,74,34227
141,82,34228
141,81,34229
145,87,34230
148,94,34231
150,100,34232
150,99,34233
152,108,34234
153,111,34235
153,122,34236
152,132,34237
154,124,34238
152,138,34239
146,153,34240
149,149,34241
146,155,34242
139,166,34243
138,168,34244
130,176,34245
133,174,34246
125,181,34247
122,183,34248
115,187,34249
114,188,34250
100,192,34251
96,193,34252
95,193,34253
88,194,34254
78,192,34255
75,192,34256
68,190,34257
60,186,34258
54,183,34259
48,178,34260
47,178,34261
34,163,34262
35,165,34263
32,162,34264
25,149,34265
23,144,34266
21,140,34267
18,130,34268
16,120,34269
15,113,34270
15,102,34271
15,93,34272
15,91,34273
18,77,34274
20,70,34275
21,65,34276
25,56,34277
34,42,34278
35,39,34279
43,30,34280
47,26,34281
55,19,34282
65,13,34283
66,12,34284
69,10,34285
86,5,34286
89,4,34287
107,3,34288
106,2,34289
116,3,34290
96,115,34291
95,117,34292
94,118,34293
92,118,34294
90,116,34295
89,117,34296
88,116,34297
87,116,34298
86,115,34299
86,116,34300
84,113,34301
84,111,34302
83,110,34303
83,107,34304
83,105,34305
82,105,34306
83,101,34307
83,99,34308
83,98,34309
84,96,34310
84,95,34311
86,92,34312
89,89,34313
88,89,34314
90,87,34315
95,85,34316
93,85,34317
100,84,34318
100,83,34319
101,82,34320
104,82,34321
106,82,34322
111,84,34323
113,84,34324
115,85,34325
117,86,34326
121,89,34327
123,91,34328
126,95,34329
127,96,34330
128,97,34331
130,101,34332
132,105,34333
133,110,34334
134,113,34335
134,118,34336
134,123,34337
134,126,34338
134,129,34339
133,134,34340
131,140,34341
130,143,34342
128,147,34343
127,149,34344
124,153,34345
122,156,34346
119,159,34347
115,162,34348
111,165,34349
105,168,34350
101,169,34351
100,170,34352
95,171,34353
89,171,34354
86,171,34355
79,170,34356
78,170,34357
74,169,34358
66,165,34359
61,162,34360
57,158,34361
54,156,34362
49,150,34363
48,149,34364
43,141,34365
42,140,34366
38,129,34367
36,123,34368
35,118,34369
34,111,34370
34,105,34371
34,100,34372
34,96,34373
36,84,34374
37,79,34375
39,74,34376
42,66,34377
47,58,34378
47,57,34379
50,53,34380
58,44,34381
64,39,34382
70,35,34383
69,35,34384
79,30,34385
88,27,34386
92,26,34387
99,25,34388
105,25,34389
115,26,34390
117,26,34391
125,28,34392
132,31,34393
135,32,34394
143,37,34395
151,43,34396
157,49,34397
162,54,34398
168,63,34399
174,75,34400
174,74,34401
179,87,34402
180,91,34403
183,105,34404
183,126,34405
184,114,34406
183,136,34407
184,131,34408
182,145,34409
177,162,34410
176,165,34411
176,166,34412
167,183,34413
164,188,34414
157,197,34415
149,205,34416
145,209,34417
95,110,34418
95,109,34419
95,107,34420
97,105,34421
98,105,34422
99,104,34423
100,103,34424
101,102,34425
102,102,34426
103,102,34427
105,103,34428
106,102,34429
109,106,34430
110,106,34431
111,107,34432
110,103,34433
113,111,34434
114,111,34435
115,113,34436
115,117,34437
116,117,34438
116,119,34439
115,125,34440
116,125,34441
117,124,34442
115,129,34443
114,132,34444
113,134,34445
113,135,34446
108,140,34447
107,142,34448
108,142,34449
105,144,34450
102,146,34451
99,147,34452
99,148,34453
94,149,34454
85,148,34455
86,149,34456
85,149,34457
80,148,34458
75,145,34459
78,148,34460
72,144,34461
68,141,34462
67,141,34463
60,128,34464
63,136,34465
61,134,34466
56,120,34467
56,123,34468
55,120,34469
54,116,34470
53,109,34471
53,101,34472
52,103,34473
54,92,34474
54,91,34475
56,84,34476
58,79,34477
58,78,34478
60,74,34479
65,67,34480
69,63,34481
69,62,34482
73,58,34483
82,53,34484
82,52,34485
88,50,34486
96,48,34487
96,47,34488
101,47,34489
111,48,34490
114,48,34491
119,49,34492
120,49,34493
131,55,34494
136,58,34495
134,56,34496
142,63,34497
143,63,34498
154,80,34499
157,86,34500
153,75,34501
161,96,34502
162,100,34503
162,96,34504
164,117,34505
165,118,34506
166,118,34507
164,134,34508
164,137,34509
162,146,34510
160,153,34511
155,164,34512
150,172,34513
154,167,34514
143,181,34515
135,189,34516
137,188,34517
133,192,34518
120,199,34519
117,201,34520
112,203,34521
100,206,34522
103,206,34523
87,207,34524
83,207,34525
80,207,34526
67,204,34527
58,200,34528
52,197,34529
47,194,34530
39,188,34531
32,181,34532
33,183,34533
18,161,34534
16,158,34535
12,150,34536
11,147,34537
7,135,34538
9,145,34539
4,115,34540
3,107,34541
3,100,34542
3,95,34543
4,84,34544
98,113,34545
100,115,34546
101,116,34547
100,119,34548
98,121,34549
101,120,34550
100,122,34551
99,123,34552
99,124,34553
97,126,34554
94,126,34555
94,127,34556
92,128,34557
91,128,34558
87,127,34559
91,130,34560
84,126,34561
85,128,34562
82,125,34563
81,126,34564
79,123,34565
78,122,34566
77,122,34567
76,121,34568
74,117,34569
73,113,34570
72,113,34571
72,107,34572
71,109,34573
72,101,34574
72,98,34575
71,100,34576
72,95,34577
72,94,34578
77,86,34579
74,88,34580
77,84,34581
85,77,34582
81,79,34583
86,75,34584
83,76,34585
93,72,34586
89,72,34587
96,70,34588
100,69,34589
102,69,34590
111,71,34591
112,70,34592
111,69,34593
119,73,34594
121,73,34595
124,75,34596
128,78,34597
132,83,34598
135,86,34599
133,82,34600
136,86,34601
142,101,34602
143,103,34603
144,103,34604
145,111,34605
146,113,34606
145,128,34607
146,126,34608
145,134,34609
145,135,34610
141,146,34611
143,144,34612
138,154,34613
131,163,34614
137,157,34615
137,158,34616
119,174,34617
117,176,34618
117,177,34619
115,178,34620
104,182,34621
105,183,34622
98,184,34623
91,185,34624
87,185,34625
77,183,34626
68,180,34627
72,183,34628
63,179,34629
54,172,34630
60,178,34631
46,166,34632
40,158,34633
43,164,34634
37,156,34635
29,138,34636
28,137,34637
27,135,34638
25,128,34639
23,115,34640
22,112,34641
22,103,34642
23,90,34643
23,88,34644
25,78,34645
30,65,34646
29,65,34647
35,54,34648
39,48,34649
37,49,34650
46,38,34651
57,28,34652
56,28,34653
67,21,34654
70,19,34655
81,15,34656
79,15,34657
94,12,34658
104,11,34659
104,10,34660
123,14,34661
125,14,34662
136,18,34663
144,22,34664
149,25,34665
149,24,34666
163,37,34667
173,49,34668
174,50,34669
177,53,34670
184,67,34671
96,113,34672
92,113,34673
92,114,34674
91,111,34675
90,109,34676
89,109,34677
89,107,34678
88,107,34679
88,106,34680
88,104,34681
89,101,34682
90,99,34683
89,99,34684
93,96,34685
94,95,34686
92,95,34687
96,93,34688
96,92,34689
99,91,34690
100,91,34691
104,91,34692
105,91,34693
105,90,34694
105,89,34695
108,90,34696
115,95,34697
113,92,34698
118,97,34699
117,95,34700
120,99,34701
121,100,34702
123,103,34703
125,108,34704
126,110,34705
126,118,34706
127,112,34707
127,120,34708
126,127,34709
127,126,34710
126,132,34711
127,130,34712
122,141,34713
127,134,34714
120,145,34715
120,146,34716
116,150,34717
110,155,34718
113,154,34719
109,157,34720
100,160,34721
103,160,34722
98,162,34723
92,162,34724
86,162,34725
88,163,34726
88,164,34727
80,162,34728
73,159,34729
66,155,34730
69,158,34731
62,152,34732
58,149,34733
56,147,34734
50,137,34735
48,133,34736
47,133,34737
45,128,34738
44,124,34739
42,115,34740
42,102,34741
41,109,34742
40,106,34743
43,89,34744
45,82,34745
44,81,34746
43,83,34747
53,64,34748
49,68,34749
53,62,34750
59,55,34751
66,48,34752
71,44,34753
69,45,34754
75,41,34755
88,36,34756
93,35,34757
88,35,34758
108,34,34759
115,35,34760
110,33,34761
116,34,34762
129,39,34763
134,41,34764
136,42,34765
143,47,34766
149,52,34767
156,60,34768
156,59,34769
167,79,34770
168,80,34771
167,75,34772
173,94,34773
174,97,34774
176,108,34775
176,124,34776
177,116,34777
177,127,34778
175,140,34779
175,144,34780
174,149,34781
169,162,34782
162,176,34783
164,174,34784
161,179,34785
146,196,34786
148,196,34787
137,204,34788
132,208,34789
126,212,34790
115,216,34791
105,219,34792
104,220,34793
91,221,34794
80,220,34795
78,220,34796
73,220,34797
66,218,34798
97,111,34799
99,109,34800
100,108,34801
102,109,34802
103,109,34803
103,108,34804
105,110,34805
106,110,34806
107,112,34807
108,113,34808
108,117,34809
109,116,34810
110,117,34811
109,122,34812
109,123,34813
110,122,34814
108,127,34815
108,128,34816
107,130,34817
106,132,34818
106,133,34819
104,135,34820
102,136,34821
100,138,34822
99,139,34823
96,140,34824
95,141,34825
90,141,34826
88,141,34827
87,141,34828
85,141,34829
83,141,34830
78,138,34831
77,138,34832
74,136,34833
71,133,34834
69,131,34835
67,127,34836
66,127,34837
64,121,34838
64,124,34839
62,108,34840
61,115,34841
60,110,34842
60,104,34843
60,100,34844
61,95,34845
61,93,34846
62,89,34847
65,82,34848
64,83,34849
66,79,34850
70,73,34851
72,70,34852
74,68,34853
76,66,34854
82,62,34855
85,60,34856
90,58,34857
93,57,34858
97,56,34859
102,55,34860
104,55,34861
115,57,34862
118,58,34863
122,59,34864
124,60,34865
128,62,34866
135,68,34867
137,69,34868
142,75,34869
146,80,34870
149,86,34871
151,89,34872
154,97,34873
154,96,34874
156,105,34875
157,110,34876
158,116,34877
157,131,34878
157,134,34879
155,142,34880
154,147,34881
152,152,34882
150,157,34883
147,163,34884
146,165,34885
139,174,34886
134,180,34887
132,182,34888
124,188,34889
116,192,34890
112,194,34891
107,196,34892
103,197,34893
91,198,34894
90,199,34895
87,199,34896
72,196,34897
68,195,34898
62,193,34899
56,190,34900
46,183,34901
43,181,34902
38,176,34903
31,168,34904
28,164,34905
26,161,34906
22,154,34907
15,136,34908
13,128,34909
12,125,34910
11,116,34911
10,109,34912
12,86,34913
10,95,34914
14,75,34915
14,73,34916
18,61,34917
23,50,34918
27,43,34919
28,41,34920
38,28,34921
44,22,34922
46,20,34923
58,11,34924
59,10,34925
97,116,34926
97,117,34927
97,119,34928
95,119,34929
93,120,34930
93,121,34931
92,121,34932
91,122,34933
89,121,34934
88,121,34935
87,121,34936
85,120,34937
84,118,34938
82,115,34939
82,117,34940
81,118,34941
80,111,34942
79,112,34943
79,108,34944
79,105,34945
78,104,34946
78,102,34947
80,97,34948
79,97,34949
79,95,34950
81,92,34951
82,90,34952
85,87,34953
84,86,34954
89,83,34955
89,82,34956
91,81,34957
92,80,34958
96,78,34959
101,78,34960
101,77,34961
104,77,34962
111,79,34963
112,79,34964
115,80,34965
115,79,34966
122,84,34967
121,82,34968
125,86,34969
129,91,34970
129,90,34971
135,105,34972
134,98,34973
135,99,34974
137,111,34975
138,111,34976
139,115,34977
139,121,34978
139,124,34979
138,132,34980
139,129,34981
137,138,34982
133,146,34983
133,147,34984
131,151,34985
127,157,34986
128,157,34987
120,164,34988
115,168,34989
114,169,34990
111,171,34991
102,174,34992
101,175,34993
96,176,34994
90,176,34995
83,176,34996
80,176,34997
72,173,34998
71,173,34999
68,172,35000
62,169,35001
54,162,35002
53,162,35003
49,158,35004
43,150,35005
43,151,35006
35,133,35007
34,131,35008
35,137,35009
31,119,35010
30,111,35011
29,113,35012
30,96,35013
29,100,35014
30,90,35015
33,78,35016
36,69,35017
38,65,35018
38,63,35019
46,51,35020
51,45,35021
50,45,35022
61,35,35023
71,29,35024
71,28,35025
68,29,35026
85,23,35027
90,21,35028
97,20,35029
107,20,35030
104,19,35031
122,22,35032
120,21,35033
127,23,35034
137,27,35035
151,37,35036
153,38,35037
160,45,35038
166,52,35039
172,61,35040
171,58,35041
181,81,35042
181,80,35043
183,84,35044
187,103,35045
188,108,35046
188,101,35047
189,122,35048
188,136,35049
186,146,35050
185,153,35051
185,154,35052
94,111,35053
94,110,35054
93,109,35055
94,106,35056
95,104,35057
94,104,35058
95,102,35059
95,101,35060
97,100,35061
97,99,35062
101,99,35063
100,98,35064
103,98,35065
105,99,35066
107,99,35067
106,97,35068
111,102,35069
110,99,35070
112,102,35071
113,102,35072
116,107,35073
117,108,35074
117,107,35075
118,108,35076
119,111,35077
120,115,35078
120,119,35079
120,122,35080
121,122,35081
119,129,35082
119,130,35083
119,131,35084
119,133,35085
117,137,35086
112,142,35087
116,140,35088
111,145,35089
104,149,35090
106,149,35091
103,151,35092
103,152,35093
94,153,35094
97,154,35095
91,155,35096
85,154,35097
87,155,35098
75,150,35099
75,151,35100
75,152,35101
67,145,35102
68,148,35103
64,144,35104
60,139,35105
58,136,35106
56,133,35107
55,133,35108
52,125,35109
50,118,35110
49,112,35111
49,107,35112
48,108,35113
48,101,35114
50,91,35115
50,88,35116
50,87,35117
51,83,35118
58,70,35119
55,73,35120
61,64,35121
71,55,35122
64,60,35123
65,58,35124
84,47,35125
85,46,35126
84,46,35127
88,44,35128
102,43,35129
101,42,35130
110,42,35131
105,41,35132
120,44,35133
130,49,35134
132,50,35135
131,48,35136
139,54,35137
146,61,35138
145,58,35139
154,70,35140
161,84,35141
157,73,35142
161,80,35143
167,102,35144
168,105,35145
169,109,35146
169,119,35147
170,121,35148
170,124,35149
167,142,35150
166,148,35151
165,152,35152
163,158,35153
155,172,35154
157,171,35155
150,181,35156
143,188,35157
139,193,35158
137,195,35159
122,204,35160
119,206,35161
114,208,35162
102,211,35163
97,212,35164
91,212,35165
88,213,35166
76,211,35167
71,211,35168
52,202,35169
54,204,35170
47,200,35171
39,194,35172
34,190,35173
35,192,35174
19,172,35175
10,155,35176
13,163,35177
10,158,35178
4,141,35179
99,112,35180
100,112,35181
102,113,35182
102,115,35183
102,117,35184
104,117,35185
103,120,35186
104,119,35187
103,122,35188
104,122,35189
103,124,35190
102,126,35191
100,128,35192
99,129,35193
97,130,35194
99,131,35195
94,132,35196
94,133,35197
90,132,35198
91,134,35199
86,132,35200
85,132,35201
84,133,35202
82,132,35203
80,131,35204
76,126,35205
77,129,35206
73,123,35207
73,124,35208
71,120,35209
71,122,35210
69,115,35211
68,113,35212
67,111,35213
68,100,35214
66,107,35215
67,99,35216
71,90,35217
68,93,35218
70,89,35219
70,87,35220
76,79,35221
70,85,35222
77,77,35223
81,73,35224
83,71,35225
89,68,35226
89,67,35227
91,66,35228
98,65,35229
98,64,35230
102,64,35231
107,64,35232
112,65,35233
116,66,35234
120,67,35235
115,64,35236
126,71,35237
132,76,35238
132,75,35239
137,81,35240
139,83,35241
140,84,35242
145,96,35243
147,100,35244
147,98,35245
149,107,35246
150,111,35247
151,118,35248
149,132,35249
151,127,35250
151,130,35251
143,152,35252
143,153,35253
145,151,35254
141,159,35255
132,169,35256
136,167,35257
130,173,35258
126,176,35259
120,181,35260
111,185,35261
110,186,35262
108,187,35263
98,189,35264
91,190,35265
92,191,35266
78,189,35267
69,186,35268
72,188,35269
68,187,35270
52,177,35271
55,180,35272
46,173,35273
38,164,35274
35,160,35275
31,154,35276
30,154,35277
23,134,35278
23,137,35279
21,132,35280
19,119,35281
18,113,35282
17,107,35283
19,90,35284
18,89,35285
19,83,35286
25,65,35287
22,71,35288
28,56,35289
33,48,35290
41,37,35291
40,37,35292
45,32,35293
59,21,35294
60,19,35295
70,14,35296
79,10,35297
81,9,35298
93,7,35299
99,6,35300
100,5,35301
122,8,35302
129,10,35303
132,11,35304
132,10,35305
148,18,35306
95,115,35307
94,115,35308
93,117,35309
91,115,35310
89,113,35311
89,115,35312
88,113,35313
87,113,35314
86,111,35315
85,111,35316
85,107,35317
85,105,35318
84,106,35319
86,101,35320
86,100,35321
85,99,35322
87,96,35323
87,95,35324
89,93,35325
90,92,35326
91,90,35327
93,89,35328
95,88,35329
95,87,35330
97,86,35331
103,86,35332
101,85,35333
106,86,35334
108,86,35335
108,85,35336
112,87,35337
114,87,35338
118,91,35339
120,92,35340
122,94,35341
123,95,35342
126,100,35343
128,105,35344
129,106,35345
130,110,35346
131,111,35347
131,121,35348
132,114,35349
132,122,35350
132,124,35351
131,130,35352
128,138,35353
127,142,35354
127,143,35355
124,148,35356
122,151,35357
120,153,35358
119,155,35359
114,159,35360
110,162,35361
107,164,35362
102,166,35363
97,167,35364
90,167,35365
91,168,35366
86,168,35367
82,168,35368
79,167,35369
72,164,35370
69,163,35371
64,160,35372
62,159,35373
57,155,35374
52,149,35375
50,147,35376
47,142,35377
45,139,35378
41,128,35379
40,127,35380
38,117,35381
37,116,35382
38,96,35383
36,106,35384
36,101,35385
39,84,35386
40,81,35387
43,72,35388
43,71,35389
47,63,35390
52,56,35391
56,51,35392
58,48,35393
65,42,35394
69,39,35395
70,38,35396
80,33,35397
87,31,35398
93,29,35399
96,28,35400
112,29,35401
114,29,35402
117,29,35403
121,30,35404
133,35,35405
138,38,35406
141,39,35407
150,46,35408
153,49,35409
161,58,35410
165,64,35411
167,67,35412
174,82,35413
173,78,35414
178,93,35415
180,104,35416
181,112,35417
181,123,35418
182,120,35419
181,132,35420
177,151,35421
179,148,35422
171,169,35423
171,170,35424
168,176,35425
160,188,35426
156,193,35427
155,195,35428
142,207,35429
138,210,35430
134,213,35431
127,217,35432
112,223,35433
96,110,35434
96,109,35435
97,107,35436
99,106,35437
100,106,35438
101,105,35439
102,104,35440
104,105,35441
105,106,35442
106,106,35443
107,106,35444
108,106,35445
110,110,35446
111,112,35447
112,113,35448
112,109,35449
113,116,35450
114,116,35451
113,122,35452
113,124,35453
113,126,35454
112,128,35455
112,129,35456
112,131,35457
111,133,35458
109,136,35459
105,139,35460
105,140,35461
105,141,35462
99,143,35463
99,144,35464
97,145,35465
95,146,35466
92,146,35467
89,146,35468
89,147,35469
84,146,35470
78,143,35471
75,142,35472
74,142,35473
72,141,35474
68,136,35475
66,135,35476
64,132,35477
62,129,35478
61,128,35479
58,115,35480
57,116,35481
57,120,35482
56,108,35483
55,108,35484
56,98,35485
56,96,35486
57,90,35487
58,86,35488
58,85,35489
61,78,35490
66,71,35491
67,69,35492
69,67,35493
72,63,35494
76,60,35495
79,58,35496
87,54,35497
86,54,35498
90,52,35499
98,51,35500
100,50,35501
104,50,35502
116,52,35503
117,52,35504
121,53,35505
127,56,35506
131,58,35507
136,62,35508
140,65,35509
145,71,35510
148,74,35511
152,81,35512
155,87,35513
155,86,35514
160,105,35515
161,108,35516
161,102,35517
162,116,35518
162,126,35519
162,131,35520
160,141,35521
159,146,35522
159,147,35523
155,157,35524
151,165,35525
146,173,35526
146,174,35527
135,185,35528
134,186,35529
130,190,35530
123,194,35531
112,199,35532
114,199,35533
107,202,35534
94,203,35535
91,204,35536
87,204,35537
70,201,35538
68,201,35539
61,198,35540
56,196,35541
52,194,35542
44,188,35543
37,182,35544
32,177,35545
28,172,35546
19,158,35547
18,156,35548
14,148,35549
10,133,35550
9,131,35551
7,123,35552
6,109,35553
6,95,35554
6,92,35555
8,80,35556
9,74,35557
13,62,35558
14,58,35559
17,51,35560
98,114,35561
99,116,35562
99,118,35563
98,119,35564
97,121,35565
98,122,35566
96,123,35567
96,124,35568
95,125,35569
94,125,35570
89,124,35571
90,126,35572
88,125,35573
87,125,35574
85,124,35575
86,127,35576
81,120,35577
81,122,35578
79,119,35579
78,119,35580
77,115,35581
76,114,35582
75,112,35583
75,109,35584
74,110,35585
74,105,35586
74,102,35587
75,97,35588
75,96,35589
76,93,35590
77,90,35591
77,89,35592
78,87,35593
80,84,35594
84,81,35595
85,79,35596
88,77,35597
95,75,35598
94,74,35599
97,73,35600
100,73,35601
106,73,35602
102,71,35603
108,72,35604
116,75,35605
114,73,35606
123,80,35607
123,78,35608
124,78,35609
131,87,35610
130,84,35611
133,88,35612
135,91,35613
139,100,35614
140,102,35615
141,102,35616
142,107,35617
143,116,35618
143,123,35619
143,126,35620
144,123,35621
143,132,35622
139,144,35623
138,147,35624
137,150,35625
137,151,35626
130,160,35627
130,161,35628
126,166,35629
116,173,35630
121,171,35631
117,174,35632
102,179,35633
99,180,35634
98,181,35635
95,182,35636
85,181,35637
80,181,35638
78,181,35639
70,178,35640
66,177,35641
59,172,35642
50,165,35643
54,170,35644
48,164,35645
40,153,35646
42,158,35647
34,144,35648
31,136,35649
31,138,35650
29,134,35651
26,113,35652
25,111,35653
25,99,35654
26,90,35655
27,83,35656
27,81,35657
32,67,35658
34,62,35659
35,59,35660
38,54,35661
49,40,35662
45,43,35663
56,33,35664
66,26,35665
64,26,35666
71,22,35667
79,19,35668
84,17,35669
93,15,35670
101,14,35671
113,15,35672
120,16,35673
121,16,35674
130,19,35675
130,18,35676
152,32,35677
153,32,35678
160,38,35679
163,41,35680
167,45,35681
168,45,35682
183,73,35683
185,78,35684
187,82,35685
190,91,35686
192,104,35687
95,113,35688
92,112,35689
91,112,35690
91,109,35691
92,106,35692
90,107,35693
91,104,35694
90,104,35695
91,102,35696
91,101,35697
93,99,35698
94,98,35699
94,97,35700
98,96,35701
98,95,35702
97,94,35703
101,94,35704
101,93,35705
106,94,35706
106,93,35707
109,95,35708
111,95,35709
112,95,35710
113,95,35711
115,97,35712
118,102,35713
119,101,35714
121,106,35715
122,107,35716
123,112,35717
123,117,35718
124,114,35719
125,117,35720
125,121,35721
123,129,35722
126,123,35723
123,133,35724
118,141,35725
121,138,35726
119,142,35727
119,143,35728
113,149,35729
117,147,35730
108,153,35731
109,153,35732
106,155,35733
96,158,35734
99,158,35735
96,159,35736
89,159,35737
88,160,35738
82,159,35739
78,158,35740
72,155,35741
70,154,35742
72,157,35743
65,151,35744
62,149,35745
56,141,35746
57,144,35747
52,135,35748
50,132,35749
49,131,35750
46,118,35751
45,115,35752
44,112,35753
44,103,35754
43,105,35755
45,91,35756
48,82,35757
45,88,35758
45,85,35759
56,65,35760
54,67,35761
55,64,35762
57,61,35763
68,51,35764
62,54,35765
75,45,35766
78,43,35767
85,40,35768
94,38,35769
91,38,35770
97,37,35771
104,36,35772
116,38,35773
116,37,35774
130,43,35775
133,45,35776
134,44,35777
139,47,35778
149,57,35779
148,55,35780
155,63,35781
158,67,35782
164,78,35783
167,84,35784
168,85,35785
172,104,35786
173,108,35787
174,110,35788
174,121,35789
174,130,35790
173,137,35791
168,155,35792
172,145,35793
168,158,35794
160,174,35795
163,170,35796
156,181,35797
150,188,35798
146,193,35799
141,198,35800
133,204,35801
123,209,35802
123,210,35803
101,216,35804
99,217,35805
85,217,35806
89,218,35807
78,217,35808
80,218,35809
58,211,35810
48,206,35811
46,205,35812
44,205,35813
34,197,35814
98,111,35815
100,110,35816
101,109,35817
102,111,35818
104,112,35819
104,111,35820
105,113,35821
106,114,35822
107,115,35823
107,116,35824
106,122,35825
107,122,35826
107,123,35827
106,125,35828
106,126,35829
107,127,35830
102,131,35831
103,131,35832
101,133,35833
99,135,35834
100,135,35835
95,136,35836
95,137,35837
94,138,35838
92,138,35839
89,138,35840
86,138,35841
82,136,35842
82,137,35843
78,134,35844
78,135,35845
76,134,35846
71,128,35847
71,129,35848
69,126,35849
67,123,35850
66,120,35851
64,113,35852
64,115,35853
63,109,35854
62,110,35855
64,98,35856
61,105,35857
63,96,35858
66,87,35859
65,88,35860
70,80,35861
70,78,35862
69,79,35863
76,71,35864
76,70,35865
80,67,35866
81,66,35867
86,63,35868
92,61,35869
92,60,35870
97,59,35871
105,59,35872
111,60,35873
111,59,35874
112,59,35875
121,62,35876
125,64,35877
129,67,35878
134,71,35879
136,72,35880
137,73,35881
141,78,35882
145,84,35883
148,89,35884
151,97,35885
151,96,35886
154,111,35887
154,118,35888
155,116,35889
155,126,35890
153,136,35891
155,133,35892
153,141,35893
149,152,35894
148,154,35895
145,160,35896
144,163,35897
137,172,35898
131,178,35899
129,180,35900
123,185,35901
117,188,35902
116,189,35903
112,191,35904
102,194,35905
92,195,35906
84,195,35907
89,196,35908
70,192,35909
66,191,35910
63,190,35911
60,189,35912
48,180,35913
45,178,35914
43,177,35915
34,167,35916
30,161,35917
24,151,35918
24,152,35919
18,136,35920
17,133,35921
15,125,35922
14,120,35923
13,110,35924
13,101,35925
14,90,35926
14,85,35927
16,76,35928
24,56,35929
22,58,35930
27,49,35931
31,42,35932
36,35,35933
49,22,35934
52,19,35935
51,19,35936
65,11,35937
68,9,35938
77,5,35939
88,2,35940
94,1,35941
97,115,35942
96,116,35943
95,118,35944
93,118,35945
91,118,35946
91,119,35947
90,119,35948
88,118,35949
87,118,35950
86,117,35951
85,117,35952
84,115,35953
83,113,35954
82,111,35955
82,108,35956
81,109,35957
81,105,35958
80,106,35959
81,102,35960
81,100,35961
82,97,35962
82,96,35963
85,92,35964
84,91,35965
84,90,35966
90,86,35967
90,85,35968
92,84,35969
93,83,35970
96,82,35971
98,81,35972
100,80,35973
104,80,35974
108,81,35975
109,81,35976
109,80,35977
115,83,35978
118,85,35979
121,87,35980
125,91,35981
125,90,35982
127,93,35983
128,93,35984
132,102,35985
132,101,35986
134,105,35987
135,116,35988
136,115,35989
136,121,35990
136,125,35991
136,127,35992
135,133,35993
135,134,35994
133,140,35995
131,145,35996
130,148,35997
127,152,35998
122,158,35999
119,161,36000
120,161,36001
112,166,36002
112,167,36003
105,170,36004
98,172,36005
95,173,36006
91,173,36007
86,173,36008
88,174,36009
78,172,36010
72,170,36011
66,167,36012
64,166,36013
57,161,36014
51,155,36015
49,153,36016
50,155,36017
44,146,36018
41,141,36019
39,137,36020
36,129,36021
34,123,36022
33,112,36023
32,108,36024
32,104,36025
32,98,36026
34,86,36027
33,88,36028
39,70,36029
38,70,36030
43,61,36031
46,56,36032
51,49,36033
59,41,36034
55,44,36035
66,35,36036
73,31,36037
74,30,36038
84,26,36039
94,24,36040
97,23,36041
102,23,36042
109,23,36043
113,23,36044
125,26,36045
130,28,36046
136,30,36047
145,36,36048
148,38,36049
158,47,36050
159,48,36051
166,57,36052
169,61,36053
174,70,36054
178,79,36055
181,88,36056
183,94,36057
185,113,36058
186,114,36059
186,122,36060
186,128,36061
184,143,36062
182,153,36063
180,159,36064
177,168,36065
172,178,36066
164,191,36067
163,193,36068
96,112,36069
95,108,36070
94,107,36071
96,106,36072
97,104,36073
97,103,36074
98,102,36075
99,102,36076
100,101,36077
101,100,36078
105,102,36079
103,100,36080
107,102,36081
108,103,36082
110,104,36083
108,100,36084
113,108,36085
113,106,36086
115,110,36087
115,107,36088
116,113,36089
117,114,36090
117,119,36091
118,118,36092
119,118,36093
118,123,36094
117,127,36095
117,129,36096
116,132,36097
113,137,36098
113,138,36099
112,139,36100
111,141,36101
108,144,36102
104,146,36103
107,146,36104
99,149,36105
94,150,36106
94,151,36107
91,151,36108
87,151,36109
83,150,36110
85,152,36111
80,150,36112
74,147,36113
74,148,36114
64,137,36115
66,142,36116
65,142,36117
58,129,36118
60,135,36119
57,130,36120
55,125,36121
53,117,36122
52,114,36123
51,114,36124
51,106,36125
51,101,36126
52,94,36127
53,89,36128
52,89,36129
54,83,36130
57,77,36131
61,70,36132
61,69,36133
64,65,36134
69,60,36135
69,59,36136
76,54,36137
84,50,36138
81,50,36139
88,47,36140
99,46,36141
102,45,36142
107,45,36143
110,45,36144
117,47,36145
124,49,36146
123,48,36147
135,55,36148
133,53,36149
144,63,36150
148,68,36151
149,67,36152
156,79,36153
159,86,36154
159,83,36155
162,92,36156
165,106,36157
165,101,36158
166,125,36159
167,120,36160
167,124,36161
166,136,36162
163,147,36163
163,149,36164
162,153,36165
157,164,36166
150,175,36167
146,181,36168
145,183,36169
134,192,36170
138,190,36171
125,199,36172
114,204,36173
116,204,36174
111,206,36175
98,208,36176
95,209,36177
83,209,36178
72,207,36179
68,206,36180
62,204,36181
53,200,36182
50,198,36183
44,195,36184
33,184,36185
26,177,36186
25,176,36187
17,164,36188
15,160,36189
17,166,36190
7,140,36191
3,122,36192
3,125,36193
2,120,36194
1,109,36195
99,113,36196
100,113,36197
101,115,36198
101,118,36199
100,120,36200
102,119,36201
101,121,36202
101,122,36203
101,123,36204
100,125,36205
99,126,36206
98,127,36207
95,128,36208
94,129,36209
91,129,36210
94,131,36211
88,129,36212
87,130,36213
85,129,36214
85,130,36215
81,127,36216
80,127,36217
79,126,36218
78,126,36219
76,123,36220
73,117,36221
74,122,36222
72,116,36223
71,114,36224
70,110,36225
70,105,36226
69,107,36227
69,104,36228
70,97,36229
72,93,36230
70,94,36231
72,89,36232
78,82,36233
74,85,36234
79,79,36235
78,79,36236
85,74,36237
84,73,36238
89,71,36239
93,69,36240
94,68,36241
104,68,36242
103,67,36243
110,68,36244
103,66,36245
110,67,36246
116,69,36247
121,71,36248
126,75,36249
129,77,36250
127,74,36251
133,80,36252
137,86,36253
141,93,36254
140,89,36255
145,104,36256
145,101,36257
146,103,36258
147,114,36259
148,117,36260
148,123,36261
146,135,36262
148,130,36263
146,138,36264
140,152,36265
143,149,36266
144,148,36267
130,167,36268
129,169,36269
130,169,36270
128,171,36271
114,180,36272
120,178,36273
109,183,36274
102,185,36275
99,186,36276
86,186,36277
85,186,36278
89,188,36279
78,186,36280
69,183,36281
68,184,36282
57,177,36283
50,171,36284
50,173,36285
47,170,36286
35,154,36287
36,157,36288
33,152,36289
29,144,36290
26,136,36291
23,127,36292
22,125,36293
21,109,36294
20,107,36295
20,104,36296
22,87,36297
21,88,36298
25,72,36299
30,61,36300
27,65,36301
33,53,36302
41,42,36303
41,41,36304
47,34,36305
55,27,36306
65,20,36307
66,19,36308
77,14,36309
85,12,36310
90,10,36311
110,10,36312
104,9,36313
121,11,36314
126,12,36315
132,14,36316
129,12,36317
147,22,36318
153,26,36319
162,33,36320
162,32,36321
173,45,36322
94,114,36323
93,114,36324
92,115,36325
90,113,36326
90,110,36327
89,111,36328
88,110,36329
87,110,36330
87,108,36331
87,106,36332
87,104,36333
88,101,36334
87,101,36335
90,97,36336
90,96,36337
89,96,36338
92,94,36339
92,93,36340
95,91,36341
96,90,36342
100,90,36343
101,89,36344
102,89,36345
102,88,36346
106,88,36347
111,91,36348
109,88,36349
115,93,36350
114,91,36351
118,94,36352
119,95,36353
120,95,36354
123,101,36355
124,101,36356
126,106,36357
127,107,36358
128,112,36359
128,120,36360
129,120,36361
129,123,36362
129,126,36363
127,132,36364
130,128,36365
125,139,36366
126,139,36367
123,144,36368
118,150,36369
119,150,36370
117,153,36371
109,158,36372
109,159,36373
107,160,36374
106,161,36375
99,163,36376
95,164,36377
95,165,36378
88,165,36379
82,164,36380
76,162,36381
76,163,36382
68,159,36383
69,160,36384
63,156,36385
57,150,36386
54,146,36387
53,146,36388
50,142,36389
46,134,36390
45,132,36391
43,127,36392
41,119,36393
40,116,36394
40,102,36395
40,99,36396
39,100,36397
40,90,36398
46,74,36399
42,81,36400
45,73,36401
50,64,36402
52,61,36403
58,53,36404
59,51,36405
66,45,36406
72,41,36407
78,38,36408
74,39,36409
92,33,36410
90,33,36411
94,32,36412
101,31,36413
112,32,36414
119,33,36415
120,33,36416
132,38,36417
136,40,36418
142,44,36419
144,45,36420
153,54,36421
161,64,36422
158,58,36423
165,70,36424
170,80,36425
173,87,36426
174,90,36427
177,103,36428
178,109,36429
178,127,36430
179,123,36431
179,126,36432
175,149,36433
173,156,36434
175,152,36435
171,163,36436
160,182,36437
162,181,36438
152,193,36439
148,198,36440
147,199,36441
132,210,36442
131,211,36443
127,214,36444
109,220,36445
105,221,36446
93,222,36447
93,223,36448
83,223,36449
97,110,36450
98,108,36451
99,107,36452
101,107,36453
102,107,36454
103,107,36455
104,107,36456
105,108,36457
107,109,36458
108,110,36459
109,112,36460
109,111,36461
110,114,36462
110,118,36463
110,120,36464
111,120,36465
111,122,36466
110,126,36467
110,127,36468
109,129,36469
109,130,36470
108,132,36471
105,135,36472
105,136,36473
103,138,36474
101,139,36475
100,140,36476
96,142,36477
95,142,36478
91,143,36479
90,143,36480
86,143,36481
83,142,36482
82,142,36483
79,141,36484
77,140,36485
74,138,36486
71,135,36487
68,132,36488
67,131,36489
66,130,36490
63,125,36491
62,123,36492
60,117,36493
59,113,36494
59,109,36495
59,100,36496
58,104,36497
59,95,36498
59,94,36499
60,89,36500
61,86,36501
63,81,36502
65,77,36503
67,74,36504
69,71,36505
75,65,36506
76,64,36507
80,61,36508
85,58,36509
87,57,36510
93,55,36511
97,54,36512
103,54,36513
108,54,36514
111,54,36515
116,55,36516
120,56,36517
124,58,36518
128,60,36519
135,65,36520
140,70,36521
142,72,36522
146,77,36523
148,80,36524
152,87,36525
154,92,36526
156,97,36527
157,101,36528
159,111,36529
159,118,36530
159,127,36531
159,131,36532
158,138,36533
157,143,36534
155,150,36535
153,155,36536
150,161,36537
148,165,36538
142,174,36539
138,178,36540
132,184,36541
127,188,36542
126,189,36543
119,193,36544
110,197,36545
107,198,36546
98,200,36547
85,200,36548
81,200,36549
74,199,36550
67,197,36551
60,194,36552
54,191,36553
48,187,36554
44,184,36555
37,178,36556
31,171,36557
28,167,36558
23,159,36559
19,152,36560
15,142,36561
13,135,36562
12,132,36563
9,113,36564
9,115,36565
9,97,36566
9,92,36567
11,79,36568
13,71,36569
15,64,36570
16,61,36571
21,50,36572
26,41,36573
33,31,36574
39,24,36575
43,20,36576
98,115,36577
98,116,36578
98,118,36579
96,120,36580
95,120,36581
95,122,36582
93,122,36583
93,123,36584
92,124,36585
90,123,36586
87,122,36587
87,123,36588
84,120,36589
83,119,36590
83,120,36591
83,122,36592
80,114,36593
79,115,36594
78,112,36595
78,109,36596
77,109,36597
76,108,36598
78,100,36599
77,100,36600
75,104,36601
77,98,36602
78,94,36603
80,91,36604
79,91,36605
84,85,36606
83,85,36607
86,82,36608
89,80,36609
90,79,36610
96,77,36611
93,77,36612
98,76,36613
104,76,36614
104,75,36615
108,76,36616
111,76,36617
115,78,36618
112,75,36619
120,80,36620
124,83,36621
125,83,36622
131,93,36623
131,90,36624
131,89,36625
137,104,36626
137,101,36627
138,104,36628
139,107,36629
140,115,36630
141,117,36631
141,121,36632
141,125,36633
138,137,36634
138,139,36635
136,145,36636
135,147,36637
135,148,36638
129,157,36639
125,162,36640
123,164,36641
124,164,36642
113,171,36643
115,171,36644
106,175,36645
99,177,36646
98,178,36647
94,178,36648
87,178,36649
78,177,36650
80,178,36651
78,178,36652
63,171,36653
58,168,36654
60,170,36655
52,163,36656
49,161,36657
43,152,36658
39,146,36659
39,149,36660
34,136,36661
31,126,36662
31,131,36663
29,119,36664
28,110,36665
27,108,36666
28,97,36667
29,87,36668
29,86,36669
32,74,36670
36,65,36671
40,57,36672
37,61,36673
47,47,36674
54,39,36675
53,39,36676
58,34,36677
71,27,36678
75,24,36679
83,21,36680
92,19,36681
93,18,36682
102,18,36683
105,17,36684
108,17,36685
124,20,36686
134,24,36687
138,26,36688
142,28,36689
152,35,36690
158,40,36691
159,40,36692
171,57,36693
174,61,36694
179,70,36695
182,77,36696
186,89,36697
183,76,36698
189,108,36699
190,113,36700
190,126,36701
190,134,36702
190,137,36703
95,112,36704
93,111,36705
92,109,36706
93,107,36707
94,105,36708
92,105,36709
93,103,36710
93,102,36711
95,100,36712
99,99,36713
95,99,36714
98,98,36715
100,97,36716
102,97,36717
104,97,36718
102,95,36719
108,98,36720
107,96,36721
111,99,36722
111,98,36723
114,101,36724
116,104,36725
115,101,36726
117,103,36727
119,107,36728
120,111,36729
121,111,36730
121,117,36731
122,115,36732
121,124,36733
121,127,36734
122,126,36735
122,127,36736
122,129,36737
117,138,36738
121,134,36739
115,142,36740
111,146,36741
113,146,36742
109,149,36743
109,150,36744
101,153,36745
102,154,36746
97,155,36747
95,156,36748
93,157,36749
81,154,36750
84,156,36751
81,156,36752
74,152,36753
75,154,36754
73,153,36755
66,148,36756
63,145,36757
61,143,36758
62,146,36759
56,137,36760
52,129,36761
51,126,36762
50,126,36763
48,117,36764
47,114,36765
47,104,36766
46,103,36767
47,95,36768
47,94,36769
50,83,36770
48,86,36771
53,74,36772
58,67,36773
55,69,36774
55,68,36775
68,55,36776
71,52,36777
74,49,36778
77,47,36779
88,43,36780
84,43,36781
93,41,36782
99,40,36783
108,40,36784
114,41,36785
120,43,36786
119,41,36787
126,44,36788
136,50,36789
130,45,36790
144,56,36791
153,67,36792
148,58,36793
154,66,36794
162,81,36795
162,80,36796
166,89,36797
168,96,36798
170,108,36799
171,111,36800
171,123,36801
171,129,36802
170,138,36803
170,140,36804
164,158,36805
165,158,36806
159,170,36807
155,176,36808
155,178,36809
151,183,36810
141,193,36811
142,193,36812
130,202,36813
125,205,36814
113,210,36815
115,210,36816
102,213,36817
91,214,36818
92,215,36819
73,212,36820
74,213,36821
63,210,36822
58,208,36823
45,201,36824
45,202,36825
32,190,36826
27,185,36827
22,180,36828
19,177,36829
11,163,36830
97,112,36831
101,112,36832
101,111,36833
102,114,36834
103,115,36835
104,115,36836
104,118,36837
105,117,36838
105,120,36839
106,120,36840
104,124,36841
104,125,36842
103,127,36843
102,128,36844
100,130,36845
102,130,36846
97,132,36847
97,133,36848
95,134,36849
94,135,36850
90,134,36851
87,134,36852
89,136,36853
86,135,36854
85,135,36855
80,132,36856
80,133,36857
76,129,36858
76,131,36859
74,128,36860
72,126,36861
70,122,36862
69,120,36863
68,119,36864
67,109,36865
66,112,36866
65,109,36867
67,97,36868
65,102,36869
67,93,36870
66,94,36871
70,86,36872
66,91,36873
70,83,36874
74,78,36875
75,76,36876
80,72,36877
77,73,36878
82,69,36879
89,66,36880
89,65,36881
94,63,36882
97,62,36883
104,62,36884
106,62,36885
106,61,36886
111,62,36887
121,66,36888
124,68,36889
126,68,36890
129,70,36891
132,73,36892
138,79,36893
140,82,36894
144,89,36895
144,88,36896
147,94,36897
149,100,36898
151,108,36899
151,124,36900
152,114,36901
153,117,36902
151,132,36903
149,142,36904
151,137,36905
151,139,36906
144,155,36907
146,154,36908
138,166,36909
139,165,36910
130,175,36911
125,179,36912
126,179,36913
120,183,36914
112,187,36915
106,189,36916
102,191,36917
94,192,36918
82,191,36919
89,193,36920
81,192,36921
68,188,36922
64,187,36923
58,184,36924
55,182,36925
47,176,36926
40,169,36927
39,169,36928
28,151,36929
29,154,36930
27,152,36931
21,136,36932
19,129,36933
18,125,36934
17,119,36935
16,111,36936
16,96,36937
17,89,36938
16,91,36939
18,79,36940
25,60,36941
27,55,36942
27,54,36943
31,47,36944
45,30,36945
43,31,36946
55,21,36947
56,20,36948
58,18,36949
74,10,36950
82,7,36951
83,6,36952
99,4,36953
103,4,36954
116,5,36955
116,4,36956
128,7,36957
96,114,36958
95,116,36959
94,117,36960
92,117,36961
90,115,36962
90,117,36963
88,115,36964
87,115,36965
86,113,36966
85,113,36967
85,109,36968
84,109,36969
83,108,36970
84,103,36971
84,102,36972
83,102,36973
84,100,36974
84,98,36975
85,96,36976
87,93,36977
87,92,36978
88,91,36979
92,88,36980
92,87,36981
93,86,36982
97,85,36983
96,84,36984
103,84,36985
105,84,36986
105,83,36987
109,84,36988
108,83,36989
114,86,36990
115,86,36991
118,88,36992
120,89,36993
122,91,36994
125,96,36995
127,98,36996
129,103,36997
130,103,36998
131,107,36999
132,108,37000
133,115,37001
133,120,37002
133,126,37003
132,131,37004
131,135,37005
132,134,37006
130,139,37007
129,143,37008
126,148,37009
125,150,37010
122,154,37011
118,158,37012
115,161,37013
112,163,37014
106,166,37015
107,166,37016
102,168,37017
96,169,37018
95,170,37019
87,170,37020
82,169,37021
77,168,37022
75,168,37023
68,165,37024
66,164,37025
63,162,37026
58,158,37027
53,153,37028
48,147,37029
45,141,37030
44,141,37031
40,131,37032
40,133,37033
37,121,37034
36,117,37035
35,112,37036
35,104,37037
36,91,37038
37,85,37039
36,88,37040
39,77,37041
42,69,37042
44,65,37043
47,59,37044
52,53,37045
54,50,37046
58,45,37047
63,41,37048
74,34,37049
78,32,37050
79,31,37051
89,28,37052
99,27,37053
100,26,37054
108,26,37055
119,28,37056
126,30,37057
130,31,37058
134,33,37059
145,40,37060
147,41,37061
157,51,37062
160,54,37063
163,58,37064
168,65,37065
172,72,37066
176,82,37067
179,91,37068
181,99,37069
182,106,37070
183,113,37071
182,131,37072
184,121,37073
180,147,37074
181,145,37075
177,160,37076
173,169,37077
167,181,37078
165,185,37079
161,190,37080
156,197,37081
151,202,37082
144,208,37083
133,216,37084
96,111,37085
96,108,37086
96,107,37087
97,106,37088
99,105,37089
100,104,37090
101,103,37091
102,103,37092
104,104,37093
104,103,37094
106,104,37095
107,104,37096
110,108,37097
111,109,37098
112,110,37099
111,105,37100
113,113,37101
114,113,37102
114,117,37103
115,119,37104
115,120,37105
115,123,37106
114,127,37107
115,126,37108
115,128,37109
114,130,37110
111,135,37111
110,137,37112
111,137,37113
106,141,37114
104,143,37115
103,144,37116
99,146,37117
100,146,37118
92,147,37119
94,148,37120
90,148,37121
84,147,37122
82,147,37123
81,147,37124
78,146,37125
72,142,37126
73,144,37127
69,140,37128
66,137,37129
65,137,37130
59,123,37131
60,129,37132
59,129,37133
56,115,37134
55,115,37135
54,113,37136
54,105,37137
54,99,37138
54,98,37139
54,94,37140
56,88,37141
58,82,37142
60,77,37143
63,72,37144
62,73,37145
65,68,37146
70,63,37147
75,59,37148
75,58,37149
81,54,37150
87,52,37151
88,51,37152
96,49,37153
107,49,37154
105,48,37155
108,48,37156
119,51,37157
123,52,37158
124,52,37159
128,54,37160
137,61,37161
137,60,37162
142,64,37163
149,73,37164
151,75,37165
157,89,37166
157,88,37167
158,87,37168
162,104,37169
163,111,37170
164,111,37171
164,121,37172
164,126,37173
164,131,37174
160,148,37175
159,152,37176
157,157,37177
157,158,37178
150,170,37179
145,177,37180
146,177,37181
137,186,37182
129,192,37183
124,196,37184
124,197,37185
106,203,37186
108,203,37187
99,205,37188
91,206,37189
90,206,37190
77,205,37191
72,204,37192
68,203,37193
62,201,37194
48,193,37195
46,192,37196
37,185,37197
29,176,37198
25,171,37199
26,173,37200
13,148,37201
13,149,37202
10,142,37203
6,124,37204
5,119,37205
5,126,37206
4,101,37207
4,99,37208
6,82,37209
7,75,37210
7,74,37211
99,114,37212
100,115,37213
100,116,37214
100,118,37215
98,120,37216
100,121,37217
98,123,37218
98,124,37219
97,125,37220
96,126,37221
93,126,37222
93,127,37223
91,127,37224
90,128,37225
86,126,37226
89,129,37227
83,124,37228
83,126,37229
81,123,37230
80,124,37231
78,120,37232
77,119,37233
76,119,37234
75,118,37235
74,115,37236
73,110,37237
73,107,37238
73,102,37239
72,103,37240
73,99,37241
73,96,37242
74,93,37243
73,94,37244
74,91,37245
80,83,37246
78,84,37247
81,81,37248
87,77,37249
88,75,37250
90,74,37251
97,72,37252
89,73,37253
95,71,37254
100,70,37255
104,70,37256
107,70,37257
118,75,37258
117,73,37259
116,72,37260
125,78,37261
124,76,37262
128,80,37263
130,81,37264
136,90,37265
137,91,37266
137,90,37267
141,98,37268
143,108,37269
144,111,37270
144,108,37271
145,116,37272
146,118,37273
144,130,37274
144,134,37275
143,139,37276
141,145,37277
136,154,37278
137,154,37279
133,160,37280
127,166,37281
131,164,37282
130,166,37283
114,176,37284
113,177,37285
108,180,37286
109,180,37287
95,183,37288
93,183,37289
91,184,37290
82,183,37291
79,183,37292
66,178,37293
64,177,37294
67,180,37295
56,173,37296
45,162,37297
50,169,37298
40,157,37299
36,150,37300
37,154,37301
35,151,37302
27,128,37303
26,127,37304
25,124,37305
24,108,37306
23,107,37307
23,99,37308
25,86,37309
25,84,37310
27,75,37311
30,66,37312
38,52,37313
34,57,37314
42,45,37315
50,36,37316
47,38,37317
57,29,37318
65,24,37319
69,21,37320
71,20,37321
85,15,37322
89,14,37323
92,13,37324
102,12,37325
119,14,37326
113,12,37327
134,19,37328
135,19,37329
148,26,37330
151,28,37331
156,32,37332
153,28,37333
175,54,37334
178,59,37335
178,58,37336
183,66,37337
186,74,37338
94,113,37339
93,113,37340
91,113,37341
91,110,37342
91,108,37343
89,108,37344
90,105,37345
89,106,37346
89,104,37347
89,103,37348
90,101,37349
91,99,37350
91,98,37351
95,96,37352
95,95,37353
94,94,37354
98,93,37355
98,92,37356
102,92,37357
102,91,37358
105,92,37359
109,93,37360
109,92,37361
108,91,37362
112,93,37363
116,98,37364
115,94,37365
119,100,37366
120,100,37367
122,105,37368
122,103,37369
124,109,37370
125,111,37371
126,113,37372
126,121,37373
127,116,37374
126,126,37375
123,134,37376
125,132,37377
124,135,37378
124,136,37379
119,144,37380
122,142,37381
115,149,37382
116,149,37383
113,152,37384
106,156,37385
106,157,37386
103,159,37387
96,160,37388
97,161,37389
93,162,37390
85,161,37391
80,160,37392
78,160,37393
81,162,37394
72,158,37395
66,154,37396
62,150,37397
63,152,37398
58,147,37399
55,144,37400
54,143,37401
48,130,37402
47,128,37403
45,125,37404
44,121,37405
43,115,37406
42,109,37407
43,99,37408
42,97,37409
41,102,37410
47,79,37411
47,78,37412
46,78,37413
49,71,37414
60,57,37415
56,59,37416
60,55,37417
64,51,37418
70,46,37419
77,42,37420
79,40,37421
84,38,37422
93,36,37423
100,35,37424
99,34,37425
111,35,37426
122,38,37427
120,36,37428
123,37,37429
139,46,37430
140,46,37431
144,49,37432
151,56,37433
153,58,37434
161,69,37435
162,69,37436
168,84,37437
171,91,37438
171,88,37439
174,104,37440
175,109,37441
176,116,37442
174,137,37443
176,130,37444
175,138,37445
171,152,37446
170,158,37447
168,163,37448
159,179,37449
154,186,37450
157,183,37451
150,192,37452
136,203,37453
138,203,37454
121,212,37455
118,214,37456
116,215,37457
102,218,37458
97,219,37459
97,220,37460
81,219,37461
66,216,37462
60,214,37463
60,215,37464
48,209,37465
98,110,37466
99,109,37467
100,109,37468
102,110,37469
103,110,37470
104,109,37471
105,111,37472
106,112,37473
107,113,37474
108,114,37475
108,118,37476
108,119,37477
109,119,37478
108,123,37479
107,126,37480
109,124,37481
106,129,37482
106,130,37483
105,131,37484
104,133,37485
102,135,37486
101,136,37487
99,137,37488
98,138,37489
96,139,37490
92,139,37491
92,140,37492
86,139,37493
86,140,37494
83,139,37495
80,138,37496
81,139,37497
75,135,37498
74,134,37499
71,131,37500
69,129,37501
68,128,37502
65,121,37503
65,123,37504
63,115,37505
63,119,37506
62,105,37507
61,111,37508
61,101,37509
62,96,37510
61,98,37511
65,86,37512
63,89,37513
65,84,37514
67,80,37515
69,76,37516
72,72,37517
76,68,37518
77,67,37519
81,64,37520
84,62,37521
88,60,37522
94,58,37523
101,58,37524
101,57,37525
103,56,37526
111,57,37527
112,57,37528
118,59,37529
126,63,37530
127,63,37531
130,65,37532
133,67,37533
138,72,37534
142,76,37535
147,84,37536
149,87,37537
152,96,37538
153,97,37539
154,101,37540
156,108,37541
156,123,37542
157,117,37543
157,125,37544
155,138,37545
154,143,37546
151,151,37547
152,150,37548
148,159,37549
145,164,37550
141,170,37551
137,175,37552
132,180,37553
126,185,37554
124,187,37555
118,190,37556
107,194,37557
102,196,37558
98,197,37559
88,197,37560
85,197,37561
79,197,37562
74,196,37563
64,192,37564
54,187,37565
55,188,37566
50,185,37567
41,177,37568
35,171,37569
31,166,37570
25,157,37571
22,151,37572
20,147,37573
17,140,37574
14,128,37575
13,123,37576
12,100,37577
11,106,37578
12,90,37579
14,81,37580
13,80,37581
20,60,37582
19,61,37583
24,50,37584
29,42,37585
37,31,37586
39,28,37587
47,21,37588
50,18,37589
57,13,37590
70,6,37591
74,4,37592
97,114,37593
96,117,37594
97,118,37595
94,119,37596
92,119,37597
92,120,37598
91,121,37599
89,120,37600
88,120,37601
87,119,37602
86,119,37603
85,119,37604
83,115,37605
82,114,37606
81,113,37607
81,116,37608
80,109,37609
79,110,37610
79,106,37611
79,104,37612
79,102,37613
79,100,37614
82,94,37615
81,94,37616
80,94,37617
84,89,37618
85,88,37619
88,85,37620
88,84,37621
92,82,37622
93,81,37623
95,80,37624
97,79,37625
100,79,37626
105,79,37627
106,78,37628
110,79,37629
114,81,37630
117,82,37631
119,83,37632
119,82,37633
125,88,37634
124,86,37635
128,91,37636
130,94,37637
131,95,37638
135,109,37639
136,108,37640
136,104,37641
137,115,37642
138,116,37643
138,122,37644
138,125,37645
137,131,37646
136,137,37647
136,138,37648
134,143,37649
129,151,37650
127,155,37651
126,157,37652
121,162,37653
122,162,37654
116,166,37655
111,169,37656
105,172,37657
104,173,37658
96,174,37659
95,175,37660
87,175,37661
80,174,37662
75,173,37663
77,174,37664
68,170,37665
65,169,37666
60,166,37667
56,163,37668
47,153,37669
47,154,37670
44,150,37671
40,143,37672
39,142,37673
34,126,37674
33,123,37675
33,128,37676
31,111,37677
31,97,37678
30,102,37679
32,88,37680
32,85,37681
34,77,37682
38,67,37683
39,65,37684
44,56,37685
46,52,37686
53,44,37687
61,37,37688
61,36,37689
69,31,37690
75,28,37691
78,26,37692
81,24,37693
96,22,37694
99,21,37695
109,21,37696
115,22,37697
119,22,37698
130,26,37699
134,27,37700
138,29,37701
147,35,37702
155,42,37703
158,44,37704
167,55,37705
172,63,37706
177,73,37707
177,71,37708
183,91,37709
184,92,37710
185,95,37711
187,113,37712
188,118,37713
188,121,37714
186,141,37715
186,143,37716
181,161,37717
180,165,37718
176,175,37719
95,111,37720
94,110,37721
93,108,37722
95,106,37723
95,105,37724
95,103,37725
96,102,37726
97,101,37727
98,100,37728
98,99,37729
104,101,37730
102,99,37731
104,99,37732
107,101,37733
107,100,37734
107,98,37735
112,104,37736
111,101,37737
114,106,37738
114,104,37739
116,109,37740
117,111,37741
118,112,37742
118,110,37743
119,114,37744
119,119,37745
119,123,37746
119,125,37747
120,124,37748
118,130,37749
116,135,37750
117,134,37751
116,137,37752
114,140,37753
108,145,37754
111,144,37755
105,148,37756
100,150,37757
102,150,37758
98,152,37759
100,152,37760
90,153,37761
93,154,37762
85,153,37763
81,152,37764
82,153,37765
72,147,37766
73,149,37767
73,150,37768
62,138,37769
62,140,37770
60,138,37771
58,134,37772
54,126,37773
53,124,37774
54,129,37775
51,118,37776
50,112,37777
50,105,37778
50,98,37779
49,100,37780
50,92,37781
52,86,37782
54,80,37783
53,81,37784
57,72,37785
62,66,37786
62,64,37787
66,60,37788
75,53,37789
69,56,37790
71,54,37791
87,47,37792
88,46,37793
94,44,37794
96,43,37795
110,44,37796
109,43,37797
111,43,37798
122,46,37799
125,47,37800
133,52,37801
140,57,37802
137,53,37803
147,63,37804
154,73,37805
149,64,37806
156,75,37807
162,89,37808
161,83,37809
163,88,37810
167,108,37811
168,112,37812
169,115,37813
168,129,37814
168,132,37815
168,135,37816
164,150,37817
162,157,37818
159,164,37819
156,170,37820
147,182,37821
152,177,37822
143,187,37823
131,197,37824
135,195,37825
130,199,37826
112,207,37827
113,207,37828
107,209,37829
94,211,37830
90,211,37831
76,210,37832
75,210,37833
65,207,37834
65,208,37835
43,195,37836
46,198,37837
36,190,37838
27,181,37839
24,178,37840
28,184,37841
11,155,37842
8,148,37843
7,147,37844
5,142,37845
2,129,37846
98,112,37847
101,113,37848
101,114,37849
102,116,37850
102,118,37851
103,117,37852
102,121,37853
104,120,37854
102,123,37855
102,124,37856
101,126,37857
100,127,37858
99,128,37859
97,129,37860
95,130,37861
98,131,37862
92,131,37863
92,132,37864
87,131,37865
87,132,37866
84,131,37867
83,130,37868
82,131,37869
81,130,37870
79,129,37871
76,125,37872
76,127,37873
73,121,37874
72,121,37875
70,115,37876
70,118,37877
69,112,37878
68,109,37879
68,105,37880
69,98,37881
67,103,37882
69,94,37883
75,84,37884
70,90,37885
74,83,37886
72,85,37887
79,77,37888
75,79,37889
81,74,37890
84,72,37891
88,69,37892
95,67,37893
92,67,37894
96,66,37895
106,66,37896
106,65,37897
107,65,37898
113,66,37899
119,69,37900
122,70,37901
119,67,37902
126,72,37903
131,76,37904
135,81,37905
134,78,37906
141,89,37907
142,90,37908
144,93,37909
147,105,37910
148,108,37911
149,111,37912
149,123,37913
150,117,37914
149,129,37915
146,141,37916
149,134,37917
149,136,37918
138,159,37919
138,160,37920
139,160,37921
138,162,37922
128,172,37923
133,169,37924
123,177,37925
117,181,37926
114,183,37927
101,187,37928
103,187,37929
98,188,37930
91,189,37931
81,188,37932
81,189,37933
69,185,37934
62,182,37935
64,184,37936
60,182,37937
43,167,37938
46,171,37939
40,165,37940
37,161,37941
28,145,37942
28,146,37943
28,148,37944
22,127,37945
20,120,37946
20,122,37947
19,101,37948
18,104,37949
19,93,37950
24,72,37951
21,78,37952
22,75,37953
31,54,37954
28,58,37955
34,48,37956
43,36,37957
49,30,37958
48,30,37959
58,22,37960
69,16,37961
69,15,37962
85,10,37963
87,9,37964
92,8,37965
102,7,37966
109,7,37967
106,6,37968
128,11,37969
144,18,37970
148,20,37971
148,19,37972
156,25,37973
95,114,37974
94,115,37975
93,116,37976
91,114,37977
89,112,37978
89,114,37979
88,112,37980
87,112,37981
86,110,37982
86,108,37983
86,105,37984
86,103,37985
85,103,37986
87,100,37987
87,99,37988
85,100,37989
89,95,37990
89,94,37991
91,92,37992
92,91,37993
93,90,37994
95,89,37995
98,88,37996
97,87,37997
100,86,37998
104,87,37999
105,86,38000
110,88,38001
111,88,38002
115,90,38003
113,88,38004
117,90,38005
120,94,38006
123,97,38007
124,99,38008
125,99,38009
127,104,38010
129,111,38011
129,110,38012
130,114,38013
131,115,38014
129,129,38015
132,118,38016
130,129,38017
129,134,38018
129,135,38019
124,144,38020
123,147,38021
125,145,38022
119,152,38023
117,155,38024
116,156,38025
114,158,38026
109,161,38027
105,163,38028
102,165,38029
97,166,38030
87,166,38031
86,166,38032
86,167,38033
80,166,38034
79,166,38035
71,163,38036
65,159,38037
61,156,38038
58,154,38039
56,153,38040
51,146,38041
50,145,38042
47,140,38043
44,134,38044
41,127,38045
40,121,38046
39,118,38047
38,111,38048
37,109,38049
40,88,38050
37,98,38051
39,86,38052
43,75,38053
46,68,38054
47,66,38055
47,65,38056
53,56,38057
59,49,38058
64,45,38059
64,44,38060
75,37,38061
78,35,38062
80,34,38063
86,32,38064
98,30,38065
101,29,38066
106,29,38067
117,31,38068
119,31,38069
126,33,38070
131,35,38071
142,42,38072
147,46,38073
150,47,38074
156,54,38075
160,59,38076
166,68,38077
168,71,38078
173,82,38079
175,88,38080
177,93,38081
179,102,38082
180,112,38083
180,126,38084
179,137,38085
180,135,38086
177,150,38087
171,165,38088
175,158,38089
164,180,38090
163,182,38091
162,184,38092
148,200,38093
145,203,38094
146,203,38095
131,213,38096
126,216,38097
117,220,38098
107,223,38099
102,224,38100
97,109,38101
97,108,38102
98,107,38103
100,107,38104
101,106,38105
102,106,38106
103,105,38107
104,106,38108
106,107,38109
107,107,38110
108,108,38111
109,109,38112
110,112,38113
111,114,38114
111,117,38115
112,115,38116
112,119,38117
113,119,38118
112,124,38119
112,126,38120
112,127,38121
111,129,38122
109,133,38123
109,134,38124
108,135,38125
107,137,38126
103,140,38127
104,140,38128
102,142,38129
96,143,38130
96,144,38131
94,145,38132
90,145,38133
88,145,38134
84,144,38135
83,145,38136
81,144,38137
76,141,38138
74,140,38139
70,137,38140
69,137,38141
66,132,38142
65,132,38143
61,124,38144
61,125,38145
60,124,38146
58,111,38147
57,112,38148
57,106,38149
57,99,38150
56,103,38151
57,96,38152
58,91,38153
60,84,38154
61,81,38155
62,78,38156
65,74,38157
68,70,38158
72,65,38159
74,63,38160
78,60,38161
81,58,38162
85,56,38163
93,53,38164
96,52,38165
100,52,38166
104,51,38167
106,51,38168
116,53,38169
122,55,38170
124,56,38171
128,58,38172
134,62,38173
137,64,38174
141,68,38175
144,71,38176
150,80,38177
151,81,38178
153,85,38179
156,92,38180
159,101,38181
160,112,38182
161,115,38183
161,124,38184
162,122,38185
160,136,38186
160,138,38187
156,151,38188
155,155,38189
151,163,38190
148,168,38191
146,171,38192
141,178,38193
139,181,38194
130,188,38195
126,191,38196
120,195,38197
110,199,38198
105,200,38199
104,201,38200
92,202,38201
81,202,38202
78,202,38203
70,200,38204
62,197,38205
61,197,38206
50,191,38207
46,188,38208
42,185,38209
32,175,38210
28,170,38211
23,163,38212
17,151,38213
18,154,38214
14,144,38215
10,132,38216
8,116,38217
7,113,38218
7,105,38219
7,94,38220
8,86,38221
9,79,38222
14,62,38223
13,64,38224
18,52,38225
22,44,38226
26,37,38227
97,113,38228
99,116,38229
99,117,38230
97,120,38231
96,121,38232
97,122,38233
95,123,38234
95,124,38235
94,124,38236
92,125,38237
90,124,38238
90,125,38239
86,123,38240
85,123,38241
84,123,38242
85,126,38243
80,117,38244
81,121,38245
79,117,38246
78,118,38247
77,113,38248
76,112,38249
76,106,38250
75,107,38251
74,108,38252
75,102,38253
75,100,38254
76,96,38255
76,95,38256
79,89,38257
79,88,38258
80,86,38259
81,85,38260
83,82,38261
88,79,38262
88,78,38263
92,76,38264
98,75,38265
98,74,38266
102,74,38267
104,73,38268
108,74,38269
109,73,38270
112,74,38271
116,76,38272
118,76,38273
128,86,38274
126,82,38275
127,82,38276
133,92,38277
132,88,38278
136,95,38279
138,99,38280
140,107,38281
141,109,38282
141,106,38283
142,116,38284
142,124,38285
141,132,38286
141,133,38287
142,132,38288
140,140,38289
136,149,38290
133,154,38291
132,156,38292
131,158,38293
122,167,38294
122,168,38295
119,170,38296
110,175,38297
114,174,38298
111,176,38299
95,179,38300
93,180,38301
91,181,38302
88,181,38303
75,178,38304
73,178,38305
69,177,38306
64,174,38307
58,171,38308
48,161,38309
47,160,38310
47,162,38311
39,150,38312
35,142,38313
36,147,38314
30,130,38315
29,126,38316
27,119,38317
27,123,38318
26,105,38319
26,98,38320
26,95,38321
29,80,38322
30,75,38323
31,71,38324
38,57,38325
40,54,38326
41,51,38327
43,48,38328
55,36,38329
52,37,38330
66,27,38331
76,22,38332
76,21,38333
85,18,38334
91,17,38335
95,16,38336
102,15,38337
112,16,38338
118,17,38339
130,20,38340
137,23,38341
145,28,38342
142,25,38343
163,44,38344
164,44,38345
169,50,38346
172,54,38347
177,62,38348
177,60,38349
185,81,38350
189,95,38351
190,99,38352
190,95,38353
192,114,38354
94,112,38355
93,112,38356
92,111,38357
92,108,38358
93,105,38359
91,105,38360
92,103,38361
91,103,38362
92,101,38363
92,100,38364
94,99,38365
96,97,38366
95,97,38367
99,96,38368
100,95,38369
98,94,38370
104,95,38371
103,94,38372
108,96,38373
108,95,38374
111,97,38375
113,98,38376
114,98,38377
115,98,38378
118,103,38379
119,106,38380
119,103,38381
121,109,38382
122,110,38383
123,115,38384
123,120,38385
124,117,38386
124,122,38387
124,123,38388
120,135,38389
124,129,38390
121,135,38391
116,142,38392
119,140,38393
116,144,38394
116,145,38395
110,150,38396
112,150,38397
102,155,38398
101,156,38399
102,156,38400
90,157,38401
91,158,38402
92,159,38403
82,157,38404
86,159,38405
78,157,38406
74,155,38407
69,152,38408
65,149,38409
68,153,38410
61,146,38411
59,144,38412
54,136,38413
54,138,38414
50,128,38415
49,127,38416
48,126,38417
46,112,38418
45,109,38419
45,101,38420
46,95,38421
45,94,38422
48,83,38423
52,75,38424
49,78,38425
49,76,38426
61,60,38427
62,58,38428
62,57,38429
67,52,38430
77,46,38431
68,50,38432
81,43,38433
86,41,38434
89,40,38435
100,38,38436
111,39,38437
103,37,38438
111,38,38439
123,41,38440
123,40,38441
135,47,38442
142,53,38443
137,47,38444
144,52,38445
156,67,38446
156,66,38447
158,69,38448
163,78,38449
168,91,38450
168,90,38451
171,99,38452
172,113,38453
173,117,38454
173,126,38455
171,140,38456
172,139,38457
169,151,38458
165,160,38459
166,161,38460
163,167,38461
157,177,38462
154,182,38463
148,189,38464
142,195,38465
136,200,38466
131,204,38467
124,208,38468
109,213,38469
112,213,38470
93,216,38471
86,216,38472
82,216,38473
73,215,38474
69,214,38475
67,214,38476
45,203,38477
37,197,38478
35,196,38479
35,197,38480
28,190,38481
99,111,38482
100,110,38483
101,110,38484
103,112,38485
103,114,38486
104,113,38487
105,115,38488
106,115,38489
106,117,38490
107,118,38491
106,121,38492
106,123,38493
106,124,38494
104,127,38495
104,128,38496
106,128,38497
101,131,38498
100,133,38499
98,134,38500
98,135,38501
93,135,38502
93,136,38503
92,137,38504
90,137,38505
90,138,38506
85,136,38507
84,137,38508
79,133,38509
79,135,38510
75,131,38511
75,132,38512
74,131,38513
70,125,38514
70,126,38515
67,120,38516
66,118,38517
65,114,38518
65,106,38519
64,108,38520
64,102,38521
63,104,38522
66,93,38523
62,103,38524
66,89,38525
68,84,38526
69,82,38527
73,77,38528
70,79,38529
75,73,38530
80,69,38531
82,67,38532
83,66,38533
89,63,38534
92,62,38535
97,61,38536
97,60,38537
102,59,38538
111,61,38539
115,62,38540
118,62,38541
121,63,38542
123,64,38543
129,68,38544
134,72,38545
138,77,38546
138,76,38547
142,81,38548
146,88,38549
149,95,38550
150,97,38551
152,104,38552
153,107,38553
153,125,38554
153,128,38555
154,128,38556
154,130,38557
149,147,38558
153,138,38559
149,150,38560
145,158,38561
142,163,38562
137,170,38563
136,172,38564
132,176,38565
126,181,38566
118,186,38567
116,188,38568
107,191,38569
105,192,38570
101,193,38571
94,194,38572
87,194,38573
83,194,38574
76,193,38575
65,189,38576
62,188,38577
53,183,38578
52,183,38579
41,173,38580
35,166,38581
39,172,38582
28,156,38583
24,148,38584
22,144,38585
20,139,38586
17,128,38587
15,118,38588
14,111,38589
14,106,38590
14,96,38591
16,84,38592
19,71,38593
17,76,38594
23,59,38595
30,47,38596
30,45,38597
37,36,38598
42,30,38599
49,23,38600
53,20,38601
63,13,38602
63,12,38603
83,5,38604
85,4,38605
91,3,38606
97,2,38607
104,1,38608
96,115,38609
95,117,38610
95,118,38611
93,118,38612
91,117,38613
90,118,38614
89,118,38615
88,117,38616
87,117,38617
85,115,38618
85,116,38619
84,114,38620
83,111,38621
82,109,38622
82,106,38623
81,108,38624
82,102,38625
81,103,38626
82,100,38627
83,97,38628
83,96,38629
84,94,38630
87,90,38631
86,90,38632
87,88,38633
92,86,38634
92,85,38635
96,83,38636
98,83,38637
99,82,38638
101,81,38639
104,81,38640
108,82,38641
109,82,38642
113,83,38643
114,83,38644
118,86,38645
122,89,38646
125,93,38647
125,92,38648
127,94,38649
130,99,38650
131,100,38651
133,108,38652
134,110,38653
134,109,38654
135,120,38655
135,121,38656
135,125,38657
135,128,38658
133,136,38659
133,137,38660
132,140,38661
130,145,38662
127,150,38663
126,152,38664
122,157,38665
116,162,38666
115,163,38667
113,165,38668
104,169,38669
103,170,38670
98,171,38671
87,171,38672
89,172,38673
86,172,38674
79,171,38675
78,171,38676
70,168,38677
66,166,38678
60,162,38679
56,159,38680
54,157,38681
51,154,38682
45,146,38683
42,141,38684
40,136,38685
37,129,38686
36,126,38687
35,121,38688
34,117,38689
33,105,38690
33,103,38691
34,91,38692
35,84,38693
37,78,38694
37,76,38695
42,65,38696
42,64,38697
48,55,38698
54,47,38699
56,45,38700
64,38,38701
68,35,38702
73,32,38703
80,29,38704
88,26,38705
93,25,38706
102,24,38707
104,24,38708
109,24,38709
120,26,38710
125,27,38711
132,30,38712
138,33,38713
142,35,38714
153,44,38715
156,46,38716
164,56,38717
167,60,38718
170,65,38719
176,77,38720
178,82,38721
182,96,38722
183,102,38723
184,106,38724
185,122,38725
185,124,38726
184,136,38727
181,152,38728
179,159,38729
178,162,38730
173,174,38731
170,180,38732
164,189,38733
158,197,38734
153,203,38735
95,110,38736
95,109,38737
94,108,38738
97,105,38739
98,104,38740
98,103,38741
99,103,38742
100,102,38743
102,102,38744
102,101,38745
106,103,38746
105,101,38747
109,105,38748
109,104,38749
111,106,38750
109,101,38751
113,110,38752
114,110,38753
115,112,38754
115,116,38755
116,115,38756
117,117,38757
116,123,38758
117,121,38759
118,121,38760
116,128,38761
115,130,38762
115,132,38763
113,136,38764
110,139,38765
110,140,38766
109,142,38767
106,144,38768
105,145,38769
100,147,38770
101,148,38771
96,149,38772
88,149,38773
90,150,38774
87,150,38775
82,149,38776
77,147,38777
81,150,38778
75,147,38779
70,143,38780
70,144,38781
61,131,38782
63,137,38783
63,138,38784
56,121,38785
57,128,38786
56,125,38787
54,119,38788
53,112,38789
52,109,38790
52,105,38791
52,101,38792
53,93,38793
54,89,38794
55,85,38795
55,83,38796
58,76,38797
62,70,38798
67,64,38799
67,63,38800
70,60,38801
79,54,38802
79,53,38803
86,50,38804
93,48,38805
89,48,38806
93,47,38807
108,47,38808
112,47,38809
114,47,38810
119,48,38811
129,53,38812
130,53,38813
139,60,38814
135,56,38815
140,60,38816
151,74,38817
152,75,38818
153,74,38819
159,88,38820
161,94,38821
160,88,38822
164,104,38823
165,114,38824
166,113,38825
165,129,38826
166,126,38827
164,140,38828
163,146,38829
158,159,38830
155,165,38831
156,165,38832
148,176,38833
143,182,38834
139,187,38835
141,186,38836
125,197,38837
123,199,38838
114,203,38839
107,205,38840
106,206,38841
101,207,38842
87,208,38843
82,208,38844
76,207,38845
66,204,38846
56,200,38847
52,198,38848
43,192,38849
39,189,38850
36,187,38851
25,173,38852
23,171,38853
16,160,38854
14,156,38855
10,146,38856
11,152,38857
4,121,38858
3,114,38859
2,109,38860
2,102,38861
2,95,38862
98,113,38863
100,114,38864
101,116,38865
100,119,38866
99,120,38867
101,120,38868
100,122,38869
100,123,38870
99,124,38871
98,126,38872
96,127,38873
95,127,38874
93,128,38875
92,129,38876
89,128,38877
93,131,38878
85,127,38879
86,129,38880
83,127,38881
83,128,38882
80,125,38883
78,123,38884
77,123,38885
77,124,38886
75,120,38887
73,115,38888
73,118,38889
72,109,38890
71,111,38891
71,105,38892
71,102,38893
70,103,38894
71,97,38895
71,95,38896
75,88,38897
72,91,38898
75,86,38899
83,78,38900
79,80,38901
84,76,38902
81,77,38903
91,72,38904
88,72,38905
94,70,38906
98,69,38907
99,68,38908
109,70,38909
110,69,38910
108,68,38911
118,72,38912
114,69,38913
120,72,38914
125,75,38915
131,81,38916
134,84,38917
133,81,38918
135,84,38919
141,96,38920
142,98,38921
143,98,38922
145,107,38923
146,109,38924
146,120,38925
147,120,38926
147,123,38927
146,133,38928
144,139,38929
145,140,38930
142,147,38931
134,160,38932
139,155,38933
139,156,38934
124,171,38935
121,174,38936
121,175,38937
120,176,38938
109,181,38939
112,181,38940
102,184,38941
95,185,38942
92,186,38943
84,185,38944
75,183,38945
77,185,38946
66,181,38947
58,176,38948
59,178,38949
50,170,38950
44,164,38951
44,166,38952
39,160,38953
30,142,38954
31,146,38955
29,142,38956
25,130,38957
23,120,38958
22,117,38959
22,100,38960
21,103,38961
22,91,38962
22,90,38963
27,71,38964
25,75,38965
31,60,38966
39,47,38967
34,53,38968
40,44,38969
49,34,38970
49,33,38971
58,26,38972
67,20,38973
74,17,38974
77,15,38975
88,12,38976
99,11,38977
98,10,38978
117,12,38979
120,12,38980
133,16,38981
136,17,38982
144,21,38983
138,17,38984
160,33,38985
163,36,38986
172,46,38987
168,40,38988
176,51,38989
96,113,38990
92,113,38991
92,115,38992
90,112,38993
90,109,38994
89,109,38995
88,109,38996
88,108,38997
88,106,38998
87,105,38999
88,103,39000
89,100,39001
88,100,39002
92,96,39003
93,95,39004
90,95,39005
95,93,39006
95,92,39007
98,91,39008
98,90,39009
103,91,39010
106,91,39011
104,89,39012
106,89,39013
109,90,39014
113,93,39015
111,90,39016
117,96,39017
116,93,39018
120,98,39019
121,99,39020
123,102,39021
125,107,39022
125,105,39023
126,116,39024
127,110,39025
128,116,39026
127,124,39027
128,123,39028
128,126,39029
128,128,39030
125,136,39031
128,132,39032
122,143,39033
122,144,39034
119,148,39035
112,154,39036
116,152,39037
112,156,39038
102,160,39039
105,160,39040
100,162,39041
97,163,39042
90,163,39043
90,164,39044
90,165,39045
81,163,39046
76,161,39047
70,158,39048
68,158,39049
64,155,39050
62,154,39051
57,149,39052
53,143,39053
51,140,39054
49,138,39055
46,132,39056
45,129,39057
42,118,39058
42,119,39059
41,113,39060
40,110,39061
42,91,39062
43,87,39063
41,91,39064
41,89,39065
50,68,39066
45,75,39067
51,64,39068
56,57,39069
59,54,39070
65,48,39071
64,48,39072
72,42,39073
78,39,39074
86,36,39075
83,36,39076
97,33,39077
105,33,39078
103,32,39079
107,32,39080
120,35,39081
125,36,39082
128,37,39083
137,42,39084
144,47,39085
150,52,39086
151,52,39087
162,68,39088
163,69,39089
162,65,39090
170,83,39091
172,88,39092
175,98,39093
176,104,39094
177,111,39095
178,118,39096
177,130,39097
177,136,39098
176,143,39099
170,161,39100
168,166,39101
168,167,39102
163,177,39103
150,193,39104
154,190,39105
142,201,39106
140,203,39107
137,206,39108
122,214,39109
118,216,39110
111,219,39111
98,221,39112
85,221,39113
81,221,39114
83,222,39115
71,220,39116
97,111,39117
98,109,39118
99,108,39119
101,108,39120
102,108,39121
104,108,39122
105,110,39123
106,110,39124
107,111,39125
108,112,39126
108,116,39127
109,115,39128
110,116,39129
110,119,39130
110,121,39131
111,121,39132
109,126,39133
109,127,39134
108,129,39135
107,131,39136
107,132,39137
106,134,39138
103,136,39139
103,137,39140
100,139,39141
98,140,39142
96,141,39143
91,141,39144
92,142,39145
89,142,39146
87,142,39147
84,142,39148
81,140,39149
79,140,39150
76,138,39151
74,137,39152
70,133,39153
67,128,39154
66,128,39155
64,123,39156
64,125,39157
62,119,39158
61,118,39159
60,113,39160
60,106,39161
59,105,39162
60,98,39163
60,96,39164
61,90,39165
63,85,39166
62,86,39167
66,78,39168
67,76,39169
69,73,39170
72,69,39171
74,67,39172
81,62,39173
82,61,39174
88,58,39175
90,57,39176
94,56,39177
98,55,39178
102,54,39179
108,55,39180
114,56,39181
119,57,39182
123,59,39183
126,60,39184
133,65,39185
134,65,39186
139,70,39187
143,75,39188
147,81,39189
147,80,39190
151,88,39191
154,94,39192
155,98,39193
157,106,39194
158,112,39195
158,124,39196
158,129,39197
157,136,39198
157,138,39199
154,149,39200
153,152,39201
150,159,39202
149,161,39203
143,170,39204
140,174,39205
137,178,39206
128,186,39207
123,189,39208
116,193,39209
117,193,39210
106,197,39211
100,198,39212
95,199,39213
89,200,39214
73,197,39215
72,197,39216
65,195,39217
60,193,39218
49,186,39219
51,188,39220
42,181,39221
37,176,39222
30,168,39223
28,165,39224
24,159,39225
17,144,39226
15,139,39227
14,136,39228
12,127,39229
10,115,39230
10,103,39231
9,105,39232
12,81,39233
12,79,39234
13,74,39235
17,62,39236
23,49,39237
24,46,39238
34,32,39239
36,29,39240
44,21,39241
54,13,39242
52,14,39243
97,116,39244
97,117,39245
97,119,39246
96,119,39247
94,120,39248
94,121,39249
92,122,39250
91,122,39251
90,122,39252
89,122,39253
88,122,39254
86,121,39255
83,117,39256
82,116,39257
82,118,39258
82,121,39259
80,112,39260
79,113,39261
78,110,39262
78,106,39263
77,107,39264
77,105,39265
79,98,39266
78,99,39267
77,99,39268
80,93,39269
80,92,39270
83,88,39271
82,88,39272
88,83,39273
85,84,39274
88,82,39275
91,80,39276
95,78,39277
99,78,39278
99,77,39279
101,76,39280
110,78,39281
109,77,39282
112,78,39283
114,78,39284
120,82,39285
118,79,39286
124,84,39287
126,86,39288
129,89,39289
134,101,39290
133,95,39291
133,94,39292
137,108,39293
138,108,39294
139,112,39295
139,118,39296
140,120,39297
140,122,39298
140,125,39299
139,132,39300
135,143,39301
134,146,39302
133,149,39303
130,154,39304
132,152,39305
124,161,39306
121,164,39307
118,167,39308
116,169,39309
107,173,39310
106,174,39311
99,176,39312
93,177,39313
90,177,39314
89,178,39315
76,175,39316
75,175,39317
73,175,39318
68,173,39319
58,166,39320
57,166,39321
53,163,39322
46,155,39323
44,153,39324
38,142,39325
35,135,39326
36,141,39327
31,122,39328
30,116,39329
29,116,39330
29,105,39331
29,96,39332
28,102,39333
31,83,39334
32,79,39335
33,75,39336
34,71,39337
40,59,39338
46,50,39339
45,50,39340
54,40,39341
62,34,39342
62,33,39343
61,33,39344
86,22,39345
83,22,39346
92,20,39347
100,19,39348
109,19,39349
100,18,39350
119,20,39351
120,20,39352
134,25,39353
139,28,39354
146,32,39355
153,37,39356
157,41,39357
166,51,39358
166,50,39359
178,72,39360
180,75,39361
181,77,39362
185,90,39363
187,98,39364
188,97,39365
189,118,39366
189,131,39367
188,138,39368
187,147,39369
187,148,39370
94,111,39371
93,110,39372
92,109,39373
94,106,39374
95,104,39375
93,104,39376
94,103,39377
94,102,39378
96,100,39379
96,99,39380
100,99,39381
99,98,39382
102,98,39383
104,98,39384
105,98,39385
103,95,39386
110,101,39387
109,98,39388
112,101,39389
112,100,39390
115,104,39391
116,106,39392
117,105,39393
118,106,39394
119,110,39395
120,114,39396
121,114,39397
121,120,39398
122,117,39399
120,126,39400
120,129,39401
120,130,39402
120,132,39403
119,135,39404
113,142,39405
118,138,39406
112,144,39407
105,149,39408
107,149,39409
106,150,39410
106,151,39411
97,153,39412
99,154,39413
93,155,39414
90,155,39415
89,156,39416
78,152,39417
78,153,39418
78,154,39419
69,148,39420
70,150,39421
66,147,39422
63,144,39423
58,137,39424
57,136,39425
56,136,39426
52,127,39427
51,123,39428
50,120,39429
49,118,39430
48,111,39431
47,108,39432
49,93,39433
48,96,39434
49,89,39435
50,85,39436
56,72,39437
52,78,39438
59,66,39439
65,60,39440
60,63,39441
61,61,39442
75,51,39443
79,48,39444
80,47,39445
81,46,39446
97,42,39447
91,42,39448
100,41,39449
107,41,39450
110,41,39451
123,45,39452
130,48,39453
127,45,39454
135,50,39455
144,58,39456
141,54,39457
152,66,39458
156,73,39459
151,63,39460
157,72,39461
166,95,39462
167,97,39463
168,99,39464
169,107,39465
170,116,39466
171,119,39467
169,135,39468
169,137,39469
167,147,39470
164,157,39471
159,167,39472
161,165,39473
155,175,39474
145,187,39475
149,184,39476
139,194,39477
133,198,39478
128,202,39479
121,206,39480
113,209,39481
100,212,39482
103,212,39483
93,213,39484
78,212,39485
87,214,39486
63,208,39487
61,208,39488
49,202,39489
47,201,39490
40,196,39491
36,194,39492
25,181,39493
17,170,39494
14,166,39495
14,167,39496
8,154,39497
99,112,39498
100,112,39499
102,112,39500
102,115,39501
103,116,39502
104,116,39503
103,120,39504
105,118,39505
104,121,39506
104,122,39507
104,123,39508
103,125,39509
101,128,39510
100,129,39511
98,130,39512
101,130,39513
95,132,39514
95,133,39515
92,133,39516
92,134,39517
88,133,39518
86,133,39519
86,134,39520
83,133,39521
82,133,39522
77,128,39523
78,130,39524
75,127,39525
74,127,39526
72,123,39527
71,123,39528
69,117,39529
68,115,39530
67,113,39531
67,105,39532
66,109,39533
66,104,39534
69,93,39535
67,95,39536
69,90,39537
68,90,39538
73,82,39539
70,84,39540
74,79,39541
77,76,39542
81,72,39543
84,70,39544
84,69,39545
90,66,39546
95,65,39547
95,64,39548
98,63,39549
105,63,39550
110,64,39551
112,64,39552
108,62,39553
117,65,39554
124,69,39555
129,73,39556
130,72,39557
133,75,39558
135,77,39559
140,83,39560
145,94,39561
146,96,39562
147,97,39563
149,103,39564
150,108,39565
151,114,39566
150,128,39567
152,121,39568
152,125,39569
147,144,39570
145,150,39571
148,145,39572
145,153,39573
137,164,39574
142,159,39575
134,169,39576
127,176,39577
125,178,39578
115,184,39579
118,183,39580
112,186,39581
102,189,39582
96,190,39583
96,191,39584
89,191,39585
77,189,39586
76,190,39587
72,189,39588
60,183,39589
57,182,39590
51,178,39591
44,172,39592
38,165,39593
37,164,39594
34,161,39595
25,142,39596
25,144,39597
23,140,39598
19,124,39599
18,118,39600
17,112,39601
18,93,39602
16,103,39603
17,93,39604
21,75,39605
21,72,39606
22,69,39607
31,50,39608
35,44,39609
37,40,39610
41,35,39611
55,23,39612
51,25,39613
63,17,39614
70,13,39615
71,12,39616
88,7,39617
93,6,39618
93,5,39619
115,6,39620
121,7,39621
125,8,39622
128,8,39623
136,11,39624
95,115,39625
94,116,39626
93,117,39627
91,116,39628
90,114,39629
89,116,39630
88,114,39631
87,114,39632
86,112,39633
85,112,39634
85,108,39635
85,106,39636
84,107,39637
85,102,39638
86,99,39639
83,103,39640
86,97,39641
86,96,39642
88,94,39643
89,92,39644
89,91,39645
92,89,39646
94,88,39647
93,87,39648
96,86,39649
101,86,39650
99,84,39651
104,85,39652
106,85,39653
106,84,39654
113,87,39655
113,86,39656
117,89,39657
119,90,39658
120,91,39659
122,93,39660
125,97,39661
128,103,39662
128,102,39663
130,108,39664
131,109,39665
131,119,39666
132,112,39667
132,123,39668
132,126,39669
132,128,39670
130,135,39671
130,136,39672
129,140,39673
127,144,39674
125,148,39675
123,151,39676
120,154,39677
115,159,39678
113,161,39679
110,163,39680
106,165,39681
103,166,39682
96,168,39683
95,168,39684
90,169,39685
86,169,39686
80,168,39687
75,166,39688
68,163,39689
67,163,39690
63,161,39691
61,159,39692
55,154,39693
53,152,39694
47,143,39695
46,142,39696
41,130,39697
41,132,39698
38,121,39699
38,123,39700
37,105,39701
36,110,39702
35,105,39703
37,90,39704
39,82,39705
40,78,39706
40,77,39707
43,70,39708
47,62,39709
52,55,39710
53,53,39711
58,47,39712
60,45,39713
66,40,39714
74,35,39715
82,32,39716
86,30,39717
93,28,39718
102,28,39719
111,28,39720
109,27,39721
120,29,39722
125,31,39723
136,36,39724
139,37,39725
142,39,39726
152,47,39727
153,48,39728
160,56,39729
164,61,39730
169,70,39731
171,72,39732
174,79,39733
179,95,39734
180,101,39735
181,106,39736
182,115,39737
182,127,39738
179,145,39739
181,142,39740
176,158,39741
174,165,39742
173,167,39743
163,185,39744
161,188,39745
156,195,39746
151,200,39747
146,205,39748
138,211,39749
132,215,39750
120,221,39751
96,110,39752
96,109,39753
96,107,39754
98,106,39755
100,105,39756
101,105,39757
101,104,39758
103,104,39759
105,105,39760
106,105,39761
107,106,39762
108,105,39763
110,109,39764
111,111,39765
112,112,39766
112,107,39767
113,115,39768
114,115,39769
114,119,39770
114,122,39771
114,124,39772
114,125,39773
112,130,39774
113,129,39775
113,131,39776
111,134,39777
108,137,39778
107,139,39779
108,139,39780
101,143,39781
102,143,39782
99,145,39783
97,146,39784
95,147,39785
87,146,39786
87,147,39787
86,147,39788
81,145,39789
78,144,39790
75,143,39791
74,143,39792
69,138,39793
70,140,39794
67,137,39795
64,133,39796
62,131,39797
58,118,39798
58,122,39799
57,122,39800
56,110,39801
55,111,39802
55,102,39803
55,100,39804
55,97,39805
56,92,39806
56,89,39807
58,84,39808
63,75,39809
63,74,39810
66,69,39811
68,66,39812
71,63,39813
78,58,39814
81,56,39815
84,54,39816
88,52,39817
95,51,39818
96,50,39819
102,49,39820
109,50,39821
111,50,39822
114,50,39823
124,54,39824
125,54,39825
132,58,39826
136,61,39827
144,69,39828
144,68,39829
147,72,39830
151,78,39831
154,82,39832
159,98,39833
160,100,39834
160,96,39835
162,111,39836
163,118,39837
163,125,39838
162,133,39839
161,140,39840
162,138,39841
156,156,39842
155,159,39843
153,163,39844
152,166,39845
142,179,39846
135,186,39847
136,186,39848
128,192,39849
119,197,39850
118,198,39851
115,200,39852
99,203,39853
97,204,39854
90,205,39855
82,204,39856
78,204,39857
70,202,39858
61,199,39859
54,196,39860
48,192,39861
43,188,39862
33,179,39863
28,173,39864
23,166,39865
20,161,39866
19,160,39867
11,139,39868
10,137,39869
7,127,39870
6,116,39871
5,110,39872
5,100,39873
6,89,39874
8,76,39875
10,69,39876
12,62,39877
14,56,39878
98,114,39879
99,115,39880
100,117,39881
99,119,39882
97,121,39883
98,122,39884
97,123,39885
97,124,39886
96,125,39887
95,126,39888
91,125,39889
91,126,39890
89,126,39891
88,126,39892
87,126,39893
87,128,39894
82,122,39895
82,124,39896
80,121,39897
79,122,39898
77,117,39899
76,116,39900
75,113,39901
75,115,39902
74,112,39903
73,108,39904
74,101,39905
74,99,39906
73,101,39907
75,94,39908
75,93,39909
76,90,39910
76,89,39911
78,86,39912
83,81,39913
82,81,39914
85,78,39915
92,75,39916
93,74,39917
95,73,39918
92,73,39919
101,72,39920
99,71,39921
103,71,39922
112,73,39923
112,72,39924
120,77,39925
119,75,39926
122,76,39927
130,85,39928
129,82,39929
133,87,39930
134,88,39931
138,96,39932
138,95,39933
140,98,39934
141,101,39935
143,113,39936
144,116,39937
144,121,39938
145,121,39939
144,128,39940
142,136,39941
141,141,39942
139,147,39943
139,148,39944
131,160,39945
134,157,39946
129,163,39947
121,170,39948
126,168,39949
121,172,39950
107,178,39951
102,180,39952
101,181,39953
103,181,39954
89,182,39955
83,182,39956
86,183,39957
74,180,39958
69,179,39959
61,174,39960
55,170,39961
60,175,39962
49,166,39963
43,158,39964
47,165,39965
36,149,39966
32,140,39967
31,140,39968
29,136,39969
26,118,39970
25,116,39971
24,112,39972
24,103,39973
25,91,39974
25,88,39975
29,74,39976
30,70,39977
32,64,39978
35,58,39979
45,44,39980
42,46,39981
54,34,39982
60,29,39983
56,31,39984
66,24,39985
75,20,39986
76,19,39987
89,15,39988
95,14,39989
108,14,39990
112,14,39991
115,14,39992
126,17,39993
126,16,39994
143,25,39995
143,24,39996
155,33,39997
160,37,39998
166,43,39999
163,38,40000
179,63,40001
185,76,40002
186,77,40003
186,76,40004
190,90,40005
95,113,40006
92,112,40007
91,112,40008
91,109,40009
91,107,40010
90,108,40011
90,106,40012
89,105,40013
90,103,40014
90,102,40015
92,99,40016
93,98,40017
93,97,40018
97,96,40019
97,95,40020
95,94,40021
100,93,40022
100,92,40023
104,93,40024
104,92,40025
110,95,40026
109,94,40027
111,94,40028
111,93,40029
114,96,40030
118,101,40031
118,99,40032
121,105,40033
121,103,40034
123,110,40035
123,107,40036
124,112,40037
125,115,40038
125,119,40039
124,127,40040
127,119,40041
124,131,40042
121,137,40043
123,135,40044
120,141,40045
120,142,40046
115,147,40047
119,145,40048
113,150,40049
113,151,40050
109,154,40051
101,157,40052
102,158,40053
99,159,40054
91,160,40055
92,161,40056
84,160,40057
83,160,40058
77,158,40059
72,156,40060
75,159,40061
68,154,40062
65,152,40063
60,147,40064
58,146,40065
54,140,40066
52,137,40067
51,136,40068
46,121,40069
45,119,40070
44,116,40071
44,106,40072
43,109,40073
43,103,40074
46,86,40075
43,95,40076
44,87,40077
53,69,40078
51,71,40079
53,66,40080
52,67,40081
66,52,40082
58,58,40083
68,49,40084
75,44,40085
81,41,40086
88,39,40087
85,39,40088
92,37,40089
100,36,40090
107,36,40091
106,35,40092
119,38,40093
129,42,40094
128,40,40095
132,42,40096
145,52,40097
147,53,40098
150,56,40099
155,62,40100
162,73,40101
165,78,40102
166,79,40103
172,101,40104
172,99,40105
172,95,40106
174,125,40107
175,118,40108
175,123,40109
171,147,40110
174,139,40111
172,148,40112
167,161,40113
168,161,40114
160,176,40115
155,183,40116
143,196,40117
148,192,40118
137,202,40119
128,207,40120
130,207,40121
113,214,40122
112,215,40123
104,217,40124
92,218,40125
81,218,40126
84,219,40127
67,215,40128
54,210,40129
53,210,40130
51,210,40131
39,202,40132
98,111,40133
99,110,40134
100,109,40135
102,111,40136
103,111,40137
104,110,40138
105,113,40139
106,113,40140
107,114,40141
107,116,40142
107,120,40143
108,120,40144
109,120,40145
107,124,40146
106,127,40147
108,126,40148
104,130,40149
104,131,40150
103,132,40151
101,134,40152
101,135,40153
99,136,40154
96,137,40155
95,138,40156
94,139,40157
90,139,40158
88,139,40159
85,138,40160
85,139,40161
81,137,40162
78,136,40163
77,136,40164
72,130,40165
72,131,40166
69,127,40167
68,126,40168
66,122,40169
65,118,40170
64,118,40171
63,111,40172
62,112,40173
63,101,40174
61,107,40175
62,98,40176
64,91,40177
64,89,40178
68,82,40179
66,84,40180
68,80,40181
73,74,40182
73,73,40183
75,70,40184
80,66,40185
83,64,40186
90,61,40187
88,61,40188
94,59,40189
99,58,40190
108,59,40191
108,58,40192
111,58,40193
114,59,40194
118,60,40195
126,64,40196
130,67,40197
133,69,40198
136,71,40199
138,73,40200
145,83,40201
146,84,40202
148,88,40203
150,92,40204
154,108,40205
154,105,40206
155,112,40207
156,115,40208
154,134,40209
157,122,40210
155,134,40211
152,145,40212
151,149,40213
145,161,40214
148,157,40215
142,167,40216
136,174,40217
131,179,40218
128,182,40219
122,186,40220
121,187,40221
114,191,40222
105,194,40223
97,195,40224
95,196,40225
85,196,40226
80,195,40227
73,194,40228
68,193,40229
63,191,40230
52,184,40231
46,180,40232
44,179,40233
41,176,40234
32,165,40235
31,164,40236
24,153,40237
21,146,40238
20,144,40239
16,132,40240
15,129,40241
13,116,40242
12,107,40243
13,95,40244
12,97,40245
15,78,40246
21,61,40247
18,66,40248
24,53,40249
26,49,40250
32,39,40251
39,31,40252
44,25,40253
43,25,40254
55,16,40255
63,11,40256
68,8,40257
81,3,40258
84,2,40259
97,115,40260
96,116,40261
96,118,40262
93,119,40263
91,118,40264
91,120,40265
90,120,40266
89,119,40267
88,119,40268
86,118,40269
85,118,40270
84,116,40271
83,114,40272
82,112,40273
81,111,40274
81,115,40275
81,106,40276
80,107,40277
81,101,40278
80,102,40279
80,100,40280
82,95,40281
84,92,40282
82,93,40283
83,91,40284
88,87,40285
88,86,40286
89,85,40287
91,83,40288
95,82,40289
96,81,40290
98,80,40291
102,80,40292
106,80,40293
107,80,40294
107,79,40295
112,81,40296
116,83,40297
119,85,40298
122,87,40299
122,86,40300
126,91,40301
128,92,40302
130,96,40303
133,102,40304
132,98,40305
135,113,40306
136,112,40307
136,118,40308
137,120,40309
137,123,40310
136,131,40311
136,133,40312
134,139,40313
133,142,40314
133,143,40315
130,149,40316
125,155,40317
123,158,40318
121,161,40319
115,165,40320
115,166,40321
109,169,40322
100,172,40323
97,173,40324
99,173,40325
90,174,40326
85,174,40327
80,173,40328
76,172,40329
70,170,40330
66,168,40331
61,165,40332
57,162,40333
53,159,40334
51,157,40335
44,147,40336
44,148,40337
40,141,40338
37,134,40339
35,129,40340
33,116,40341
32,113,40342
32,100,40343
31,102,40344
32,94,40345
32,90,40346
36,76,40347
35,77,40348
40,65,40349
41,63,40350
48,52,40351
51,48,40352
52,46,40353
60,39,40354
70,32,40355
75,29,40356
70,31,40357
91,24,40358
93,23,40359
89,23,40360
105,22,40361
109,22,40362
116,23,40363
129,27,40364
131,27,40365
138,31,40366
141,32,40367
149,38,40368
155,43,40369
164,53,40370
169,60,40371
172,65,40372
175,70,40373
181,86,40374
181,84,40375
185,106,40376
186,109,40377
186,125,40378
187,121,40379
186,135,40380
185,142,40381
181,158,40382
182,156,40383
176,171,40384
173,178,40385
171,182,40386
96,112,40387
94,109,40388
94,107,40389
96,105,40390
97,104,40391
96,103,40392
97,102,40393
98,101,40394
99,101,40395
100,100,40396
103,101,40397
104,100,40398
106,101,40399
108,102,40400
109,102,40401
112,106,40402
108,99,40403
113,105,40404
114,108,40405
114,105,40406
116,111,40407
117,113,40408
118,114,40409
118,117,40410
119,116,40411
118,124,40412
118,125,40413
118,127,40414
117,131,40415
115,134,40416
114,137,40417
114,138,40418
113,140,40419
111,142,40420
105,146,40421
109,145,40422
103,148,40423
96,150,40424
97,151,40425
94,152,40426
90,152,40427
85,151,40428
88,153,40429
81,151,40430
76,149,40431
76,150,40432
67,142,40433
69,145,40434
68,145,40435
59,132,40436
60,136,40437
58,133,40438
56,129,40439
54,123,40440
52,117,40441
52,121,40442
51,109,40443
50,107,40444
51,98,40445
52,91,40446
50,97,40447
52,87,40448
55,80,40449
59,72,40450
59,71,40451
60,69,40452
68,60,40453
67,60,40454
72,56,40455
79,52,40456
78,51,40457
81,49,40458
95,46,40459
98,45,40460
100,44,40461
103,44,40462
119,47,40463
115,45,40464
119,46,40465
130,51,40466
134,53,40467
142,60,40468
148,67,40469
144,60,40470
152,71,40471
157,80,40472
155,74,40473
162,90,40474
165,103,40475
164,95,40476
165,97,40477
167,116,40478
168,120,40479
168,122,40480
165,142,40481
165,144,40482
163,152,40483
158,163,40484
153,172,40485
154,171,40486
149,179,40487
135,192,40488
143,186,40489
131,196,40490
124,200,40491
122,202,40492
118,204,40493
103,208,40494
101,209,40495
94,210,40496
79,209,40497
78,209,40498
72,208,40499
65,206,40500
52,200,40501
54,202,40502
34,186,40503
33,186,40504
25,177,40505
20,170,40506
19,169,40507
17,167,40508
7,142,40509
4,131,40510
3,129,40511
3,131,40512
1,115,40513
99,113,40514
100,113,40515
101,114,40516
101,117,40517
101,119,40518
103,118,40519
102,120,40520
102,122,40521
101,124,40522
101,125,40523
100,126,40524
99,127,40525
97,128,40526
95,129,40527
93,130,40528
96,131,40529
89,130,40530
90,131,40531
86,130,40532
86,131,40533
82,128,40534
82,129,40535
80,128,40536
79,128,40537
76,124,40538
74,120,40539
74,123,40540
72,117,40541
71,116,40542
70,112,40543
70,107,40544
69,109,40545
69,105,40546
69,101,40547
71,94,40548
69,96,40549
70,93,40550
76,84,40551
73,86,40552
77,81,40553
76,80,40554
84,74,40555
80,75,40556
86,72,40557
92,69,40558
93,68,40559
102,68,40560
100,67,40561
100,66,40562
108,67,40563
108,66,40564
115,68,40565
116,68,40566
123,72,40567
126,74,40568
124,71,40569
131,77,40570
135,82,40571
138,87,40572
140,88,40573
143,96,40574
143,94,40575
147,111,40576
146,101,40577
148,114,40578
148,125,40579
148,126,40580
149,126,40581
147,136,40582
141,151,40583
146,142,40584
145,147,40585
133,164,40586
133,165,40587
134,165,40588
131,169,40589
123,175,40590
124,176,40591
115,181,40592
108,184,40593
102,186,40594
96,187,40595
89,187,40596
91,188,40597
80,187,40598
73,185,40599
72,186,40600
59,179,40601
55,176,40602
53,176,40603
50,174,40604
40,162,40605
38,161,40606
36,158,40607
30,148,40608
26,138,40609
25,136,40610
24,135,40611
21,114,40612
20,113,40613
19,109,40614
21,89,40615
20,92,40616
22,81,40617
29,62,40618
24,71,40619
30,57,40620
35,49,40621
36,46,40622
42,39,40623
48,32,40624
58,24,40625
57,24,40626
65,19,40627
79,13,40628
83,11,40629
97,9,40630
109,9,40631
104,8,40632
116,9,40633
121,10,40634
120,9,40635
140,17,40636
154,26,40637
152,24,40638
152,23,40639
168,38,40640
94,114,40641
93,115,40642
92,116,40643
91,114,40644
90,111,40645
89,111,40646
88,111,40647
87,110,40648
86,109,40649
86,107,40650
87,103,40651
87,102,40652
86,102,40653
89,98,40654
89,97,40655
87,97,40656
93,93,40657
91,93,40658
94,91,40659
95,90,40660
97,89,40661
100,89,40662
100,88,40663
100,87,40664
103,87,40665
108,89,40666
107,87,40667
113,91,40668
114,90,40669
116,92,40670
118,93,40671
119,93,40672
122,98,40673
124,100,40674
126,104,40675
126,103,40676
128,110,40677
128,118,40678
129,117,40679
130,118,40680
130,121,40681
128,130,40682
131,124,40683
127,136,40684
128,135,40685
126,140,40686
120,148,40687
123,146,40688
120,150,40689
116,154,40690
114,156,40691
109,160,40692
107,161,40693
102,163,40694
98,164,40695
98,165,40696
92,166,40697
85,165,40698
77,163,40699
80,165,40700
72,162,40701
71,162,40702
69,161,40703
59,153,40704
57,151,40705
53,147,40706
51,145,40707
48,139,40708
47,138,40709
43,129,40710
41,122,40711
40,119,40712
39,109,40713
39,103,40714
38,104,40715
38,102,40716
43,81,40717
39,90,40718
42,79,40719
47,68,40720
52,60,40721
51,61,40722
54,56,40723
63,47,40724
64,46,40725
73,40,40726
69,41,40727
80,36,40728
87,33,40729
89,32,40730
97,31,40731
109,31,40732
112,31,40733
115,31,40734
124,34,40735
132,37,40736
134,38,40737
140,41,40738
150,50,40739
154,54,40740
153,51,40741
164,67,40742
167,72,40743
170,78,40744
173,85,40745
175,91,40746
177,100,40747
179,111,40748
179,117,40749
180,121,40750
178,138,40751
176,147,40752
176,151,40753
172,162,40754
165,175,40755
168,172,40756
160,184,40757
154,192,40758
150,197,40759
143,203,40760
134,210,40761
132,212,40762
120,217,40763
109,221,40764
110,221,40765
100,223,40766
92,224,40767
97,110,40768
98,108,40769
99,107,40770
101,107,40771
102,107,40772
103,107,40773
104,107,40774
105,108,40775
107,109,40776
108,110,40777
109,112,40778
109,110,40779
110,113,40780
111,115,40781
111,118,40782
112,117,40783
112,121,40784
112,122,40785
111,126,40786
111,127,40787
110,130,40788
109,132,40789
107,134,40790
107,135,40791
106,137,40792
104,138,40793
101,140,40794
100,141,40795
99,142,40796
93,143,40797
93,144,40798
90,144,40799
88,144,40800
83,143,40801
80,142,40802
79,142,40803
76,140,40804
72,137,40805
69,134,40806
67,132,40807
66,131,40808
63,126,40809
62,125,40810
61,121,40811
59,115,40812
59,117,40813
58,106,40814
58,101,40815
58,99,40816
58,97,40817
58,95,40818
59,90,40819
62,82,40820
62,81,40821
63,79,40822
66,74,40823
70,69,40824
75,64,40825
76,63,40826
78,61,40827
85,57,40828
90,55,40829
93,54,40830
98,53,40831
103,53,40832
109,53,40833
111,53,40834
116,54,40835
121,56,40836
124,57,40837
129,60,40838
135,64,40839
138,67,40840
143,72,40841
144,73,40842
150,82,40843
153,88,40844
154,90,40845
156,95,40846
158,103,40847
159,106,40848
160,119,40849
160,124,40850
160,128,40851
159,137,40852
158,141,40853
155,152,40854
152,158,40855
151,161,40856
147,168,40857
145,171,40858
138,179,40859
131,186,40860
130,187,40861
124,191,40862
117,195,40863
112,197,40864
102,200,40865
93,201,40866
86,201,40867
82,201,40868
75,200,40869
74,200,40870
60,195,40871
58,194,40872
49,189,40873
44,185,40874
38,180,40875
35,177,40876
27,167,40877
22,159,40878
18,151,40879
14,141,40880
13,138,40881
10,126,40882
9,121,40883
8,106,40884
8,99,40885
9,87,40886
11,76,40887
11,75,40888
13,68,40889
18,55,40890
24,43,40891
30,34,40892
33,30,40893
37,25,40894
98,115,40895
98,117,40896
99,117,40897
96,120,40898
95,121,40899
95,122,40900
94,122,40901
93,123,40902
92,124,40903
91,124,40904
89,123,40905
88,124,40906
85,121,40907
84,121,40908
83,121,40909
84,124,40910
80,115,40911
80,118,40912
78,113,40913
78,116,40914
77,110,40915
76,109,40916
77,102,40917
76,104,40918
75,103,40919
76,100,40920
77,96,40921
78,93,40922
79,90,40923
82,87,40924
81,87,40925
84,83,40926
85,82,40927
86,81,40928
92,78,40929
91,77,40930
96,76,40931
103,76,40932
102,75,40933
106,75,40934
109,75,40935
112,76,40936
110,74,40937
116,77,40938
122,81,40939
122,80,40940
131,92,40941
130,88,40942
131,88,40943
136,100,40944
135,95,40945
138,102,40946
139,104,40947
140,112,40948
141,114,40949
141,119,40950
142,121,40951
140,131,40952
140,133,40953
138,141,40954
138,142,40955
138,143,40956
132,154,40957
128,159,40958
127,161,40959
125,164,40960
116,170,40961
119,169,40962
112,173,40963
101,177,40964
105,177,40965
102,178,40966
89,179,40967
88,179,40968
82,179,40969
80,179,40970
70,175,40971
66,174,40972
65,174,40973
55,167,40974
53,166,40975
45,156,40976
42,152,40977
44,157,40978
35,140,40979
32,132,40980
33,138,40981
29,123,40982
28,115,40983
27,113,40984
27,104,40985
27,98,40986
28,89,40987
29,82,40988
34,68,40989
35,65,40990
35,64,40991
41,54,40992
48,45,40993
49,43,40994
50,41,40995
64,30,40996
66,28,40997
73,24,40998
81,21,40999
82,20,41000
90,18,41001
101,17,41002
103,16,41003
112,17,41004
125,20,41005
131,22,41006
136,24,41007
145,29,41008
152,34,41009
153,34,41010
169,53,41011
169,52,41012
175,61,41013
179,68,41014
182,75,41015
182,72,41016
189,102,41017
190,107,41018
191,114,41019
191,119,41020
191,132,41021
95,112,41022
93,111,41023
92,110,41024
92,107,41025
93,106,41026
91,106,41027
92,104,41028
92,102,41029
94,101,41030
94,100,41031
97,98,41032
97,97,41033
99,97,41034
101,96,41035
103,96,41036
100,94,41037
105,96,41038
106,95,41039
110,98,41040
110,97,41041
113,100,41042
115,102,41043
115,100,41044
116,100,41045
118,104,41046
120,109,41047
120,106,41048
121,115,41049
122,113,41050
122,120,41051
122,123,41052
123,123,41053
123,124,41054
123,126,41055
119,136,41056
123,130,41057
118,139,41058
112,145,41059
115,144,41060
111,148,41061
111,149,41062
103,153,41063
106,153,41064
100,155,41065
98,156,41066
96,157,41067
87,156,41068
88,157,41069
88,158,41070
77,154,41071
76,155,41072
74,154,41073
69,151,41074
64,147,41075
62,145,41076
63,148,41077
56,138,41078
54,135,41079
52,130,41080
51,130,41081
49,123,41082
47,117,41083
47,106,41084
46,107,41085
46,99,41086
46,97,41087
50,82,41088
47,88,41089
50,80,41090
58,66,41091
52,73,41092
53,70,41093
65,57,41094
70,52,41095
69,52,41096
71,50,41097
81,45,41098
78,45,41099
86,42,41100
95,40,41101
99,39,41102
111,40,41103
117,41,41104
113,39,41105
123,42,41106
134,48,41107
129,44,41108
140,52,41109
149,61,41110
143,53,41111
151,61,41112
158,72,41113
163,81,41114
163,80,41115
166,88,41116
169,99,41117
171,107,41118
171,105,41119
172,120,41120
172,125,41121
172,130,41122
167,152,41123
169,148,41124
167,154,41125
158,172,41126
161,169,41127
155,179,41128
146,189,41129
143,193,41130
137,198,41131
130,203,41132
120,208,41133
117,210,41134
110,212,41135
97,214,41136
98,215,41137
80,214,41138
76,214,41139
71,213,41140
63,211,41141
56,208,41142
52,207,41143
36,195,41144
31,190,41145
29,189,41146
29,190,41147
18,176,41148
97,112,41149
100,111,41150
101,111,41151
103,113,41152
103,115,41153
104,114,41154
105,116,41155
106,116,41156
105,119,41157
106,119,41158
105,122,41159
105,124,41160
104,126,41161
103,128,41162
102,129,41163
104,129,41164
98,132,41165
99,133,41166
96,134,41167
96,135,41168
91,135,41169
90,135,41170
90,136,41171
88,136,41172
86,136,41173
81,133,41174
82,135,41175
77,130,41176
78,133,41177
73,127,41178
72,127,41179
71,125,41180
69,121,41181
68,121,41182
67,117,41183
66,114,41184
65,111,41185
66,100,41186
65,100,41187
65,99,41188
64,101,41189
68,89,41190
65,92,41191
69,84,41192
71,81,41193
73,78,41194
79,72,41195
79,71,41196
77,72,41197
87,66,41198
87,65,41199
90,64,41200
95,62,41201
101,62,41202
102,61,41203
102,60,41204
110,61,41205
118,64,41206
120,65,41207
122,65,41208
126,67,41209
130,70,41210
133,73,41211
137,77,41212
143,86,41213
142,83,41214
145,88,41215
148,95,41216
150,102,41217
151,104,41218
152,111,41219
153,113,41220
152,128,41221
151,136,41222
153,130,41223
151,141,41224
146,152,41225
148,151,41226
144,158,41227
138,167,41228
136,170,41229
131,175,41230
127,179,41231
124,181,41232
116,186,41233
109,189,41234
108,190,41235
103,191,41236
87,192,41237
92,193,41238
84,193,41239
72,190,41240
73,191,41241
64,188,41242
59,185,41243
52,181,41244
45,175,41245
44,175,41246
34,162,41247
30,157,41248
33,163,41249
25,148,41250
21,138,41251
19,132,41252
17,124,41253
16,117,41254
15,110,41255
16,92,41256
15,96,41257
17,81,41258
20,72,41259
24,60,41260
24,59,41261
28,51,41262
39,36,41263
37,37,41264
48,26,41265
50,24,41266
53,21,41267
70,11,41268
74,9,41269
75,8,41270
93,4,41271
98,3,41272
105,3,41273
113,3,41274
119,4,41275
96,114,41276
95,116,41277
94,118,41278
92,118,41279
90,115,41280
89,117,41281
88,116,41282
87,116,41283
86,114,41284
85,114,41285
84,112,41286
84,110,41287
83,109,41288
83,106,41289
83,104,41290
82,105,41291
83,101,41292
83,100,41293
84,97,41294
85,95,41295
85,94,41296
87,91,41297
90,89,41298
89,88,41299
91,87,41300
96,85,41301
95,84,41302
101,84,41303
101,83,41304
102,82,41305
106,83,41306
105,82,41307
113,85,41308
112,84,41309
116,86,41310
118,87,41311
121,90,41312
125,95,41313
127,97,41314
128,99,41315
129,99,41316
131,104,41317
131,103,41318
133,112,41319
134,114,41320
134,119,41321
134,122,41322
133,129,41323
133,132,41324
132,136,41325
131,139,41326
129,144,41327
127,148,41328
125,151,41329
122,155,41330
121,157,41331
116,161,41332
113,163,41333
110,165,41334
104,168,41335
99,169,41336
98,170,41337
93,171,41338
85,170,41339
78,169,41340
76,169,41341
73,168,41342
70,167,41343
62,162,41344
60,161,41345
53,154,41346
52,153,41347
47,146,41348
47,147,41349
41,135,41350
41,137,41351
37,124,41352
36,121,41353
35,116,41354
34,109,41355
34,104,41356
35,93,41357
35,91,41358
37,82,41359
38,77,41360
42,68,41361
42,67,41362
49,56,41363
51,52,41364
55,48,41365
61,42,41366
66,38,41367
71,35,41368
77,31,41369
86,28,41370
90,27,41371
95,26,41372
102,25,41373
111,26,41374
118,27,41375
120,27,41376
129,30,41377
137,34,41378
144,38,41379
149,42,41380
154,46,41381
160,53,41382
165,59,41383
167,62,41384
172,71,41385
176,80,41386
178,85,41387
182,102,41388
183,107,41389
183,123,41390
184,118,41391
182,140,41392
182,143,41393
180,152,41394
177,161,41395
172,173,41396
173,172,41397
164,187,41398
160,193,41399
153,201,41400
145,208,41401
143,210,41402
96,111,41403
95,109,41404
95,107,41405
97,106,41406
98,105,41407
99,104,41408
101,103,41409
101,102,41410
103,103,41411
103,102,41412
105,103,41413
107,103,41414
109,106,41415
110,107,41416
111,108,41417
110,103,41418
113,112,41419
114,112,41420
115,114,41421
115,118,41422
116,118,41423
116,120,41424
115,124,41425
116,124,41426
117,123,41427
114,131,41428
113,133,41429
112,135,41430
112,136,41431
107,141,41432
108,141,41433
104,144,41434
103,145,41435
101,146,41436
94,147,41437
98,148,41438
92,149,41439
86,148,41440
87,149,41441
83,148,41442
81,148,41443
74,144,41444
75,146,41445
71,143,41446
66,138,41447
66,139,41448
62,134,41449
59,125,41450
59,130,41451
56,118,41452
55,118,41453
54,115,41454
54,108,41455
53,107,41456
53,104,41457
53,98,41458
55,89,41459
56,85,41460
58,80,41461
59,78,41462
60,75,41463
61,73,41464
68,64,41465
74,59,41466
73,59,41467
76,56,41468
85,52,41469
86,51,41470
89,50,41471
98,48,41472
102,48,41473
103,47,41474
115,49,41475
116,49,41476
121,50,41477
126,52,41478
133,57,41479
137,59,41480
139,61,41481
146,68,41482
145,66,41483
156,85,41484
156,84,41485
156,81,41486
161,98,41487
163,106,41488
163,102,41489
164,119,41490
165,121,41491
165,126,41492
163,138,41493
162,144,41494
161,148,41495
160,152,41496
155,163,41497
149,173,41498
150,173,41499
138,186,41500
133,190,41501
134,190,41502
131,193,41503
114,201,41504
111,203,41505
107,204,41506
96,206,41507
95,207,41508
80,206,41509
78,206,41510
76,206,41511
63,202,41512
55,198,41513
48,194,41514
41,189,41515
36,185,41516
28,176,41517
30,179,41518
18,160,41519
15,155,41520
12,149,41521
9,140,41522
6,129,41523
8,141,41524
4,110,41525
3,103,41526
4,91,41527
4,89,41528
5,81,41529
99,114,41530
100,115,41531
100,116,41532
100,118,41533
98,121,41534
100,121,41535
99,122,41536
99,123,41537
98,125,41538
97,126,41539
94,126,41540
94,127,41541
92,128,41542
91,128,41543
87,127,41544
91,130,41545
84,126,41546
84,127,41547
82,125,41548
81,125,41549
78,121,41550
77,120,41551
76,120,41552
75,119,41553
74,116,41554
73,112,41555
72,112,41556
72,106,41557
71,108,41558
72,102,41559
72,99,41560
72,97,41561
72,96,41562
73,92,41563
78,85,41564
75,87,41565
79,82,41566
84,78,41567
84,77,41568
87,75,41569
85,75,41570
95,72,41571
93,71,41572
98,70,41573
103,70,41574
105,69,41575
113,72,41576
114,71,41577
113,70,41578
120,74,41579
122,74,41580
126,77,41581
128,79,41582
133,85,41583
136,88,41584
136,87,41585
138,90,41586
143,106,41587
144,109,41588
144,104,41589
145,113,41590
146,115,41591
145,126,41592
145,131,41593
145,132,41594
143,141,41595
139,150,41596
141,148,41597
137,155,41598
130,163,41599
134,161,41600
134,162,41601
117,175,41602
118,175,41603
116,177,41604
113,179,41605
103,182,41606
103,183,41607
96,184,41608
85,184,41609
81,184,41610
75,182,41611
67,179,41612
68,181,41613
59,176,41614
51,169,41615
55,174,41616
45,164,41617
37,153,41618
41,161,41619
35,152,41620
28,134,41621
27,133,41622
25,127,41623
24,121,41624
23,112,41625
22,108,41626
23,95,41627
24,87,41628
25,80,41629
26,76,41630
32,62,41631
30,64,41632
36,53,41633
45,41,41634
42,43,41635
49,35,41636
62,25,41637
58,27,41638
66,22,41639
74,18,41640
86,14,41641
83,14,41642
97,12,41643
109,12,41644
109,11,41645
125,15,41646
133,17,41647
141,21,41648
148,25,41649
156,31,41650
155,29,41651
170,46,41652
171,47,41653
178,57,41654
179,57,41655
185,70,41656
94,113,41657
92,113,41658
92,114,41659
91,111,41660
91,108,41661
89,108,41662
89,107,41663
88,107,41664
88,105,41665
89,102,41666
89,101,41667
90,100,41668
90,98,41669
94,96,41670
94,95,41671
92,95,41672
97,93,41673
97,92,41674
101,92,41675
100,91,41676
106,92,41677
107,92,41678
107,91,41679
107,90,41680
110,91,41681
115,96,41682
114,93,41683
119,99,41684
118,96,41685
121,101,41686
122,102,41687
124,107,41688
125,109,41689
126,111,41690
126,119,41691
127,114,41692
127,123,41693
125,130,41694
126,130,41695
125,134,41696
125,135,41697
121,142,41698
125,138,41699
118,147,41700
118,148,41701
114,152,41702
108,156,41703
111,155,41704
108,157,41705
99,160,41706
100,161,41707
96,162,41708
90,162,41709
82,161,41710
84,162,41711
83,163,41712
75,160,41713
70,157,41714
68,156,41715
68,157,41716
60,150,41717
56,146,41718
54,144,41719
50,136,41720
47,130,41721
46,129,41722
44,123,41723
43,119,41724
42,113,41725
42,103,41726
41,106,41727
41,98,41728
44,86,41729
47,77,41730
45,79,41731
46,76,41732
55,62,41733
50,67,41734
57,57,41735
63,51,41736
64,50,41737
74,43,41738
76,41,41739
80,39,41740
89,36,41741
95,35,41742
94,34,41743
103,34,41744
117,36,41745
114,34,41746
122,36,41747
130,40,41748
135,42,41749
140,45,41750
146,50,41751
152,56,41752
157,62,41753
160,65,41754
168,82,41755
169,83,41756
169,81,41757
173,96,41758
175,104,41759
176,110,41760
176,121,41761
177,120,41762
177,124,41763
173,148,41764
174,147,41765
172,154,41766
166,168,41767
161,177,41768
163,175,41769
155,187,41770
142,199,41771
146,197,41772
129,209,41773
126,211,41774
123,213,41775
107,218,41776
108,218,41777
102,220,41778
86,220,41779
76,219,41780
70,218,41781
71,219,41782
61,216,41783
98,110,41784
99,109,41785
100,108,41786
102,109,41787
103,109,41788
104,109,41789
105,111,41790
106,111,41791
107,112,41792
108,113,41793
108,117,41794
109,117,41795
109,118,41796
109,121,41797
108,124,41798
110,122,41799
107,128,41800
107,129,41801
106,131,41802
105,132,41803
105,133,41804
104,135,41805
100,137,41806
99,138,41807
98,139,41808
95,140,41809
94,141,41810
89,140,41811
89,141,41812
84,140,41813
83,140,41814
82,140,41815
77,137,41816
75,136,41817
73,134,41818
70,131,41819
70,132,41820
66,125,41821
65,125,41822
63,117,41823
63,120,41824
62,107,41825
61,114,41826
60,109,41827
61,99,41828
61,96,41829
62,93,41830
62,91,41831
63,87,41832
67,79,41833
67,78,41834
69,75,41835
72,71,41836
74,69,41837
77,66,41838
81,63,41839
86,60,41840
89,59,41841
92,58,41842
95,57,41843
99,56,41844
107,56,41845
109,56,41846
117,58,41847
122,60,41848
123,60,41849
128,63,41850
129,63,41851
137,70,41852
138,70,41853
143,77,41854
145,79,41855
150,89,41856
151,90,41857
154,99,41858
155,101,41859
156,125,41860
157,113,41861
158,119,41862
157,128,41863
156,137,41864
155,141,41865
154,146,41866
149,158,41867
148,160,41868
146,164,41869
142,170,41870
136,177,41871
131,182,41872
129,184,41873
123,188,41874
112,193,41875
111,194,41876
101,197,41877
95,198,41878
88,198,41879
82,198,41880
81,198,41881
67,194,41882
64,193,41883
61,192,41884
49,185,41885
43,180,41886
40,178,41887
34,171,41888
31,167,41889
25,158,41890
21,151,41891
20,149,41892
15,135,41893
14,131,41894
12,122,41895
11,112,41896
10,105,41897
12,89,41898
11,88,41899
16,69,41900
16,68,41901
18,62,41902
23,51,41903
30,39,41904
34,33,41905
44,23,41906
42,24,41907
53,15,41908
62,9,41909
67,6,41910
97,114,41911
97,117,41912
97,118,41913
95,119,41914
93,120,41915
93,121,41916
92,121,41917
90,121,41918
89,121,41919
87,120,41920
86,120,41921
85,120,41922
83,116,41923
82,115,41924
81,114,41925
81,118,41926
80,110,41927
79,111,41928
79,107,41929
79,103,41930
79,101,41931
78,103,41932
81,96,41933
80,95,41934
79,96,41935
82,91,41936
83,89,41937
86,86,41938
85,86,41939
91,82,41940
90,82,41941
93,80,41942
95,79,41943
97,78,41944
102,78,41945
102,77,41946
108,78,41947
113,80,41948
114,80,41949
118,82,41950
118,81,41951
123,86,41952
122,83,41953
127,89,41954
128,90,41955
130,92,41956
135,106,41957
135,102,41958
135,100,41959
137,113,41960
138,113,41961
138,120,41962
139,122,41963
138,129,41964
138,130,41965
138,133,41966
136,140,41967
131,149,41968
129,153,41969
130,152,41970
125,159,41971
125,160,41972
117,166,41973
114,168,41974
111,170,41975
108,172,41976
100,174,41977
99,175,41978
93,176,41979
89,176,41980
80,175,41981
78,175,41982
71,172,41983
64,169,41984
63,169,41985
60,167,41986
52,160,41987
48,156,41988
46,154,41989
41,146,41990
40,145,41991
35,132,41992
33,126,41993
33,131,41994
31,116,41995
30,109,41996
29,110,41997
31,90,41998
30,93,41999
32,82,42000
35,73,42001
36,70,42002
42,58,42003
39,62,42004
48,49,42005
54,42,42006
53,42,42007
63,34,42008
70,30,42009
72,28,42010
77,25,42011
91,22,42012
94,21,42013
100,20,42014
113,21,42015
111,20,42016
127,24,42017
126,23,42018
136,27,42019
141,30,42020
148,35,42021
154,40,42022
163,49,42023
169,57,42024
171,60,42025
173,62,42026
182,85,42027
184,90,42028
183,85,42029
187,107,42030
188,112,42031
188,128,42032
188,130,42033
187,141,42034
183,157,42035
184,155,42036
182,162,42037
95,111,42038
94,110,42039
93,109,42040
95,106,42041
95,105,42042
94,104,42043
96,102,42044
96,101,42045
97,100,42046
97,99,42047
102,100,42048
101,98,42049
103,98,42050
106,100,42051
106,99,42052
106,97,42053
111,103,42054
110,100,42055
113,103,42056
114,103,42057
116,108,42058
117,109,42059
117,107,42060
118,109,42061
119,112,42062
120,116,42063
120,120,42064
120,121,42065
121,121,42066
118,131,42067
118,132,42068
118,133,42069
118,134,42070
116,138,42071
111,143,42072
115,141,42073
109,146,42074
103,149,42075
104,150,42076
99,152,42077
102,152,42078
93,153,42079
95,154,42080
90,154,42081
86,154,42082
84,154,42083
71,147,42084
72,149,42085
72,150,42086
65,143,42087
66,145,42088
63,143,42089
59,137,42090
56,132,42091
54,128,42092
53,128,42093
52,124,42094
50,116,42095
49,110,42096
49,105,42097
48,106,42098
48,103,42099
51,88,42100
51,86,42101
51,85,42102
53,79,42103
59,69,42104
58,69,42105
63,63,42106
69,57,42107
68,56,42108
70,54,42109
85,47,42110
86,46,42111
88,45,42112
93,43,42113
103,43,42114
106,42,42115
108,42,42116
118,44,42117
119,44,42118
129,49,42119
136,53,42120
134,50,42121
142,57,42122
148,64,42123
148,62,42124
156,74,42125
161,85,42126
160,79,42127
163,86,42128
166,99,42129
168,107,42130
168,104,42131
169,123,42132
169,128,42133
169,132,42134
166,145,42135
166,147,42136
162,159,42137
159,166,42138
150,179,42139
156,172,42140
147,184,42141
137,193,42142
142,190,42143
131,199,42144
121,204,42145
118,206,42146
113,208,42147
105,210,42148
94,212,42149
88,212,42150
83,212,42151
69,209,42152
69,210,42153
51,201,42154
48,200,42155
42,196,42156
36,191,42157
32,188,42158
29,186,42159
14,163,42160
9,152,42161
9,154,42162
7,150,42163
2,132,42164
98,112,42165
100,112,42166
102,113,42167
102,116,42168
102,118,42169
104,117,42170
103,119,42171
104,120,42172
103,122,42173
103,123,42174
102,125,42175
101,127,42176
100,128,42177
98,129,42178
96,130,42179
99,131,42180
93,132,42181
93,133,42182
90,132,42183
90,133,42184
85,131,42185
83,131,42186
85,133,42187
81,131,42188
79,130,42189
75,124,42190
76,128,42191
73,122,42192
72,122,42193
71,119,42194
70,120,42195
69,114,42196
68,111,42197
67,110,42198
68,101,42199
67,101,42200
68,96,42201
72,88,42202
69,91,42203
73,84,42204
71,86,42205
77,78,42206
73,81,42207
78,76,42208
80,74,42209
85,70,42210
91,68,42211
90,67,42212
93,66,42213
100,65,42214
99,64,42215
105,64,42216
111,65,42217
114,66,42218
117,67,42219
116,65,42220
123,69,42221
128,73,42222
135,80,42223
133,76,42224
138,83,42225
140,85,42226
142,88,42227
147,103,42228
147,102,42229
148,103,42230
149,117,42231
150,114,42232
150,124,42233
148,136,42234
150,132,42235
150,134,42236
141,155,42237
141,156,42238
142,156,42239
143,155,42240
130,171,42241
137,165,42242
128,174,42243
123,178,42244
117,182,42245
107,186,42246
109,186,42247
103,188,42248
95,189,42249
85,189,42250
85,190,42251
75,188,42252
65,184,42253
67,186,42254
62,184,42255
50,175,42256
49,175,42257
42,168,42258
37,162,42259
33,156,42260
31,153,42261
30,153,42262
23,133,42263
22,132,42264
20,127,42265
19,116,42266
18,109,42267
18,100,42268
20,86,42269
18,92,42270
21,76,42271
27,61,42272
24,66,42273
32,50,42274
36,44,42275
43,35,42276
43,34,42277
53,25,42278
66,17,42279
61,19,42280
79,11,42281
84,9,42282
83,9,42283
97,7,42284
103,6,42285
103,5,42286
124,9,42287
133,12,42288
138,14,42289
136,12,42290
147,18,42291
95,114,42292
94,115,42293
93,116,42294
91,115,42295
89,113,42296
89,115,42297
88,113,42298
87,112,42299
86,111,42300
85,110,42301
86,106,42302
85,105,42303
84,105,42304
86,101,42305
87,98,42306
85,99,42307
88,96,42308
88,95,42309
90,93,42310
91,91,42311
90,91,42312
94,89,42313
96,88,42314
96,87,42315
98,86,42316
105,87,42317
102,85,42318
109,87,42319
110,87,42320
110,86,42321
115,89,42322
115,88,42323
120,93,42324
122,95,42325
123,96,42326
125,98,42327
127,102,42328
128,106,42329
129,107,42330
130,112,42331
131,112,42332
130,125,42333
132,116,42334
131,126,42335
131,128,42336
130,134,42337
126,142,42338
127,141,42339
126,144,42340
122,150,42341
120,152,42342
117,156,42343
115,158,42344
112,160,42345
107,163,42346
106,164,42347
101,166,42348
95,167,42349
89,167,42350
88,168,42351
82,167,42352
84,168,42353
77,166,42354
70,163,42355
64,159,42356
62,158,42357
59,156,42358
54,151,42359
50,146,42360
49,145,42361
45,138,42362
44,136,42363
40,123,42364
39,122,42365
38,115,42366
37,113,42367
38,98,42368
36,102,42369
37,95,42370
40,82,42371
42,76,42372
44,71,42373
47,64,42374
48,62,42375
54,54,42376
59,48,42377
63,44,42378
66,42,42379
71,38,42380
76,35,42381
81,33,42382
93,30,42383
96,29,42384
99,28,42385
109,29,42386
117,30,42387
119,30,42388
123,31,42389
139,39,42390
146,44,42391
146,43,42392
151,48,42393
156,53,42394
161,59,42395
167,68,42396
172,78,42397
175,86,42398
176,87,42399
177,91,42400
180,106,42401
181,115,42402
180,133,42403
181,131,42404
180,138,42405
175,156,42406
178,150,42407
170,170,42408
170,171,42409
166,179,42410
156,192,42411
153,196,42412
152,198,42413
134,212,42414
131,214,42415
128,216,42416
119,220,42417
114,222,42418
97,109,42419
96,109,42420
97,107,42421
99,106,42422
100,106,42423
102,105,42424
103,105,42425
104,106,42426
105,106,42427
106,106,42428
108,107,42429
109,108,42430
110,111,42431
111,113,42432
112,113,42433
112,109,42434
113,117,42435
113,118,42436
113,121,42437
113,123,42438
113,125,42439
112,128,42440
111,131,42441
111,132,42442
110,134,42443
108,136,42444
106,138,42445
106,139,42446
106,140,42447
98,143,42448
98,144,42449
96,145,42450
92,145,42451
90,146,42452
85,145,42453
85,146,42454
82,145,42455
75,141,42456
74,141,42457
72,139,42458
71,139,42459
66,133,42460
67,136,42461
64,131,42462
61,126,42463
60,125,42464
58,113,42465
57,115,42466
57,119,42467
56,106,42468
55,106,42469
56,100,42470
57,92,42471
58,88,42472
59,84,42473
60,81,42474
61,79,42475
65,73,42476
69,68,42477
71,65,42478
74,62,42479
78,59,42480
83,56,42481
88,54,42482
90,53,42483
93,52,42484
101,51,42485
102,50,42486
110,51,42487
118,53,42488
119,53,42489
124,55,42490
131,59,42491
133,60,42492
138,64,42493
143,69,42494
146,73,42495
148,75,42496
154,86,42497
156,90,42498
156,89,42499
160,107,42500
161,110,42501
161,105,42502
162,119,42503
161,133,42504
162,129,42505
158,147,42506
159,145,42507
156,154,42508
153,161,42509
146,172,42510
147,171,42511
144,176,42512
137,183,42513
127,191,42514
128,191,42515
119,196,42516
107,200,42517
107,201,42518
109,201,42519
86,203,42520
89,204,42521
81,203,42522
72,201,42523
64,199,42524
54,194,42525
50,192,42526
48,191,42527
40,184,42528
32,176,42529
27,170,42530
25,167,42531
20,159,42532
14,146,42533
14,147,42534
8,121,42535
8,124,42536
7,119,42537
6,106,42538
6,99,42539
7,87,42540
10,73,42541
12,65,42542
17,53,42543
19,48,42544
21,44,42545
97,113,42546
99,116,42547
99,118,42548
98,119,42549
96,121,42550
97,122,42551
96,123,42552
96,124,42553
95,125,42554
93,125,42555
89,124,42556
89,125,42557
87,124,42558
86,124,42559
85,124,42560
86,127,42561
81,119,42562
80,120,42563
79,118,42564
78,119,42565
77,114,42566
76,113,42567
75,111,42568
75,108,42569
74,109,42570
74,104,42571
74,103,42572
75,98,42573
76,94,42574
77,92,42575
77,91,42576
78,88,42577
79,86,42578
81,84,42579
87,79,42580
87,78,42581
89,77,42582
96,75,42583
95,74,42584
99,73,42585
102,73,42586
105,73,42587
106,72,42588
107,72,42589
115,75,42590
113,73,42591
124,81,42592
124,80,42593
124,79,42594
132,89,42595
132,87,42596
135,92,42597
137,95,42598
140,105,42599
141,107,42600
141,103,42601
142,109,42602
143,118,42603
143,122,42604
142,131,42605
143,129,42606
142,135,42607
138,146,42608
136,150,42609
136,151,42610
136,152,42611
128,162,42612
127,164,42613
124,167,42614
115,173,42615
119,172,42616
116,174,42617
99,179,42618
97,180,42619
95,181,42620
92,182,42621
81,180,42622
77,180,42623
75,180,42624
67,176,42625
65,176,42626
54,168,42627
50,164,42628
51,167,42629
42,156,42630
38,149,42631
41,156,42632
32,138,42633
30,132,42634
29,131,42635
28,129,42636
26,110,42637
25,108,42638
25,102,42639
27,86,42640
28,80,42641
28,78,42642
32,68,42643
38,56,42644
35,60,42645
39,53,42646
51,39,42647
49,39,42648
59,31,42649
70,24,42650
68,24,42651
77,20,42652
87,17,42653
89,16,42654
96,15,42655
107,15,42656
117,16,42657
123,17,42658
126,18,42659
140,24,42660
140,23,42661
156,36,42662
156,35,42663
163,42,42664
166,45,42665
171,51,42666
170,48,42667
183,74,42668
187,85,42669
188,87,42670
190,93,42671
192,108,42672
94,112,42673
92,112,42674
92,111,42675
92,108,42676
92,106,42677
91,105,42678
91,104,42679
90,104,42680
92,101,42681
91,101,42682
93,99,42683
94,98,42684
94,97,42685
98,96,42686
99,95,42687
97,94,42688
102,94,42689
102,93,42690
105,94,42691
105,93,42692
110,96,42693
111,96,42694
112,96,42695
113,96,42696
116,99,42697
119,104,42698
118,100,42699
121,107,42700
122,108,42701
123,113,42702
123,118,42703
124,115,42704
125,118,42705
124,125,42706
122,131,42707
125,127,42708
122,134,42709
118,140,42710
120,139,42711
118,143,42712
117,145,42713
112,149,42714
114,149,42715
107,153,42716
105,155,42717
103,156,42718
95,158,42719
93,158,42720
95,159,42721
84,158,42722
84,159,42723
83,159,42724
76,157,42725
71,154,42726
68,152,42727
71,156,42728
63,149,42729
59,145,42730
54,137,42731
56,142,42732
50,130,42733
49,129,42734
49,130,42735
46,116,42736
45,113,42737
44,110,42738
45,98,42739
44,98,42740
45,93,42741
50,78,42742
46,85,42743
46,83,42744
57,64,42745
58,62,42746
58,61,42747
60,58,42748
74,47,42749
67,50,42750
74,46,42751
84,41,42752
87,40,42753
96,38,42754
106,38,42755
100,37,42756
108,37,42757
118,39,42758
118,38,42759
131,44,42760
141,51,42761
135,45,42762
141,49,42763
151,60,42764
151,59,42765
156,65,42766
161,73,42767
164,79,42768
168,88,42769
170,93,42770
172,107,42771
173,111,42772
174,112,42773
173,130,42774
174,127,42775
172,141,42776
166,159,42777
171,148,42778
166,162,42779
159,175,42780
161,173,42781
154,183,42782
147,191,42783
143,195,42784
139,199,42785
132,204,42786
115,212,42787
117,212,42788
99,216,42789
103,216,42790
87,217,42791
83,217,42792
70,215,42793
71,216,42794
49,206,42795
44,203,42796
42,202,42797
39,201,42798
30,193,42799
99,111,42800
100,110,42801
101,109,42802
103,112,42803
104,112,42804
104,111,42805
105,114,42806
106,114,42807
106,117,42808
107,117,42809
106,122,42810
107,121,42811
107,123,42812
105,126,42813
105,127,42814
107,127,42815
100,132,42816
102,132,42817
101,133,42818
100,134,42819
97,136,42820
94,136,42821
94,137,42822
93,138,42823
91,138,42824
86,137,42825
87,138,42826
81,135,42827
80,136,42828
77,133,42829
77,134,42830
75,133,42831
72,129,42832
70,127,42833
68,123,42834
67,122,42835
65,117,42836
64,111,42837
64,110,42838
63,107,42839
63,105,42840
65,94,42841
62,101,42842
64,93,42843
65,90,42844
67,84,42845
72,77,42846
71,77,42847
72,75,42848
78,70,42849
77,70,42850
82,66,42851
85,64,42852
87,63,42853
94,61,42854
94,60,42855
99,59,42856
109,60,42857
114,61,42858
114,60,42859
115,60,42860
120,62,42861
126,65,42862
131,69,42863
137,75,42864
136,73,42865
139,76,42866
144,83,42867
148,91,42868
148,90,42869
151,99,42870
152,101,42871
154,113,42872
154,123,42873
155,118,42874
155,124,42875
152,139,42876
155,131,42877
152,143,42878
148,153,42879
146,158,42880
140,167,42881
141,167,42882
134,175,42883
127,181,42884
123,184,42885
124,184,42886
114,189,42887
113,190,42888
105,193,42889
99,194,42890
89,195,42891
87,195,42892
83,195,42893
68,191,42894
67,191,42895
60,188,42896
59,188,42897
45,177,42898
40,173,42899
41,175,42900
33,165,42901
28,157,42902
25,152,42903
22,146,42904
19,138,42905
17,132,42906
15,122,42907
14,117,42908
13,106,42909
14,93,42910
16,80,42911
15,82,42912
18,71,42913
27,51,42914
26,51,42915
31,43,42916
36,36,42917
40,31,42918
46,25,42919
57,16,42920
53,18,42921
70,9,42922
79,5,42923
82,4,42924
91,2,42925
98,1,42926
96,115,42927
96,116,42928
95,118,42929
93,118,42930
91,117,42931
91,119,42932
90,119,42933
88,118,42934
87,117,42935
85,115,42936
85,116,42937
84,115,42938
83,112,42939
82,110,42940
82,107,42941
81,109,42942
81,104,42943
80,105,42944
82,99,42945
82,98,42946
83,95,42947
83,94,42948
86,91,42949
85,91,42950
85,90,42951
89,87,42952
89,86,42953
93,84,42954
94,83,42955
98,82,42956
100,81,42957
102,81,42958
106,81,42959
107,81,42960
112,82,42961
111,81,42962
116,84,42963
120,87,42964
124,91,42965
124,90,42966
124,89,42967
128,95,42968
130,97,42969
132,103,42970
133,104,42971
134,106,42972
135,117,42973
136,117,42974
135,127,42975
136,123,42976
135,130,42977
134,136,42978
133,139,42979
132,142,42980
129,148,42981
129,149,42982
125,154,42983
118,161,42984
116,163,42985
117,163,42986
108,168,42987
107,169,42988
104,170,42989
96,172,42990
91,172,42991
88,173,42992
81,172,42993
79,172,42994
73,170,42995
68,168,42996
65,166,42997
60,163,42998
55,159,42999
54,158,43000
47,150,43001
46,149,43002
41,140,43003
40,138,43004
38,134,43005
35,124,43006
34,121,43007
33,109,43008
33,98,43009
33,94,43010
33,91,43011
35,83,43012
35,81,43013
39,71,43014
38,71,43015
44,60,43016
50,51,43017
54,46,43018
57,43,43019
60,40,43020
70,33,43021
74,31,43022
82,27,43023
86,26,43024
97,24,43025
100,23,43026
105,23,43027
113,24,43028
121,25,43029
129,28,43030
139,33,43031
140,33,43032
148,39,43033
151,41,43034
156,45,43035
165,56,43036
170,64,43037
173,69,43038
175,73,43039
179,83,43040
183,98,43041
183,96,43042
185,116,43043
186,118,43044
185,131,43045
184,141,43046
182,151,43047
180,158,43048
176,169,43049
173,176,43050
168,184,43051
165,189,43052
160,196,43053
95,110,43054
95,108,43055
94,108,43056
96,106,43057
98,104,43058
97,103,43059
99,103,43060
99,102,43061
101,101,43062
104,102,43063
101,100,43064
103,100,43065
108,104,43066
108,103,43067
110,105,43068
108,100,43069
113,109,43070
113,107,43071
115,111,43072
115,108,43073
116,114,43074
117,115,43075
117,120,43076
118,119,43077
118,120,43078
117,126,43079
116,129,43080
116,131,43081
115,133,43082
112,137,43083
112,138,43084
110,141,43085
110,142,43086
109,143,43087
102,147,43088
104,147,43089
98,149,43090
92,150,43091
93,151,43092
89,151,43093
88,151,43094
81,149,43095
86,152,43096
76,148,43097
73,146,43098
72,146,43099
65,138,43100
65,140,43101
64,140,43102
58,128,43103
59,133,43104
57,129,43105
55,124,43106
53,115,43107
52,112,43108
51,112,43109
51,104,43110
51,103,43111
53,90,43112
54,87,43113
53,87,43114
56,79,43115
59,74,43116
63,68,43117
63,67,43118
66,63,43119
76,55,43120
72,57,43121
82,51,43122
85,50,43123
87,48,43124
89,47,43125
102,46,43126
108,46,43127
104,45,43128
114,46,43129
124,50,43130
123,49,43131
130,52,43132
133,54,43133
138,57,43134
145,65,43135
152,74,43136
147,65,43137
158,84,43138
161,92,43139
159,84,43140
163,97,43141
165,109,43142
166,108,43143
166,123,43144
167,122,43145
166,131,43146
165,140,43147
160,155,43148
162,151,43149
161,155,43150
153,170,43151
148,177,43152
147,179,43153
148,179,43154
132,193,43155
131,195,43156
124,199,43157
113,204,43158
112,205,43159
106,207,43160
94,208,43161
92,209,43162
78,208,43163
70,206,43164
66,205,43165
56,201,43166
54,200,43167
43,193,43168
42,193,43169
29,179,43170
26,176,43171
22,171,43172
17,163,43173
11,151,43174
14,160,43175
6,135,43176
4,126,43177
2,115,43178
2,99,43179
1,101,43180
98,113,43181
100,114,43182
101,115,43183
101,118,43184
100,120,43185
102,119,43186
101,121,43187
101,122,43188
100,124,43189
99,125,43190
97,127,43191
96,128,43192
94,128,43193
93,129,43194
90,129,43195
94,131,43196
88,129,43197
87,130,43198
84,128,43199
84,129,43200
80,126,43201
79,125,43202
78,125,43203
77,125,43204
75,121,43205
73,116,43206
73,119,43207
72,110,43208
71,113,43209
70,109,43210
70,104,43211
69,106,43212
70,100,43213
70,98,43214
73,91,43215
71,92,43216
73,88,43217
80,80,43218
77,82,43219
82,77,43220
79,78,43221
87,73,43222
83,74,43223
92,70,43224
95,69,43225
96,68,43226
107,69,43227
107,68,43228
106,67,43229
115,70,43230
115,69,43231
119,71,43232
120,71,43233
128,77,43234
132,81,43235
129,76,43236
135,83,43237
139,90,43238
141,94,43239
142,94,43240
145,105,43241
145,103,43242
146,106,43243
147,117,43244
147,126,43245
147,129,43246
145,138,43247
147,134,43248
144,144,43249
139,153,43250
143,148,43251
142,152,43252
126,170,43253
128,169,43254
128,170,43255
125,173,43256
111,181,43257
117,179,43258
108,183,43259
100,185,43260
97,186,43261
90,186,43262
81,185,43263
85,187,43264
72,184,43265
62,179,43266
67,183,43267
55,175,43268
47,168,43269
53,175,43270
45,168,43271
36,155,43272
33,151,43273
30,146,43274
27,138,43275
24,128,43276
23,125,43277
22,123,43278
21,106,43279
21,96,43280
21,93,43281
25,76,43282
23,80,43283
27,68,43284
32,57,43285
30,59,43286
37,47,43287
44,39,43288
44,38,43289
53,29,43290
61,23,43291
68,19,43292
73,16,43293
79,14,43294
93,11,43295
92,10,43296
107,10,43297
112,10,43298
119,11,43299
128,13,43300
136,16,43301
133,14,43302
155,28,43303
161,33,43304
162,34,43305
167,38,43306
174,47,43307
96,113,43308
93,114,43309
92,115,43310
90,113,43311
90,110,43312
89,110,43313
88,110,43314
87,109,43315
87,107,43316
87,106,43317
88,102,43318
88,101,43319
87,101,43320
91,97,43321
90,96,43322
89,96,43323
94,93,43324
92,93,43325
96,91,43326
97,90,43327
101,90,43328
103,90,43329
103,89,43330
103,88,43331
105,88,43332
112,92,43333
108,88,43334
116,94,43335
115,92,43336
118,95,43337
121,98,43338
122,99,43339
124,103,43340
124,102,43341
126,108,43342
127,108,43343
128,114,43344
128,122,43345
128,125,43346
129,122,43347
129,125,43348
125,137,43349
129,130,43350
124,141,43351
125,140,43352
122,145,43353
114,153,43354
117,152,43355
114,155,43356
108,158,43357
108,159,43358
105,161,43359
102,162,43360
93,163,43361
93,164,43362
93,165,43363
83,164,43364
80,163,43365
72,160,43366
72,161,43367
67,158,43368
65,157,43369
61,154,43370
55,147,43371
53,144,43372
52,144,43373
48,138,43374
46,133,43375
43,125,43376
43,126,43377
41,116,43378
40,114,43379
40,103,43380
41,94,43381
40,93,43382
40,92,43383
46,75,43384
44,76,43385
47,70,43386
54,59,43387
56,56,43388
60,52,43389
60,51,43390
68,44,43391
73,41,43392
79,38,43393
81,36,43394
89,34,43395
97,32,43396
99,32,43397
105,31,43398
115,33,43399
117,33,43400
125,35,43401
133,39,43402
137,41,43403
145,47,43404
147,48,43405
159,62,43406
162,66,43407
159,60,43408
169,79,43409
172,86,43410
173,88,43411
176,100,43412
177,105,43413
178,113,43414
178,123,43415
178,132,43416
178,133,43417
173,154,43418
172,158,43419
173,157,43420
166,173,43421
158,184,43422
158,186,43423
148,197,43424
147,198,43425
143,202,43426
126,213,43427
125,214,43428
126,214,43429
102,221,43430
97,222,43431
86,222,43432
87,223,43433
78,222,43434
97,110,43435
98,109,43436
99,108,43437
101,108,43438
102,108,43439
104,108,43440
105,109,43441
106,109,43442
107,110,43443
108,111,43444
109,113,43445
109,114,43446
110,115,43447
110,118,43448
110,120,43449
111,120,43450
111,122,43451
110,126,43452
110,127,43453
109,129,43454
108,131,43455
107,133,43456
104,136,43457
104,137,43458
102,138,43459
99,140,43460
98,141,43461
93,141,43462
94,142,43463
90,142,43464
89,143,43465
87,143,43466
82,141,43467
80,141,43468
78,140,43469
76,139,43470
73,137,43471
70,134,43472
69,133,43473
65,127,43474
64,126,43475
62,121,43476
62,122,43477
60,115,43478
59,111,43479
59,107,43480
59,102,43481
59,98,43482
59,97,43483
60,92,43484
61,87,43485
63,82,43486
64,80,43487
66,76,43488
69,72,43489
71,69,43490
73,67,43491
79,62,43492
84,59,43493
86,58,43494
91,56,43495
95,55,43496
99,54,43497
104,54,43498
112,55,43499
114,55,43500
118,56,43501
119,56,43502
128,61,43503
132,63,43504
136,67,43505
139,69,43506
144,75,43507
147,79,43508
150,84,43509
153,90,43510
155,96,43511
156,99,43512
158,108,43513
159,114,43514
159,120,43515
158,133,43516
158,136,43517
157,140,43518
156,145,43519
153,154,43520
152,156,43521
146,167,43522
142,173,43523
140,176,43524
135,181,43525
130,185,43526
123,190,43527
122,191,43528
114,195,43529
108,197,43530
100,199,43531
94,200,43532
80,199,43533
78,199,43534
72,198,43535
68,197,43536
59,193,43537
53,190,43538
50,188,43539
41,181,43540
35,175,43541
30,169,43542
25,162,43543
19,150,43544
19,151,43545
14,138,43546
12,130,43547
10,120,43548
10,99,43549
9,109,43550
10,90,43551
10,87,43552
12,76,43553
16,63,43554
18,58,43555
18,57,43556
28,39,43557
32,33,43558
35,29,43559
43,21,43560
47,17,43561
98,115,43562
98,116,43563
98,118,43564
96,119,43565
95,120,43566
94,121,43567
93,122,43568
92,123,43569
91,123,43570
89,122,43571
87,122,43572
86,122,43573
84,119,43574
83,119,43575
82,119,43576
83,122,43577
80,113,43578
79,115,43579
78,111,43580
78,108,43581
77,108,43582
77,106,43583
78,101,43584
77,101,43585
76,101,43586
78,96,43587
79,93,43588
81,90,43589
80,90,43590
85,85,43591
84,84,43592
87,82,43593
88,81,43594
91,79,43595
94,78,43596
95,77,43597
99,76,43598
108,77,43599
107,76,43600
110,77,43601
113,77,43602
117,79,43603
115,77,43604
121,81,43605
125,85,43606
126,84,43607
133,97,43608
132,92,43609
133,93,43610
137,105,43611
137,102,43612
139,110,43613
139,109,43614
140,117,43615
140,124,43616
140,128,43617
140,130,43618
137,139,43619
137,141,43620
136,144,43621
133,150,43622
132,153,43623
127,159,43624
124,162,43625
119,167,43626
121,166,43627
109,173,43628
111,173,43629
105,175,43630
97,177,43631
96,178,43632
92,178,43633
82,177,43634
80,177,43635
74,176,43636
73,176,43637
62,170,43638
60,169,43639
59,169,43640
50,161,43641
46,157,43642
39,145,43643
36,139,43644
39,148,43645
32,129,43646
31,124,43647
31,129,43648
29,108,43649
28,107,43650
27,106,43651
29,91,43652
30,84,43653
32,76,43654
32,75,43655
40,58,43656
43,53,43657
42,53,43658
50,44,43659
56,38,43660
56,37,43661
60,33,43662
78,24,43663
76,24,43664
85,21,43665
94,19,43666
90,19,43667
105,18,43668
110,18,43669
113,18,43670
122,20,43671
135,25,43672
144,30,43673
146,31,43674
154,37,43675
158,41,43676
160,42,43677
173,61,43678
177,67,43679
180,73,43680
183,81,43681
185,87,43682
184,80,43683
189,112,43684
190,117,43685
189,135,43686
190,130,43687
189,141,43688
95,112,43689
93,110,43690
92,109,43691
93,107,43692
94,105,43693
92,105,43694
94,103,43695
94,102,43696
95,100,43697
99,99,43698
95,99,43699
98,98,43700
101,97,43701
103,97,43702
106,98,43703
102,95,43704
108,98,43705
107,96,43706
111,100,43707
112,99,43708
114,102,43709
115,103,43710
116,103,43711
117,104,43712
119,108,43713
120,112,43714
121,112,43715
121,118,43716
122,116,43717
121,123,43718
121,126,43719
122,125,43720
121,130,43721
121,131,43722
115,140,43723
120,136,43724
114,143,43725
108,148,43726
112,146,43727
107,150,43728
107,151,43729
99,153,43730
104,153,43731
96,155,43732
93,156,43733
90,156,43734
79,153,43735
82,155,43736
82,156,43737
71,150,43738
74,153,43739
69,150,43740
65,146,43741
61,142,43742
59,140,43743
59,142,43744
54,133,43745
52,128,43746
50,122,43747
50,125,43748
48,115,43749
47,111,43750
48,97,43751
47,99,43752
47,97,43753
48,90,43754
53,77,43755
50,81,43756
54,73,43757
62,62,43758
56,68,43759
56,67,43760
74,51,43761
76,49,43762
75,49,43763
78,47,43764
94,42,43765
85,43,43766
96,41,43767
102,40,43768
105,40,43769
116,42,43770
127,46,43771
120,42,43772
131,47,43773
139,53,43774
136,49,43775
147,59,43776
156,72,43777
150,61,43778
157,71,43779
162,82,43780
164,86,43781
166,90,43782
169,102,43783
170,111,43784
171,114,43785
170,132,43786
170,135,43787
169,141,43788
168,147,43789
162,162,43790
163,162,43791
161,166,43792
150,182,43793
153,180,43794
147,187,43795
137,196,43796
138,196,43797
126,204,43798
122,206,43799
112,210,43800
111,211,43801
99,213,43802
89,214,43803
89,215,43804
67,210,43805
68,211,43806
57,207,43807
49,203,43808
44,200,43809
43,200,43810
25,182,43811
24,181,43812
21,178,43813
19,176,43814
11,162,43815
97,112,43816
101,112,43817
102,112,43818
102,114,43819
103,116,43820
104,115,43821
104,118,43822
105,118,43823
105,120,43824
105,121,43825
104,124,43826
103,126,43827
103,127,43828
101,129,43829
99,130,43830
102,130,43831
96,132,43832
96,133,43833
94,134,43834
93,134,43835
89,134,43836
88,134,43837
87,135,43838
84,134,43839
83,134,43840
79,131,43841
79,132,43842
75,128,43843
76,130,43844
72,124,43845
71,124,43846
69,119,43847
68,117,43848
67,115,43849
67,108,43850
66,111,43851
66,105,43852
67,98,43853
66,98,43854
68,91,43855
66,95,43856
72,83,43857
67,89,43858
72,81,43859
75,77,43860
77,74,43861
82,71,43862
80,71,43863
86,67,43864
92,65,43865
90,65,43866
96,63,43867
101,63,43868
107,63,43869
110,63,43870
104,61,43871
114,63,43872
122,67,43873
128,71,43874
127,69,43875
131,72,43876
134,75,43877
136,77,43878
143,88,43879
145,92,43880
145,90,43881
147,95,43882
149,101,43883
151,111,43884
151,123,43885
152,117,43886
153,119,43887
149,140,43888
148,143,43889
150,140,43890
149,144,43891
142,158,43892
145,155,43893
137,167,43894
133,171,43895
127,177,43896
122,181,43897
121,182,43898
116,185,43899
105,189,43900
100,190,43901
100,191,43902
85,191,43903
78,190,43904
84,192,43905
78,191,43906
62,185,43907
59,184,43908
54,181,43909
49,177,43910
43,172,43911
37,165,43912
37,166,43913
28,150,43914
27,150,43915
26,149,43916
20,131,43917
18,122,43918
17,117,43919
17,101,43920
16,108,43921
16,99,43922
19,80,43923
18,81,43924
20,73,43925
24,63,43926
31,49,43927
28,53,43928
37,39,43929
46,30,43930
49,26,43931
60,18,43932
63,16,43933
64,15,43934
78,9,43935
88,6,43936
85,6,43937
110,5,43938
113,5,43939
124,7,43940
119,5,43941
133,9,43942
96,114,43943
94,116,43944
94,117,43945
92,117,43946
90,114,43947
90,117,43948
88,115,43949
87,114,43950
86,113,43951
85,113,43952
85,109,43953
84,108,43954
83,108,43955
84,103,43956
85,101,43957
83,102,43958
84,100,43959
85,97,43960
86,95,43961
87,93,43962
88,92,43963
89,90,43964
91,89,43965
91,88,43966
94,86,43967
98,85,43968
97,84,43969
105,85,43970
104,84,43971
104,83,43972
110,85,43973
110,84,43974
115,87,43975
117,88,43976
119,89,43977
121,91,43978
123,93,43979
126,98,43980
129,104,43981
128,100,43982
129,101,43983
131,108,43984
132,109,43985
133,116,43986
133,123,43987
133,125,43988
131,133,43989
131,134,43990
131,137,43991
128,143,43992
128,144,43993
127,146,43994
123,152,43995
120,155,43996
115,160,43997
117,159,43998
113,162,43999
105,166,44000
103,167,44001
100,168,44002
94,169,44003
93,170,44004
89,170,44005
79,168,44006
75,167,44007
72,166,44008
69,165,44009
62,161,44010
58,157,44011
56,156,44012
51,150,44013
47,145,44014
43,137,44015
42,136,44016
40,130,44017
38,126,44018
37,119,44019
36,115,44020
35,109,44021
36,94,44022
36,93,44023
38,83,44024
39,78,44025
40,75,44026
44,66,44027
48,59,44028
47,60,44029
54,51,44030
57,47,44031
60,44,44032
69,37,44033
77,33,44034
84,30,44035
86,29,44036
96,27,44037
102,27,44038
103,26,44039
114,27,44040
121,29,44041
130,32,44042
133,33,44043
140,37,44044
143,39,44045
150,44,44046
154,48,44047
162,57,44048
166,63,44049
170,69,44050
171,71,44051
178,89,44052
179,93,44053
180,96,44054
182,109,44055
183,117,44056
181,137,44057
183,131,44058
178,153,44059
179,152,44060
176,161,44061
171,173,44062
164,185,44063
165,184,44064
155,197,44065
149,203,44066
142,209,44067
135,214,44068
132,216,44069
96,111,44070
96,108,44071
96,107,44072
98,106,44073
99,105,44074
100,104,44075
101,104,44076
102,103,44077
104,104,44078
105,104,44079
107,105,44080
107,104,44081
109,107,44082
111,110,44083
112,110,44084
111,105,44085
113,114,44086
114,114,44087
114,117,44088
114,120,44089
115,121,44090
115,122,44091
114,126,44092
114,128,44093
114,129,44094
113,132,44095
110,136,44096
109,138,44097
109,139,44098
104,142,44099
103,143,44100
102,144,44101
101,145,44102
97,147,44103
91,147,44104
92,148,44105
88,148,44106
82,146,44107
81,146,44108
78,145,44109
76,145,44110
71,140,44111
71,142,44112
68,139,44113
64,134,44114
64,135,44115
59,122,44116
59,127,44117
58,126,44118
56,113,44119
55,114,44120
54,111,44121
54,103,44122
54,101,44123
55,94,44124
54,96,44125
58,83,44126
59,80,44127
60,78,44128
64,71,44129
65,69,44130
67,66,44131
73,61,44132
80,56,44133
79,56,44134
82,54,44135
91,51,44136
93,50,44137
98,49,44138
103,49,44139
109,49,44140
112,49,44141
121,52,44142
122,52,44143
127,54,44144
129,55,44145
139,63,44146
140,63,44147
143,66,44148
150,75,44149
150,74,44150
157,90,44151
160,98,44152
158,88,44153
162,107,44154
163,114,44155
164,113,44156
163,129,44157
163,132,44158
163,135,44159
159,150,44160
157,156,44161
155,160,44162
155,162,44163
149,171,44164
142,180,44165
142,181,44166
133,189,44167
122,196,44168
125,195,44169
123,197,44170
108,202,44171
102,204,44172
95,205,44173
86,205,44174
80,205,44175
75,204,44176
64,201,44177
66,202,44178
53,196,44179
46,191,44180
40,187,44181
36,183,44182
28,174,44183
21,164,44184
21,165,44185
12,144,44186
10,139,44187
10,141,44188
6,122,44189
5,116,44190
5,122,44191
4,103,44192
5,91,44193
8,74,44194
9,69,44195
9,68,44196
99,114,44197
99,115,44198
100,117,44199
99,119,44200
98,120,44201
99,121,44202
98,123,44203
98,124,44204
97,125,44205
95,126,44206
92,126,44207
92,127,44208
90,127,44209
89,127,44210
86,126,44211
89,129,44212
83,124,44213
83,125,44214
80,122,44215
80,123,44216
77,118,44217
76,117,44218
76,118,44219
75,117,44220
74,114,44221
73,109,44222
73,106,44223
73,103,44224
72,104,44225
74,96,44226
73,97,44227
74,94,44228
75,90,44229
76,88,44230
81,83,44231
79,83,44232
83,79,44233
89,76,44234
87,76,44235
91,74,44236
88,74,44237
99,72,44238
97,71,44239
102,70,44240
107,71,44241
106,70,44242
121,77,44243
116,73,44244
121,75,44245
126,80,44246
126,78,44247
130,82,44248
131,83,44249
136,91,44250
137,92,44251
139,94,44252
140,96,44253
143,110,44254
144,113,44255
144,118,44256
145,118,44257
145,124,44258
143,134,44259
143,137,44260
142,140,44261
140,147,44262
135,155,44263
136,155,44264
132,161,44265
129,165,44266
122,170,44267
126,169,44268
111,177,44269
110,178,44270
109,179,44271
101,182,44272
91,182,44273
91,183,44274
88,184,44275
78,182,44276
73,181,44277
65,177,44278
58,173,44279
62,177,44280
54,171,44281
43,159,44282
48,167,44283
40,156,44284
33,144,44285
34,148,44286
32,145,44287
26,122,44288
25,120,44289
25,122,44290
24,106,44291
23,103,44292
23,102,44293
26,83,44294
26,81,44295
29,70,44296
31,65,44297
38,53,44298
35,56,44299
45,42,44300
50,37,44301
54,32,44302
59,28,44303
71,21,44304
74,19,44305
79,17,44306
91,14,44307
97,13,44308
102,13,44309
104,12,44310
125,16,44311
117,13,44312
137,21,44313
139,21,44314
150,28,44315
155,32,44316
164,40,44317
158,33,44318
177,58,44319
183,70,44320
181,64,44321
182,65,44322
189,84,44323
94,113,44324
93,113,44325
91,113,44326
91,110,44327
91,107,44328
90,108,44329
90,106,44330
89,106,44331
89,104,44332
89,103,44333
91,100,44334
92,98,44335
92,97,44336
95,96,44337
96,95,44338
94,94,44339
99,93,44340
99,92,44341
103,93,44342
103,92,44343
107,93,44344
108,93,44345
108,92,44346
110,92,44347
113,94,44348
117,99,44349
116,96,44350
120,102,44351
122,106,44352
121,102,44353
123,105,44354
124,110,44355
125,113,44356
126,114,44357
125,125,44358
127,117,44359
126,125,44360
122,136,44361
124,134,44362
123,137,44363
122,139,44364
118,145,44365
123,140,44366
114,150,44367
114,151,44368
111,153,44369
104,157,44370
104,158,44371
102,159,44372
94,160,44373
95,161,44374
90,161,44375
87,161,44376
78,159,44377
77,159,44378
78,161,44379
71,157,44380
68,155,44381
60,148,44382
61,150,44383
56,144,44384
54,142,44385
53,141,44386
48,129,44387
46,124,44388
45,123,44389
44,118,44390
43,113,44391
42,107,44392
44,93,44393
42,99,44394
42,96,44395
50,73,44396
49,74,44397
48,74,44398
52,66,44399
62,55,44400
58,57,44401
63,52,44402
67,49,44403
72,45,44404
80,41,44405
83,39,44406
85,38,44407
96,36,44408
103,35,44409
102,34,44410
114,36,44411
126,40,44412
118,36,44413
127,39,44414
141,48,44415
142,48,44416
147,52,44417
155,61,44418
158,65,44419
160,68,44420
161,68,44421
170,91,44422
172,96,44423
171,89,44424
174,107,44425
175,112,44426
175,128,44427
173,141,44428
175,136,44429
174,142,44430
169,157,44431
171,154,44432
163,172,44433
158,180,44434
155,184,44435
152,189,44436
145,196,44437
134,204,44438
133,206,44439
120,212,44440
114,215,44441
108,217,44442
99,218,44443
93,219,44444
93,220,44445
77,218,44446
68,216,44447
61,214,44448
56,213,44449
47,208,44450
98,110,44451
99,110,44452
100,109,44453
102,110,44454
103,110,44455
104,110,44456
105,112,44457
106,112,44458
107,113,44459
108,115,44460
107,119,44461
108,119,44462
109,119,44463
108,122,44464
107,125,44465
109,124,44466
105,129,44467
105,130,44468
104,132,44469
103,133,44470
103,134,44471
100,136,44472
98,137,44473
97,138,44474
95,139,44475
91,139,44476
91,140,44477
87,139,44478
84,139,44479
82,138,44480
81,138,44481
79,138,44482
74,133,44483
73,133,44484
72,132,44485
70,130,44486
67,125,44487
65,120,44488
64,120,44489
63,114,44490
62,114,44491
63,99,44492
61,110,44493
61,102,44494
63,93,44495
62,95,44496
65,87,44497
65,85,44498
68,79,44499
70,76,44500
70,75,44501
74,71,44502
75,69,44503
79,66,44504
84,63,44505
85,62,44506
89,60,44507
96,58,44508
103,58,44509
103,57,44510
108,57,44511
109,57,44512
114,58,44513
121,61,44514
127,64,44515
129,65,44516
132,67,44517
136,70,44518
140,75,44519
143,78,44520
146,83,44521
149,88,44522
152,97,44523
154,102,44524
155,108,44525
156,111,44526
155,130,44527
157,119,44528
156,132,44529
154,140,44530
152,148,44531
149,155,44532
149,156,44533
144,165,44534
141,169,44535
138,173,44536
134,178,44537
129,182,44538
125,185,44539
120,189,44540
115,191,44541
102,195,44542
100,196,44543
96,197,44544
82,196,44545
80,196,44546
76,196,44547
72,195,44548
57,188,44549
55,187,44550
48,183,44551
44,180,44552
36,171,44553
33,168,44554
28,161,44555
25,156,44556
22,150,44557
18,141,44558
15,132,44559
14,126,44560
12,113,44561
12,102,44562
11,102,44563
13,85,44564
16,74,44565
15,74,44566
22,56,44567
23,53,44568
24,51,44569
33,37,44570
37,32,44571
39,29,44572
50,19,44573
55,15,44574
61,11,44575
76,4,44576
75,4,44577
97,114,44578
96,117,44579
96,118,44580
94,119,44581
92,119,44582
91,120,44583
91,121,44584
89,120,44585
88,120,44586
87,119,44587
86,119,44588
84,117,44589
83,115,44590
82,113,44591
81,112,44592
81,116,44593
80,108,44594
79,109,44595
80,103,44596
80,101,44597
80,99,44598
80,98,44599
83,93,44600
81,95,44601
81,93,44602
85,89,44603
86,87,44604
90,84,44605
87,85,44606
93,82,44607
95,81,44608
96,80,44609
99,79,44610
102,79,44611
104,79,44612
104,78,44613
109,79,44614
115,82,44615
116,82,44616
120,84,44617
121,84,44618
125,89,44619
125,87,44620
130,95,44621
131,97,44622
132,97,44623
135,110,44624
136,110,44625
136,105,44626
137,117,44627
138,118,44628
137,127,44629
137,130,44630
136,134,44631
135,139,44632
134,142,44633
133,145,44634
126,155,44635
126,156,44636
125,157,44637
119,163,44638
120,163,44639
114,167,44640
106,171,44641
104,172,44642
102,173,44643
94,174,44644
93,175,44645
89,175,44646
77,173,44647
76,173,44648
70,171,44649
63,167,44650
61,166,44651
57,163,44652
54,161,44653
46,151,44654
46,152,44655
41,144,44656
40,142,44657
36,134,44658
33,120,44659
33,122,44660
32,122,44661
31,108,44662
31,100,44663
31,94,44664
33,85,44665
33,82,44666
36,73,44667
38,68,44668
42,60,44669
45,55,44670
45,54,44671
58,40,44672
63,36,44673
63,35,44674
72,30,44675
84,25,44676
85,24,44677
86,23,44678
100,22,44679
102,21,44680
106,21,44681
119,23,44682
125,24,44683
136,29,44684
139,30,44685
144,33,44686
149,37,44687
158,45,44688
160,47,44689
165,53,44690
174,67,44691
178,76,44692
179,77,44693
184,97,44694
184,94,44695
186,103,44696
187,117,44697
187,129,44698
187,132,44699
184,149,44700
183,155,44701
177,170,44702
178,169,44703
174,178,44704
95,111,44705
94,109,44706
93,108,44707
96,105,44708
96,104,44709
95,103,44710
97,102,44711
97,101,44712
99,101,44713
99,100,44714
104,101,44715
103,99,44716
105,100,44717
107,101,44718
108,101,44719
107,98,44720
112,105,44721
112,103,44722
114,106,44723
115,106,44724
116,110,44725
117,112,44726
118,113,44727
118,115,44728
119,115,44729
119,120,44730
119,122,44731
119,124,44732
119,127,44733
116,133,44734
116,134,44735
116,136,44736
115,138,44737
113,141,44738
106,146,44739
110,145,44740
104,148,44741
98,150,44742
99,151,44743
97,152,44744
92,152,44745
87,152,44746
91,154,44747
86,153,44748
79,151,44749
80,152,44750
70,145,44751
72,148,44752
69,147,44753
63,139,44754
64,142,44755
59,136,44756
57,132,44757
54,125,44758
53,122,44759
52,123,44760
51,116,44761
50,111,44762
50,104,44763
50,100,44764
49,102,44765
50,94,44766
53,84,44767
56,76,44768
55,77,44769
58,71,44770
64,64,44771
63,64,44772
70,57,44773
77,52,44774
75,52,44775
78,50,44776
91,46,44777
94,45,44778
96,44,44779
99,43,44780
114,45,44781
107,43,44782
114,44,44783
123,47,44784
126,48,44785
138,56,44786
143,60,44787
140,56,44788
149,66,44789
153,72,44790
153,70,44791
159,81,44792
163,93,44793
162,87,44794
165,95,44795
167,111,44796
168,115,44797
168,126,44798
167,134,44799
166,142,44800
167,139,44801
162,155,44802
159,163,44803
157,167,44804
155,171,44805
143,185,44806
147,183,44807
136,193,44808
130,197,44809
127,200,44810
124,202,44811
107,208,44812
109,208,44813
99,210,44814
91,211,44815
80,210,44816
79,210,44817
72,209,44818
56,203,44819
61,206,44820
41,193,44821
39,192,44822
33,187,44823
30,184,44824
23,176,44825
22,176,44826
11,154,44827
6,141,44828
7,146,44829
5,141,44830
1,121,44831
98,112,44832
101,113,44833
101,114,44834
101,117,44835
101,119,44836
103,117,44837
102,121,44838
103,121,44839
101,124,44840
102,124,44841
101,126,44842
100,127,44843
98,128,44844
96,129,44845
94,130,44846
97,131,44847
91,131,44848
91,132,44849
88,131,44850
87,132,44851
84,130,44852
82,130,44853
81,129,44854
80,129,44855
78,128,44856
75,123,44857
74,124,44858
72,119,44859
71,117,44860
70,114,44861
70,117,44862
69,111,44863
68,108,44864
68,103,44865
69,99,44866
68,98,44867
69,95,44868
76,83,44869
72,87,44870
73,85,44871
74,82,44872
82,75,44873
78,77,44874
83,73,44875
86,71,44876
87,70,44877
97,67,44878
94,67,44879
98,66,44880
105,66,44881
105,65,44882
110,66,44883
115,67,44884
121,70,44885
123,71,44886
120,68,44887
128,74,44888
134,80,44889
138,86,44890
136,81,44891
142,92,44892
143,93,44893
145,97,44894
147,107,44895
148,110,44896
149,113,44897
149,122,44898
150,120,44899
148,133,44900
145,143,44901
148,137,44902
147,143,44903
138,158,44904
137,161,44905
138,161,44906
135,165,44907
125,174,44908
130,172,44909
118,180,44910
112,183,44911
108,185,44912
99,187,44913
91,187,44914
96,188,44915
89,189,44916
78,187,44917
77,188,44918
63,182,44919
58,179,44920
61,182,44921
53,177,44922
45,169,44923
44,169,44924
39,163,44925
32,153,44926
27,142,44927
27,143,44928
25,140,44929
21,120,44930
20,118,44931
20,121,44932
19,103,44933
19,97,44934
20,88,44935
25,70,44936
22,76,44937
24,70,44938
33,51,44939
30,55,44940
41,39,44941
44,36,44942
53,27,44943
51,28,44944
59,22,44945
77,13,44946
75,13,44947
87,10,44948
95,8,44949
101,8,44950
104,7,44951
114,8,44952
119,8,44953
137,15,44954
145,19,44955
153,24,44956
147,19,44957
160,29,44958
95,114,44959
93,115,44960
92,116,44961
91,114,44962
89,112,44963
89,114,44964
88,112,44965
87,111,44966
86,109,44967
86,108,44968
86,105,44969
86,104,44970
85,104,44971
88,99,44972
87,99,44973
86,98,44974
91,94,44975
90,94,44976
92,92,44977
94,90,44978
96,89,44979
98,89,44980
99,88,44981
98,87,44982
101,87,44983
107,88,44984
104,86,44985
111,89,44986
113,89,44987
114,89,44988
116,91,44989
117,91,44990
122,97,44991
122,96,44992
125,101,44993
126,101,44994
128,108,44995
129,113,44996
129,115,44997
130,115,44998
131,116,44999
129,127,45000
132,120,45001
129,131,45002
129,133,45003
127,139,45004
123,145,45005
122,148,45006
124,146,45007
117,154,45008
115,156,45009
114,157,45010
112,159,45011
104,163,45012
101,164,45013
101,165,45014
95,166,45015
88,166,45016
82,165,45017
82,166,45018
77,165,45019
74,164,45020
68,161,45021
63,157,45022
59,154,45023
55,150,45024
56,152,45025
50,144,45026
48,141,45027
45,136,45028
43,130,45029
42,129,45030
39,113,45031
39,106,45032
38,108,45033
37,107,45034
42,82,45035
38,92,45036
40,84,45037
44,73,45038
47,67,45039
48,65,45040
51,59,45041
55,54,45042
61,48,45043
67,43,45044
67,42,45045
78,36,45046
77,36,45047
81,34,45048
92,31,45049
101,30,45050
108,30,45051
104,29,45052
123,33,45053
124,33,45054
132,36,45055
145,45,45056
138,39,45057
151,50,45058
149,47,45059
161,61,45060
165,67,45061
167,71,45062
171,78,45063
175,89,45064
177,97,45065
177,95,45066
179,105,45067
180,116,45068
180,123,45069
178,141,45070
179,140,45071
176,152,45072
168,171,45073
171,167,45074
164,179,45075
159,187,45076
157,190,45077
145,202,45078
142,205,45079
143,205,45080
128,214,45081
118,219,45082
112,221,45083
105,223,45084
98,224,45085
97,109,45086
97,108,45087
98,107,45088
100,107,45089
101,106,45090
102,106,45091
103,106,45092
105,107,45093
106,108,45094
107,108,45095
108,109,45096
109,109,45097
110,112,45098
111,114,45099
111,117,45100
112,116,45101
112,120,45102
113,120,45103
112,123,45104
112,125,45105
111,128,45106
110,131,45107
108,133,45108
108,134,45109
107,136,45110
105,138,45111
104,139,45112
102,141,45113
101,142,45114
95,143,45115
95,144,45116
93,145,45117
89,145,45118
85,144,45119
81,143,45120
82,144,45121
78,142,45122
74,139,45123
72,138,45124
68,134,45125
68,135,45126
64,129,45127
64,130,45128
62,126,45129
60,121,45130
59,120,45131
58,109,45132
57,110,45133
57,104,45134
57,101,45135
57,98,45136
58,93,45137
59,88,45138
59,87,45139
62,80,45140
62,79,45141
67,72,45142
70,68,45143
74,64,45144
77,61,45145
82,58,45146
86,56,45147
91,54,45148
95,53,45149
101,53,45150
102,52,45151
108,52,45152
111,52,45153
118,54,45154
121,55,45155
127,58,45156
129,59,45157
136,64,45158
142,70,45159
143,71,45160
145,73,45161
149,79,45162
153,86,45163
156,93,45164
157,96,45165
159,102,45166
160,114,45167
161,117,45168
161,121,45169
161,127,45170
159,139,45171
159,141,45172
154,155,45173
155,154,45174
150,164,45175
144,173,45176
141,177,45177
135,183,45178
138,181,45179
128,189,45180
122,193,45181
114,197,45182
109,199,45183
98,201,45184
96,202,45185
87,202,45186
84,202,45187
76,201,45188
69,199,45189
61,196,45190
56,194,45191
51,191,45192
43,185,45193
39,182,45194
35,178,45195
27,168,45196
24,164,45197
16,148,45198
14,143,45199
12,137,45200
9,125,45201
8,112,45202
7,109,45203
8,91,45204
7,97,45205
9,82,45206
11,72,45207
13,66,45208
18,53,45209
22,45,45210
25,40,45211
28,35,45212
97,113,45213
98,117,45214
99,117,45215
97,120,45216
95,121,45217
96,122,45218
95,123,45219
94,123,45220
93,124,45221
92,125,45222
88,123,45223
90,125,45224
86,123,45225
85,122,45226
84,122,45227
85,125,45228
80,116,45229
80,119,45230
78,115,45231
78,117,45232
77,112,45233
76,111,45234
76,105,45235
75,106,45236
74,107,45237
76,99,45238
76,97,45239
77,94,45240
78,92,45241
80,88,45242
78,90,45243
82,85,45244
82,84,45245
85,81,45246
89,79,45247
90,77,45248
93,76,45249
100,75,45250
99,74,45251
103,74,45252
107,74,45253
110,75,45254
108,73,45255
114,75,45256
119,78,45257
119,77,45258
129,88,45259
129,86,45260
128,83,45261
135,96,45262
133,90,45263
137,98,45264
138,100,45265
140,109,45266
141,111,45267
142,112,45268
142,118,45269
142,122,45270
141,130,45271
140,136,45272
141,135,45273
139,142,45274
135,150,45275
132,155,45276
130,158,45277
129,160,45278
124,165,45279
120,169,45280
117,171,45281
109,175,45282
109,176,45283
105,178,45284
93,179,45285
90,180,45286
86,180,45287
82,180,45288
73,177,45289
67,175,45290
70,177,45291
57,169,45292
56,169,45293
46,158,45294
42,153,45295
44,158,45296
37,146,45297
33,136,45298
34,142,45299
30,129,45300
28,119,45301
28,123,45302
27,120,45303
26,103,45304
26,101,45305
27,90,45306
31,75,45307
31,73,45308
31,72,45309
36,61,45310
47,45,45311
43,49,45312
44,47,45313
63,30,45314
55,35,45315
70,25,45316
79,21,45317
77,21,45318
83,19,45319
95,17,45320
98,16,45321
109,16,45322
121,18,45323
128,20,45324
131,21,45325
136,23,45326
149,31,45327
149,30,45328
166,48,45329
167,48,45330
172,55,45331
177,63,45332
178,65,45333
176,59,45334
188,93,45335
189,97,45336
191,109,45337
191,104,45338
192,118,45339
94,112,45340
93,112,45341
92,111,45342
92,108,45343
93,105,45344
91,106,45345
92,104,45346
92,102,45347
93,101,45348
93,100,45349
96,98,45350
95,98,45351
98,97,45352
100,96,45353
102,96,45354
99,94,45355
106,96,45356
104,94,45357
108,96,45358
108,95,45359
112,98,45360
114,100,45361
114,99,45362
115,99,45363
117,102,45364
120,108,45365
120,105,45366
121,110,45367
122,111,45368
123,116,45369
123,121,45370
124,118,45371
124,121,45372
121,132,45373
123,128,45374
124,128,45375
120,137,45376
115,143,45377
117,143,45378
115,145,45379
114,147,45380
106,152,45381
110,151,45382
101,155,45383
100,156,45384
98,157,45385
85,156,45386
89,158,45387
90,159,45388
80,156,45389
83,158,45390
79,157,45391
71,153,45392
67,150,45393
63,147,45394
66,151,45395
59,143,45396
56,140,45397
52,132,45398
52,134,45399
48,121,45400
48,123,45401
47,121,45402
46,110,45403
45,107,45404
45,104,45405
47,91,45406
45,96,45407
48,84,45408
53,73,45409
50,76,45410
49,77,45411
63,58,45412
64,56,45413
67,53,45414
64,55,45415
78,46,45416
73,47,45417
82,43,45418
91,40,45419
95,39,45420
106,39,45421
108,39,45422
110,38,45423
119,40,45424
124,42,45425
122,40,45426
140,51,45427
145,56,45428
142,51,45429
146,55,45430
154,65,45431
158,70,45432
160,73,45433
166,86,45434
169,96,45435
169,95,45436
170,96,45437
172,116,45438
173,120,45439
173,121,45440
170,143,45441
171,142,45442
168,153,45443
160,170,45444
166,160,45445
160,172,45446
152,183,45447
151,185,45448
146,191,45449
139,197,45450
131,203,45451
125,207,45452
118,210,45453
103,214,45454
107,214,45455
84,215,45456
89,216,45457
72,214,45458
67,213,45459
64,212,45460
62,212,45461
43,201,45462
35,195,45463
31,192,45464
31,193,45465
20,180,45466
99,111,45467
100,111,45468
101,110,45469
103,113,45470
103,114,45471
104,114,45472
105,115,45473
106,116,45474
106,118,45475
107,118,45476
105,123,45477
106,123,45478
105,125,45479
104,127,45480
103,129,45481
105,128,45482
99,132,45483
101,132,45484
97,134,45485
97,135,45486
92,135,45487
92,136,45488
92,137,45489
89,137,45490
87,137,45491
83,135,45492
85,137,45493
78,132,45494
80,135,45495
75,130,45496
73,129,45497
72,128,45498
70,124,45499
68,122,45500
67,119,45501
66,116,45502
65,113,45503
65,105,45504
64,106,45505
64,104,45506
64,99,45507
67,90,45508
63,98,45509
67,87,45510
69,83,45511
70,81,45512
75,75,45513
74,75,45514
79,70,45515
84,67,45516
84,66,45517
86,65,45518
87,64,45519
94,62,45520
99,61,45521
99,60,45522
106,60,45523
113,62,45524
117,63,45525
119,63,45526
122,64,45527
127,67,45528
131,70,45529
134,73,45530
139,79,45531
140,79,45532
144,85,45533
147,91,45534
149,96,45535
150,98,45536
152,107,45537
153,109,45538
153,121,45539
153,126,45540
154,125,45541
153,134,45542
147,151,45543
151,144,45544
147,154,45545
144,159,45546
139,167,45547
134,173,45548
134,174,45549
129,178,45550
121,184,45551
117,186,45552
115,188,45553
101,192,45554
97,193,45555
98,193,45556
91,194,45557
82,193,45558
74,192,45559
70,191,45560
58,185,45561
57,185,45562
50,180,45563
49,180,45564
36,166,45565
34,164,45566
33,164,45567
28,155,45568
22,142,45569
22,143,45570
19,135,45571
17,127,45572
15,116,45573
15,100,45574
14,102,45575
15,89,45576
18,76,45577
20,69,45578
19,70,45579
23,60,45580
33,43,45581
34,40,45582
41,32,45583
45,27,45584
52,21,45585
58,17,45586
64,13,45587
66,11,45588
81,6,45589
88,4,45590
108,3,45591
101,2,45592
109,2,45593
96,115,45594
95,117,45595
94,118,45596
92,118,45597
90,116,45598
90,118,45599
89,118,45600
88,117,45601
86,115,45602
86,116,45603
84,113,45604
84,111,45605
83,110,45606
83,107,45607
83,105,45608
81,107,45609
82,103,45610
82,101,45611
83,98,45612
84,96,45613
84,95,45614
85,93,45615
88,90,45616
87,89,45617
88,88,45618
94,85,45619
94,84,45620
97,83,45621
100,83,45622
101,82,45623
104,82,45624
107,82,45625
110,83,45626
111,83,45627
114,84,45628
116,85,45629
120,88,45630
122,90,45631
124,92,45632
126,94,45633
127,95,45634
130,100,45635
131,102,45636
133,109,45637
134,112,45638
134,117,45639
134,124,45640
134,127,45641
134,130,45642
134,131,45643
132,138,45644
131,141,45645
130,144,45646
129,146,45647
125,152,45648
124,154,45649
118,160,45650
114,163,45651
113,164,45652
110,166,45653
103,169,45654
101,170,45655
96,171,45656
88,171,45657
85,171,45658
82,171,45659
77,170,45660
71,168,45661
69,167,45662
65,165,45663
58,160,45664
53,155,45665
52,154,45666
47,148,45667
44,143,45668
43,142,45669
38,130,45670
37,128,45671
36,124,45672
34,113,45673
34,106,45674
34,98,45675
34,95,45676
35,88,45677
36,82,45678
38,76,45679
40,70,45680
46,59,45681
46,58,45682
49,54,45683
59,43,45684
61,41,45685
65,38,45686
72,33,45687
76,31,45688
87,27,45689
90,26,45690
97,25,45691
107,25,45692
110,25,45693
119,26,45694
122,27,45695
131,30,45696
139,34,45697
142,36,45698
149,41,45699
159,51,45700
158,49,45701
165,58,45702
170,66,45703
173,71,45704
176,78,45705
180,90,45706
181,93,45707
184,113,45708
184,110,45709
184,127,45710
184,133,45711
183,140,45712
179,157,45713
177,163,45714
174,171,45715
168,182,45716
169,181,45717
159,195,45718
154,201,45719
151,204,45720
95,110,45721
95,109,45722
94,108,45723
97,105,45724
98,105,45725
98,103,45726
100,103,45727
100,102,45728
102,102,45729
103,102,45730
106,103,45731
106,102,45732
109,105,45733
110,106,45734
111,107,45735
110,102,45736
113,111,45737
114,110,45738
115,113,45739
115,117,45740
116,116,45741
116,119,45742
116,122,45743
116,125,45744
117,124,45745
116,127,45746
114,132,45747
114,133,45748
114,134,45749
109,140,45750
109,141,45751
108,142,45752
104,145,45753
103,146,45754
97,148,45755
100,148,45756
94,149,45757
89,149,45758
89,150,45759
84,149,45760
83,149,45761
76,146,45762
79,149,45763
73,145,45764
69,142,45765
68,142,45766
61,130,45767
62,135,45768
62,136,45769
57,123,45770
56,124,45771
55,121,45772
54,117,45773
53,110,45774
52,107,45775
52,104,45776
53,96,45777
54,90,45778
55,87,45779
56,83,45780
57,79,45781
59,75,45782
64,68,45783
71,61,45784
71,60,45785
78,55,45786
74,57,45787
80,53,45788
91,49,45789
94,48,45790
91,48,45791
99,47,45792
106,47,45793
115,48,45794
117,48,45795
121,49,45796
130,54,45797
135,57,45798
137,58,45799
141,62,45800
144,64,45801
152,76,45802
155,81,45803
152,73,45804
159,89,45805
162,99,45806
162,95,45807
164,107,45808
165,117,45809
166,116,45810
164,135,45811
165,132,45812
163,143,45813
161,151,45814
157,160,45815
154,166,45816
156,164,45817
145,179,45818
139,186,45819
135,190,45820
137,189,45821
122,198,45822
120,200,45823
110,204,45824
101,206,45825
104,206,45826
86,207,45827
81,207,45828
85,208,45829
73,206,45830
62,202,45831
55,199,45832
48,195,45833
41,190,45834
35,185,45835
30,180,45836
22,168,45837
18,162,45838
14,155,45839
11,148,45840
8,139,45841
8,143,45842
4,117,45843
3,110,45844
3,98,45845
3,92,45846
3,89,45847
98,113,45848
100,114,45849
101,116,45850
100,119,45851
99,120,45852
101,120,45853
100,122,45854
100,123,45855
99,124,45856
98,126,45857
96,127,45858
95,127,45859
93,128,45860
92,129,45861
89,128,45862
92,130,45863
85,127,45864
86,129,45865
82,126,45866
82,127,45867
79,124,45868
77,121,45869
78,124,45870
76,122,45871
74,118,45872
73,114,45873
72,114,45874
72,108,45875
71,110,45876
71,104,45877
71,103,45878
71,99,45879
71,98,45880
71,96,45881
76,87,45882
73,89,45883
76,85,45884
82,79,45885
80,79,45886
83,77,45887
84,75,45888
92,72,45889
91,71,45890
95,70,45891
99,69,45892
100,68,45893
112,71,45894
109,69,45895
112,69,45896
121,74,45897
118,71,45898
123,74,45899
126,76,45900
133,84,45901
132,82,45902
131,79,45903
138,89,45904
141,97,45905
142,99,45906
143,99,45907
145,109,45908
146,111,45909
146,121,45910
147,122,45911
146,129,45912
146,131,45913
143,142,45914
144,142,45915
140,151,45916
135,158,45917
138,156,45918
138,157,45919
121,173,45920
119,175,45921
119,176,45922
116,178,45923
108,181,45924
106,183,45925
100,184,45926
93,185,45927
85,185,45928
80,184,45929
73,182,45930
74,184,45931
67,181,45932
56,174,45933
63,180,45934
48,168,45935
42,161,45936
46,168,45937
38,158,45938
30,141,45939
31,145,45940
28,138,45941
25,129,45942
23,117,45943
22,114,45944
22,102,45945
22,97,45946
22,94,45947
23,86,45948
29,67,45949
28,67,45950
31,61,45951
38,49,45952
35,52,45953
43,41,45954
52,32,45955
52,31,45956
63,23,45957
68,20,45958
75,17,45959
78,15,45960
91,12,45961
102,11,45962
101,10,45963
120,13,45964
123,13,45965
132,16,45966
141,20,45967
148,24,45968
143,20,45969
164,38,45970
166,40,45971
173,48,45972
170,43,45973
182,62,45974
96,113,45975
92,113,45976
92,114,45977
90,112,45978
90,109,45979
89,109,45980
89,107,45981
88,108,45982
88,106,45983
88,104,45984
88,103,45985
90,99,45986
89,99,45987
93,96,45988
93,95,45989
91,95,45990
96,93,45991
95,92,45992
98,91,45993
99,90,45994
104,91,45995
105,91,45996
106,90,45997
105,89,45998
108,90,45999
114,94,46000
112,91,46001
118,97,46002
117,95,46003
119,97,46004
122,101,46005
123,103,46006
124,105,46007
125,106,46008
126,117,46009
127,112,46010
128,117,46011
126,128,46012
127,127,46013
127,129,46014
127,131,46015
123,139,46016
127,134,46017
120,145,46018
121,145,46019
117,150,46020
113,153,46021
112,155,46022
111,156,46023
101,160,46024
104,160,46025
99,162,46026
95,163,46027
85,162,46028
87,163,46029
87,164,46030
79,162,46031
74,160,46032
69,157,46033
67,157,46034
62,153,46035
61,152,46036
58,150,46037
51,139,46038
49,136,46039
49,137,46040
46,131,46041
43,121,46042
42,117,46043
42,101,46044
41,110,46045
40,108,46046
42,93,46047
44,84,46048
43,84,46049
42,86,46050
52,65,46051
48,69,46052
55,59,46053
54,60,46054
61,52,46055
67,47,46056
70,44,46057
76,40,46058
84,37,46059
91,35,46060
87,35,46061
100,33,46062
110,34,46063
111,33,46064
112,33,46065
125,37,46066
131,39,46067
135,41,46068
138,43,46069
147,50,46070
152,55,46071
152,54,46072
165,74,46073
167,77,46074
165,71,46075
172,90,46076
174,96,46077
175,101,46078
176,125,46079
177,114,46080
177,129,46081
175,142,46082
177,134,46083
174,150,46084
170,160,46085
166,169,46086
166,171,46087
160,181,46088
145,197,46089
151,193,46090
139,203,46091
131,209,46092
130,210,46093
116,216,46094
114,217,46095
113,218,46096
94,221,46097
88,221,46098
77,220,46099
78,221,46100
62,217,46101
97,111,46102
98,109,46103
99,108,46104
102,109,46105
103,109,46106
103,108,46107
105,110,46108
106,110,46109
107,111,46110
108,112,46111
108,117,46112
109,116,46113
110,117,46114
109,122,46115
109,123,46116
110,123,46117
109,126,46118
109,127,46119
107,130,46120
106,132,46121
106,133,46122
105,134,46123
101,137,46124
102,137,46125
101,138,46126
97,140,46127
95,141,46128
90,141,46129
91,142,46130
86,141,46131
84,141,46132
85,142,46133
79,139,46134
77,138,46135
74,136,46136
72,134,46137
71,134,46138
68,129,46139
67,129,46140
64,122,46141
63,122,46142
62,117,46143
61,116,46144
60,111,46145
60,102,46146
60,99,46147
61,94,46148
61,92,46149
62,88,46150
64,84,46151
64,82,46152
67,77,46153
69,74,46154
71,71,46155
75,67,46156
78,64,46157
80,63,46158
87,59,46159
89,58,46160
92,57,46161
96,56,46162
100,55,46163
106,55,46164
112,56,46165
119,58,46166
120,58,46167
126,61,46168
127,61,46169
134,66,46170
135,67,46171
140,72,46172
144,77,46173
148,84,46174
150,86,46175
153,94,46176
154,95,46177
156,103,46178
157,108,46179
158,114,46180
158,122,46181
158,126,46182
156,139,46183
156,141,46184
154,148,46185
152,153,46186
150,158,46187
145,167,46188
140,173,46189
137,177,46190
135,180,46191
126,187,46192
120,190,46193
115,193,46194
111,195,46195
98,198,46196
93,198,46197
92,199,46198
85,199,46199
75,197,46200
67,195,46201
66,195,46202
57,191,46203
47,184,46204
45,183,46205
36,174,46206
34,172,46207
29,166,46208
24,158,46209
21,153,46210
16,140,46211
15,137,46212
12,126,46213
11,118,46214
10,111,46215
11,94,46216
9,103,46217
13,78,46218
13,76,46219
17,63,46220
20,56,46221
25,46,46222
25,45,46223
36,30,46224
39,26,46225
42,23,46226
56,12,46227
57,11,46228
97,116,46229
97,117,46230
97,119,46231
95,119,46232
94,120,46233
93,121,46234
92,122,46235
91,122,46236
90,122,46237
88,121,46238
87,121,46239
86,121,46240
84,118,46241
82,116,46242
82,117,46243
82,120,46244
80,111,46245
79,112,46246
79,108,46247
78,106,46248
78,105,46249
77,104,46250
79,99,46251
79,97,46252
78,97,46253
81,92,46254
81,91,46255
84,87,46256
83,87,46257
87,84,46258
89,82,46259
90,81,46260
94,79,46261
93,79,46262
100,78,46263
100,77,46264
105,77,46265
109,78,46266
113,79,46267
114,79,46268
115,79,46269
121,83,46270
120,81,46271
124,85,46272
127,88,46273
130,91,46274
134,102,46275
133,96,46276
137,110,46277
135,98,46278
138,110,46279
139,114,46280
139,119,46281
139,125,46282
139,127,46283
139,130,46284
138,135,46285
134,144,46286
132,149,46287
130,153,46288
129,155,46289
129,156,46290
123,162,46291
118,166,46292
116,168,46293
112,171,46294
103,174,46295
105,174,46296
97,176,46297
86,176,46298
89,177,46299
86,177,46300
75,174,46301
73,174,46302
69,173,46303
63,170,46304
56,164,46305
54,163,46306
51,161,46307
45,153,46308
45,154,46309
36,136,46310
36,137,46311
36,140,46312
31,120,46313
30,113,46314
29,114,46315
29,103,46316
29,98,46317
29,95,46318
33,77,46319
35,71,46320
37,66,46321
37,65,46322
43,55,46323
49,47,46324
48,47,46325
56,39,46326
67,31,46327
69,29,46328
69,28,46329
84,23,46330
85,22,46331
95,20,46332
109,20,46333
103,19,46334
114,20,46335
121,21,46336
125,22,46337
133,25,46338
145,32,46339
152,37,46340
161,46,46341
163,48,46342
169,56,46343
170,56,46344
178,73,46345
180,76,46346
184,87,46347
187,102,46348
187,100,46349
187,94,46350
189,120,46351
189,127,46352
187,142,46353
187,145,46354
184,158,46355
94,111,46356
93,110,46357
93,109,46358
94,106,46359
95,104,46360
94,104,46361
95,102,46362
95,101,46363
96,100,46364
97,99,46365
101,99,46366
100,98,46367
102,98,46368
105,99,46369
107,99,46370
104,96,46371
110,101,46372
110,99,46373
112,102,46374
113,101,46375
115,105,46376
117,108,46377
117,106,46378
118,107,46379
119,111,46380
120,115,46381
120,118,46382
120,123,46383
121,122,46384
119,129,46385
120,128,46386
119,132,46387
119,133,46388
118,136,46389
112,143,46390
117,139,46391
111,145,46392
106,148,46393
105,150,46394
104,151,46395
105,151,46396
95,153,46397
98,154,46398
91,155,46399
89,155,46400
86,155,46401
77,151,46402
77,152,46403
77,153,46404
67,146,46405
69,149,46406
65,145,46407
62,142,46408
57,135,46409
55,132,46410
55,134,46411
52,126,46412
51,122,46413
49,114,46414
49,108,46415
48,109,46416
48,100,46417
49,95,46418
49,92,46419
50,86,46420
52,80,46421
57,71,46422
56,71,46423
58,68,46424
66,59,46425
62,61,46426
64,59,46427
79,49,46428
80,48,46429
83,46,46430
87,44,46431
99,42,46432
93,42,46433
103,41,46434
111,42,46435
113,42,46436
127,47,46437
134,51,46438
128,46,46439
137,52,46440
148,63,46441
144,57,46442
153,68,46443
159,79,46444
155,69,46445
160,78,46446
165,93,46447
167,99,46448
168,101,46449
169,118,46450
170,119,46451
170,126,46452
168,138,46453
168,141,46454
166,149,46455
163,159,46456
156,171,46457
160,166,46458
151,180,46459
139,192,46460
145,188,46461
143,190,46462
126,202,46463
124,204,46464
115,208,46465
111,209,46466
104,211,46467
85,212,46468
87,213,46469
75,211,46470
81,213,46471
57,205,46472
52,203,46473
45,199,46474
42,197,46475
36,192,46476
39,196,46477
21,175,46478
14,164,46479
15,167,46480
11,161,46481
6,148,46482
99,112,46483
100,112,46484
102,112,46485
102,115,46486
102,117,46487
104,116,46488
103,120,46489
104,119,46490
104,121,46491
104,122,46492
103,124,46493
102,126,46494
101,128,46495
99,129,46496
97,130,46497
100,131,46498
94,132,46499
94,133,46500
91,133,46501
91,134,46502
86,132,46503
84,132,46504
84,133,46505
82,132,46506
81,132,46507
77,127,46508
77,129,46509
74,125,46510
73,125,46511
71,120,46512
70,121,46513
69,116,46514
68,113,46515
67,112,46516
67,104,46517
66,107,46518
66,103,46519
71,89,46520
68,93,46521
70,88,46522
69,89,46523
75,80,46524
71,83,46525
76,77,46526
79,74,46527
80,73,46528
87,69,46529
87,68,46530
88,67,46531
97,65,46532
97,64,46533
100,63,46534
108,64,46535
113,65,46536
114,65,46537
111,63,46538
121,67,46539
128,72,46540
131,75,46541
131,74,46542
136,79,46543
137,80,46544
142,87,46545
145,95,46546
146,97,46547
148,101,46548
149,105,46549
150,110,46550
151,117,46551
150,126,46552
151,128,46553
151,131,46554
145,148,46555
145,149,46556
146,149,46557
144,154,46558
134,167,46559
139,163,46560
132,171,46561
124,178,46562
123,179,46563
116,183,46564
111,186,46565
105,188,46566
100,189,46567
93,190,46568
93,191,46569
82,190,46570
71,187,46571
74,189,46572
70,188,46573
53,178,46574
53,179,46575
48,175,46576
44,171,46577
36,162,46578
32,156,46579
31,156,46580
24,138,46581
24,140,46582
23,139,46583
19,121,46584
18,115,46585
17,109,46586
19,88,46587
17,96,46588
19,82,46589
24,67,46590
23,67,46591
26,60,46592
34,46,46593
39,39,46594
36,42,46595
45,31,46596
57,22,46597
54,23,46598
72,13,46599
73,12,46600
80,9,46601
91,7,46602
96,6,46603
97,5,46604
118,7,46605
127,9,46606
130,10,46607
130,9,46608
145,16,46609
95,115,46610
94,116,46611
93,117,46612
91,116,46613
89,113,46614
89,116,46615
88,113,46616
87,113,46617
86,111,46618
85,111,46619
85,107,46620
85,106,46621
84,106,46622
85,102,46623
86,99,46624
84,101,46625
86,97,46626
87,95,46627
88,94,46628
90,92,46629
91,90,46630
93,89,46631
95,88,46632
94,87,46633
97,86,46634
102,86,46635
100,85,46636
106,86,46637
109,86,46638
109,85,46639
112,87,46640
112,86,46641
118,91,46642
119,91,46643
122,94,46644
124,96,46645
126,99,46646
128,104,46647
129,105,46648
130,109,46649
131,110,46650
131,120,46651
132,114,46652
132,121,46653
132,125,46654
131,131,46655
128,139,46656
128,140,46657
128,141,46658
126,145,46659
123,150,46660
121,153,46661
117,157,46662
113,160,46663
112,161,46664
109,163,46665
105,165,46666
99,167,46667
91,167,46668
93,168,46669
85,168,46670
88,169,46671
78,167,46672
71,164,46673
67,162,46674
66,162,46675
63,160,46676
59,157,46677
55,153,46678
51,149,46679
48,144,46680
43,135,46681
41,129,46682
40,128,46683
38,119,46684
37,117,46685
37,103,46686
36,108,46687
36,100,46688
38,87,46689
40,80,46690
42,74,46691
41,75,46692
45,66,46693
50,58,46694
55,52,46695
56,50,46696
61,45,46697
67,40,46698
68,39,46699
75,35,46700
86,31,46701
92,29,46702
95,28,46703
105,28,46704
108,28,46705
113,28,46706
122,30,46707
131,34,46708
137,37,46709
138,37,46710
148,44,46711
152,48,46712
158,54,46713
164,62,46714
168,68,46715
173,79,46716
171,73,46717
176,85,46718
180,103,46719
181,109,46720
181,124,46721
182,119,46722
181,134,46723
178,148,46724
180,145,46725
172,167,46726
173,166,46727
169,175,46728
161,187,46729
159,190,46730
154,197,46731
147,203,46732
139,210,46733
131,215,46734
123,219,46735
116,222,46736
96,110,46737
96,109,46738
97,107,46739
99,106,46740
100,105,46741
101,105,46742
102,104,46743
104,105,46744
105,106,46745
106,105,46746
107,106,46747
108,106,46748
110,110,46749
111,112,46750
112,112,46751
112,108,46752
113,116,46753
114,116,46754
113,122,46755
114,121,46756
114,123,46757
113,127,46758
112,129,46759
112,131,46760
112,132,46761
110,135,46762
107,138,46763
105,140,46764
105,141,46765
100,143,46766
100,144,46767
98,145,46768
95,146,46769
93,146,46770
88,146,46771
88,147,46772
83,146,46773
76,142,46774
75,142,46775
77,144,46776
73,142,46777
67,135,46778
68,138,46779
64,132,46780
63,131,46781
62,130,46782
58,116,46783
58,124,46784
57,117,46785
56,109,46786
55,109,46787
55,103,46788
56,95,46789
56,94,46790
57,89,46791
57,87,46792
60,80,46793
64,74,46794
66,70,46795
68,67,46796
70,65,46797
73,62,46798
80,57,46799
82,56,46800
85,54,46801
89,52,46802
97,51,46803
99,50,46804
106,50,46805
113,51,46806
118,52,46807
119,52,46808
125,55,46809
130,57,46810
134,60,46811
138,63,46812
146,72,46813
145,70,46814
150,77,46815
153,82,46816
154,83,46817
160,104,46818
161,107,46819
160,97,46820
162,114,46821
162,128,46822
163,121,46823
161,137,46824
161,139,46825
160,145,46826
154,160,46827
153,162,46828
149,169,46829
147,173,46830
139,182,46831
132,188,46832
133,188,46833
122,195,46834
113,199,46835
115,199,46836
114,200,46837
96,203,46838
93,204,46839
84,204,46840
78,203,46841
75,203,46842
65,200,46843
54,195,46844
53,195,46845
46,190,46846
38,183,46847
35,181,46848
27,171,46849
21,162,46850
17,155,46851
15,151,46852
10,134,46853
9,132,46854
8,130,46855
6,112,46856
5,106,46857
5,103,46858
8,79,46859
9,73,46860
11,67,46861
15,55,46862
18,48,46863
98,114,46864
99,115,46865
100,117,46866
98,119,46867
97,121,46868
98,122,46869
97,123,46870
96,124,46871
95,125,46872
94,125,46873
91,125,46874
90,126,46875
88,125,46876
87,125,46877
86,125,46878
88,128,46879
82,122,46880
81,122,46881
79,119,46882
79,121,46883
77,116,46884
76,115,46885
75,112,46886
75,110,46887
74,111,46888
74,106,46889
74,102,46890
74,100,46891
74,98,46892
75,95,46893
76,92,46894
76,91,46895
77,88,46896
79,85,46897
85,80,46898
83,80,46899
86,78,46900
94,75,46901
91,75,46902
96,73,46903
93,73,46904
103,72,46905
101,71,46906
104,71,46907
114,74,46908
111,72,46909
122,79,46910
120,76,46911
123,77,46912
129,84,46913
131,85,46914
134,89,46915
136,92,46916
138,97,46917
140,101,46918
140,99,46919
142,106,46920
143,115,46921
143,120,46922
143,127,46923
144,125,46924
143,133,46925
140,142,46926
139,145,46927
139,146,46928
138,149,46929
131,159,46930
133,158,46931
127,165,46932
118,172,46933
120,172,46934
119,173,46935
103,179,46936
101,180,46937
99,181,46938
96,182,46939
84,181,46940
85,182,46941
82,182,46942
69,178,46943
68,178,46944
57,171,46945
52,167,46946
56,172,46947
47,163,46948
38,150,46949
44,161,46950
36,148,46951
30,134,46952
30,136,46953
30,137,46954
26,115,46955
25,113,46956
24,109,46957
25,96,46958
26,87,46959
26,84,46960
29,75,46961
32,66,46962
33,63,46963
36,57,46964
47,42,46965
41,48,46966
51,37,46967
61,29,46968
58,30,46969
67,24,46970
81,18,46971
80,18,46972
91,15,46973
99,14,46974
105,14,46975
117,15,46976
118,15,46977
133,20,46978
133,19,46979
147,28,46980
147,27,46981
159,37,46982
165,43,46983
168,46,46984
165,41,46985
182,70,46986
185,77,46987
188,85,46988
188,83,46989
192,102,46990
95,113,46991
92,112,46992
91,112,46993
91,109,46994
92,106,46995
90,107,46996
91,104,46997
90,104,46998
91,102,46999
91,101,47000
92,99,47001
93,98,47002
93,97,47003
97,96,47004
98,95,47005
96,94,47006
101,94,47007
101,93,47008
106,94,47009
106,93,47010
109,95,47011
111,95,47012
112,95,47013
112,94,47014
115,97,47015
117,100,47016
117,98,47017
120,104,47018
121,104,47019
123,111,47020
123,108,47021
124,113,47022
125,116,47023
125,121,47024
124,126,47025
126,123,47026
124,130,47027
118,141,47028
122,137,47029
121,139,47030
121,140,47031
114,148,47032
118,146,47033
110,152,47034
108,154,47035
105,156,47036
97,158,47037
100,158,47038
97,159,47039
88,159,47040
90,160,47041
85,160,47042
81,159,47043
75,157,47044
73,156,47045
74,158,47046
66,152,47047
63,150,47048
58,144,47049
56,143,47050
52,136,47051
50,133,47052
50,134,47053
46,119,47054
45,116,47055
44,114,47056
44,104,47057
43,107,47058
44,96,47059
47,84,47060
44,91,47061
44,89,47062
55,66,47063
55,65,47064
53,67,47065
56,62,47066
69,50,47067
61,55,47068
73,46,47069
76,44,47070
82,41,47071
89,39,47072
89,38,47073
95,37,47074
103,36,47075
112,37,47076
111,36,47077
126,41,47078
132,44,47079
129,41,47080
136,45,47081
150,58,47082
150,57,47083
153,60,47084
160,70,47085
165,80,47086
165,79,47087
167,82,47088
171,98,47089
173,106,47090
173,102,47091
174,120,47092
175,121,47093
174,131,47094
170,149,47095
173,142,47096
171,150,47097
164,167,47098
165,167,47099
159,177,47100
154,184,47101
147,192,47102
146,194,47103
135,203,47104
119,211,47105
124,210,47106
107,215,47107
106,216,47108
100,217,47109
90,218,47110
85,218,47111
78,218,47112
65,214,47113
55,210,47114
45,205,47115
45,206,47116
37,200,47117
98,111,47118
99,110,47119
101,109,47120
102,111,47121
103,111,47122
104,111,47123
105,113,47124
106,113,47125
107,115,47126
107,116,47127
107,120,47128
107,122,47129
108,121,47130
107,124,47131
106,126,47132
108,125,47133
104,130,47134
103,131,47135
102,133,47136
99,135,47137
100,135,47138
98,136,47139
95,137,47140
94,138,47141
93,139,47142
89,138,47143
89,139,47144
83,137,47145
82,137,47146
79,136,47147
77,135,47148
76,134,47149
73,131,47150
70,128,47151
69,126,47152
67,124,47153
66,121,47154
64,113,47155
64,116,47156
63,110,47157
62,110,47158
64,97,47159
61,106,47160
63,95,47161
65,89,47162
64,90,47163
71,78,47164
68,81,47165
70,77,47166
75,72,47167
75,71,47168
77,69,47169
82,65,47170
84,64,47171
91,61,47172
89,61,47173
96,59,47174
106,59,47175
112,60,47176
106,58,47177
109,58,47178
119,61,47179
122,62,47180
127,65,47181
133,70,47182
135,71,47183
139,75,47184
142,79,47185
144,82,47186
146,85,47187
150,94,47188
152,98,47189
153,104,47190
154,117,47191
155,114,47192
156,117,47193
153,137,47194
156,127,47195
154,138,47196
151,147,47197
148,155,47198
144,162,47199
143,165,47200
139,170,47201
134,176,47202
128,181,47203
130,180,47204
118,188,47205
117,189,47206
113,191,47207
107,193,47208
94,195,47209
92,196,47210
90,196,47211
72,193,47212
71,193,47213
67,192,47214
62,190,47215
50,182,47216
48,181,47217
45,179,47218
37,171,47219
31,163,47220
26,155,47221
25,154,47222
19,140,47223
17,134,47224
15,126,47225
14,123,47226
13,112,47227
13,99,47228
14,88,47229
13,91,47230
15,80,47231
21,62,47232
19,65,47233
29,45,47234
30,43,47235
34,37,47236
45,25,47237
48,22,47238
46,23,47239
64,11,47240
67,9,47241
74,6,47242
79,4,47243
91,1,47244
97,115,47245
96,116,47246
96,118,47247
93,119,47248
91,118,47249
91,119,47250
90,119,47251
89,119,47252
87,118,47253
86,117,47254
85,117,47255
84,116,47256
83,113,47257
82,111,47258
82,108,47259
81,110,47260
81,105,47261
80,106,47262
81,101,47263
81,99,47264
81,98,47265
82,96,47266
84,93,47267
83,92,47268
84,90,47269
90,86,47270
90,85,47271
91,84,47272
92,83,47273
96,82,47274
98,81,47275
99,80,47276
103,80,47277
105,80,47278
110,81,47279
110,80,47280
114,82,47281
117,84,47282
120,86,47283
123,88,47284
124,88,47285
127,93,47286
127,91,47287
131,99,47288
133,103,47289
134,104,47290
135,115,47291
136,114,47292
136,120,47293
136,126,47294
136,128,47295
136,129,47296
135,135,47297
133,141,47298
132,143,47299
131,147,47300
128,151,47301
124,156,47302
121,160,47303
119,162,47304
111,167,47305
114,166,47306
108,169,47307
99,172,47308
96,173,47309
92,173,47310
84,173,47311
87,174,47312
77,172,47313
71,170,47314
69,169,47315
65,167,47316
58,162,47317
55,160,47318
52,157,47319
49,154,47320
42,143,47321
41,142,47322
40,140,47323
36,130,47324
35,127,47325
33,113,47326
32,110,47327
32,105,47328
32,96,47329
33,90,47330
33,87,47331
38,72,47332
37,72,47333
41,64,47334
45,57,47335
47,54,47336
54,45,47337
58,41,47338
63,37,47339
69,33,47340
73,30,47341
78,28,47342
88,25,47343
95,23,47344
101,23,47345
111,23,47346
115,23,47347
119,24,47348
133,29,47349
132,28,47350
144,35,47351
146,36,47352
152,41,47353
157,45,47354
167,58,47355
171,64,47356
173,68,47357
178,78,47358
180,84,47359
183,93,47360
185,110,47361
186,112,47362
186,123,47363
186,130,47364
185,139,47365
183,150,47366
180,160,47367
180,161,47368
174,175,47369
171,181,47370
164,192,47371
96,112,47372
95,108,47373
94,107,47374
96,105,47375
97,104,47376
96,103,47377
98,102,47378
98,101,47379
100,101,47380
100,100,47381
105,102,47382
104,100,47383
107,102,47384
109,103,47385
110,104,47386
109,100,47387
113,108,47388
113,106,47389
115,110,47390
115,107,47391
116,112,47392
117,114,47393
117,118,47394
118,118,47395
119,117,47396
118,123,47397
117,128,47398
117,129,47399
117,130,47400
113,137,47401
115,135,47402
112,139,47403
112,140,47404
110,143,47405
103,147,47406
106,147,47407
100,149,47408
95,150,47409
95,151,47410
92,151,47411
86,151,47412
82,150,47413
84,152,47414
79,150,47415
75,148,47416
75,149,47417
65,139,47418
67,143,47419
67,144,47420
59,131,47421
61,137,47422
58,132,47423
56,128,47424
53,118,47425
52,115,47426
52,119,47427
51,107,47428
51,100,47429
52,93,47430
53,88,47431
51,93,47432
53,86,47433
57,76,47434
59,73,47435
60,70,47436
62,67,47437
70,59,47438
71,57,47439
77,53,47440
83,50,47441
83,49,47442
82,49,47443
98,46,47444
100,45,47445
108,45,47446
104,44,47447
121,48,47448
120,47,47449
121,47,47450
129,51,47451
135,54,47452
143,62,47453
146,65,47454
145,62,47455
154,75,47456
158,83,47457
158,80,47458
163,95,47459
164,100,47460
166,106,47461
166,104,47462
167,119,47463
167,126,47464
167,130,47465
163,148,47466
163,150,47467
163,151,47468
158,162,47469
153,171,47470
147,180,47471
150,177,47472
138,189,47473
136,192,47474
127,198,47475
119,202,47476
119,203,47477
112,206,47478
100,208,47479
98,209,47480
90,210,47481
82,209,47482
75,208,47483
66,206,47484
61,204,47485
51,199,47486
45,196,47487
30,181,47488
31,183,47489
24,175,47490
18,166,47491
15,161,47492
18,168,47493
6,137,47494
4,129,47495
3,127,47496
2,123,47497
1,111,47498
99,113,47499
100,113,47500
101,115,47501
101,118,47502
100,120,47503
103,118,47504
102,120,47505
102,122,47506
101,123,47507
100,125,47508
99,126,47509
98,127,47510
95,128,47511
95,129,47512
93,130,47513
95,131,47514
87,129,47515
89,131,47516
85,129,47517
85,130,47518
81,127,47519
81,128,47520
79,127,47521
78,127,47522
75,122,47523
74,119,47524
74,122,47525
72,116,47526
71,114,47527
70,111,47528
70,106,47529
69,108,47530
69,103,47531
69,102,47532
73,90,47533
70,94,47534
72,89,47535
77,83,47536
75,83,47537
78,80,47538
77,80,47539
86,73,47540
81,75,47541
91,70,47542
93,69,47543
91,69,47544
103,68,47545
102,67,47546
102,66,47547
111,68,47548
111,67,47549
114,68,47550
119,70,47551
125,74,47552
128,76,47553
126,73,47554
134,81,47555
136,84,47556
140,91,47557
139,87,47558
143,97,47559
145,100,47560
145,99,47561
147,113,47562
148,116,47563
148,120,47564
147,130,47565
148,131,47566
145,142,47567
141,150,47568
144,147,47569
144,149,47570
131,166,47571
130,168,47572
131,168,47573
127,172,47574
118,178,47575
122,177,47576
112,182,47577
103,185,47578
104,185,47579
93,187,47580
84,186,47581
88,188,47582
77,186,47583
68,183,47584
70,185,47585
58,178,47586
53,174,47587
55,177,47588
48,172,47589
36,156,47590
37,159,47591
32,151,47592
30,147,47593
25,134,47594
23,128,47595
22,126,47596
21,111,47597
20,109,47598
20,101,47599
22,85,47600
21,87,47601
23,78,47602
28,65,47603
26,67,47604
31,56,47605
39,44,47606
38,44,47607
45,36,47608
51,30,47609
63,21,47610
62,21,47611
74,15,47612
88,11,47613
89,10,47614
100,9,47615
106,9,47616
110,9,47617
119,10,47618
127,12,47619
126,11,47620
146,21,47621
152,25,47622
159,30,47623
159,29,47624
171,42,47625
94,114,47626
93,114,47627
92,116,47628
90,113,47629
90,111,47630
89,111,47631
88,110,47632
87,110,47633
87,108,47634
86,107,47635
87,104,47636
87,102,47637
86,102,47638
90,97,47639
89,97,47640
88,97,47641
92,94,47642
93,92,47643
95,91,47644
95,90,47645
100,90,47646
101,89,47647
101,88,47648
102,88,47649
106,88,47650
110,90,47651
106,87,47652
114,92,47653
113,90,47654
117,93,47655
120,96,47656
120,95,47657
123,100,47658
124,101,47659
126,105,47660
127,106,47661
128,111,47662
128,119,47663
129,119,47664
130,119,47665
130,122,47666
127,132,47667
131,122,47668
126,137,47669
127,137,47670
124,143,47671
119,149,47672
120,149,47673
118,152,47674
111,157,47675
112,157,47676
110,159,47677
104,162,47678
100,163,47679
96,164,47680
96,165,47681
87,165,47682
81,164,47683
75,162,47684
78,164,47685
71,161,47686
70,161,47687
65,158,47688
59,152,47689
55,148,47690
52,145,47691
51,144,47692
46,135,47693
45,133,47694
43,128,47695
41,120,47696
40,118,47697
40,100,47698
40,98,47699
39,98,47700
39,95,47701
45,76,47702
41,83,47703
44,75,47704
48,67,47705
54,58,47706
56,55,47707
57,53,47708
61,49,47709
70,42,47710
80,37,47711
75,38,47712
87,34,47713
89,33,47714
92,32,47715
100,31,47716
106,31,47717
116,32,47718
117,32,47719
128,36,47720
133,38,47721
140,42,47722
142,43,47723
155,56,47724
156,57,47725
154,53,47726
166,71,47727
169,77,47728
171,81,47729
174,89,47730
176,97,47731
177,101,47732
179,114,47733
179,124,47734
179,128,47735
176,146,47736
175,150,47737
176,149,47738
172,161,47739
158,185,47740
163,180,47741
155,190,47742
150,196,47743
144,202,47744
137,207,47745
128,213,47746
133,211,47747
116,218,47748
107,221,47749
102,222,47750
95,223,47751
89,224,47752
97,110,47753
98,108,47754
99,107,47755
101,107,47756
102,107,47757
103,107,47758
104,107,47759
105,108,47760
107,109,47761
108,110,47762
109,112,47763
109,111,47764
110,114,47765
111,116,47766
111,119,47767
112,118,47768
111,123,47769
111,124,47770
111,125,47771
110,128,47772
110,129,47773
109,131,47774
106,135,47775
106,136,47776
105,137,47777
102,139,47778
99,141,47779
97,142,47780
98,142,47781
92,143,47782
92,144,47783
89,144,47784
85,143,47785
84,143,47786
81,142,47787
78,141,47788
75,139,47789
71,136,47790
70,135,47791
68,133,47792
65,129,47793
64,127,47794
62,124,47795
60,118,47796
59,114,47797
59,116,47798
58,105,47799
58,102,47800
58,100,47801
59,93,47802
59,92,47803
60,88,47804
62,83,47805
63,80,47806
66,75,47807
68,72,47808
72,67,47809
73,66,47810
78,62,47811
82,59,47812
84,58,47813
91,55,47814
95,54,47815
100,53,47816
104,53,47817
107,53,47818
114,54,47819
118,55,47820
125,58,47821
127,59,47822
133,63,47823
137,66,47824
139,68,47825
145,75,47826
148,79,47827
149,81,47828
154,91,47829
156,96,47830
157,100,47831
158,104,47832
159,108,47833
160,121,47834
160,122,47835
159,134,47836
158,140,47837
157,144,47838
155,151,47839
151,160,47840
149,164,47841
143,173,47842
139,178,47843
136,181,47844
129,187,47845
125,190,47846
118,194,47847
111,197,47848
108,198,47849
100,200,47850
90,201,47851
89,201,47852
77,200,47853
69,198,47854
66,197,47855
61,195,47856
55,192,47857
47,187,47858
40,181,47859
35,176,47860
27,166,47861
25,163,47862
22,158,47863
18,150,47864
13,136,47865
12,133,47866
10,123,47867
9,117,47868
9,95,47869
9,90,47870
10,83,47871
11,78,47872
13,70,47873
17,58,47874
23,46,47875
27,39,47876
29,36,47877
37,26,47878
45,18,47879
98,115,47880
98,116,47881
98,118,47882
96,120,47883
95,120,47884
95,122,47885
94,122,47886
93,123,47887
92,124,47888
90,123,47889
89,123,47890
87,123,47891
84,120,47892
84,121,47893
83,120,47894
83,123,47895
80,114,47896
79,116,47897
78,113,47898
78,109,47899
77,110,47900
76,108,47901
77,103,47902
77,100,47903
75,104,47904
77,97,47905
78,94,47906
79,92,47907
80,89,47908
83,86,47909
83,85,47910
86,82,47911
87,81,47912
88,80,47913
93,78,47914
92,77,47915
97,76,47916
105,76,47917
105,75,47918
109,76,47919
108,75,47920
116,78,47921
113,75,47922
119,79,47923
123,82,47924
124,82,47925
132,94,47926
129,87,47927
132,90,47928
136,101,47929
136,98,47930
138,103,47931
139,106,47932
140,114,47933
141,116,47934
141,123,47935
141,126,47936
139,135,47937
139,136,47938
138,140,47939
136,146,47940
136,147,47941
131,155,47942
126,161,47943
125,163,47944
123,165,47945
112,172,47946
117,170,47947
107,175,47948
100,177,47949
103,177,47950
100,178,47951
86,178,47952
82,178,47953
79,178,47954
74,177,47955
64,172,47956
62,171,47957
58,169,47958
53,164,47959
52,164,47960
42,151,47961
40,148,47962
40,151,47963
35,139,47964
31,127,47965
33,137,47966
29,121,47967
28,112,47968
27,110,47969
28,95,47970
28,92,47971
29,85,47972
30,80,47973
34,69,47974
38,60,47975
39,57,47976
45,49,47977
51,42,47978
54,38,47979
52,39,47980
70,27,47981
72,25,47982
77,23,47983
91,19,47984
87,19,47985
101,18,47986
106,17,47987
110,17,47988
121,19,47989
127,21,47990
140,27,47991
141,27,47992
150,33,47993
156,38,47994
156,37,47995
172,58,47996
170,54,47997
175,62,47998
182,76,47999
183,79,48000
182,73,48001
189,105,48002
190,111,48003
190,129,48004
191,121,48005
191,128,48006
95,112,48007
93,111,48008
92,110,48009
92,107,48010
93,106,48011
92,105,48012
93,103,48013
93,102,48014
94,101,48015
94,100,48016
97,98,48017
97,97,48018
100,97,48019
102,97,48020
104,97,48021
101,95,48022
107,97,48023
105,95,48024
111,99,48025
111,98,48026
114,101,48027
116,104,48028
116,102,48029
116,101,48030
118,105,48031
120,110,48032
120,107,48033
121,117,48034
122,114,48035
122,121,48036
122,122,48037
123,122,48038
122,128,48039
122,130,48040
117,138,48041
122,132,48042
116,141,48043
110,147,48044
114,145,48045
112,147,48046
112,148,48047
101,153,48048
105,153,48049
98,155,48050
96,156,48051
94,157,48052
84,155,48053
83,156,48054
84,157,48055
72,151,48056
77,155,48057
71,152,48058
67,149,48059
62,144,48060
60,142,48061
60,144,48062
57,139,48063
53,132,48064
50,124,48065
51,129,48066
48,118,48067
47,115,48068
47,105,48069
46,104,48070
46,102,48071
47,93,48072
51,80,48073
48,85,48074
52,76,48075
59,65,48076
54,70,48077
54,69,48078
69,54,48079
72,51,48080
71,51,48081
73,49,48082
87,43,48083
83,43,48084
92,41,48085
98,40,48086
102,39,48087
115,41,48088
118,42,48089
116,40,48090
127,44,48091
135,49,48092
132,46,48093
143,55,48094
151,64,48095
149,59,48096
152,63,48097
161,78,48098
164,84,48099
164,83,48100
167,92,48101
170,106,48102
171,109,48103
171,124,48104
172,122,48105
171,132,48106
171,135,48107
165,156,48108
166,156,48109
162,165,48110
157,173,48111
159,172,48112
153,181,48113
144,191,48114
140,195,48115
132,201,48116
129,203,48117
119,208,48118
113,211,48119
105,213,48120
94,214,48121
95,215,48122
77,213,48123
73,213,48124
60,209,48125
57,208,48126
51,205,48127
53,207,48128
33,192,48129
25,183,48130
21,179,48131
21,180,48132
14,169,48133
97,112,48134
101,112,48135
101,111,48136
102,114,48137
103,115,48138
104,115,48139
105,116,48140
105,117,48141
105,119,48142
106,120,48143
105,122,48144
104,125,48145
104,126,48146
102,128,48147
100,130,48148
103,130,48149
97,132,48150
98,133,48151
95,134,48152
95,135,48153
90,134,48154
89,135,48155
89,136,48156
86,135,48157
84,135,48158
80,132,48159
81,134,48160
76,129,48161
77,132,48162
74,128,48163
73,128,48164
70,123,48165
68,118,48166
68,120,48167
67,116,48168
66,113,48169
65,109,48170
66,101,48171
65,102,48172
66,96,48173
65,97,48174
69,87,48175
66,90,48176
69,85,48177
73,79,48178
74,77,48179
81,71,48180
78,72,48181
80,70,48182
91,65,48183
88,65,48184
91,64,48185
96,62,48186
103,62,48187
107,62,48188
107,61,48189
108,61,48190
119,65,48191
123,67,48192
123,66,48193
128,69,48194
132,72,48195
135,75,48196
141,83,48197
143,87,48198
144,87,48199
146,91,48200
148,96,48201
150,103,48202
151,106,48203
152,113,48204
153,116,48205
151,133,48206
150,138,48207
152,134,48208
150,143,48209
144,156,48210
147,152,48211
143,159,48212
136,169,48213
134,171,48214
128,177,48215
129,177,48216
122,182,48217
110,188,48218
107,189,48219
106,190,48220
96,192,48221
89,192,48222
90,193,48223
79,192,48224
67,188,48225
68,189,48226
63,187,48227
53,181,48228
49,178,48229
42,172,48230
38,168,48231
30,155,48232
31,158,48233
29,156,48234
23,142,48235
19,130,48236
19,131,48237
17,121,48238
16,113,48239
15,106,48240
17,87,48241
16,90,48242
18,78,48243
22,67,48244
25,59,48245
28,52,48246
29,50,48247
43,32,48248
40,34,48249
51,24,48250
53,22,48251
59,17,48252
69,12,48253
81,7,48254
76,8,48255
96,4,48256
107,4,48257
111,4,48258
109,3,48259
126,6,48260
96,114,48261
95,116,48262
94,117,48263
92,117,48264
90,115,48265
90,117,48266
88,115,48267
87,115,48268
86,114,48269
85,114,48270
85,109,48271
84,109,48272
83,109,48273
83,106,48274
83,104,48275
82,104,48276
84,99,48277
83,100,48278
85,96,48279
86,94,48280
86,93,48281
88,91,48282
92,88,48283
90,88,48284
93,86,48285
97,85,48286
96,84,48287
102,84,48288
102,83,48289
105,83,48290
109,84,48291
112,85,48292
109,83,48293
115,86,48294
117,87,48295
119,88,48296
123,92,48297
126,97,48298
126,96,48299
129,102,48300
129,100,48301
131,106,48302
132,107,48303
133,114,48304
133,119,48305
134,121,48306
133,127,48307
132,132,48308
132,135,48309
130,140,48310
130,141,48311
127,147,48312
126,149,48313
123,153,48314
120,156,48315
120,157,48316
114,162,48317
109,165,48318
105,167,48319
103,168,48320
97,169,48321
96,170,48322
86,170,48323
81,169,48324
76,168,48325
74,168,48326
70,166,48327
69,166,48328
60,160,48329
59,160,48330
54,155,48331
51,151,48332
45,142,48333
46,145,48334
40,132,48335
41,136,48336
37,123,48337
36,119,48338
35,113,48339
35,101,48340
35,97,48341
36,89,48342
37,83,48343
38,80,48344
40,73,48345
43,67,48346
44,64,48347
50,55,48348
50,54,48349
57,46,48350
64,40,48351
70,36,48352
75,33,48353
76,32,48354
84,29,48355
93,27,48356
98,26,48357
110,26,48358
120,28,48359
124,29,48360
128,30,48361
132,32,48362
144,39,48363
146,40,48364
153,46,48365
156,49,48366
161,55,48367
166,61,48368
170,68,48369
173,74,48370
177,84,48371
180,93,48372
181,98,48373
183,111,48374
182,133,48375
184,124,48376
180,148,48377
181,146,48378
179,154,48379
173,170,48380
172,172,48381
170,177,48382
162,189,48383
157,196,48384
150,203,48385
139,212,48386
141,211,48387
96,111,48388
96,108,48389
95,107,48390
97,106,48391
99,105,48392
99,104,48393
101,103,48394
102,103,48395
103,103,48396
104,103,48397
106,104,48398
107,103,48399
110,108,48400
111,109,48401
111,108,48402
111,104,48403
113,113,48404
114,112,48405
115,115,48406
115,119,48407
116,118,48408
116,121,48409
114,127,48410
115,127,48411
116,126,48412
114,130,48413
112,134,48414
111,136,48415
111,137,48416
105,142,48417
106,142,48418
105,143,48419
102,145,48420
98,147,48421
93,147,48422
95,148,48423
91,149,48424
83,147,48425
82,147,48426
80,147,48427
77,146,48428
72,142,48429
74,145,48430
69,141,48431
65,136,48432
64,136,48433
59,124,48434
60,130,48435
60,131,48436
56,116,48437
55,116,48438
54,114,48439
54,106,48440
53,105,48441
54,97,48442
53,100,48443
56,87,48444
57,83,48445
59,79,48446
61,75,48447
61,74,48448
64,69,48449
71,62,48450
72,61,48451
76,57,48452
79,55,48453
86,52,48454
90,50,48455
95,49,48456
100,48,48457
103,48,48458
109,48,48459
117,50,48460
118,50,48461
122,51,48462
127,53,48463
135,59,48464
136,59,48465
141,63,48466
147,70,48467
149,72,48468
156,86,48469
158,90,48470
156,82,48471
162,103,48472
163,109,48473
164,110,48474
164,120,48475
164,128,48476
165,123,48477
162,141,48478
161,146,48479
160,150,48480
159,154,48481
151,169,48482
147,175,48483
148,175,48484
135,188,48485
131,191,48486
128,194,48487
126,196,48488
113,201,48489
109,203,48490
101,205,48491
93,206,48492
86,206,48493
83,206,48494
71,204,48495
70,204,48496
59,200,48497
49,194,48498
43,190,48499
39,187,48500
34,182,48501
27,174,48502
24,171,48503
15,153,48504
12,147,48505
12,148,48506
8,135,48507
5,120,48508
6,132,48509
4,100,48510
4,97,48511
5,86,48512
5,84,48513
7,73,48514
99,114,48515
100,115,48516
100,116,48517
100,118,48518
98,121,48519
100,121,48520
99,122,48521
98,124,48522
98,125,48523
96,126,48524
93,126,48525
93,127,48526
91,127,48527
90,128,48528
88,127,48529
90,130,48530
84,125,48531
84,127,48532
81,124,48533
81,125,48534
78,120,48535
77,119,48536
76,119,48537
75,118,48538
74,115,48539
73,111,48540
72,111,48541
72,105,48542
71,107,48543
73,98,48544
72,100,48545
73,95,48546
73,94,48547
74,91,48548
80,83,48549
77,85,48550
80,81,48551
88,76,48552
86,76,48553
89,74,48554
87,74,48555
96,72,48556
94,71,48557
99,70,48558
105,70,48559
108,70,48560
117,74,48561
115,72,48562
117,72,48563
124,77,48564
123,75,48565
127,79,48566
131,82,48567
134,87,48568
136,89,48569
137,89,48570
140,95,48571
142,103,48572
144,110,48573
144,107,48574
145,115,48575
146,117,48576
144,131,48577
145,129,48578
144,135,48579
143,140,48580
137,153,48581
140,149,48582
136,156,48583
128,165,48584
132,163,48585
131,165,48586
116,175,48587
112,178,48588
113,178,48589
107,181,48590
97,183,48591
101,183,48592
93,184,48593
87,184,48594
83,184,48595
68,179,48596
63,177,48597
69,181,48598
60,176,48599
48,166,48600
52,171,48601
42,160,48602
35,149,48603
40,159,48604
33,148,48605
27,129,48606
26,128,48607
26,129,48608
24,118,48609
23,108,48610
23,97,48611
24,91,48612
25,83,48613
26,77,48614
27,74,48615
36,55,48616
33,58,48617
41,46,48618
48,38,48619
45,40,48620
52,33,48621
64,24,48622
65,23,48623
75,18,48624
84,15,48625
88,14,48626
90,13,48627
101,12,48628
114,13,48629
115,12,48630
130,17,48631
134,18,48632
142,22,48633
150,27,48634
153,29,48635
157,31,48636
171,48,48637
174,52,48638
177,56,48639
179,58,48640
187,76,48641
94,113,48642
93,113,48643
91,113,48644
91,111,48645
91,108,48646
89,108,48647
90,105,48648
88,107,48649
89,104,48650
89,102,48651
90,101,48652
91,99,48653
91,98,48654
94,96,48655
95,95,48656
93,94,48657
98,93,48658
97,92,48659
101,92,48660
101,91,48661
105,92,48662
109,93,48663
109,92,48664
109,91,48665
111,92,48666
116,97,48667
115,94,48668
118,98,48669
119,98,48670
122,104,48671
123,104,48672
124,108,48673
125,111,48674
126,112,48675
126,120,48676
127,115,48677
127,122,48678
124,132,48679
126,129,48680
125,133,48681
124,137,48682
120,143,48683
123,141,48684
116,148,48685
117,149,48686
112,153,48687
107,156,48688
107,157,48689
106,158,48690
97,160,48691
98,161,48692
94,162,48693
89,162,48694
84,161,48695
81,161,48696
85,163,48697
74,159,48698
69,156,48699
64,152,48700
64,154,48701
57,146,48702
58,148,48703
53,142,48704
49,133,48705
47,129,48706
46,128,48707
44,122,48708
43,116,48709
42,111,48710
43,97,48711
41,104,48712
41,101,48713
46,81,48714
49,73,48715
45,80,48716
48,72,48717
58,59,48718
53,63,48719
59,56,48720
66,49,48721
67,48,48722
75,43,48723
77,41,48724
83,38,48725
91,36,48726
98,35,48727
97,34,48728
112,35,48729
119,37,48730
117,35,48731
124,37,48732
133,42,48733
139,45,48734
142,47,48735
149,53,48736
155,60,48737
158,64,48738
161,67,48739
167,81,48740
170,87,48741
169,82,48742
174,102,48743
175,107,48744
176,113,48745
175,131,48746
177,122,48747
176,132,48748
171,153,48749
173,149,48750
171,156,48751
163,173,48752
155,185,48753
158,182,48754
152,190,48755
138,202,48756
142,200,48757
126,210,48758
123,212,48759
117,215,48760
109,217,48761
100,219,48762
99,220,48763
79,219,48764
69,217,48765
68,217,48766
65,217,48767
55,213,48768
98,110,48769
99,109,48770
100,108,48771
102,110,48772
103,110,48773
104,109,48774
105,111,48775
106,111,48776
107,113,48777
108,114,48778
108,118,48779
109,117,48780
109,118,48781
108,123,48782
107,126,48783
109,125,48784
107,128,48785
106,130,48786
105,131,48787
104,133,48788
104,134,48789
103,135,48790
99,137,48791
98,138,48792
97,139,48793
94,140,48794
93,140,48795
86,139,48796
86,140,48797
85,140,48798
82,139,48799
80,139,48800
75,135,48801
74,135,48802
72,133,48803
71,132,48804
68,128,48805
66,124,48806
65,124,48807
63,116,48808
62,116,48809
62,105,48810
61,112,48811
60,107,48812
61,100,48813
61,97,48814
64,88,48815
64,86,48816
65,83,48817
68,78,48818
66,80,48819
71,73,48820
73,71,48821
78,66,48822
79,65,48823
83,62,48824
85,61,48825
90,59,48826
97,57,48827
99,57,48828
102,56,48829
105,56,48830
113,57,48831
119,59,48832
125,62,48833
124,61,48834
129,64,48835
130,64,48836
140,74,48837
140,73,48838
144,79,48839
148,85,48840
152,95,48841
153,96,48842
155,104,48843
155,103,48844
156,120,48845
157,115,48846
157,127,48847
156,134,48848
155,139,48849
153,146,48850
153,148,48851
147,161,48852
144,166,48853
142,169,48854
139,173,48855
130,182,48856
128,184,48857
127,185,48858
117,191,48859
108,194,48860
107,195,48861
104,196,48862
87,197,48863
83,197,48864
85,198,48865
73,196,48866
63,192,48867
57,189,48868
56,189,48869
51,186,48870
37,173,48871
39,176,48872
33,169,48873
26,159,48874
21,149,48875
21,150,48876
18,143,48877
15,133,48878
13,124,48879
12,119,48880
11,109,48881
11,99,48882
14,80,48883
12,84,48884
17,67,48885
18,63,48886
25,48,48887
30,40,48888
36,32,48889
37,30,48890
49,19,48891
46,21,48892
58,12,48893
63,9,48894
73,4,48895
97,114,48896
96,117,48897
97,118,48898
94,119,48899
92,119,48900
92,120,48901
91,121,48902
90,121,48903
88,120,48904
87,120,48905
86,120,48906
85,119,48907
83,116,48908
82,114,48909
81,113,48910
81,117,48911
80,109,48912
79,110,48913
79,106,48914
79,104,48915
79,101,48916
79,100,48917
81,96,48918
80,96,48919
80,94,48920
83,90,48921
84,88,48922
88,85,48923
86,85,48924
90,83,48925
93,81,48926
94,80,48927
97,79,48928
98,78,48929
106,79,48930
106,78,48931
107,78,48932
114,81,48933
115,81,48934
116,81,48935
116,80,48936
124,87,48937
123,85,48938
126,88,48939
129,92,48940
132,96,48941
135,108,48942
135,104,48943
135,101,48944
137,114,48945
138,115,48946
138,123,48947
138,126,48948
137,132,48949
137,133,48950
137,135,48951
136,139,48952
128,153,48953
128,154,48954
127,156,48955
123,160,48956
123,161,48957
115,167,48958
110,170,48959
106,172,48960
105,173,48961
97,174,48962
97,175,48963
91,176,48964
84,175,48965
82,175,48966
76,174,48967
67,170,48968
66,170,48969
61,167,48970
58,165,48971
51,158,48972
51,159,48973
46,153,48974
41,145,48975
40,144,48976
34,127,48977
33,125,48978
33,129,48979
31,113,48980
30,106,48981
30,100,48982
31,93,48983
31,89,48984
32,83,48985
37,69,48986
39,64,48987
43,57,48988
43,56,48989
51,46,48990
56,41,48991
57,39,48992
64,34,48993
74,28,48994
75,27,48995
78,25,48996
94,22,48997
97,21,48998
104,20,48999
117,22,49000
115,21,49001
131,26,49002
130,25,49003
137,28,49004
145,33,49005
153,40,49006
156,42,49007
165,52,49008
170,59,49009
174,66,49010
174,65,49011
183,90,49012
183,88,49013
185,94,49014
187,111,49015
188,116,49016
188,124,49017
187,136,49018
185,149,49019
181,162,49020
181,163,49021
178,171,49022
95,111,49023
94,110,49024
93,108,49025
95,106,49026
95,105,49027
95,103,49028
96,102,49029
96,101,49030
98,100,49031
98,99,49032
102,100,49033
102,99,49034
104,99,49035
106,100,49036
107,100,49037
105,97,49038
111,103,49039
111,101,49040
113,104,49041
114,103,49042
116,109,49043
117,110,49044
118,111,49045
118,110,49046
119,113,49047
120,117,49048
119,123,49049
119,126,49050
120,125,49051
118,130,49052
117,133,49053
117,135,49054
117,136,49055
115,139,49056
108,145,49057
113,143,49058
107,147,49059
100,150,49060
100,151,49061
101,151,49062
100,152,49063
91,153,49064
94,154,49065
89,154,49066
84,153,49067
81,153,49068
73,148,49069
71,148,49070
71,149,49071
63,140,49072
64,143,49073
63,142,49074
57,133,49075
55,129,49076
54,127,49077
53,127,49078
51,119,49079
50,114,49080
50,101,49081
49,103,49082
48,104,49083
49,98,49084
51,89,49085
52,84,49086
54,78,49087
55,75,49088
60,68,49089
59,68,49090
65,61,49091
72,55,49092
70,55,49093
72,53,49094
86,47,49095
91,45,49096
89,45,49097
90,44,49098
111,44,49099
104,42,49100
113,43,49101
119,45,49102
121,45,49103
132,51,49104
139,56,49105
133,50,49106
144,59,49107
150,67,49108
151,66,49109
157,76,49110
163,91,49111
160,80,49112
163,87,49113
167,106,49114
168,110,49115
169,113,49116
168,131,49117
168,134,49118
168,137,49119
163,154,49120
163,155,49121
161,160,49122
158,167,49123
148,181,49124
153,176,49125
139,191,49126
134,195,49127
134,196,49128
133,197,49129
120,204,49130
114,207,49131
108,209,49132
97,211,49133
86,211,49134
82,211,49135
78,211,49136
64,207,49137
64,208,49138
50,200,49139
44,197,49140
38,192,49141
33,188,49142
28,183,49143
26,182,49144
14,162,49145
9,151,49146
9,153,49147
6,146,49148
2,130,49149
98,112,49150
101,113,49151
102,113,49152
102,116,49153
102,118,49154
103,117,49155
103,119,49156
104,120,49157
102,123,49158
102,124,49159
102,125,49160
101,127,49161
99,128,49162
97,129,49163
96,130,49164
98,131,49165
92,131,49166
92,132,49167
89,132,49168
89,133,49169
84,131,49170
83,130,49171
83,132,49172
80,130,49173
79,129,49174
76,125,49175
75,126,49176
72,120,49177
72,121,49178
70,115,49179
70,119,49180
69,113,49181
68,110,49182
68,105,49183
68,102,49184
67,102,49185
68,97,49186
73,87,49187
69,92,49188
72,86,49189
73,83,49190
79,77,49191
74,80,49192
82,73,49193
85,71,49194
86,70,49195
92,68,49196
91,67,49197
95,66,49198
102,65,49199
101,64,49200
108,65,49201
109,65,49202
116,67,49203
121,69,49204
117,66,49205
125,71,49206
129,74,49207
133,78,49208
135,79,49209
140,87,49210
141,88,49211
142,89,49212
147,104,49213
148,107,49214
149,110,49215
149,119,49216
150,116,49217
149,130,49218
147,139,49219
150,130,49220
149,138,49221
141,154,49222
139,159,49223
140,159,49224
139,161,49225
127,173,49226
135,167,49227
125,176,49228
121,179,49229
112,184,49230
105,186,49231
105,187,49232
100,188,49233
92,189,49234
87,189,49235
88,190,49236
74,187,49237
64,183,49238
68,186,49239
61,183,49240
47,172,49241
46,172,49242
44,170,49243
36,160,49244
30,150,49245
29,149,49246
27,146,49247
22,128,49248
21,127,49249
20,124,49250
19,100,49251
18,106,49252
19,91,49253
23,75,49254
19,87,49255
22,74,49256
27,62,49257
26,62,49258
33,49,49259
38,42,49260
50,29,49261
49,29,49262
56,23,49263
67,17,49264
67,16,49265
80,11,49266
85,9,49267
90,8,49268
101,7,49269
111,7,49270
109,6,49271
132,12,49272
139,15,49273
143,17,49274
145,17,49275
151,21,49276
95,114,49277
94,115,49278
93,116,49279
91,115,49280
89,112,49281
89,115,49282
88,112,49283
87,112,49284
86,110,49285
85,110,49286
86,105,49287
86,103,49288
85,103,49289
87,100,49290
87,98,49291
85,100,49292
88,96,49293
89,94,49294
90,93,49295
92,91,49296
92,90,49297
95,89,49298
97,88,49299
97,87,49300
99,86,49301
104,87,49302
103,85,49303
108,87,49304
112,88,49305
111,87,49306
116,90,49307
117,90,49308
121,95,49309
121,94,49310
124,98,49311
124,97,49312
127,104,49313
128,107,49314
129,109,49315
130,113,49316
131,114,49317
130,124,49318
132,118,49319
130,130,49320
130,131,49321
129,136,49322
125,143,49323
125,144,49324
124,147,49325
120,151,49326
119,153,49327
115,157,49328
113,159,49329
108,162,49330
103,164,49331
105,164,49332
99,166,49333
93,167,49334
85,166,49335
85,167,49336
84,167,49337
81,167,49338
75,165,49339
66,160,49340
62,157,49341
60,156,49342
57,154,49343
52,148,49344
48,142,49345
47,141,49346
43,132,49347
43,133,49348
39,116,49349
39,120,49350
38,112,49351
37,111,49352
39,93,49353
37,96,49354
38,91,49355
41,80,49356
44,72,49357
48,64,49358
45,68,49359
51,58,49360
57,51,49361
60,48,49362
60,47,49363
73,38,49364
72,38,49365
77,35,49366
85,32,49367
96,30,49368
99,29,49369
108,29,49370
113,30,49371
123,32,49372
127,33,49373
132,35,49374
141,41,49375
144,43,49376
149,46,49377
153,50,49378
161,60,49379
164,64,49380
166,67,49381
172,79,49382
175,87,49383
177,92,49384
179,101,49385
180,110,49386
180,128,49387
180,129,49388
181,128,49389
179,142,49390
173,161,49391
175,159,49392
167,175,49393
164,181,49394
161,186,49395
152,196,49396
149,200,49397
144,205,49398
135,211,49399
128,215,49400
125,217,49401
112,222,49402
104,224,49403
97,109,49404
97,108,49405
98,107,49406
100,107,49407
100,106,49408
102,105,49409
103,105,49410
104,106,49411
106,107,49412
107,107,49413
108,108,49414
109,109,49415
110,111,49416
111,113,49417
112,114,49418
112,115,49419
112,119,49420
113,119,49421
112,124,49422
112,126,49423
113,125,49424
111,130,49425
110,132,49426
110,133,49427
109,135,49428
107,137,49429
103,140,49430
104,140,49431
104,141,49432
97,143,49433
97,144,49434
95,145,49435
91,145,49436
87,145,49437
83,144,49438
83,145,49439
80,144,49440
77,142,49441
73,140,49442
71,138,49443
70,138,49444
65,131,49445
66,134,49446
62,127,49447
61,127,49448
60,123,49449
58,112,49450
57,113,49451
57,107,49452
56,104,49453
56,102,49454
57,95,49455
57,93,49456
58,89,49457
60,83,49458
61,80,49459
64,75,49460
67,71,49461
71,66,49462
75,62,49463
76,61,49464
82,57,49465
84,56,49466
89,54,49467
95,52,49468
99,52,49469
103,51,49470
107,51,49471
112,52,49472
117,53,49473
123,55,49474
127,57,49475
132,60,49476
136,63,49477
142,69,49478
145,72,49479
149,78,49480
149,77,49481
155,89,49482
156,91,49483
158,96,49484
160,110,49485
161,113,49486
161,119,49487
162,121,49488
161,131,49489
161,134,49490
157,149,49491
156,153,49492
153,160,49493
149,167,49494
147,170,49495
142,177,49496
141,179,49497
134,185,49498
125,192,49499
124,193,49500
118,196,49501
106,200,49502
100,202,49503
102,202,49504
90,203,49505
84,203,49506
77,202,49507
64,198,49508
65,199,49509
53,193,49510
48,190,49511
44,187,49512
37,181,49513
29,172,49514
24,165,49515
20,158,49516
16,150,49517
12,139,49518
12,140,49519
8,118,49520
7,115,49521
7,100,49522
6,104,49523
7,91,49524
9,78,49525
11,71,49526
13,63,49527
17,54,49528
23,42,49529
22,43,49530
97,113,49531
99,116,49532
99,118,49533
97,120,49534
96,121,49535
97,122,49536
95,123,49537
95,124,49538
94,124,49539
93,125,49540
90,124,49541
89,125,49542
87,124,49543
85,123,49544
84,123,49545
85,126,49546
81,119,49547
81,121,49548
79,117,49549
79,120,49550
77,113,49551
76,112,49552
76,107,49553
75,108,49554
74,108,49555
75,101,49556
75,99,49557
76,96,49558
76,95,49559
78,91,49560
79,88,49561
80,86,49562
80,85,49563
82,83,49564
86,80,49565
86,79,49566
91,76,49567
97,75,49568
97,74,49569
101,74,49570
103,73,49571
108,74,49572
104,72,49573
110,73,49574
117,76,49575
117,75,49576
126,83,49577
125,81,49578
126,81,49579
134,93,49580
133,89,49581
136,94,49582
137,96,49583
140,106,49584
141,108,49585
141,105,49586
142,115,49587
142,125,49588
142,127,49589
141,134,49590
142,133,49591
141,138,49592
138,145,49593
135,151,49594
135,152,49595
132,157,49596
125,165,49597
125,166,49598
121,169,49599
114,173,49600
113,175,49601
112,176,49602
97,179,49603
94,180,49604
93,181,49605
87,181,49606
74,178,49607
76,179,49608
74,179,49609
65,175,49610
61,173,49611
51,165,49612
45,158,49613
46,161,49614
42,155,49615
35,143,49616
38,151,49617
32,137,49618
29,127,49619
28,126,49620
28,128,49621
26,107,49622
25,105,49623
26,93,49624
28,84,49625
28,82,49626
30,73,49627
35,62,49628
39,55,49629
40,52,49630
45,45,49631
57,34,49632
53,36,49633
61,30,49634
69,25,49635
71,23,49636
78,20,49637
89,17,49638
93,16,49639
100,15,49640
114,16,49641
120,17,49642
121,17,49643
133,21,49644
139,24,49645
139,23,49646
160,40,49647
160,39,49648
166,46,49649
170,51,49650
175,58,49651
173,53,49652
187,87,49653
189,94,49654
190,97,49655
190,94,49656
192,112,49657
94,112,49658
93,112,49659
92,111,49660
92,108,49661
93,105,49662
91,105,49663
92,103,49664
91,103,49665
92,101,49666
92,100,49667
94,99,49668
96,97,49669
95,97,49670
99,96,49671
100,95,49672
98,94,49673
104,95,49674
103,94,49675
107,95,49676
107,94,49677
111,97,49678
112,97,49679
113,97,49680
114,97,49681
117,101,49682
119,105,49683
119,102,49684
121,108,49685
122,109,49686
123,114,49687
123,119,49688
124,116,49689
124,120,49690
124,124,49691
121,133,49692
125,126,49693
121,136,49694
117,141,49695
118,142,49696
117,144,49697
116,146,49698
109,151,49699
111,151,49700
105,154,49701
104,155,49702
100,157,49703
91,157,49704
92,158,49705
93,159,49706
81,157,49707
85,159,49708
81,158,49709
75,156,49710
70,153,49711
66,150,49712
69,154,49713
61,147,49714
57,142,49715
55,138,49716
53,137,49717
50,129,49718
49,128,49719
47,124,49720
46,114,49721
45,111,49722
44,108,49723
46,93,49724
44,100,49725
46,89,49726
52,74,49727
47,83,49728
48,78,49729
59,62,49730
60,60,49731
60,59,49732
63,55,49733
73,48,49734
65,52,49735
80,43,49736
85,41,49737
88,40,49738
98,38,49739
104,38,49740
102,37,49741
113,38,49742
120,40,49743
117,38,49744
132,45,49745
139,50,49746
140,49,49747
143,51,49748
153,63,49749
153,62,49750
157,67,49751
164,80,49752
166,85,49753
169,93,49754
170,94,49755
172,111,49756
173,115,49757
174,115,49758
172,135,49759
173,133,49760
170,148,49761
166,158,49762
167,159,49763
164,165,49764
156,179,49765
156,180,49766
150,187,49767
140,197,49768
135,201,49769
133,203,49770
126,207,49771
110,213,49772
113,213,49773
95,216,49774
84,216,49775
80,216,49776
78,216,49777
68,214,49778
66,214,49779
48,205,49780
42,201,49781
36,197,49782
37,199,49783
26,188,49784
99,111,49785
100,110,49786
101,110,49787
103,112,49788
103,114,49789
104,113,49790
105,114,49791
106,115,49792
106,117,49793
107,118,49794
106,121,49795
107,121,49796
106,124,49797
105,126,49798
104,128,49799
106,128,49800
100,132,49801
100,133,49802
99,134,49803
98,135,49804
96,136,49805
93,136,49806
93,137,49807
91,137,49808
90,138,49809
84,136,49810
84,137,49811
80,134,49812
81,136,49813
76,132,49814
76,133,49815
74,131,49816
71,127,49817
70,126,49818
67,121,49819
66,119,49820
65,115,49821
65,107,49822
64,108,49823
63,106,49824
63,102,49825
66,92,49826
62,102,49827
65,91,49828
67,86,49829
68,83,49830
72,78,49831
72,76,49832
74,74,49833
81,68,49834
79,69,49835
84,65,49836
86,64,49837
91,62,49838
96,61,49839
96,60,49840
101,59,49841
108,60,49842
116,62,49843
116,61,49844
119,62,49845
125,65,49846
128,67,49847
133,71,49848
136,74,49849
139,77,49850
141,79,49851
145,86,49852
147,89,49853
150,96,49854
151,100,49855
153,106,49856
154,116,49857
154,122,49858
155,121,49859
154,131,49860
150,145,49861
153,139,49862
151,145,49863
144,160,49864
143,162,49865
138,169,49866
138,170,49867
131,177,49868
125,182,49869
122,184,49870
118,187,49871
113,189,49872
106,192,49873
103,193,49874
96,194,49875
86,194,49876
81,194,49877
79,194,49878
64,189,49879
61,188,49880
54,184,49881
53,184,49882
40,172,49883
38,170,49884
37,170,49885
29,158,49886
25,151,49887
24,149,49888
20,140,49889
17,130,49890
16,125,49891
15,121,49892
14,107,49893
13,103,49894
15,87,49895
17,78,49896
16,79,49897
20,66,49898
28,50,49899
27,50,49900
33,41,49901
39,33,49902
45,26,49903
50,22,49904
61,14,49905
55,17,49906
76,7,49907
84,4,49908
88,3,49909
95,2,49910
102,1,49911
96,115,49912
95,117,49913
95,118,49914
93,118,49915
91,117,49916
90,118,49917
89,118,49918
88,117,49919
87,117,49920
85,115,49921
85,116,49922
84,114,49923
83,111,49924
82,109,49925
82,106,49926
81,108,49927
82,102,49928
81,103,49929
82,99,49930
82,98,49931
83,95,49932
84,94,49933
87,90,49934
86,90,49935
86,89,49936
91,86,49937
91,85,49938
98,83,49939
95,83,49940
99,82,49941
101,81,49942
103,81,49943
105,81,49944
110,82,49945
113,83,49946
114,83,49947
118,86,49948
121,88,49949
123,90,49950
126,93,49951
127,94,49952
130,99,49953
130,98,49954
133,107,49955
133,106,49956
134,108,49957
135,119,49958
135,123,49959
135,126,49960
135,129,49961
134,133,49962
133,138,49963
131,143,49964
129,147,49965
128,149,49966
127,151,49967
123,156,49968
120,159,49969
114,164,49970
115,164,49971
109,167,49972
106,169,49973
99,171,49974
93,172,49975
88,172,49976
85,172,49977
83,172,49978
77,171,49979
72,169,49980
69,168,49981
64,165,49982
58,161,49983
53,156,49984
50,153,49985
47,149,49986
44,145,49987
41,139,49988
39,135,49989
37,130,49990
34,116,49991
34,118,49992
33,106,49993
33,101,49994
33,97,49995
34,88,49996
36,81,49997
38,73,49998
43,63,49999
41,65,50000
47,56,50001
52,49,50002
58,43,50003
61,40,50004
66,36,50005
69,34,50006
77,30,50007
81,28,50008
87,26,50009
100,24,50010
106,24,50011
111,24,50012
121,26,50013
119,25,50014
128,28,50015
140,34,50016
144,36,50017
151,42,50018
157,47,50019
162,53,50020
163,54,50021
172,68,50022
174,72,50023
179,84,50024
181,91,50025
183,100,50026
184,104,50027
185,120,50028
185,126,50029
184,137,50030
183,144,50031
182,150,50032
180,157,50033
175,170,50034
173,175,50035
165,188,50036
160,195,50037
156,200,50038
95,110,50039
95,108,50040
94,108,50041
96,106,50042
98,104,50043
98,103,50044
99,103,50045
100,102,50046
101,101,50047
102,101,50048
104,102,50049
105,101,50050
108,104,50051
109,104,50052
110,105,50053
109,101,50054
113,110,50055
114,109,50056
115,112,50057
115,109,50058
116,115,50059
117,116,50060
116,123,50061
117,122,50062
118,122,50063
117,125,50064
115,131,50065
116,130,50066
114,135,50067
110,139,50068
111,139,50069
109,142,50070
108,143,50071
107,144,50072
101,147,50073
102,148,50074
97,149,50075
90,149,50076
90,150,50077
86,150,50078
85,150,50079
79,148,50080
83,151,50081
77,148,50082
71,144,50083
71,145,50084
62,133,50085
66,141,50086
62,137,50087
57,125,50088
58,130,50089
55,123,50090
54,120,50091
53,113,50092
52,110,50093
52,106,50094
52,99,50095
52,97,50096
53,92,50097
56,82,50098
54,85,50099
57,78,50100
60,73,50101
65,66,50102
66,64,50103
68,61,50104
77,55,50105
74,56,50106
83,51,50107
92,48,50108
88,48,50109
91,47,50110
104,46,50111
105,46,50112
110,46,50113
116,47,50114
123,50,50115
127,51,50116
131,53,50117
138,58,50118
140,59,50119
150,72,50120
154,78,50121
149,68,50122
157,83,50123
161,93,50124
161,90,50125
163,98,50126
165,112,50127
166,111,50128
165,131,50129
166,128,50130
164,141,50131
164,143,50132
159,157,50133
157,162,50134
158,161,50135
150,174,50136
145,180,50137
143,183,50138
142,185,50139
124,198,50140
127,197,50141
117,202,50142
108,205,50143
107,206,50144
103,207,50145
86,208,50146
88,209,50147
81,208,50148
65,204,50149
62,203,50150
55,200,50151
48,196,50152
41,191,50153
39,190,50154
24,172,50155
22,170,50156
18,164,50157
12,152,50158
11,150,50159
13,157,50160
5,129,50161
3,116,50162
2,112,50163
2,101,50164
2,93,50165
98,113,50166
100,114,50167
101,116,50168
100,119,50169
99,120,50170
102,119,50171
101,121,50172
100,123,50173
100,124,50174
99,125,50175
97,127,50176
96,128,50177
94,128,50178
93,129,50179
90,129,50180
93,131,50181
86,128,50182
88,130,50183
83,127,50184
83,128,50185
80,125,50186
78,123,50187
77,123,50188
77,124,50189
75,120,50190
73,115,50191
73,118,50192
72,109,50193
71,112,50194
71,106,50195
71,101,50196
70,102,50197
70,101,50198
70,99,50199
74,89,50200
71,93,50201
74,87,50202
81,80,50203
78,81,50204
81,78,50205
82,76,50206
90,72,50207
87,72,50208
93,70,50209
97,69,50210
98,68,50211
110,70,50212
105,68,50213
109,68,50214
116,71,50215
117,70,50216
121,72,50217
123,73,50218
129,79,50219
131,80,50220
131,78,50221
136,85,50222
140,93,50223
141,95,50224
142,95,50225
145,106,50226
146,108,50227
146,124,50228
147,119,50229
147,124,50230
147,127,50231
143,143,50232
146,136,50233
143,145,50234
135,159,50235
141,152,50236
141,153,50237
127,169,50238
124,172,50239
124,173,50240
122,175,50241
110,181,50242
113,181,50243
107,183,50244
97,185,50245
94,186,50246
82,185,50247
78,184,50248
81,186,50249
68,182,50250
61,178,50251
64,181,50252
52,172,50253
43,163,50254
48,170,50255
43,165,50256
33,149,50257
30,144,50258
31,147,50259
27,137,50260
24,126,50261
22,118,50262
22,120,50263
21,102,50264
21,99,50265
22,88,50266
25,77,50267
25,74,50268
29,64,50269
35,53,50270
31,58,50271
39,45,50272
48,35,50273
50,32,50274
55,28,50275
63,22,50276
71,18,50277
74,16,50278
83,13,50279
96,11,50280
95,10,50281
113,11,50282
116,11,50283
125,13,50284
132,15,50285
141,19,50286
141,18,50287
158,31,50288
162,35,50289
169,42,50290
170,42,50291
177,52,50292
96,113,50293
93,114,50294
92,115,50295
90,112,50296
90,110,50297
89,110,50298
88,109,50299
87,109,50300
87,107,50301
87,105,50302
88,102,50303
89,100,50304
88,100,50305
92,96,50306
91,96,50307
90,95,50308
95,93,50309
94,92,50310
97,91,50311
98,90,50312
102,90,50313
104,90,50314
104,89,50315
104,88,50316
107,89,50317
113,93,50318
110,89,50319
116,95,50320
116,93,50321
119,96,50322
120,97,50323
122,100,50324
124,104,50325
125,104,50326
126,109,50327
127,109,50328
128,115,50329
127,125,50330
128,124,50331
128,127,50332
128,129,50333
126,134,50334
128,133,50335
123,142,50336
123,143,50337
120,147,50338
115,152,50339
115,153,50340
116,153,50341
105,159,50342
107,159,50343
103,161,50344
101,162,50345
91,163,50346
91,164,50347
91,165,50348
85,164,50349
78,162,50350
71,159,50351
71,160,50352
66,157,50353
63,155,50354
60,152,50355
54,145,50356
50,139,50357
51,142,50358
48,137,50359
44,127,50360
43,123,50361
42,121,50362
41,114,50363
40,111,50364
41,97,50365
42,90,50366
41,90,50367
42,84,50368
48,71,50369
44,77,50370
49,67,50371
55,58,50372
59,53,50373
61,51,50374
66,46,50375
69,44,50376
77,39,50377
85,36,50378
82,36,50379
95,33,50380
106,33,50381
102,32,50382
109,32,50383
121,35,50384
123,35,50385
129,37,50386
134,40,50387
142,45,50388
149,51,50389
150,51,50390
159,63,50391
165,72,50392
164,68,50393
169,80,50394
172,87,50395
174,93,50396
176,102,50397
177,109,50398
178,116,50399
177,132,50400
178,128,50401
176,144,50402
171,159,50403
170,162,50404
169,166,50405
165,174,50406
152,191,50407
159,184,50408
146,198,50409
138,205,50410
140,204,50411
125,213,50412
121,215,50413
118,217,50414
105,220,50415
94,222,50416
88,222,50417
80,222,50418
70,220,50419
97,111,50420
98,109,50421
99,108,50422
101,108,50423
102,108,50424
104,108,50425
105,109,50426
106,109,50427
107,110,50428
108,112,50429
108,116,50430
109,115,50431
110,116,50432
110,119,50433
110,121,50434
111,121,50435
110,124,50436
110,125,50437
109,128,50438
108,130,50439
108,131,50440
107,133,50441
103,136,50442
103,137,50443
100,139,50444
98,140,50445
97,141,50446
92,141,50447
93,142,50448
88,142,50449
86,142,50450
88,143,50451
80,140,50452
79,140,50453
76,138,50454
74,137,50455
72,135,50456
68,130,50457
68,131,50458
65,126,50459
63,123,50460
62,120,50461
61,119,50462
60,114,50463
59,110,50464
59,106,50465
60,97,50466
60,95,50467
60,94,50468
62,87,50469
61,88,50470
64,81,50471
65,79,50472
68,74,50473
71,70,50474
75,66,50475
76,65,50476
81,61,50477
85,59,50478
87,58,50479
93,56,50480
97,55,50481
101,54,50482
109,55,50483
115,56,50484
117,56,50485
122,58,50486
123,58,50487
132,64,50488
133,64,50489
138,69,50490
144,76,50491
146,79,50492
149,83,50493
152,90,50494
153,91,50495
155,97,50496
157,104,50497
158,110,50498
159,116,50499
159,121,50500
158,131,50501
157,139,50502
155,146,50503
154,150,50504
152,155,50505
150,160,50506
144,169,50507
143,171,50508
139,176,50509
132,183,50510
124,189,50511
122,190,50512
118,193,50513
110,196,50514
102,198,50515
97,199,50516
91,200,50517
76,198,50518
75,198,50519
70,197,50520
64,195,50521
53,189,50522
49,187,50523
44,183,50524
38,178,50525
33,172,50526
27,164,50527
23,158,50528
18,147,50529
17,145,50530
15,140,50531
12,128,50532
10,117,50533
10,102,50534
9,100,50535
11,85,50536
11,83,50537
14,70,50538
18,59,50539
22,50,50540
22,49,50541
30,37,50542
31,35,50543
39,25,50544
47,18,50545
49,16,50546
97,116,50547
98,116,50548
97,119,50549
96,119,50550
94,120,50551
94,121,50552
92,122,50553
92,123,50554
91,123,50555
89,122,50556
88,122,50557
86,122,50558
83,117,50559
83,118,50560
82,118,50561
82,121,50562
80,112,50563
79,114,50564
78,111,50565
78,107,50566
77,107,50567
77,105,50568
79,98,50569
78,98,50570
76,102,50571
79,94,50572
80,92,50573
82,89,50574
81,89,50575
86,84,50576
85,84,50577
89,81,50578
90,80,50579
92,79,50580
97,77,50581
98,77,50582
101,76,50583
106,77,50584
106,76,50585
113,78,50586
112,77,50587
119,81,50588
117,78,50589
123,83,50590
127,87,50591
127,86,50592
133,98,50593
132,93,50594
134,95,50595
137,107,50596
138,107,50597
139,111,50598
139,116,50599
140,119,50600
140,121,50601
140,126,50602
139,133,50603
136,141,50604
135,145,50605
134,147,50606
132,151,50607
131,154,50608
125,161,50609
120,165,50610
121,165,50611
118,168,50612
110,172,50613
107,174,50614
104,175,50615
95,177,50616
91,177,50617
88,178,50618
79,176,50619
74,175,50620
72,175,50621
69,174,50622
60,168,50623
58,167,50624
54,164,50625
48,158,50626
45,155,50627
37,140,50628
35,136,50629
38,145,50630
32,127,50631
30,118,50632
30,123,50633
29,101,50634
28,104,50635
28,100,50636
30,87,50637
32,78,50638
33,74,50639
35,68,50640
38,62,50641
45,51,50642
42,54,50643
55,39,50644
59,36,50645
59,35,50646
62,32,50647
79,24,50648
77,24,50649
86,21,50650
98,19,50651
98,18,50652
111,19,50653
115,19,50654
121,20,50655
130,23,50656
136,26,50657
149,34,50658
152,36,50659
161,45,50660
163,47,50661
164,47,50662
176,67,50663
178,70,50664
182,79,50665
185,89,50666
186,92,50667
185,84,50668
189,116,50669
190,121,50670
188,140,50671
189,136,50672
188,144,50673
94,111,50674
93,110,50675
92,109,50676
93,107,50677
95,104,50678
93,104,50679
94,103,50680
94,102,50681
96,100,50682
96,99,50683
100,99,50684
99,98,50685
101,97,50686
103,97,50687
105,98,50688
103,95,50689
109,99,50690
108,97,50691
112,101,50692
112,100,50693
115,104,50694
116,105,50695
116,103,50696
118,106,50697
119,109,50698
120,113,50699
121,113,50700
121,119,50701
122,117,50702
120,127,50703
121,125,50704
121,128,50705
120,132,50706
119,135,50707
114,141,50708
119,137,50709
113,144,50710
107,148,50711
109,148,50712
108,149,50713
108,150,50714
98,153,50715
100,154,50716
94,155,50717
92,156,50718
88,156,50719
80,153,50720
80,154,50721
80,155,50722
70,149,50723
71,151,50724
67,148,50725
62,143,50726
60,140,50727
58,138,50728
58,140,50729
54,132,50730
51,124,50731
49,116,50732
49,120,50733
48,112,50734
47,109,50735
48,99,50736
48,94,50737
48,92,50738
50,84,50739
54,76,50740
52,77,50741
55,72,50742
63,62,50743
57,67,50744
60,62,50745
76,50,50746
75,50,50747
79,47,50748
83,45,50749
91,43,50750
89,42,50751
98,41,50752
108,41,50753
111,41,50754
118,43,50755
126,46,50756
125,44,50757
132,48,50758
142,56,50759
139,52,50760
148,61,50761
158,76,50762
152,64,50763
159,75,50764
164,88,50765
166,93,50766
168,98,50767
169,105,50768
170,114,50769
171,117,50770
170,129,50771
169,138,50772
168,144,50773
167,149,50774
161,163,50775
163,161,50776
157,172,50777
147,185,50778
151,182,50779
144,190,50780
132,199,50781
133,199,50782
125,204,50783
114,209,50784
107,211,50785
105,212,50786
95,213,50787
85,213,50788
85,214,50789
65,209,50790
66,210,50791
52,204,50792
45,200,50793
37,194,50794
42,199,50795
24,180,50796
20,175,50797
18,173,50798
16,171,50799
9,157,50800
99,112,50801
101,112,50802
102,112,50803
102,115,50804
103,116,50805
104,116,50806
104,118,50807
105,118,50808
104,121,50809
105,121,50810
104,123,50811
103,125,50812
102,127,50813
100,129,50814
99,130,50815
101,130,50816
95,132,50817
96,133,50818
92,133,50819
92,134,50820
87,133,50821
86,133,50822
88,135,50823
85,134,50824
82,133,50825
78,129,50826
78,131,50827
75,127,50828
75,129,50829
72,123,50830
72,125,50831
69,118,50832
68,115,50833
67,114,50834
67,106,50835
66,110,50836
66,102,50837
69,93,50838
66,99,50839
68,92,50840
67,92,50841
71,85,50842
69,86,50843
73,80,50844
77,75,50845
78,74,50846
85,69,50847
82,70,50848
87,67,50849
94,65,50850
94,64,50851
97,63,50852
103,63,50853
111,64,50854
113,64,50855
109,62,50856
116,64,50857
126,70,50858
129,72,50859
128,70,50860
132,74,50861
136,78,50862
138,80,50863
144,91,50864
146,95,50865
147,96,50866
148,99,50867
150,106,50868
151,113,50869
151,122,50870
152,119,50871
152,126,50872
148,142,50873
146,148,50874
147,148,50875
147,149,50876
138,163,50877
141,161,50878
135,169,50879
131,173,50880
129,175,50881
119,182,50882
120,182,50883
115,185,50884
107,188,50885
98,190,50886
98,191,50887
90,191,50888
75,189,50889
80,191,50890
75,190,50891
61,184,50892
58,183,50893
52,179,50894
46,174,50895
42,170,50896
36,163,50897
33,160,50898
27,147,50899
27,149,50900
23,141,50901
19,125,50902
18,120,50903
17,114,50904
17,104,50905
16,102,50906
17,91,50907
21,74,50908
19,79,50909
21,71,50910
27,57,50911
34,45,50912
30,50,50913
36,41,50914
51,26,50915
53,23,50916
64,16,50917
69,13,50918
68,13,50919
83,8,50920
90,6,50921
92,5,50922
107,5,50923
117,6,50924
122,7,50925
126,7,50926
137,11,50927
95,115,50928
94,116,50929
93,117,50930
91,116,50931
90,114,50932
89,116,50933
88,114,50934
87,114,50935
86,112,50936
85,112,50937
85,108,50938
84,108,50939
84,107,50940
84,104,50941
85,101,50942
83,103,50943
85,98,50944
85,97,50945
87,94,50946
88,93,50947
88,92,50948
90,90,50949
93,88,50950
91,88,50951
95,86,50952
99,85,50953
99,84,50954
104,85,50955
107,85,50956
106,84,50957
111,86,50958
111,85,50959
117,89,50960
118,89,50961
120,91,50962
123,94,50963
124,95,50964
128,103,50965
128,101,50966
130,107,50967
130,105,50968
131,118,50969
132,111,50970
133,118,50971
133,122,50972
132,129,50973
131,132,50974
129,139,50975
130,138,50976
126,146,50977
127,145,50978
124,150,50979
122,153,50980
118,157,50981
117,158,50982
114,161,50983
109,164,50984
104,166,50985
101,167,50986
98,168,50987
92,169,50988
90,170,50989
84,169,50990
77,167,50991
72,165,50992
68,164,50993
62,160,50994
60,159,50995
56,155,50996
55,155,50997
48,145,50998
47,144,50999
42,133,51000
42,135,51001
39,125,51002
38,124,51003
37,101,51004
36,112,51005
35,106,51006
36,97,51007
38,85,51008
38,84,51009
40,76,51010
43,69,51011
45,65,51012
50,57,51013
51,55,51014
57,48,51015
62,43,51016
63,42,51017
70,37,51018
81,32,51019
85,30,51020
92,28,51021
98,27,51022
105,27,51023
110,27,51024
117,28,51025
126,31,51026
135,35,51027
132,33,51028
141,38,51029
150,45,51030
156,51,51031
158,53,51032
162,58,51033
170,71,51034
170,70,51035
175,81,51036
177,87,51037
180,100,51038
181,104,51039
182,113,51040
182,129,51041
180,141,51042
182,137,51043
177,155,51044
177,157,51045
172,170,51046
166,181,51047
162,187,51048
158,193,51049
149,202,51050
151,201,51051
140,210,51052
131,216,51053
123,220,51054
96,110,51055
96,108,51056
96,107,51057
98,106,51058
100,105,51059
100,104,51060
101,104,51061
103,104,51062
105,105,51063
105,104,51064
107,105,51065
108,105,51066
110,109,51067
111,110,51068
112,111,51069
112,107,51070
113,115,51071
114,114,51072
114,118,51073
114,122,51074
114,124,51075
115,122,51076
113,128,51077
113,130,51078
113,131,51079
112,133,51080
109,137,51081
108,138,51082
108,139,51083
103,142,51084
101,144,51085
100,145,51086
97,146,51087
96,147,51088
90,147,51089
91,148,51090
85,147,51091
80,145,51092
79,145,51093
76,144,51094
77,145,51095
70,139,51096
70,141,51097
66,136,51098
63,132,51099
63,133,51100
58,119,51101
58,123,51102
58,125,51103
56,112,51104
55,112,51105
55,105,51106
55,99,51107
54,102,51108
56,91,51109
55,92,51110
59,81,51111
61,77,51112
64,72,51113
65,70,51114
67,67,51115
69,65,51116
76,59,51117
79,57,51118
82,55,51119
85,53,51120
93,51,51121
95,50,51122
101,49,51123
110,50,51124
113,50,51125
115,50,51126
122,53,51127
126,54,51128
128,55,51129
134,59,51130
141,65,51131
142,65,51132
146,70,51133
152,79,51134
153,80,51135
159,97,51136
160,99,51137
159,92,51138
162,110,51139
163,117,51140
164,116,51141
162,135,51142
162,136,51143
162,139,51144
157,154,51145
157,155,51146
151,167,51147
154,163,51148
144,177,51149
139,183,51150
139,184,51151
131,190,51152
121,196,51153
119,198,51154
118,199,51155
101,203,51156
99,204,51157
92,205,51158
80,204,51159
83,205,51160
69,202,51161
65,201,51162
62,200,51163
52,195,51164
40,186,51165
39,185,51166
31,177,51167
27,172,51168
20,162,51169
18,159,51170
11,140,51171
11,141,51172
10,140,51173
6,118,51174
5,112,51175
5,98,51176
5,96,51177
6,86,51178
10,68,51179
10,67,51180
11,63,51181
98,114,51182
99,115,51183
100,117,51184
99,119,51185
98,120,51186
99,121,51187
97,123,51188
97,124,51189
96,125,51190
95,126,51191
92,126,51192
91,126,51193
89,126,51194
88,126,51195
87,126,51196
87,128,51197
82,123,51198
83,125,51199
80,122,51200
79,122,51201
77,117,51202
76,116,51203
75,114,51204
75,116,51205
74,113,51206
73,108,51207
73,105,51208
73,104,51209
73,100,51210
74,97,51211
75,93,51212
76,90,51213
75,91,51214
77,87,51215
82,82,51216
80,82,51217
82,80,51218
90,76,51219
90,75,51220
92,74,51221
91,73,51222
100,72,51223
98,71,51224
106,71,51225
109,72,51226
109,71,51227
122,78,51228
121,76,51229
119,74,51230
128,82,51231
128,81,51232
130,83,51233
132,85,51234
137,94,51235
139,97,51236
140,97,51237
141,100,51238
143,112,51239
144,115,51240
144,120,51241
145,120,51242
145,122,51243
142,137,51244
141,142,51245
140,145,51246
140,146,51247
134,156,51248
133,159,51249
130,162,51250
120,171,51251
127,167,51252
123,171,51253
110,177,51254
103,180,51255
102,181,51256
100,182,51257
88,182,51258
88,183,51259
85,183,51260
76,181,51261
74,181,51262
59,173,51263
56,171,51264
61,176,51265
51,168,51266
42,157,51267
45,163,51268
39,154,51269
34,145,51270
32,143,51271
30,139,51272
26,120,51273
25,118,51274
24,114,51275
24,102,51276
24,98,51277
24,94,51278
27,80,51279
28,75,51280
29,71,51281
36,56,51282
41,49,51283
41,47,51284
48,39,51285
56,32,51286
51,35,51287
64,25,51288
72,21,51289
73,20,51290
84,16,51291
88,15,51292
100,13,51293
105,13,51294
110,13,51295
127,17,51296
127,16,51297
145,26,51298
145,25,51299
152,30,51300
159,36,51301
162,38,51302
164,39,51303
176,57,51304
184,73,51305
182,67,51306
187,78,51307
190,89,51308
95,113,51309
93,113,51310
91,112,51311
91,110,51312
91,107,51313
90,108,51314
90,106,51315
89,105,51316
90,103,51317
90,102,51318
91,100,51319
92,98,51320
92,97,51321
96,96,51322
97,95,51323
95,94,51324
100,93,51325
100,92,51326
104,93,51327
103,92,51328
108,94,51329
110,94,51330
110,93,51331
111,93,51332
114,95,51333
118,101,51334
118,99,51335
120,103,51336
120,101,51337
123,109,51338
123,106,51339
124,111,51340
125,114,51341
125,119,51342
125,123,51343
127,118,51344
125,128,51345
122,135,51346
124,133,51347
122,138,51348
121,141,51349
116,147,51350
120,144,51351
112,151,51352
112,152,51353
108,155,51354
102,157,51355
105,157,51356
100,159,51357
92,160,51358
93,161,51359
89,161,51360
82,160,51361
79,159,51362
74,157,51363
77,160,51364
69,155,51365
66,153,51366
59,146,51367
60,149,51368
55,142,51369
52,138,51370
51,137,51371
46,122,51372
46,123,51373
45,121,51374
44,107,51375
43,110,51376
43,101,51377
45,90,51378
43,93,51379
43,91,51380
52,70,51381
52,69,51382
50,71,51383
53,65,51384
67,51,51385
56,60,51386
65,51,51387
70,47,51388
78,42,51389
84,40,51390
84,39,51391
91,37,51392
99,36,51393
108,36,51394
108,35,51395
117,37,51396
125,40,51397
126,39,51398
134,43,51399
143,50,51400
145,51,51401
151,57,51402
158,66,51403
160,69,51404
162,72,51405
164,74,51406
170,92,51407
171,94,51408
174,117,51409
173,98,51410
175,115,51411
175,125,51412
172,144,51413
175,133,51414
172,149,51415
168,159,51416
167,164,51417
162,173,51418
153,186,51419
149,191,51420
149,192,51421
140,200,51422
125,209,51423
132,206,51424
110,215,51425
109,216,51426
106,217,51427
95,218,51428
90,219,51429
89,220,51430
66,215,51431
63,214,51432
55,211,51433
55,212,51434
40,203,51435
98,111,51436
99,110,51437
100,109,51438
102,111,51439
103,111,51440
104,110,51441
105,112,51442
106,113,51443
107,114,51444
108,115,51445
107,120,51446
108,120,51447
109,120,51448
108,122,51449
106,127,51450
108,126,51451
105,129,51452
104,131,51453
103,132,51454
102,134,51455
103,134,51456
99,136,51457
97,137,51458
96,138,51459
94,139,51460
90,139,51461
90,140,51462
84,138,51463
85,139,51464
80,137,51465
79,137,51466
77,136,51467
73,132,51468
71,130,51469
70,129,51470
69,128,51471
66,123,51472
65,119,51473
64,118,51474
63,112,51475
62,113,51476
63,100,51477
61,108,51478
61,103,51479
63,94,51480
63,92,51481
67,83,51482
66,83,51483
69,78,51484
72,74,51485
72,73,51486
76,69,51487
77,68,51488
81,65,51489
87,62,51490
90,60,51491
93,59,51492
98,58,51493
104,58,51494
104,57,51495
106,57,51496
112,58,51497
116,59,51498
123,62,51499
129,66,51500
131,67,51501
135,70,51502
139,74,51503
142,78,51504
145,82,51505
149,90,51506
149,89,51507
153,102,51508
154,104,51509
155,110,51510
156,113,51511
155,127,51512
157,121,51513
155,136,51514
152,146,51515
152,147,51516
148,156,51517
146,161,51518
144,164,51519
138,172,51520
135,176,51521
132,179,51522
127,183,51523
118,189,51524
119,189,51525
109,193,51526
99,195,51527
97,196,51528
93,197,51529
78,195,51530
72,194,51531
74,195,51532
67,193,51533
56,187,51534
51,184,51535
50,184,51536
42,177,51537
34,168,51538
32,166,51539
25,155,51540
22,149,51541
19,142,51542
17,137,51543
15,130,51544
13,118,51545
12,110,51546
13,93,51547
12,95,51548
13,88,51549
18,69,51550
16,72,51551
23,55,51552
23,54,51553
31,40,51554
37,33,51555
41,28,51556
44,24,51557
56,15,51558
62,11,51559
67,8,51560
77,4,51561
83,2,51562
97,115,51563
96,117,51564
96,118,51565
93,119,51566
91,118,51567
91,120,51568
90,120,51569
89,119,51570
88,119,51571
86,118,51572
85,118,51573
84,116,51574
83,114,51575
82,112,51576
81,111,51577
81,115,51578
81,106,51579
80,107,51580
80,104,51581
80,102,51582
80,100,51583
81,97,51584
84,92,51585
82,93,51586
82,92,51587
86,88,51588
88,86,51589
89,85,51590
89,84,51591
94,82,51592
96,81,51593
97,80,51594
101,80,51595
103,79,51596
108,80,51597
108,79,51598
113,81,51599
118,84,51600
119,84,51601
121,86,51602
121,85,51603
127,92,51604
126,89,51605
129,94,51606
132,99,51607
133,100,51608
135,112,51609
136,111,51610
136,107,51611
137,119,51612
137,124,51613
137,125,51614
137,128,51615
135,137,51616
134,140,51617
134,141,51618
131,148,51619
127,153,51620
124,157,51621
122,160,51622
116,165,51623
118,164,51624
107,170,51625
105,171,51626
102,172,51627
100,173,51628
92,174,51629
91,175,51630
83,174,51631
79,173,51632
74,172,51633
69,170,51634
64,167,51635
59,164,51636
55,161,51637
50,156,51638
45,149,51639
45,150,51640
39,139,51641
38,137,51642
36,133,51643
33,118,51644
32,114,51645
32,120,51646
31,106,51647
32,93,51648
32,89,51649
34,82,51650
35,76,51651
39,67,51652
40,64,51653
47,53,51654
49,50,51655
50,48,51656
56,42,51657
65,35,51658
68,32,51659
79,27,51660
86,25,51661
87,24,51662
84,24,51663
106,22,51664
111,22,51665
118,23,51666
124,25,51667
129,26,51668
135,29,51669
138,30,51670
147,36,51671
153,41,51672
160,48,51673
165,54,51674
168,58,51675
176,72,51676
178,77,51677
179,78,51678
184,99,51679
185,101,51680
186,127,51681
187,120,51682
187,125,51683
186,137,51684
182,155,51685
182,157,51686
178,167,51687
174,177,51688
173,179,51689
96,112,51690
94,109,51691
94,107,51692
96,105,51693
96,104,51694
96,103,51695
97,102,51696
98,101,51697
99,101,51698
99,100,51699
103,101,51700
103,99,51701
106,101,51702
108,102,51703
108,101,51704
108,99,51705
112,105,51706
113,105,51707
114,107,51708
114,105,51709
116,111,51710
117,112,51711
118,114,51712
118,116,51713
119,116,51714
119,121,51715
118,126,51716
118,128,51717
118,129,51718
115,134,51719
115,136,51720
114,138,51721
114,139,51722
112,141,51723
107,145,51724
108,146,51725
103,148,51726
97,150,51727
97,151,51728
95,152,51729
91,152,51730
84,151,51731
87,153,51732
83,152,51733
78,150,51734
78,151,51735
68,143,51736
70,146,51737
69,146,51738
60,134,51739
62,139,51740
59,135,51741
55,127,51742
53,120,51743
53,121,51744
52,122,51745
51,110,51746
50,109,51747
51,97,51748
51,95,51749
50,96,51750
51,91,51751
54,82,51752
57,75,51753
58,72,51754
59,70,51755
66,62,51756
66,61,51757
73,55,51758
80,51,51759
76,52,51760
77,51,51761
94,46,51762
96,45,51763
99,44,51764
107,44,51765
112,45,51766
116,45,51767
117,45,51768
126,49,51769
131,51,51770
140,58,51771
145,63,51772
142,58,51773
150,68,51774
155,76,51775
154,72,51776
161,87,51777
163,94,51778
164,94,51779
166,100,51780
167,114,51781
168,118,51782
168,123,51783
166,138,51784
165,145,51785
165,146,51786
160,159,51787
155,169,51788
156,168,51789
154,172,51790
140,188,51791
144,186,51792
134,194,51793
128,198,51794
126,200,51795
121,203,51796
109,207,51797
103,209,51798
96,210,51799
87,210,51800
76,209,51801
75,209,51802
64,206,51803
57,203,51804
55,203,51805
37,189,51806
35,188,51807
30,183,51808
27,180,51809
20,171,51810
19,171,51811
9,148,51812
7,143,51813
4,135,51814
4,136,51815
1,118,51816
99,113,51817
100,113,51818
101,114,51819
101,117,51820
101,119,51821
103,118,51822
102,120,51823
103,121,51824
101,124,51825
101,125,51826
100,126,51827
99,127,51828
98,128,51829
96,129,51830
94,130,51831
96,131,51832
89,130,51833
90,131,51834
88,131,51835
88,132,51836
83,129,51837
82,129,51838
80,128,51839
79,128,51840
77,126,51841
74,121,51842
75,125,51843
72,118,51844
71,116,51845
70,112,51846
70,108,51847
69,110,51848
68,107,51849
69,100,51850
71,94,51851
69,96,51852
70,92,51853
75,85,51854
74,84,51855
76,81,51856
76,80,51857
81,76,51858
79,76,51859
87,71,51860
89,70,51861
90,69,51862
101,68,51863
99,67,51864
99,66,51865
109,67,51866
109,66,51867
112,67,51868
120,70,51869
117,68,51870
125,73,51871
123,70,51872
130,76,51873
136,83,51874
140,90,51875
137,83,51876
142,93,51877
144,96,51878
145,98,51879
147,110,51880
148,113,51881
149,115,51882
148,127,51883
149,127,51884
147,137,51885
142,149,51886
147,140,51887
147,142,51888
135,162,51889
134,164,51890
135,164,51891
133,167,51892
122,176,51893
127,174,51894
119,179,51895
111,183,51896
106,185,51897
97,187,51898
90,187,51899
93,188,51900
85,188,51901
72,185,51902
75,187,51903
62,181,51904
56,177,51905
60,181,51906
55,178,51907
43,166,51908
42,166,51909
35,157,51910
32,152,51911
27,141,51912
26,139,51913
23,132,51914
21,116,51915
20,115,51916
19,111,51917
20,96,51918
20,90,51919
22,80,51920
27,66,51921
23,74,51922
28,61,51923
36,47,51924
32,52,51925
40,41,51926
46,34,51927
56,25,51928
54,26,51929
66,18,51930
76,14,51931
82,11,51932
94,9,51933
97,8,51934
103,8,51935
109,8,51936
118,9,51937
121,9,51938
144,19,51939
149,22,51940
155,26,51941
151,22,51942
164,33,51943
94,114,51944
93,115,51945
92,116,51946
91,114,51947
90,111,51948
89,111,51949
88,111,51950
87,111,51951
86,109,51952
86,107,51953
87,103,51954
86,104,51955
85,104,51956
89,98,51957
88,98,51958
87,97,51959
91,94,51960
91,93,51961
94,91,51962
93,91,51963
96,89,51964
99,89,51965
100,88,51966
99,87,51967
102,87,51968
109,89,51969
107,87,51970
112,90,51971
112,89,51972
115,91,51973
117,92,51974
119,93,51975
121,96,51976
124,100,51977
125,102,51978
126,102,51979
128,109,51980
129,114,51981
129,116,51982
130,117,51983
130,123,51984
128,131,51985
131,124,51986
128,134,51987
127,138,51988
126,141,51989
121,147,51990
121,149,51991
121,150,51992
115,155,51993
113,157,51994
112,158,51995
108,161,51996
103,163,51997
99,164,51998
99,165,51999
94,166,52000
84,165,52001
79,164,52002
79,165,52003
74,163,52004
73,163,52005
67,160,52006
61,155,52007
58,152,52008
57,152,52009
54,149,52010
48,140,52011
45,134,52012
44,132,52013
42,126,52014
41,124,52015
39,111,52016
39,104,52017
38,106,52018
38,101,52019
42,83,52020
39,89,52021
41,82,52022
45,72,52023
48,66,52024
53,58,52025
53,57,52026
58,51,52027
66,44,52028
72,40,52029
72,39,52030
82,35,52031
83,34,52032
88,32,52033
95,31,52034
104,30,52035
105,30,52036
110,30,52037
125,34,52038
128,35,52039
133,37,52040
139,40,52041
148,48,52042
156,56,52043
154,52,52044
161,62,52045
164,66,52046
169,75,52047
173,84,52048
174,87,52049
177,99,52050
178,102,52051
179,109,52052
180,119,52053
179,131,52054
177,144,52055
178,143,52056
173,160,52057
167,172,52058
167,174,52059
159,186,52060
156,190,52061
153,194,52062
142,204,52063
136,209,52064
137,209,52065
123,216,52066
119,218,52067
107,222,52068
102,223,52069
94,224,52070
97,110,52071
98,108,52072
99,107,52073
100,107,52074
101,106,52075
102,106,52076
103,106,52077
105,107,52078
106,108,52079
107,108,52080
108,109,52081
109,110,52082
110,113,52083
111,115,52084
111,118,52085
112,117,52086
112,121,52087
112,122,52088
111,126,52089
111,127,52090
110,130,52091
109,132,52092
107,134,52093
107,135,52094
106,137,52095
103,139,52096
102,140,52097
101,141,52098
100,142,52099
94,143,52100
94,144,52101
91,144,52102
87,144,52103
86,144,52104
82,143,52105
80,143,52106
77,141,52107
73,138,52108
71,137,52109
69,135,52110
67,133,52111
64,128,52112
63,127,52113
61,122,52114
60,119,52115
59,118,52116
58,107,52117
57,108,52118
57,103,52119
57,102,52120
58,94,52121
59,89,52122
61,84,52123
61,83,52124
64,77,52125
65,75,52126
69,70,52127
72,66,52128
77,62,52129
79,60,52130
83,58,52131
87,56,52132
92,54,52133
97,53,52134
106,53,52135
104,52,52136
112,53,52137
113,53,52138
119,55,52139
122,56,52140
131,61,52141
133,62,52142
138,66,52143
139,67,52144
145,74,52145
148,78,52146
151,83,52147
153,87,52148
156,94,52149
158,101,52150
159,104,52151
160,117,52152
160,126,52153
160,130,52154
160,133,52155
158,142,52156
157,147,52157
154,154,52158
152,160,52159
149,165,52160
142,175,52161
134,183,52162
137,181,52163
133,185,52164
126,190,52165
115,196,52166
113,197,52167
107,199,52168
95,201,52169
93,202,52170
89,202,52171
79,201,52172
73,200,52173
67,198,52174
54,192,52175
55,193,52176
46,187,52177
39,181,52178
33,175,52179
32,174,52180
23,161,52181
20,156,52182
17,149,52183
13,139,52184
10,127,52185
10,128,52186
8,109,52187
8,96,52188
8,94,52189
9,84,52190
11,74,52191
13,67,52192
18,54,52193
19,52,52194
23,44,52195
31,32,52196
34,28,52197
98,115,52198
98,117,52199
99,117,52200
96,120,52201
95,121,52202
96,122,52203
94,122,52204
94,123,52205
93,124,52206
91,124,52207
88,123,52208
88,124,52209
85,121,52210
85,122,52211
83,121,52212
84,124,52213
80,116,52214
80,118,52215
78,114,52216
78,117,52217
77,111,52218
76,110,52219
77,102,52220
76,103,52221
75,105,52222
76,100,52223
76,98,52224
78,93,52225
79,90,52226
81,88,52227
81,87,52228
83,84,52229
83,83,52230
87,80,52231
91,78,52232
89,78,52233
95,76,52234
101,75,52235
100,74,52236
107,75,52237
105,74,52238
113,76,52239
111,74,52240
117,77,52241
121,80,52242
121,79,52243
128,87,52244
127,84,52245
128,84,52246
135,97,52247
135,94,52248
137,99,52249
138,101,52250
140,111,52251
141,113,52252
142,114,52253
142,120,52254
141,128,52255
140,134,52256
139,138,52257
139,141,52258
137,146,52259
134,151,52260
130,157,52261
128,160,52262
127,162,52263
121,167,52264
118,170,52265
113,173,52266
105,176,52267
106,177,52268
103,178,52269
90,179,52270
86,179,52271
89,180,52272
79,179,52273
69,175,52274
64,173,52275
63,173,52276
56,168,52277
54,167,52278
48,160,52279
41,151,52280
43,156,52281
35,141,52282
34,138,52283
34,141,52284
30,128,52285
28,117,52286
27,115,52287
27,105,52288
27,97,52289
27,94,52290
28,86,52291
31,76,52292
33,69,52293
33,68,52294
40,55,52295
46,47,52296
46,46,52297
48,43,52298
61,32,52299
61,31,52300
75,23,52301
78,22,52302
81,20,52303
88,18,52304
98,17,52305
102,16,52306
115,17,52307
123,19,52308
132,22,52309
137,24,52310
139,25,52311
151,33,52312
147,29,52313
167,50,52314
167,49,52315
174,59,52316
177,64,52317
181,72,52318
179,65,52319
188,95,52320
190,105,52321
191,112,52322
191,126,52323
192,123,52324
95,112,52325
93,111,52326
92,110,52327
92,107,52328
93,106,52329
91,106,52330
92,104,52331
92,102,52332
93,101,52333
93,100,52334
96,98,52335
95,98,52336
99,97,52337
101,96,52338
103,96,52339
100,94,52340
105,96,52341
106,95,52342
109,97,52343
109,96,52344
113,99,52345
114,100,52346
114,99,52347
115,99,52348
118,104,52349
120,109,52350
120,106,52351
121,115,52352
122,112,52353
122,119,52354
122,124,52355
124,119,52356
123,125,52357
123,127,52358
119,136,52359
123,130,52360
118,139,52361
113,145,52362
116,143,52363
113,147,52364
113,148,52365
105,152,52366
108,152,52367
103,154,52368
99,156,52369
97,157,52370
86,156,52371
87,157,52372
87,158,52373
76,154,52374
78,156,52375
75,155,52376
70,152,52377
65,148,52378
63,146,52379
64,149,52380
57,140,52381
56,139,52382
52,131,52383
52,133,52384
48,120,52385
47,118,52386
47,119,52387
46,108,52388
45,105,52389
46,96,52390
48,88,52391
46,91,52392
50,79,52393
56,69,52394
51,75,52395
51,74,52396
67,55,52397
65,56,52398
70,51,52399
68,52,52400
80,45,52401
77,45,52402
88,41,52403
93,40,52404
97,39,52405
105,39,52406
112,40,52407
114,39,52408
120,41,52409
131,46,52410
128,43,52411
138,50,52412
147,58,52413
144,53,52414
148,57,52415
159,73,52416
161,76,52417
163,79,52418
167,90,52419
169,98,52420
171,106,52421
171,103,52422
172,119,52423
172,127,52424
172,132,52425
168,149,52426
170,145,52427
167,155,52428
160,169,52429
162,168,52430
159,173,52431
148,187,52432
147,189,52433
141,195,52434
136,199,52435
125,206,52436
124,207,52437
114,211,52438
100,214,52439
101,215,52440
88,215,52441
82,215,52442
70,213,52443
69,213,52444
60,210,52445
56,209,52446
37,196,52447
27,186,52448
31,191,52449
26,187,52450
19,178,52451
97,112,52452
100,111,52453
101,110,52454
103,113,52455
103,115,52456
104,114,52457
105,116,52458
106,116,52459
106,118,52460
106,119,52461
105,122,52462
105,124,52463
105,125,52464
103,128,52465
102,129,52466
104,129,52467
99,132,52468
99,133,52469
97,134,52470
96,135,52471
92,135,52472
90,135,52473
91,136,52474
87,136,52475
88,137,52476
82,134,52477
83,136,52478
77,131,52479
79,134,52480
74,129,52481
74,130,52482
71,126,52483
69,122,52484
69,123,52485
67,118,52486
66,115,52487
65,112,52488
65,103,52489
64,105,52490
65,98,52491
64,100,52492
67,91,52493
64,95,52494
68,86,52495
70,82,52496
72,79,52497
76,74,52498
76,73,52499
78,71,52500
85,67,52501
85,66,52502
89,64,52503
91,63,52504
100,62,52505
101,61,52506
101,60,52507
104,60,52508
115,63,52509
121,65,52510
120,64,52511
123,65,52512
129,69,52513
133,72,52514
138,78,52515
140,81,52516
143,84,52517
144,86,52518
147,92,52519
149,97,52520
151,103,52521
152,109,52522
153,112,52523
152,130,52524
152,131,52525
153,132,52526
152,137,52527
148,148,52528
150,146,52529
145,157,52530
141,163,52531
140,165,52532
133,173,52533
131,176,52534
123,182,52535
120,184,52536
112,188,52537
109,190,52538
99,192,52539
86,192,52540
94,193,52541
89,194,52542
74,191,52543
76,192,52544
66,189,52545
55,183,52546
56,184,52547
47,177,52548
46,177,52549
35,164,52550
33,162,52551
30,159,52552
26,151,52553
22,141,52554
20,137,52555
17,125,52556
16,119,52557
15,112,52558
15,104,52559
15,94,52560
15,92,52561
20,71,52562
21,67,52563
22,63,52564
27,52,52565
35,41,52566
33,42,52567
45,28,52568
46,27,52569
54,20,52570
67,12,52571
71,10,52572
67,11,52573
92,4,52574
96,3,52575
106,3,52576
103,2,52577
114,3,52578
96,114,52579
95,116,52580
94,118,52581
92,118,52582
90,116,52583
89,117,52584
88,116,52585
87,116,52586
86,114,52587
85,114,52588
84,112,52589
84,110,52590
83,110,52591
83,107,52592
83,105,52593
82,105,52594
83,101,52595
83,99,52596
84,97,52597
85,95,52598
85,94,52599
86,92,52600
89,89,52601
88,89,52602
90,87,52603
95,85,52604
93,85,52605
100,84,52606
101,83,52607
102,82,52608
107,83,52609
106,82,52610
111,84,52611
113,84,52612
115,85,52613
117,86,52614
121,89,52615
124,93,52616
125,94,52617
128,98,52618
128,97,52619
130,101,52620
131,103,52621
133,111,52622
134,113,52623
134,118,52624
134,123,52625
133,130,52626
134,128,52627
133,133,52628
131,140,52629
130,142,52630
129,145,52631
126,150,52632
123,154,52633
122,156,52634
120,158,52635
112,164,52636
109,166,52637
105,168,52638
100,169,52639
99,170,52640
94,171,52641
83,170,52642
81,170,52643
79,170,52644
75,169,52645
72,168,52646
65,164,52647
64,164,52648
56,157,52649
51,152,52650
50,151,52651
46,146,52652
43,140,52653
40,135,52654
37,125,52655
37,126,52656
35,117,52657
34,110,52658
34,102,52659
35,92,52660
35,89,52661
36,85,52662
36,83,52663
40,72,52664
41,69,52665
46,60,52666
48,56,52667
53,50,52668
57,45,52669
63,40,52670
72,34,52671
71,34,52672
82,29,52673
85,28,52674
93,26,52675
100,25,52676
113,26,52677
114,26,52678
121,27,52679
130,30,52680
134,32,52681
138,34,52682
147,40,52683
152,44,52684
156,48,52685
160,52,52686
166,60,52687
171,69,52688
173,72,52689
177,82,52690
181,96,52691
183,106,52692
183,125,52693
184,115,52694
183,134,52695
183,138,52696
182,144,52697
178,159,52698
174,169,52699
174,170,52700
168,181,52701
166,185,52702
156,198,52703
150,204,52704
147,207,52705
96,111,52706
95,109,52707
95,107,52708
97,105,52709
98,105,52710
99,104,52711
100,103,52712
101,102,52713
103,103,52714
103,102,52715
105,103,52716
106,102,52717
109,106,52718
110,107,52719
111,107,52720
110,103,52721
113,112,52722
114,111,52723
115,114,52724
115,117,52725
116,117,52726
116,120,52727
115,125,52728
116,124,52729
117,123,52730
115,129,52731
113,133,52732
113,134,52733
113,135,52734
107,141,52735
107,142,52736
106,143,52737
105,144,52738
102,146,52739
96,148,52740
99,148,52741
93,149,52742
86,148,52743
86,149,52744
82,148,52745
81,148,52746
75,145,52747
76,147,52748
72,144,52749
68,140,52750
67,140,52751
60,128,52752
61,133,52753
61,134,52754
56,119,52755
56,122,52756
55,120,52757
54,109,52758
53,108,52759
53,102,52760
53,97,52761
54,92,52762
55,88,52763
57,82,52764
58,79,52765
59,76,52766
62,71,52767
66,66,52768
70,62,52769
69,62,52770
72,59,52771
84,52,52772
85,51,52773
92,49,52774
97,48,52775
97,47,52776
102,47,52777
111,48,52778
113,48,52779
118,49,52780
122,50,52781
129,54,52782
133,56,52783
138,59,52784
143,64,52785
153,79,52786
147,68,52787
155,82,52788
154,77,52789
160,93,52790
162,101,52791
163,100,52792
164,118,52793
165,119,52794
166,119,52795
163,139,52796
163,141,52797
161,149,52798
161,150,52799
156,161,52800
153,167,52801
151,172,52802
142,182,52803
137,187,52804
138,187,52805
134,191,52806
117,200,52807
119,200,52808
104,205,52809
99,206,52810
97,207,52811
88,207,52812
84,207,52813
74,206,52814
71,205,52815
56,199,52816
49,195,52817
43,191,52818
38,187,52819
35,184,52820
34,184,52821
20,164,52822
14,153,52823
13,152,52824
9,141,52825
8,138,52826
7,138,52827
4,113,52828
3,106,52829
3,102,52830
4,86,52831
5,79,52832
99,114,52833
100,115,52834
101,116,52835
100,118,52836
98,121,52837
100,121,52838
99,122,52839
99,123,52840
98,125,52841
97,126,52842
94,126,52843
94,127,52844
92,128,52845
91,128,52846
87,127,52847
91,130,52848
84,126,52849
85,128,52850
82,125,52851
81,126,52852
79,123,52853
78,122,52854
77,122,52855
76,121,52856
74,117,52857
73,113,52858
72,113,52859
72,107,52860
71,109,52861
72,101,52862
72,99,52863
71,100,52864
72,96,52865
73,92,52866
77,86,52867
75,87,52868
78,83,52869
84,78,52870
82,78,52871
85,76,52872
86,74,52873
94,72,52874
92,71,52875
97,70,52876
101,69,52877
103,69,52878
114,72,52879
111,70,52880
114,70,52881
122,75,52882
119,72,52883
125,76,52884
128,78,52885
134,86,52886
134,85,52887
133,82,52888
137,88,52889
142,101,52890
143,103,52891
143,100,52892
145,111,52893
146,113,52894
145,128,52895
146,126,52896
145,133,52897
144,138,52898
140,148,52899
142,146,52900
139,152,52901
130,164,52902
135,160,52903
135,161,52904
120,173,52905
115,177,52906
118,176,52907
111,180,52908
107,182,52909
99,183,52910
97,184,52911
90,185,52912
88,185,52913
74,182,52914
66,179,52915
73,183,52916
62,178,52917
53,171,52918
57,176,52919
43,162,52920
38,155,52921
44,165,52922
38,157,52923
30,140,52924
29,139,52925
26,131,52926
24,123,52927
23,114,52928
22,110,52929
23,93,52930
23,92,52931
23,89,52932
26,75,52933
32,61,52934
28,68,52935
34,56,52936
43,43,52937
38,48,52938
47,37,52939
55,30,52940
55,29,52941
69,20,52942
71,19,52943
85,14,52944
82,14,52945
95,12,52946
111,12,52947
111,11,52948
126,15,52949
131,16,52950
138,19,52951
142,21,52952
147,24,52953
147,23,52954
168,43,52955
169,44,52956
176,53,52957
178,55,52958
182,63,52959
94,113,52960
92,113,52961
92,114,52962
91,111,52963
90,109,52964
89,109,52965
89,107,52966
88,107,52967
88,105,52968
88,104,52969
89,101,52970
90,100,52971
90,98,52972
93,96,52973
94,95,52974
92,95,52975
97,93,52976
96,92,52977
99,91,52978
100,91,52979
104,91,52980
105,91,52981
105,90,52982
107,90,52983
110,91,52984
115,95,52985
113,92,52986
119,99,52987
118,96,52988
120,99,52989
121,100,52990
124,106,52991
125,109,52992
126,110,52993
126,118,52994
127,113,52995
127,123,52996
125,130,52997
127,126,52998
126,131,52999
126,133,53000
122,141,53001
126,136,53002
119,146,53003
119,147,53004
116,150,53005
111,154,53006
110,156,53007
107,158,53008
100,160,53009
103,160,53010
97,162,53011
91,162,53012
87,162,53013
83,162,53014
89,164,53015
77,161,53016
73,159,53017
65,154,53018
66,156,53019
61,151,53020
58,149,53021
56,147,53022
51,138,53023
49,135,53024
48,135,53025
46,130,53026
43,120,53027
42,114,53028
42,104,53029
41,108,53030
40,105,53031
44,85,53032
46,79,53033
43,85,53034
44,80,53035
54,63,53036
48,70,53037
56,58,53038
60,54,53039
65,49,53040
70,45,53041
72,43,53042
77,40,53043
85,37,53044
94,35,53045
92,34,53046
107,34,53047
114,35,53048
108,33,53049
115,34,53050
131,40,53051
130,39,53052
139,44,53053
144,48,53054
150,53,53055
155,59,53056
155,58,53057
165,75,53058
167,78,53059
166,74,53060
173,95,53061
174,98,53062
175,102,53063
176,120,53064
177,118,53065
177,126,53066
174,145,53067
174,148,53068
172,155,53069
167,166,53070
163,174,53071
162,177,53072
156,186,53073
147,195,53074
144,199,53075
131,208,53076
130,209,53077
129,210,53078
111,217,53079
109,218,53080
103,220,53081
83,220,53082
81,220,53083
69,218,53084
70,219,53085
63,217,53086
97,111,53087
99,109,53088
100,108,53089
102,109,53090
103,109,53091
103,108,53092
105,110,53093
106,111,53094
107,112,53095
108,113,53096
108,117,53097
109,116,53098
110,117,53099
109,121,53100
108,124,53101
110,122,53102
108,127,53103
108,128,53104
107,130,53105
105,132,53106
105,133,53107
104,135,53108
102,136,53109
100,138,53110
99,139,53111
95,140,53112
94,141,53113
88,140,53114
88,141,53115
87,141,53116
85,141,53117
83,141,53118
77,137,53119
76,137,53120
73,135,53121
71,133,53122
69,131,53123
67,127,53124
65,125,53125
63,118,53126
63,121,53127
62,108,53128
61,115,53129
60,110,53130
60,103,53131
60,101,53132
62,92,53133
62,90,53134
62,89,53135
65,82,53136
65,81,53137
68,76,53138
71,72,53139
76,67,53140
78,65,53141
76,66,53142
84,61,53143
88,59,53144
91,58,53145
94,57,53146
98,56,53147
102,55,53148
104,55,53149
114,57,53150
120,59,53151
121,59,53152
127,62,53153
131,64,53154
135,68,53155
139,71,53156
144,78,53157
147,82,53158
150,88,53159
150,87,53160
153,95,53161
155,100,53162
156,106,53163
157,111,53164
158,117,53165
157,130,53166
157,133,53167
154,145,53168
155,143,53169
151,154,53170
149,159,53171
148,161,53172
144,168,53173
137,176,53174
135,179,53175
133,181,53176
122,189,53177
113,193,53178
109,195,53179
110,195,53180
102,197,53181
87,198,53182
88,199,53183
79,198,53184
69,195,53185
63,193,53186
58,191,53187
53,188,53188
45,182,53189
42,180,53190
39,177,53191
32,169,53192
27,162,53193
24,157,53194
21,152,53195
17,142,53196
14,132,53197
13,129,53198
11,114,53199
10,107,53200
12,88,53201
10,96,53202
15,72,53203
15,70,53204
19,59,53205
25,47,53206
26,45,53207
30,38,53208
39,27,53209
40,26,53210
51,16,53211
60,10,53212
63,8,53213
97,116,53214
97,117,53215
97,119,53216
95,119,53217
93,120,53218
93,121,53219
92,121,53220
90,121,53221
89,121,53222
87,120,53223
87,121,53224
85,120,53225
84,118,53226
82,115,53227
81,114,53228
81,118,53229
80,110,53230
79,112,53231
79,107,53232
79,105,53233
78,104,53234
78,102,53235
80,97,53236
80,95,53237
79,95,53238
82,91,53239
82,90,53240
85,87,53241
84,86,53242
89,83,53243
90,82,53244
91,81,53245
95,79,53246
96,78,53247
102,78,53248
101,77,53249
104,77,53250
111,79,53251
112,79,53252
117,81,53253
117,80,53254
122,85,53255
121,82,53256
126,87,53257
129,91,53258
129,90,53259
134,103,53260
134,99,53261
134,97,53262
137,112,53263
138,112,53264
138,119,53265
139,121,53266
139,124,53267
138,131,53268
138,134,53269
137,137,53270
132,148,53271
131,150,53272
129,154,53273
126,158,53274
127,158,53275
121,163,53276
113,169,53277
112,170,53278
109,172,53279
101,174,53280
100,175,53281
95,176,53282
88,176,53283
84,176,53284
81,176,53285
70,172,53286
69,172,53287
66,171,53288
64,170,53289
53,161,53290
52,161,53291
50,159,53292
44,151,53293
42,149,53294
36,135,53295
33,127,53296
34,134,53297
31,118,53298
30,110,53299
29,112,53300
30,97,53301
30,91,53302
31,85,53303
34,75,53304
35,72,53305
40,61,53306
41,58,53307
44,54,53308
52,44,53309
51,44,53310
60,36,53311
73,28,53312
68,30,53313
72,27,53314
89,22,53315
92,21,53316
98,20,53317
105,20,53318
113,20,53319
121,22,53320
123,22,53321
132,25,53322
138,28,53323
147,34,53324
149,35,53325
157,42,53326
164,50,53327
168,55,53328
172,60,53329
179,76,53330
183,86,53331
184,88,53332
187,104,53333
188,110,53334
188,102,53335
188,132,53336
188,135,53337
185,150,53338
185,152,53339
182,163,53340
94,111,53341
94,110,53342
93,109,53343
94,106,53344
95,105,53345
94,104,53346
95,102,53347
95,101,53348
97,100,53349
97,99,53350
101,99,53351
101,98,53352
103,98,53353
105,99,53354
107,99,53355
106,97,53356
111,102,53357
110,99,53358
113,103,53359
113,102,53360
116,107,53361
117,109,53362
117,107,53363
118,108,53364
119,112,53365
120,116,53366
120,119,53367
120,122,53368
121,121,53369
119,128,53370
119,130,53371
118,133,53372
118,135,53373
117,137,53374
112,142,53375
115,141,53376
108,147,53377
104,149,53378
104,150,53379
102,151,53380
103,152,53381
94,153,53382
96,154,53383
87,154,53384
85,154,53385
83,154,53386
74,149,53387
75,151,53388
75,152,53389
66,144,53390
67,147,53391
64,144,53392
61,140,53393
57,134,53394
55,131,53395
55,133,53396
51,121,53397
50,117,53398
49,112,53399
49,106,53400
48,107,53401
48,102,53402
51,87,53403
50,89,53404
51,84,53405
53,78,53406
61,66,53407
57,70,53408
59,67,53409
70,56,53410
65,59,53411
67,56,53412
84,47,53413
83,47,53414
87,45,53415
92,43,53416
106,43,53417
102,42,53418
104,41,53419
115,43,53420
116,43,53421
128,48,53422
135,52,53423
129,47,53424
140,55,53425
150,66,53426
146,59,53427
153,69,53428
160,82,53429
158,75,53430
161,81,53431
166,98,53432
168,106,53433
168,103,53434
169,124,53435
170,122,53436
170,123,53437
166,146,53438
167,144,53439
163,157,53440
162,160,53441
151,178,53442
158,169,53443
149,182,53444
142,189,53445
140,192,53446
138,194,53447
119,205,53448
123,204,53449
116,207,53450
101,211,53451
96,212,53452
87,212,53453
89,213,53454
72,210,53455
72,211,53456
56,204,53457
51,202,53458
43,197,53459
38,193,53460
29,185,53461
28,185,53462
18,170,53463
11,157,53464
12,161,53465
8,153,53466
5,144,53467
99,112,53468
100,112,53469
102,113,53470
102,116,53471
102,117,53472
104,117,53473
103,119,53474
104,119,53475
103,122,53476
103,123,53477
103,124,53478
102,126,53479
100,128,53480
98,129,53481
97,130,53482
99,131,53483
93,132,53484
94,133,53485
90,132,53486
90,133,53487
86,132,53488
85,132,53489
85,133,53490
81,131,53491
80,131,53492
76,126,53493
76,128,53494
73,123,53495
73,124,53496
71,119,53497
70,120,53498
69,115,53499
68,112,53500
67,110,53501
68,100,53502
66,106,53503
67,100,53504
71,90,53505
68,94,53506
71,87,53507
70,87,53508
76,79,53509
72,82,53510
77,77,53511
81,73,53512
82,72,53513
90,68,53514
89,67,53515
92,66,53516
99,65,53517
98,64,53518
103,64,53519
106,64,53520
112,65,53521
118,67,53522
114,64,53523
122,68,53524
126,71,53525
133,77,53526
134,77,53527
137,81,53528
138,82,53529
141,86,53530
145,96,53531
147,101,53532
148,102,53533
149,108,53534
150,112,53535
150,125,53536
149,131,53537
151,126,53538
151,129,53539
143,151,53540
143,153,53541
144,153,53542
142,157,53543
131,170,53544
135,168,53545
127,175,53546
122,179,53547
121,180,53548
113,184,53549
112,185,53550
104,188,53551
97,189,53552
90,190,53553
84,190,53554
79,189,53555
67,185,53556
69,187,53557
66,186,53558
55,179,53559
51,177,53560
41,167,53561
39,165,53562
36,161,53563
30,152,53564
32,157,53565
24,137,53566
23,136,53567
22,135,53568
19,118,53569
18,111,53570
18,98,53571
20,84,53572
18,90,53573
19,84,53574
24,68,53575
23,68,53576
28,57,53577
35,45,53578
38,41,53579
41,36,53580
48,29,53581
64,18,53582
59,20,53583
75,12,53584
74,12,53585
82,9,53586
95,7,53587
100,6,53588
101,5,53589
121,8,53590
125,9,53591
139,14,53592
139,13,53593
146,17,53594
95,115,53595
94,115,53596
93,117,53597
91,115,53598
89,113,53599
89,115,53600
88,113,53601
87,113,53602
86,111,53603
85,111,53604
86,106,53605
85,105,53606
84,105,53607
86,101,53608
86,100,53609
85,99,53610
87,96,53611
87,95,53612
89,93,53613
90,92,53614
90,91,53615
93,89,53616
96,88,53617
95,87,53618
98,86,53619
103,86,53620
101,85,53621
109,87,53622
108,86,53623
110,86,53624
114,88,53625
115,88,53626
119,92,53627
120,92,53628
121,93,53629
123,95,53630
126,100,53631
128,105,53632
129,106,53633
130,111,53634
131,111,53635
130,126,53636
132,115,53637
131,127,53638
131,129,53639
131,130,53640
127,140,53641
127,142,53642
125,146,53643
123,149,53644
121,152,53645
119,154,53646
118,156,53647
111,161,53648
109,162,53649
107,164,53650
104,165,53651
97,167,53652
88,167,53653
91,168,53654
87,168,53655
83,168,53656
76,166,53657
68,162,53658
66,161,53659
63,159,53660
61,158,53661
56,154,53662
53,150,53663
51,148,53664
46,140,53665
44,137,53666
40,124,53667
39,123,53668
38,117,53669
37,115,53670
38,96,53671
36,105,53672
37,93,53673
39,85,53674
42,75,53675
44,70,53676
44,69,53677
46,65,53678
53,55,53679
57,50,53680
59,47,53681
64,43,53682
68,40,53683
72,37,53684
78,34,53685
91,30,53686
94,29,53687
98,28,53688
111,29,53689
118,30,53690
116,29,53691
124,31,53692
136,37,53693
141,40,53694
145,42,53695
151,47,53696
158,55,53697
159,56,53698
166,66,53699
169,71,53700
173,80,53701
174,81,53702
177,90,53703
179,99,53704
181,113,53705
181,121,53706
182,121,53707
180,140,53708
175,157,53709
178,151,53710
172,166,53711
167,177,53712
169,174,53713
159,189,53714
155,194,53715
154,196,53716
139,209,53717
135,212,53718
130,215,53719
117,221,53720
115,222,53721
96,110,53722
96,109,53723
97,107,53724
99,106,53725
100,106,53726
102,105,53727
102,104,53728
104,105,53729
105,106,53730
106,106,53731
108,107,53732
109,108,53733
110,110,53734
111,112,53735
112,113,53736
112,109,53737
113,117,53738
114,116,53739
113,122,53740
113,124,53741
113,126,53742
112,128,53743
111,131,53744
112,131,53745
111,133,53746
109,136,53747
105,139,53748
106,139,53749
106,140,53750
99,143,53751
99,144,53752
97,145,53753
94,146,53754
91,146,53755
85,145,53756
89,147,53757
84,146,53758
78,143,53759
77,143,53760
73,141,53761
72,140,53762
68,136,53763
66,135,53764
63,130,53765
62,128,53766
60,126,53767
58,114,53768
57,116,53769
57,120,53770
56,107,53771
55,107,53772
56,99,53773
56,97,53774
57,90,53775
58,87,53776
59,83,53777
62,77,53778
67,70,53779
67,69,53780
69,67,53781
71,64,53782
75,61,53783
81,57,53784
85,55,53785
86,54,53786
91,52,53787
99,51,53788
101,50,53789
111,51,53790
115,52,53791
117,52,53792
123,54,53793
130,58,53794
132,59,53795
137,63,53796
141,66,53797
144,70,53798
147,73,53799
151,80,53800
153,83,53801
157,91,53802
160,106,53803
160,103,53804
161,103,53805
162,117,53806
162,125,53807
162,130,53808
159,144,53809
160,142,53810
158,150,53811
154,159,53812
149,168,53813
148,170,53814
145,175,53815
136,184,53816
129,190,53817
127,192,53818
121,195,53819
108,200,53820
108,201,53821
110,201,53822
93,203,53823
90,204,53824
79,203,53825
71,201,53826
72,202,53827
59,197,53828
53,194,53829
49,192,53830
42,186,53831
36,181,53832
33,178,53833
26,169,53834
22,163,53835
15,149,53836
13,145,53837
8,122,53838
8,126,53839
7,122,53840
6,108,53841
6,97,53842
6,94,53843
8,81,53844
10,71,53845
15,57,53846
16,54,53847
18,49,53848
98,114,53849
99,116,53850
99,118,53851
98,119,53852
97,121,53853
98,122,53854
96,123,53855
96,124,53856
95,125,53857
94,125,53858
89,124,53859
90,126,53860
88,125,53861
86,124,53862
85,124,53863
86,127,53864
81,120,53865
80,120,53866
79,118,53867
78,119,53868
77,115,53869
76,114,53870
75,111,53871
75,109,53872
74,110,53873
74,105,53874
74,103,53875
75,97,53876
75,96,53877
76,93,53878
77,91,53879
78,88,53880
78,87,53881
80,84,53882
84,81,53883
84,80,53884
88,77,53885
95,75,53886
94,74,53887
98,73,53888
101,73,53889
106,73,53890
102,71,53891
108,72,53892
113,74,53893
123,80,53894
116,74,53895
123,78,53896
130,86,53897
125,79,53898
129,83,53899
133,88,53900
136,93,53901
139,101,53902
140,103,53903
140,100,53904
142,108,53905
143,117,53906
143,121,53907
143,125,53908
143,130,53909
143,131,53910
140,141,53911
137,149,53912
135,153,53913
135,154,53914
129,161,53915
129,162,53916
123,168,53917
117,172,53918
118,173,53919
115,175,53920
101,179,53921
98,180,53922
97,181,53923
94,182,53924
79,180,53925
81,181,53926
79,181,53927
68,177,53928
67,177,53929
55,169,53930
47,161,53931
53,169,53932
44,159,53933
37,148,53934
40,155,53935
33,141,53936
30,133,53937
30,135,53938
28,130,53939
26,112,53940
25,110,53941
25,101,53942
26,92,53943
26,89,53944
26,86,53945
31,70,53946
36,59,53947
37,56,53948
40,51,53949
50,40,53950
47,41,53951
55,34,53952
63,28,53953
66,25,53954
70,23,53955
86,17,53956
88,16,53957
94,15,53958
102,14,53959
111,15,53960
114,15,53961
124,17,53962
132,20,53963
134,20,53964
154,34,53965
154,33,53966
161,39,53967
167,46,53968
172,52,53969
171,49,53970
182,71,53971
187,84,53972
187,83,53973
188,84,53974
192,105,53975
95,113,53976
92,112,53977
91,112,53978
91,109,53979
92,106,53980
90,107,53981
91,104,53982
90,104,53983
91,102,53984
91,101,53985
93,99,53986
94,98,53987
94,97,53988
98,96,53989
99,95,53990
97,94,53991
102,94,53992
102,93,53993
105,94,53994
105,93,53995
109,95,53996
111,96,53997
112,96,53998
113,95,53999
116,99,54000
118,102,54001
119,101,54002
121,106,54003
122,107,54004
123,112,54005
123,117,54006
124,114,54007
125,117,54008
125,122,54009
123,129,54010
126,122,54011
123,132,54012
119,139,54013
119,141,54014
120,140,54015
118,144,54016
111,150,54017
115,148,54018
106,154,54019
107,154,54020
104,156,54021
96,158,54022
94,158,54023
96,159,54024
89,159,54025
88,160,54026
82,159,54027
79,158,54028
72,155,54029
69,153,54030
73,157,54031
64,150,54032
61,148,54033
55,139,54034
55,141,54035
51,133,54036
51,134,54037
48,128,54038
46,117,54039
45,114,54040
44,111,54041
45,97,54042
43,104,54043
45,91,54044
49,80,54045
46,84,54046
46,82,54047
55,67,54048
56,64,54049
56,63,54050
58,60,54051
72,48,54052
64,52,54053
72,47,54054
81,42,54055
83,41,54056
90,39,54057
107,38,54058
98,37,54059
110,37,54060
115,38,54061
115,37,54062
127,42,54063
136,47,54064
132,43,54065
137,46,54066
148,56,54067
153,61,54068
157,66,54069
159,69,54070
165,81,54071
166,82,54072
168,86,54073
172,105,54074
173,109,54075
174,111,54076
174,122,54077
174,129,54078
173,136,54079
167,157,54080
171,149,54081
169,155,54082
161,172,54083
164,168,54084
155,182,54085
149,189,54086
141,197,54087
137,201,54088
131,205,54089
118,211,54090
120,211,54091
100,216,54092
104,216,54093
86,217,54094
80,217,54095
73,216,54096
74,217,54097
56,210,54098
50,207,54099
40,201,54100
46,206,54101
33,196,54102
98,111,54103
100,110,54104
101,109,54105
102,111,54106
104,112,54107
104,111,54108
105,114,54109
106,114,54110
107,115,54111
107,117,54112
106,122,54113
107,122,54114
107,123,54115
106,125,54116
105,127,54117
107,127,54118
102,131,54119
102,132,54120
101,133,54121
99,135,54122
97,136,54123
95,136,54124
95,137,54125
93,138,54126
92,138,54127
86,137,54128
86,138,54129
82,136,54130
80,136,54131
78,134,54132
78,135,54133
75,133,54134
71,128,54135
70,127,54136
68,124,54137
67,123,54138
65,117,54139
64,112,54140
64,115,54141
63,108,54142
62,109,54143
64,98,54144
62,100,54145
63,96,54146
66,87,54147
66,86,54148
70,80,54149
69,80,54150
71,76,54151
76,71,54152
78,69,54153
79,68,54154
81,66,54155
89,62,54156
93,61,54157
93,60,54158
98,59,54159
105,59,54160
110,60,54161
110,59,54162
112,59,54163
118,61,54164
123,63,54165
129,67,54166
135,72,54167
138,75,54168
140,77,54169
143,81,54170
146,86,54171
149,92,54172
150,95,54173
151,96,54174
154,112,54175
154,119,54176
155,117,54177
155,125,54178
152,140,54179
155,132,54180
152,144,54181
150,149,54182
147,156,54183
143,163,54184
142,166,54185
136,173,54186
132,177,54187
126,182,54188
127,182,54189
115,189,54190
111,191,54191
106,193,54192
101,194,54193
91,195,54194
85,195,54195
82,195,54196
74,193,54197
69,192,54198
58,187,54199
55,186,54200
47,179,54201
43,176,54202
42,176,54203
35,168,54204
27,156,54205
26,154,54206
22,147,54207
19,139,54208
16,129,54209
15,123,54210
14,119,54211
13,109,54212
14,91,54213
15,84,54214
14,86,54215
18,70,54216
25,54,54217
24,54,54218
29,46,54219
34,38,54220
38,33,54221
48,23,54222
51,20,54223
54,17,54224
69,9,54225
75,6,54226
78,5,54227
84,3,54228
96,1,54229
97,115,54230
96,116,54231
95,118,54232
93,118,54233
91,117,54234
91,119,54235
90,119,54236
88,118,54237
87,118,54238
86,117,54239
85,117,54240
84,115,54241
83,112,54242
82,111,54243
82,108,54244
81,109,54245
81,104,54246
80,105,54247
81,102,54248
81,100,54249
82,97,54250
82,96,54251
85,92,54252
84,91,54253
85,90,54254
89,87,54255
89,86,54256
93,84,54257
93,83,54258
97,82,54259
99,81,54260
100,80,54261
104,80,54262
108,81,54263
112,82,54264
109,80,54265
115,83,54266
119,86,54267
122,88,54268
123,89,54269
125,90,54270
129,96,54271
129,95,54272
132,102,54273
132,101,54274
134,105,54275
135,116,54276
136,116,54277
136,122,54278
136,124,54279
135,131,54280
135,132,54281
134,137,54282
133,140,54283
130,147,54284
131,146,54285
126,153,54286
122,158,54287
119,161,54288
116,164,54289
110,167,54290
110,168,54291
102,171,54292
97,172,54293
92,172,54294
90,173,54295
86,173,54296
82,173,54297
75,171,54298
70,169,54299
63,165,54300
61,164,54301
56,160,54302
52,156,54303
50,154,54304
47,151,54305
43,144,54306
40,139,54307
37,132,54308
35,125,54309
35,126,54310
33,111,54311
32,107,54312
32,103,54313
32,99,54314
35,82,54315
34,84,54316
40,68,54317
37,73,54318
42,63,54319
49,52,54320
52,48,54321
55,45,54322
61,39,54323
65,36,54324
75,30,54325
79,28,54326
85,26,54327
95,24,54328
98,23,54329
106,23,54330
108,23,54331
118,24,54332
124,26,54333
134,30,54334
137,31,54335
143,35,54336
149,39,54337
155,44,54338
163,53,54339
168,60,54340
170,63,54341
177,77,54342
180,85,54343
181,89,54344
184,100,54345
185,114,54346
186,116,54347
185,133,54348
185,136,54349
183,148,54350
181,156,54351
177,167,54352
176,170,54353
169,183,54354
168,185,54355
162,194,54356
96,112,54357
95,108,54358
94,107,54359
96,106,54360
97,104,54361
97,103,54362
98,102,54363
99,102,54364
100,101,54365
101,100,54366
105,102,54367
103,100,54368
107,102,54369
108,103,54370
110,104,54371
108,100,54372
113,108,54373
113,107,54374
115,110,54375
115,108,54376
116,113,54377
117,115,54378
117,119,54379
118,119,54380
119,118,54381
117,126,54382
117,127,54383
116,131,54384
116,132,54385
112,137,54386
113,138,54387
111,140,54388
111,141,54389
109,143,54390
104,146,54391
105,147,54392
99,149,54393
93,150,54394
94,151,54395
90,151,54396
87,151,54397
80,149,54398
85,152,54399
78,149,54400
74,147,54401
73,147,54402
64,137,54403
64,139,54404
65,142,54405
57,126,54406
60,135,54407
56,127,54408
54,122,54409
53,116,54410
52,113,54411
51,113,54412
51,105,54413
51,102,54414
52,95,54415
54,86,54416
52,90,54417
55,81,54418
58,75,54419
62,69,54420
62,68,54421
65,64,54422
73,57,54423
73,56,54424
78,53,54425
87,49,54426
84,49,54427
86,48,54428
100,46,54429
103,45,54430
106,45,54431
109,45,54432
120,48,54433
126,50,54434
125,49,54435
136,56,54436
137,56,54437
146,66,54438
151,72,54439
148,66,54440
155,78,54441
160,89,54442
158,81,54443
162,93,54444
165,107,54445
165,102,54446
166,124,54447
167,121,54448
166,133,54449
166,134,54450
162,150,54451
161,154,54452
160,158,54453
155,167,54454
146,180,54455
145,182,54456
149,178,54457
131,194,54458
133,194,54459
128,197,54460
116,203,54461
118,203,54462
107,207,54463
96,208,54464
94,209,54465
84,209,54466
73,207,54467
65,205,54468
60,203,54469
55,201,54470
44,194,54471
47,197,54472
27,177,54473
27,178,54474
21,170,54475
16,162,54476
13,156,54477
16,164,54478
5,132,54479
3,121,54480
3,124,54481
2,119,54482
1,107,54483
99,113,54484
100,113,54485
101,115,54486
101,118,54487
100,120,54488
102,119,54489
101,121,54490
101,122,54491
101,123,54492
100,125,54493
99,126,54494
98,127,54495
95,128,54496
94,129,54497
91,129,54498
94,131,54499
88,129,54500
87,130,54501
84,128,54502
84,129,54503
80,126,54504
80,127,54505
79,126,54506
78,126,54507
76,123,54508
73,117,54509
73,120,54510
72,115,54511
71,113,54512
70,109,54513
70,104,54514
69,107,54515
69,104,54516
70,97,54517
72,93,54518
70,95,54519
72,90,54520
79,81,54521
76,82,54522
80,78,54523
78,79,54524
85,74,54525
84,73,54526
89,71,54527
94,69,54528
95,68,54529
108,69,54530
104,67,54531
107,67,54532
113,69,54533
110,67,54534
116,69,54535
121,71,54536
127,76,54537
130,78,54538
128,75,54539
132,79,54540
138,88,54541
140,92,54542
141,91,54543
144,101,54544
145,102,54545
146,104,54546
147,115,54547
148,118,54548
148,121,54549
146,134,54550
148,129,54551
145,141,54552
138,155,54553
144,146,54554
143,150,54555
129,168,54556
126,171,54557
126,172,54558
129,170,54559
117,178,54560
118,179,54561
111,182,54562
101,185,54563
98,186,54564
87,186,54565
79,185,54566
83,187,54567
74,185,54568
67,182,54569
71,185,54570
56,176,54571
49,170,54572
54,176,54573
44,167,54574
34,152,54575
34,153,54576
31,148,54577
27,139,54578
24,129,54579
24,130,54580
23,129,54581
21,108,54582
20,106,54583
20,103,54584
23,83,54585
23,79,54586
25,73,54587
33,55,54588
28,63,54589
32,55,54590
42,41,54591
42,40,54592
49,32,54593
54,28,54594
64,21,54595
70,17,54596
75,15,54597
90,11,54598
86,11,54599
109,10,54600
114,10,54601
115,10,54602
122,11,54603
134,15,54604
131,13,54605
154,27,54606
159,31,54607
163,34,54608
163,33,54609
172,44,54610
94,114,54611
93,114,54612
92,115,54613
90,113,54614
90,110,54615
89,110,54616
88,110,54617
87,109,54618
87,107,54619
87,106,54620
88,102,54621
88,101,54622
87,101,54623
90,97,54624
90,96,54625
89,96,54626
92,94,54627
92,93,54628
96,91,54629
96,90,54630
101,90,54631
103,90,54632
102,89,54633
103,88,54634
105,88,54635
111,91,54636
108,88,54637
115,93,54638
114,91,54639
118,94,54640
119,95,54641
121,97,54642
123,101,54643
125,103,54644
126,107,54645
127,107,54646
128,113,54647
128,121,54648
129,120,54649
129,121,54650
129,125,54651
126,135,54652
130,127,54653
125,139,54654
125,141,54655
123,144,54656
117,151,54657
118,151,54658
117,153,54659
110,157,54660
110,158,54661
107,160,54662
103,162,54663
94,163,54664
94,164,54665
94,165,54666
89,165,54667
79,163,54668
74,161,54669
76,163,54670
70,160,54671
69,160,54672
63,156,54673
58,151,54674
54,146,54675
51,143,54676
49,140,54677
47,136,54678
44,129,54679
42,123,54680
41,118,54681
40,115,54682
40,104,54683
41,92,54684
39,101,54685
40,90,54686
47,72,54687
42,81,54688
46,71,54689
49,66,54690
55,57,54691
59,52,54692
63,48,54693
65,46,54694
74,40,54695
81,37,54696
76,38,54697
93,33,54698
91,33,54699
95,32,54700
103,31,54701
111,32,54702
114,32,54703
122,34,54704
135,40,54705
134,39,54706
143,45,54707
145,46,54708
157,59,54709
158,60,54710
157,57,54711
168,76,54712
169,78,54713
174,91,54714
176,99,54715
176,98,54716
178,111,54717
178,125,54718
179,121,54719
178,135,54720
174,152,54721
171,161,54722
174,155,54723
170,165,54724
159,183,54725
163,179,54726
151,194,54727
145,200,54728
141,204,54729
130,211,54730
123,215,54731
125,215,54732
108,220,54733
98,222,54734
85,222,54735
86,223,54736
84,223,54737
97,110,54738
98,108,54739
99,107,54740
101,107,54741
102,107,54742
103,107,54743
105,109,54744
106,109,54745
107,110,54746
108,111,54747
109,113,54748
109,114,54749
110,115,54750
110,118,54751
110,120,54752
111,120,54753
111,122,54754
110,126,54755
110,127,54756
109,129,54757
109,130,54758
108,132,54759
105,135,54760
105,136,54761
103,138,54762
101,139,54763
100,140,54764
96,142,54765
95,142,54766
91,143,54767
90,143,54768
86,143,54769
83,142,54770
82,142,54771
79,141,54772
76,139,54773
73,137,54774
70,134,54775
69,133,54776
66,129,54777
65,128,54778
63,124,54779
61,120,54780
60,116,54781
59,112,54782
59,108,54783
59,101,54784
58,103,54785
59,96,54786
60,91,54787
60,90,54788
62,84,54789
65,78,54790
64,79,54791
68,73,54792
70,70,54793
74,66,54794
76,64,54795
80,61,54796
85,58,54797
87,57,54798
93,55,54799
97,54,54800
103,54,54801
107,54,54802
110,54,54803
115,55,54804
122,57,54805
127,60,54806
131,62,54807
136,66,54808
138,68,54809
141,71,54810
145,76,54811
149,82,54812
151,85,54813
155,95,54814
156,98,54815
158,106,54816
159,112,54817
159,119,54818
159,126,54819
159,130,54820
158,137,54821
156,146,54822
154,152,54823
152,157,54824
147,166,54825
146,168,54826
141,175,54827
134,182,54828
133,183,54829
128,187,54830
124,190,54831
112,196,54832
109,197,54833
102,199,54834
96,200,54835
87,200,54836
83,200,54837
75,199,54838
71,198,54839
61,194,54840
56,192,54841
51,189,54842
43,183,54843
38,179,54844
32,172,54845
26,164,54846
22,157,54847
20,154,54848
17,147,54849
12,131,54850
11,127,54851
10,121,54852
9,114,54853
9,98,54854
9,93,54855
10,85,54856
14,68,54857
16,62,54858
19,54,54859
24,45,54860
29,37,54861
34,30,54862
45,19,54863
41,22,54864
98,115,54865
98,116,54866
98,118,54867
96,119,54868
95,120,54869
95,122,54870
93,122,54871
93,123,54872
91,123,54873
90,123,54874
87,122,54875
87,123,54876
84,119,54877
83,119,54878
82,119,54879
83,122,54880
80,114,54881
79,115,54882
78,112,54883
78,108,54884
77,109,54885
76,108,54886
78,100,54887
77,101,54888
76,101,54889
77,98,54890
78,95,54891
80,91,54892
80,90,54893
84,85,54894
84,84,54895
85,83,54896
89,80,54897
90,79,54898
96,77,54899
94,77,54900
98,76,54901
108,77,54902
104,75,54903
111,77,54904
110,76,54905
115,78,54906
114,76,54907
120,80,54908
125,84,54909
125,83,54910
132,95,54911
130,89,54912
132,91,54913
136,102,54914
137,101,54915
138,105,54916
139,107,54917
140,116,54918
141,118,54919
141,122,54920
141,124,54921
138,137,54922
138,138,54923
137,142,54924
134,149,54925
135,148,54926
128,158,54927
122,164,54928
124,163,54929
119,168,54930
113,171,54931
113,172,54932
102,176,54933
98,177,54934
102,177,54935
93,178,54936
81,177,54937
79,177,54938
76,177,54939
75,177,54940
65,172,54941
61,170,54942
56,167,54943
49,160,54944
50,162,54945
41,149,54946
38,144,54947
41,152,54948
33,133,54949
31,125,54950
31,130,54951
29,118,54952
28,109,54953
27,107,54954
29,89,54955
29,88,54956
30,82,54957
33,72,54958
37,63,54959
39,59,54960
40,56,54961
48,46,54962
58,36,54963
58,35,54964
56,36,54965
75,25,54966
73,25,54967
84,21,54968
88,20,54969
89,19,54970
106,18,54971
104,17,54972
115,18,54973
123,20,54974
131,23,54975
143,29,54976
145,30,54977
148,32,54978
161,44,54979
163,45,54980
174,62,54981
175,63,54982
178,68,54983
183,80,54984
185,86,54985
185,82,54986
189,109,54987
190,115,54988
190,125,54989
190,132,54990
190,135,54991
95,112,54992
93,111,54993
92,109,54994
93,107,54995
94,105,54996
92,105,54997
93,103,54998
93,102,54999
95,100,55000
99,99,55001
95,99,55002
98,98,55003
100,97,55004
102,97,55005
104,97,55006
102,95,55007
108,98,55008
107,96,55009
111,99,55010
111,98,55011
114,102,55012
115,103,55013
115,101,55014
117,103,55015
119,107,55016
120,111,55017
121,112,55018
121,118,55019
122,115,55020
121,124,55021
121,127,55022
122,126,55023
121,130,55024
121,131,55025
116,139,55026
121,134,55027
115,142,55028
111,146,55029
112,146,55030
110,148,55031
110,149,55032
100,153,55033
102,154,55034
97,155,55035
94,156,55036
91,156,55037
82,154,55038
81,155,55039
81,156,55040
74,152,55041
72,152,55042
70,151,55043
65,147,55044
60,141,55045
58,139,55046
62,146,55047
55,135,55048
53,131,55049
50,123,55050
49,122,55051
48,116,55052
47,113,55053
47,103,55054
47,98,55055
47,96,55056
48,89,55057
51,81,55058
49,83,55059
53,75,55060
61,63,55061
57,66,55062
57,65,55063
72,52,55064
74,50,55065
73,50,55066
79,46,55067
89,43,55068
87,42,55069
94,41,55070
100,40,55071
107,40,55072
113,41,55073
123,44,55074
118,41,55075
128,45,55076
137,51,55077
135,48,55078
146,58,55079
155,70,55080
147,57,55081
156,69,55082
161,79,55083
164,85,55084
167,93,55085
169,101,55086
170,109,55087
171,112,55088
171,121,55089
171,128,55090
169,142,55091
169,144,55092
165,155,55093
166,155,55094
162,164,55095
152,180,55096
154,179,55097
149,185,55098
142,192,55099
136,198,55100
128,203,55101
121,207,55102
109,211,55103
108,212,55104
101,213,55105
90,214,55106
91,215,55107
69,211,55108
67,211,55109
64,210,55110
52,205,55111
50,204,55112
47,203,55113
29,187,55114
23,180,55115
20,177,55116
18,175,55117
10,161,55118
97,112,55119
101,112,55120
101,111,55121
102,114,55122
103,116,55123
104,115,55124
104,118,55125
105,117,55126
105,120,55127
106,120,55128
104,124,55129
103,126,55130
103,127,55131
101,129,55132
100,130,55133
102,130,55134
97,132,55135
97,133,55136
94,134,55137
94,135,55138
89,134,55139
87,134,55140
87,135,55141
86,135,55142
85,135,55143
79,131,55144
80,133,55145
75,128,55146
76,131,55147
73,126,55148
71,124,55149
70,122,55150
68,117,55151
68,119,55152
67,108,55153
66,112,55154
65,108,55155
67,97,55156
66,97,55157
67,94,55158
66,94,55159
71,84,55160
66,91,55161
71,82,55162
74,78,55163
76,75,55164
83,70,55165
81,70,55166
84,68,55167
89,66,55168
92,64,55169
94,63,55170
98,62,55171
108,63,55172
105,62,55173
105,61,55174
111,62,55175
120,66,55176
124,68,55177
124,67,55178
130,71,55179
133,74,55180
137,78,55181
141,84,55182
145,91,55183
146,92,55184
148,97,55185
150,104,55186
151,109,55187
151,120,55188
152,115,55189
153,118,55190
150,137,55191
149,141,55192
150,141,55193
150,142,55194
141,160,55195
145,156,55196
140,163,55197
135,170,55198
132,173,55199
126,178,55200
123,181,55201
118,184,55202
109,188,55203
102,190,55204
105,190,55205
93,192,55206
84,191,55207
82,192,55208
76,191,55209
66,187,55210
62,186,55211
57,183,55212
51,179,55213
45,174,55214
41,170,55215
41,171,55216
29,152,55217
28,152,55218
25,147,55219
21,135,55220
19,128,55221
18,124,55222
17,100,55223
16,110,55224
16,97,55225
18,83,55226
17,85,55227
18,80,55228
23,65,55229
27,56,55230
30,49,55231
36,40,55232
49,27,55233
44,30,55234
54,22,55235
62,16,55236
65,14,55237
77,9,55238
83,7,55239
84,6,55240
100,4,55241
104,4,55242
121,6,55243
114,4,55244
131,8,55245
96,114,55246
95,116,55247
94,117,55248
92,117,55249
90,115,55250
90,117,55251
88,115,55252
87,115,55253
86,113,55254
85,113,55255
85,109,55256
84,109,55257
83,108,55258
84,103,55259
84,102,55260
83,102,55261
84,100,55262
84,98,55263
86,95,55264
87,93,55265
87,92,55266
89,90,55267
91,89,55268
92,87,55269
94,86,55270
98,85,55271
97,84,55272
103,84,55273
104,84,55274
104,83,55275
108,84,55276
110,84,55277
115,87,55278
116,87,55279
118,88,55280
121,91,55281
124,94,55282
125,96,55283
127,98,55284
130,106,55285
130,103,55286
131,107,55287
132,109,55288
133,115,55289
133,120,55290
133,126,55291
132,130,55292
131,135,55293
132,134,55294
130,139,55295
129,142,55296
126,148,55297
125,150,55298
121,155,55299
119,157,55300
115,161,55301
110,164,55302
108,165,55303
104,167,55304
101,168,55305
95,169,55306
94,170,55307
88,170,55308
78,168,55309
74,167,55310
73,167,55311
67,164,55312
65,163,55313
59,159,55314
57,157,55315
50,149,55316
49,148,55317
44,139,55318
43,139,55319
39,128,55320
39,130,55321
37,120,55322
36,116,55323
35,111,55324
35,103,55325
36,92,55326
37,86,55327
37,84,55328
41,72,55329
42,70,55330
46,62,55331
48,58,55332
53,52,55333
55,49,55334
62,42,55335
66,39,55336
73,35,55337
76,33,55338
85,29,55339
95,27,55340
100,27,55341
101,26,55342
107,26,55343
118,28,55344
128,31,55345
127,30,55346
139,36,55347
142,38,55348
148,42,55349
156,50,55350
159,53,55351
165,61,55352
166,62,55353
174,77,55354
177,85,55355
179,92,55356
180,95,55357
182,107,55358
183,115,55359
181,139,55360
184,122,55361
180,146,55362
180,149,55363
177,159,55364
172,171,55365
169,177,55366
166,183,55367
156,196,55368
154,199,55369
146,206,55370
137,213,55371
131,217,55372
96,111,55373
96,108,55374
96,107,55375
97,106,55376
99,105,55377
100,104,55378
101,103,55379
102,103,55380
104,104,55381
105,104,55382
106,104,55383
107,104,55384
109,107,55385
111,109,55386
112,110,55387
111,105,55388
113,113,55389
114,113,55390
114,117,55391
114,120,55392
115,120,55393
115,123,55394
114,126,55395
115,126,55396
115,128,55397
113,132,55398
111,135,55399
110,137,55400
110,138,55401
104,142,55402
104,143,55403
103,144,55404
101,145,55405
100,146,55406
92,147,55407
93,148,55408
90,148,55409
84,147,55410
80,146,55411
79,146,55412
78,146,55413
71,141,55414
72,143,55415
69,140,55416
66,137,55417
63,134,55418
58,120,55419
60,129,55420
58,127,55421
56,114,55422
55,115,55423
54,112,55424
54,104,55425
54,99,55426
55,93,55427
54,95,55428
57,85,55429
58,82,55430
61,76,55431
62,74,55432
62,73,55433
66,67,55434
74,60,55435
75,59,55436
78,56,55437
80,55,55438
90,51,55439
91,50,55440
97,49,55441
106,49,55442
104,48,55443
107,48,55444
118,51,55445
120,51,55446
126,53,55447
131,56,55448
138,62,55449
138,61,55450
145,68,55451
148,72,55452
148,71,55453
156,87,55454
158,91,55455
159,90,55456
162,105,55457
163,112,55458
164,112,55459
164,122,55460
163,134,55461
164,130,55462
161,144,55463
158,154,55464
156,159,55465
154,164,55466
148,173,55467
144,178,55468
144,179,55469
138,185,55470
126,194,55471
127,194,55472
127,195,55473
109,202,55474
104,204,55475
97,205,55476
84,205,55477
88,206,55478
79,205,55479
69,203,55480
65,202,55481
58,199,55482
43,189,55483
41,188,55484
37,184,55485
31,178,55486
26,172,55487
24,170,55488
15,152,55489
12,146,55490
9,138,55491
6,123,55492
5,118,55493
5,125,55494
4,102,55495
5,89,55496
7,77,55497
7,76,55498
10,64,55499
99,114,55500
100,115,55501
100,116,55502
99,119,55503
98,120,55504
99,121,55505
98,123,55506
98,124,55507
97,125,55508
96,126,55509
93,126,55510
92,127,55511
91,127,55512
89,127,55513
86,126,55514
89,129,55515
83,124,55516
83,126,55517
81,123,55518
80,124,55519
77,118,55520
77,119,55521
76,118,55522
75,117,55523
74,114,55524
73,110,55525
73,107,55526
73,102,55527
72,103,55528
73,99,55529
73,97,55530
74,94,55531
74,92,55532
75,89,55533
81,82,55534
78,84,55535
81,81,55536
87,77,55537
88,75,55538
91,74,55539
88,74,55540
98,72,55541
96,71,55542
101,70,55543
108,71,55544
107,70,55545
118,75,55546
117,73,55547
118,73,55548
126,79,55549
125,77,55550
129,81,55551
132,84,55552
135,89,55553
138,93,55554
137,90,55555
141,98,55556
143,108,55557
144,112,55558
144,117,55559
145,117,55560
145,125,55561
143,135,55562
144,133,55563
143,138,55564
142,142,55565
136,154,55566
138,152,55567
135,157,55568
126,167,55569
130,165,55570
129,166,55571
112,177,55572
111,178,55573
110,179,55574
106,181,55575
94,183,55576
92,183,55577
90,184,55578
83,183,55579
80,183,55580
67,178,55581
59,174,55582
65,179,55583
55,172,55584
46,163,55585
49,168,55586
41,158,55587
35,148,55588
36,152,55589
34,149,55590
26,123,55591
26,126,55592
24,116,55593
24,107,55594
23,105,55595
23,100,55596
25,87,55597
26,80,55598
28,72,55599
29,69,55600
37,54,55601
33,59,55602
43,44,55603
53,34,55604
49,36,55605
56,30,55606
67,23,55607
66,23,55608
78,17,55609
82,16,55610
95,13,55611
101,13,55612
103,12,55613
122,15,55614
118,13,55615
138,21,55616
141,22,55617
143,23,55618
152,29,55619
157,33,55620
154,29,55621
176,56,55622
180,63,55623
180,62,55624
182,64,55625
189,83,55626
94,113,55627
93,113,55628
91,113,55629
91,110,55630
91,108,55631
90,108,55632
90,105,55633
89,106,55634
89,104,55635
89,103,55636
90,101,55637
91,99,55638
91,98,55639
95,96,55640
96,95,55641
94,94,55642
99,93,55643
98,92,55644
102,92,55645
102,91,55646
107,93,55647
108,93,55648
108,92,55649
108,91,55650
112,93,55651
116,98,55652
116,96,55653
120,102,55654
121,102,55655
122,105,55656
122,103,55657
124,109,55658
125,112,55659
126,114,55660
125,125,55661
127,116,55662
126,126,55663
123,134,55664
125,131,55665
123,137,55666
123,138,55667
119,144,55668
122,142,55669
115,149,55670
115,150,55671
110,154,55672
106,156,55673
106,157,55674
105,158,55675
95,160,55676
96,161,55677
91,161,55678
85,161,55679
80,160,55680
79,160,55681
82,162,55682
73,158,55683
65,153,55684
62,150,55685
63,152,55686
55,143,55687
56,145,55688
52,140,55689
47,127,55690
47,128,55691
45,124,55692
44,120,55693
43,114,55694
42,108,55695
44,92,55696
42,97,55697
42,94,55698
48,77,55699
48,76,55700
47,76,55701
50,69,55702
60,57,55703
54,62,55704
61,54,55705
69,47,55706
73,44,55707
79,41,55708
80,40,55709
87,37,55710
94,36,55711
101,35,55712
100,34,55713
110,35,55714
124,39,55715
119,36,55716
128,39,55717
140,47,55718
141,47,55719
146,51,55720
150,55,55721
157,63,55722
159,66,55723
160,66,55724
169,87,55725
171,92,55726
172,92,55727
174,105,55728
175,110,55729
176,117,55730
174,136,55731
176,128,55732
174,143,55733
169,158,55734
171,155,55735
166,167,55736
162,174,55737
156,183,55738
154,187,55739
149,193,55740
133,205,55741
139,202,55742
123,211,55743
122,212,55744
113,216,55745
101,218,55746
96,219,55747
95,220,55748
76,218,55749
67,216,55750
63,215,55751
63,216,55752
50,210,55753
98,110,55754
99,109,55755
100,109,55756
102,110,55757
103,110,55758
104,109,55759
105,112,55760
106,112,55761
107,113,55762
108,114,55763
107,119,55764
108,119,55765
109,119,55766
108,123,55767
107,125,55768
109,124,55769
106,129,55770
106,130,55771
104,132,55772
103,133,55773
102,135,55774
101,136,55775
99,137,55776
97,138,55777
96,139,55778
92,139,55779
92,140,55780
87,139,55781
87,140,55782
83,139,55783
80,138,55784
79,138,55785
75,134,55786
74,134,55787
71,131,55788
70,130,55789
67,126,55790
65,121,55791
65,123,55792
63,114,55793
62,115,55794
62,104,55795
61,111,55796
61,101,55797
62,97,55798
62,94,55799
65,86,55800
63,89,55801
66,82,55802
69,77,55803
69,76,55804
72,72,55805
74,70,55806
80,65,55807
83,63,55808
84,62,55809
91,59,55810
95,58,55811
102,58,55812
101,57,55813
104,56,55814
110,57,55815
115,58,55816
120,60,55817
124,62,55818
128,64,55819
131,66,55820
134,68,55821
141,76,55822
141,75,55823
145,81,55824
150,90,55825
152,96,55826
153,98,55827
155,106,55828
156,109,55829
156,121,55830
157,118,55831
157,124,55832
155,137,55833
154,142,55834
150,153,55835
151,152,55836
146,162,55837
143,167,55838
139,172,55839
136,176,55840
133,179,55841
127,184,55842
125,186,55843
116,191,55844
103,195,55845
101,196,55846
97,197,55847
89,197,55848
78,196,55849
80,197,55850
71,195,55851
58,189,55852
56,188,55853
49,184,55854
46,182,55855
40,176,55856
36,172,55857
29,163,55858
27,160,55859
20,146,55860
18,142,55861
16,136,55862
13,122,55863
12,115,55864
12,101,55865
11,101,55866
12,91,55867
15,77,55868
14,77,55869
21,58,55870
20,59,55871
26,47,55872
32,38,55873
35,34,55874
34,34,55875
46,22,55876
53,16,55877
64,9,55878
68,7,55879
77,3,55880
97,114,55881
96,117,55882
97,118,55883
94,119,55884
92,119,55885
92,120,55886
91,121,55887
89,120,55888
88,120,55889
87,119,55890
86,119,55891
84,117,55892
83,115,55893
82,113,55894
81,113,55895
81,116,55896
80,108,55897
79,110,55898
80,103,55899
79,104,55900
79,102,55901
80,98,55902
82,94,55903
81,94,55904
81,93,55905
84,89,55906
85,88,55907
87,86,55908
88,84,55909
92,82,55910
94,81,55911
95,80,55912
98,79,55913
101,79,55914
105,79,55915
105,78,55916
109,79,55917
117,83,55918
118,83,55919
120,84,55920
120,83,55921
126,90,55922
124,86,55923
129,93,55924
131,96,55925
131,95,55926
135,109,55927
136,109,55928
136,104,55929
137,116,55930
138,116,55931
138,122,55932
138,124,55933
137,131,55934
136,136,55935
135,140,55936
134,143,55937
127,154,55938
129,152,55939
125,158,55940
122,161,55941
119,164,55942
113,168,55943
109,170,55944
107,171,55945
104,173,55946
95,174,55947
94,175,55948
87,175,55949
81,174,55950
79,174,55951
74,173,55952
66,169,55953
65,169,55954
59,165,55955
55,162,55956
48,154,55957
48,155,55958
43,148,55959
39,141,55960
37,137,55961
33,121,55962
32,118,55963
32,124,55964
31,110,55965
31,98,55966
30,104,55967
33,84,55968
33,81,55969
34,78,55970
37,70,55971
40,63,55972
46,53,55973
47,51,55974
54,43,55975
59,39,55976
60,37,55977
71,30,55978
78,27,55979
81,25,55980
79,25,55981
97,22,55982
100,21,55983
108,21,55984
120,23,55985
118,22,55986
132,27,55987
136,28,55988
143,32,55989
152,39,55990
159,46,55991
162,49,55992
166,54,55993
170,60,55994
176,71,55995
178,74,55996
184,96,55997
184,93,55998
186,101,55999
187,114,56000
188,120,56001
187,134,56002
185,146,56003
184,152,56004
179,166,56005
178,170,56006
173,180,56007
95,111,56008
94,109,56009
93,108,56010
95,106,56011
96,104,56012
95,103,56013
96,102,56014
97,101,56015
98,100,56016
99,100,56017
104,101,56018
102,99,56019
105,100,56020
107,101,56021
107,100,56022
107,98,56023
112,104,56024
111,101,56025
114,106,56026
114,104,56027
116,110,56028
117,111,56029
118,112,56030
118,115,56031
119,114,56032
119,119,56033
119,122,56034
119,125,56035
119,127,56036
117,132,56037
116,135,56038
116,136,56039
116,137,56040
114,140,56041
109,144,56042
111,144,56043
105,148,56044
99,150,56045
102,150,56046
97,152,56047
93,152,56048
90,153,56049
92,154,56050
85,153,56051
81,152,56052
79,152,56053
71,146,56054
70,147,56055
70,148,56056
62,138,56057
63,141,56058
61,139,56059
58,134,56060
55,128,56061
53,123,56062
54,129,56063
51,117,56064
50,112,56065
50,102,56066
50,99,56067
49,100,56068
50,93,56069
53,83,56070
55,78,56071
54,79,56072
55,76,56073
63,65,56074
60,67,56075
68,58,56076
74,54,56077
73,53,56078
74,52,56079
90,46,56080
92,45,56081
94,44,56082
97,43,56083
109,44,56084
108,43,56085
116,44,56086
124,47,56087
127,48,56088
136,54,56089
142,59,56090
138,54,56091
146,62,56092
155,75,56093
152,68,56094
157,77,56095
163,92,56096
162,86,56097
165,94,56098
167,109,56099
168,113,56100
168,127,56101
168,128,56102
167,138,56103
167,140,56104
163,153,56105
161,159,56106
158,166,56107
157,168,56108
145,184,56109
149,181,56110
141,189,56111
129,198,56112
132,197,56113
128,200,56114
114,206,56115
110,208,56116
102,210,56117
93,211,56118
88,211,56119
78,210,56120
71,209,56121
60,205,56122
58,205,56123
46,197,56124
42,195,56125
34,188,56126
28,182,56127
22,175,56128
24,179,56129
12,157,56130
9,150,56131
6,144,56132
6,145,56133
2,128,56134
98,112,56135
101,113,56136
101,114,56137
102,116,56138
102,118,56139
103,117,56140
102,121,56141
103,121,56142
102,123,56143
102,124,56144
101,126,56145
100,127,56146
99,128,56147
97,129,56148
95,130,56149
97,131,56150
91,131,56151
92,132,56152
87,131,56153
87,132,56154
84,130,56155
84,131,56156
82,131,56157
81,130,56158
78,128,56159
75,123,56160
76,127,56161
73,121,56162
71,118,56163
70,114,56164
70,117,56165
69,112,56166
68,109,56167
68,104,56168
69,99,56169
67,103,56170
69,94,56171
74,86,56172
71,88,56173
73,85,56174
72,85,56175
80,76,56176
76,78,56177
83,73,56178
84,72,56179
88,69,56180
96,67,56181
93,67,56182
97,66,56183
106,66,56184
103,65,56185
111,66,56186
112,66,56187
119,69,56188
120,69,56189
121,68,56190
127,73,56191
131,76,56192
135,81,56193
137,82,56194
141,90,56195
143,92,56196
143,91,56197
147,106,56198
148,109,56199
149,112,56200
149,123,56201
150,118,56202
149,128,56203
146,140,56204
148,138,56205
149,136,56206
139,157,56207
139,158,56208
140,158,56209
137,163,56210
129,171,56211
132,170,56212
120,179,56213
115,182,56214
111,184,56215
104,186,56216
102,187,56217
97,188,56218
88,189,56219
82,188,56220
82,189,56221
67,184,56222
61,181,56223
62,183,56224
57,180,56225
46,170,56226
43,168,56227
38,162,56228
33,155,56229
30,149,56230
29,148,56231
26,143,56232
21,122,56233
21,125,56234
19,115,56235
19,102,56236
18,103,56237
19,94,56238
23,76,56239
21,79,56240
24,69,56241
29,58,56242
29,56,56243
36,45,56244
40,40,56245
46,33,56246
47,31,56247
57,23,56248
72,15,56249
72,14,56250
86,10,56251
88,9,56252
100,8,56253
103,7,56254
108,7,56255
115,7,56256
131,12,56257
142,17,56258
149,21,56259
146,18,56260
157,26,56261
95,114,56262
93,115,56263
93,116,56264
91,114,56265
89,112,56266
89,114,56267
88,112,56268
87,111,56269
86,110,56270
86,108,56271
86,105,56272
86,103,56273
85,103,56274
88,99,56275
87,99,56276
86,98,56277
89,95,56278
90,94,56279
91,92,56280
94,90,56281
93,90,56282
98,89,56283
98,88,56284
98,87,56285
100,86,56286
107,88,56287
105,86,56288
110,88,56289
111,88,56290
114,89,56291
115,90,56292
117,91,56293
120,94,56294
123,97,56295
124,99,56296
126,101,56297
127,105,56298
129,112,56299
129,110,56300
130,115,56301
131,115,56302
129,128,56303
132,119,56304
129,132,56305
129,134,56306
128,137,56307
122,147,56308
124,145,56309
123,148,56310
119,152,56311
117,155,56312
113,158,56313
111,160,56314
107,162,56315
102,164,56316
104,164,56317
97,166,56318
90,166,56319
87,167,56320
81,165,56321
81,166,56322
76,165,56323
71,163,56324
64,158,56325
60,155,56326
58,154,56327
54,150,56328
52,147,56329
49,143,56330
46,138,56331
43,131,56332
41,126,56333
39,115,56334
39,107,56335
38,110,56336
37,108,56337
40,89,56338
37,99,56339
39,87,56340
42,78,56341
45,71,56342
49,63,56343
50,60,56344
54,55,56345
63,46,56346
68,42,56347
68,41,56348
74,38,56349
76,36,56350
83,33,56351
90,31,56352
99,30,56353
102,29,56354
105,29,56355
121,32,56356
125,33,56357
128,34,56358
135,37,56359
143,43,56360
149,48,56361
145,43,56362
159,58,56363
162,62,56364
167,70,56365
170,75,56366
172,80,56367
176,92,56368
177,94,56369
179,103,56370
180,114,56371
180,125,56372
178,142,56373
180,134,56374
176,153,56375
170,167,56376
174,160,56377
165,178,56378
160,186,56379
159,188,56380
150,198,56381
146,202,56382
141,207,56383
127,215,56384
123,217,56385
119,219,56386
114,221,56387
101,224,56388
97,109,56389
97,108,56390
98,107,56391
100,107,56392
101,106,56393
102,106,56394
103,106,56395
104,106,56396
106,107,56397
107,107,56398
108,108,56399
109,109,56400
110,112,56401
111,114,56402
111,117,56403
112,116,56404
112,120,56405
113,120,56406
112,124,56407
112,126,56408
112,127,56409
111,129,56410
109,133,56411
109,134,56412
108,135,56413
105,138,56414
104,139,56415
102,141,56416
101,142,56417
96,143,56418
96,144,56419
94,145,56420
90,145,56421
88,145,56422
84,144,56423
84,145,56424
79,143,56425
75,140,56426
73,139,56427
68,134,56428
69,137,56429
66,132,56430
65,132,56431
61,124,56432
60,122,56433
59,121,56434
58,110,56435
57,111,56436
57,105,56437
57,100,56438
57,97,56439
57,96,56440
58,91,56441
60,84,56442
61,82,56443
63,77,56444
66,73,56445
69,69,56446
75,63,56447
73,64,56448
80,59,56449
81,58,56450
85,56,56451
90,54,56452
97,52,56453
101,52,56454
109,52,56455
105,51,56456
115,53,56457
119,54,56458
126,57,56459
131,60,56460
134,62,56461
138,65,56462
140,67,56463
143,70,56464
148,77,56465
152,83,56466
155,90,56467
157,95,56468
158,98,56469
160,113,56470
161,116,56471
161,120,56472
161,129,56473
160,135,56474
159,142,56475
155,153,56476
156,152,56477
152,161,56478
145,172,56479
143,175,56480
139,180,56481
136,183,56482
131,187,56483
121,194,56484
117,196,56485
115,197,56486
100,201,56487
98,202,56488
86,202,56489
82,202,56490
80,202,56491
71,200,56492
65,198,56493
59,196,56494
52,192,56495
45,187,56496
41,184,56497
33,176,56498
26,167,56499
22,161,56500
18,153,56501
16,149,56502
13,141,56503
11,135,56504
8,115,56505
7,112,56506
7,102,56507
7,95,56508
8,87,56509
9,80,56510
15,60,56511
16,57,56512
19,50,56513
26,38,56514
29,33,56515
97,113,56516
98,117,56517
99,117,56518
97,120,56519
96,121,56520
96,122,56521
95,123,56522
95,124,56523
94,124,56524
92,125,56525
90,124,56526
90,125,56527
86,123,56528
85,123,56529
84,122,56530
85,125,56531
80,117,56532
80,119,56533
78,115,56534
78,118,56535
77,112,56536
76,111,56537
76,106,56538
75,107,56539
74,107,56540
75,102,56541
75,100,56542
77,94,56543
77,93,56544
79,89,56545
78,90,56546
81,86,56547
81,85,56548
85,81,56549
90,78,56550
88,78,56551
93,76,56552
99,75,56553
98,74,56554
103,74,56555
107,74,56556
111,75,56557
109,73,56558
114,75,56559
118,77,56560
118,76,56561
127,85,56562
127,83,56563
127,82,56564
134,94,56565
134,91,56566
136,95,56567
137,97,56568
140,108,56569
141,110,56570
142,111,56571
142,117,56572
142,123,56573
141,132,56574
140,137,56575
141,136,56576
140,140,56577
136,149,56578
134,152,56579
132,156,56580
130,159,56581
123,166,56582
123,167,56583
116,172,56584
107,176,56585
110,176,56586
108,177,56587
94,179,56588
92,180,56589
85,180,56590
89,181,56591
72,177,56592
71,177,56593
72,178,56594
61,172,56595
57,170,56596
50,163,56597
44,156,56598
48,163,56599
38,148,56600
36,144,56601
35,145,56602
31,133,56603
28,121,56604
28,124,56605
27,121,56606
26,102,56607
26,99,56608
27,89,56609
29,81,56610
29,79,56611
30,74,56612
37,59,56613
42,51,56614
42,50,56615
47,43,56616
60,32,56617
57,33,56618
68,26,56619
74,23,56620
74,22,56621
82,19,56622
93,17,56623
96,16,56624
104,15,56625
117,17,56626
122,18,56627
126,19,56628
134,22,56629
148,30,56630
145,27,56631
161,42,56632
162,42,56633
171,53,56634
173,56,56635
179,66,56636
178,62,56637
186,85,56638
189,96,56639
190,100,56640
191,102,56641
192,116,56642
94,112,56643
93,112,56644
92,111,56645
92,108,56646
93,105,56647
91,105,56648
92,103,56649
91,103,56650
93,101,56651
93,100,56652
94,99,56653
96,97,56654
98,97,56655
100,96,56656
102,96,56657
99,94,56658
106,96,56659
104,94,56660
108,96,56661
108,95,56662
112,98,56663
113,98,56664
114,98,56665
115,98,56666
118,103,56667
119,106,56668
119,103,56669
121,109,56670
122,110,56671
123,115,56672
123,120,56673
124,117,56674
124,122,56675
124,123,56676
120,135,56677
124,129,56678
121,135,56679
115,143,56680
117,143,56681
115,145,56682
115,146,56683
108,151,56684
109,152,56685
104,154,56686
103,155,56687
99,157,56688
89,157,56689
90,158,56690
91,159,56691
83,157,56692
82,158,56693
76,156,56694
72,154,56695
68,151,56696
64,148,56697
67,152,56698
61,146,56699
59,144,56700
53,134,56701
54,138,56702
50,128,56703
49,127,56704
47,122,56705
46,111,56706
45,109,56707
45,101,56708
47,90,56709
45,95,56710
47,87,56711
54,71,56712
48,81,56713
48,79,56714
62,59,56715
63,57,56716
63,56,56717
66,53,56718
79,45,56719
71,48,56720
79,44,56721
90,40,56722
93,39,56723
101,38,56724
110,39,56725
105,37,56726
116,39,56727
125,42,56728
119,39,56729
133,46,56730
143,54,56731
141,50,56732
145,53,56733
157,69,56734
157,68,56735
159,71,56736
165,83,56737
168,92,56738
169,94,56739
170,95,56740
172,114,56741
173,118,56742
173,124,56743
171,139,56744
172,138,56745
170,147,56746
164,162,56747
167,158,56748
162,169,56749
154,181,56750
153,183,56751
147,190,56752
137,199,56753
130,204,56754
129,205,56755
119,210,56756
105,214,56757
104,215,56758
91,216,56759
90,216,56760
76,215,56761
74,215,56762
63,212,56763
64,213,56764
44,202,56765
36,196,56766
33,194,56767
33,195,56768
23,184,56769
99,111,56770
100,111,56771
101,110,56772
103,112,56773
103,114,56774
104,113,56775
105,115,56776
106,115,56777
106,118,56778
107,118,56779
105,123,56780
106,123,56781
106,124,56782
104,127,56783
104,128,56784
105,128,56785
101,131,56786
101,132,56787
98,134,56788
97,135,56789
93,135,56790
93,136,56791
92,137,56792
90,137,56793
87,137,56794
85,136,56795
85,137,56796
79,133,56797
80,135,56798
75,131,56799
73,129,56800
73,130,56801
70,125,56802
69,124,56803
67,120,56804
66,117,56805
65,114,56806
65,105,56807
64,107,56808
64,102,56809
63,103,56810
66,93,56811
63,97,56812
66,89,56813
68,85,56814
69,82,56815
74,76,56816
73,76,56817
75,73,56818
82,68,56819
82,67,56820
85,65,56821
89,63,56822
93,62,56823
98,61,56824
98,60,56825
107,60,56826
111,61,56827
118,63,56828
118,62,56829
120,63,56830
126,66,56831
130,69,56832
137,76,56833
140,80,56834
141,80,56835
142,81,56836
147,90,56837
149,95,56838
151,101,56839
152,105,56840
153,108,56841
153,124,56842
153,127,56843
154,127,56844
154,129,56845
148,149,56846
152,142,56847
148,152,56848
146,156,56849
140,166,56850
136,171,56851
135,173,56852
127,180,56853
124,182,56854
116,187,56855
119,186,56856
106,191,56857
104,192,56858
100,193,56859
93,194,56860
81,193,56861
77,193,56862
73,192,56863
63,188,56864
60,187,56865
52,182,56866
51,182,56867
39,170,56868
36,167,56869
35,167,56870
27,154,56871
23,145,56872
21,141,56873
19,136,56874
16,123,56875
16,124,56876
15,98,56877
14,101,56878
14,98,56879
17,79,56880
19,72,56881
19,69,56882
21,64,56883
35,40,56884
29,47,56885
39,34,56886
43,29,56887
47,25,56888
56,18,56889
65,12,56890
62,13,56891
77,7,56892
86,4,56893
92,3,56894
99,2,56895
112,2,56896
96,115,56897
95,117,56898
94,118,56899
92,118,56900
90,116,56901
90,118,56902
89,118,56903
88,117,56904
86,115,56905
86,116,56906
84,113,56907
84,111,56908
83,111,56909
82,109,56910
82,106,56911
81,107,56912
82,103,56913
82,101,56914
82,100,56915
83,97,56916
83,96,56917
85,93,56918
88,90,56919
87,89,56920
87,88,56921
92,86,56922
92,85,56923
96,83,56924
99,83,56925
100,82,56926
103,82,56927
104,81,56928
108,82,56929
109,82,56930
112,83,56931
115,84,56932
119,87,56933
122,89,56934
125,93,56935
125,92,56936
128,96,56937
129,98,56938
131,101,56939
133,109,56940
134,111,56941
134,116,56942
134,125,56943
135,122,56944
135,124,56945
134,132,56946
133,135,56947
132,139,56948
131,142,56949
128,148,56950
126,151,56951
125,153,56952
121,158,56953
117,161,56954
112,165,56955
111,166,56956
106,168,56957
105,169,56958
97,171,56959
90,171,56960
84,171,56961
81,171,56962
80,171,56963
75,170,56964
68,167,56965
63,164,56966
59,161,56967
56,158,56968
50,152,56969
48,150,56970
46,147,56971
44,144,56972
39,133,56973
38,131,56974
36,125,56975
34,115,56976
34,108,56977
33,104,56978
34,93,56979
34,92,56980
35,85,56981
38,75,56982
38,74,56983
44,62,56984
45,59,56985
51,51,56986
54,48,56987
62,40,56988
66,37,56989
67,36,56990
75,31,56991
86,27,56992
85,27,56993
95,25,56994
109,25,56995
112,25,56996
115,25,56997
123,27,56998
127,28,56999
136,32,57000
144,37,57001
147,39,57002
156,47,57003
160,51,57004
166,59,57005
168,62,57006
172,69,57007
177,80,57008
180,89,57009
181,92,57010
183,103,57011
184,107,57012
184,129,57013
184,135,57014
183,141,57015
181,151,57016
180,155,57017
176,167,57018
170,179,57019
168,183,57020
160,194,57021
156,199,57022
148,207,57023
95,110,57024
95,109,57025
94,108,57026
97,105,57027
98,104,57028
98,103,57029
100,103,57030
100,102,57031
102,102,57032
102,101,57033
106,103,57034
105,101,57035
109,105,57036
110,106,57037
111,106,57038
110,102,57039
113,110,57040
114,110,57041
115,112,57042
115,116,57043
116,116,57044
117,117,57045
116,122,57046
117,121,57047
118,121,57048
116,128,57049
115,130,57050
114,133,57051
113,136,57052
109,140,57053
110,140,57054
107,143,57055
106,144,57056
105,145,57057
97,148,57058
101,148,57059
95,149,57060
88,149,57061
88,150,57062
87,150,57063
82,149,57064
78,147,57065
81,150,57066
74,146,57067
70,143,57068
69,143,57069
61,131,57070
64,138,57071
61,135,57072
56,121,57073
57,127,57074
56,125,57075
54,118,57076
53,111,57077
52,108,57078
52,102,57079
52,101,57080
53,94,57081
54,89,57082
57,80,57083
56,81,57084
58,77,57085
63,69,57086
67,64,57087
68,62,57088
70,60,57089
81,53,57090
78,54,57091
84,51,57092
90,49,57093
90,48,57094
94,47,57095
107,47,57096
111,47,57097
113,47,57098
115,47,57099
127,52,57100
128,52,57101
136,57,57102
140,61,57103
141,61,57104
150,73,57105
153,77,57106
150,70,57107
158,86,57108
162,98,57109
162,94,57110
164,105,57111
165,115,57112
166,114,57113
165,128,57114
165,134,57115
163,144,57116
162,148,57117
159,156,57118
156,163,57119
154,168,57120
147,177,57121
142,183,57122
141,185,57123
135,191,57124
123,198,57125
122,199,57126
116,202,57127
102,206,57128
105,206,57129
85,207,57130
88,208,57131
83,208,57132
77,207,57133
61,202,57134
53,198,57135
54,199,57136
46,194,57137
37,187,57138
35,186,57139
21,167,57140
21,168,57141
18,163,57142
11,149,57143
8,140,57144
10,149,57145
4,120,57146
3,112,57147
2,108,57148
2,103,57149
2,97,57150
98,113,57151
100,114,57152
101,116,57153
100,119,57154
99,120,57155
101,120,57156
100,122,57157
100,123,57158
99,124,57159
98,126,57160
96,127,57161
95,127,57162
93,128,57163
92,129,57164
89,128,57165
92,130,57166
85,127,57167
86,129,57168
82,126,57169
82,127,57170
79,124,57171
77,121,57172
78,124,57173
76,122,57174
74,118,57175
73,114,57176
72,114,57177
72,108,57178
71,110,57179
71,104,57180
71,103,57181
70,103,57182
71,98,57183
71,96,57184
75,88,57185
72,91,57186
76,85,57187
83,78,57188
79,80,57189
84,76,57190
81,77,57191
91,72,57192
88,72,57193
94,70,57194
98,69,57195
99,68,57196
109,70,57197
110,69,57198
108,68,57199
118,72,57200
116,70,57201
120,72,57202
125,75,57203
130,80,57204
133,83,57205
132,80,57206
137,87,57207
140,94,57208
143,101,57209
142,96,57210
145,108,57211
146,110,57212
146,123,57213
147,121,57214
146,130,57215
146,132,57216
142,145,57217
145,139,57218
141,149,57219
133,161,57220
140,153,57221
137,159,57222
125,170,57223
122,173,57224
122,174,57225
118,177,57226
106,182,57227
109,182,57228
101,184,57229
94,185,57230
91,186,57231
79,184,57232
72,182,57233
78,185,57234
69,182,57235
57,175,57236
61,179,57237
49,169,57238
45,165,57239
45,167,57240
41,162,57241
31,144,57242
29,141,57243
27,136,57244
26,133,57245
23,119,57246
22,116,57247
22,101,57248
22,95,57249
22,92,57250
23,84,57251
28,69,57252
27,69,57253
32,58,57254
36,52,57255
36,50,57256
41,43,57257
54,30,57258
54,29,57259
61,24,57260
64,22,57261
77,16,57262
80,14,57263
89,12,57264
100,11,57265
99,10,57266
116,12,57267
124,13,57268
127,14,57269
138,18,57270
140,19,57271
140,18,57272
160,34,57273
168,42,57274
171,45,57275
171,44,57276
180,58,57277
96,113,57278
92,113,57279
92,114,57280
90,112,57281
90,109,57282
89,109,57283
88,109,57284
88,108,57285
88,106,57286
87,105,57287
88,103,57288
90,99,57289
89,99,57290
92,96,57291
93,95,57292
91,95,57293
95,93,57294
95,92,57295
98,91,57296
98,90,57297
103,91,57298
106,91,57299
106,90,57300
106,89,57301
109,90,57302
114,94,57303
111,90,57304
117,96,57305
117,94,57306
120,98,57307
121,99,57308
123,102,57309
124,105,57310
125,105,57311
126,116,57312
127,111,57313
128,116,57314
127,124,57315
127,128,57316
128,126,57317
128,128,57318
124,138,57319
127,135,57320
121,144,57321
122,144,57322
118,149,57323
112,154,57324
116,152,57325
113,155,57326
102,160,57327
105,160,57328
102,161,57329
96,163,57330
89,163,57331
86,163,57332
86,164,57333
82,163,57334
76,161,57335
67,156,57336
70,159,57337
64,155,57338
61,153,57339
59,151,57340
52,141,57341
50,138,57342
48,136,57343
47,134,57344
44,126,57345
43,122,57346
42,106,57347
41,112,57348
40,109,57349
42,92,57350
44,83,57351
42,87,57352
42,85,57353
49,70,57354
46,73,57355
50,66,57356
57,56,57357
60,53,57358
64,49,57359
68,45,57360
71,43,57361
83,37,57362
90,35,57363
86,35,57364
98,33,57365
104,33,57366
105,32,57367
114,33,57368
126,37,57369
127,37,57370
132,39,57371
140,44,57372
145,48,57373
154,57,57374
154,56,57375
163,70,57376
164,71,57377
163,67,57378
171,86,57379
174,95,57380
175,99,57381
176,105,57382
177,112,57383
178,120,57384
176,137,57385
177,135,57386
176,142,57387
169,163,57388
167,168,57389
165,173,57390
161,180,57391
149,194,57392
153,191,57393
143,200,57394
133,208,57395
134,208,57396
117,216,57397
115,217,57398
117,217,57399
96,221,57400
87,221,57401
82,221,57402
84,222,57403
72,220,57404
97,111,57405
98,109,57406
99,108,57407
101,108,57408
102,108,57409
103,108,57410
105,110,57411
106,110,57412
107,111,57413
108,112,57414
108,116,57415
109,115,57416
110,116,57417
109,122,57418
109,123,57419
110,123,57420
109,126,57421
109,127,57422
108,129,57423
107,131,57424
107,132,57425
106,134,57426
101,137,57427
102,137,57428
101,138,57429
97,140,57430
96,141,57431
91,141,57432
92,142,57433
89,142,57434
87,142,57435
85,142,57436
79,139,57437
78,139,57438
75,137,57439
73,136,57440
70,133,57441
67,128,57442
66,128,57443
64,123,57444
63,122,57445
62,118,57446
61,117,57447
60,112,57448
60,105,57449
59,104,57450
60,98,57451
60,96,57452
61,90,57453
63,86,57454
63,84,57455
65,80,57456
68,75,57457
70,72,57458
73,69,57459
74,67,57460
81,62,57461
82,61,57462
86,59,57463
91,57,57464
95,56,57465
99,55,57466
107,55,57467
113,56,57468
117,57,57469
119,57,57470
123,59,57471
124,59,57472
130,63,57473
135,66,57474
141,73,57475
142,74,57476
148,83,57477
148,82,57478
153,93,57479
154,94,57480
156,102,57481
157,107,57482
158,113,57483
158,123,57484
158,128,57485
157,135,57486
156,142,57487
155,145,57488
151,156,57489
148,162,57490
146,166,57491
142,171,57492
139,175,57493
134,181,57494
129,185,57495
121,190,57496
118,192,57497
114,194,57498
105,197,57499
99,198,57500
94,199,57501
83,199,57502
78,198,57503
69,196,57504
68,196,57505
58,192,57506
48,185,57507
50,187,57508
40,179,57509
38,177,57510
31,169,57511
25,160,57512
23,157,57513
20,151,57514
16,141,57515
14,135,57516
11,120,57517
10,113,57518
11,92,57519
9,102,57520
13,77,57521
13,75,57522
14,71,57523
20,55,57524
22,51,57525
26,43,57526
35,31,57527
37,28,57528
43,22,57529
50,16,57530
58,10,57531
97,116,57532
97,117,57533
97,119,57534
95,119,57535
94,120,57536
94,121,57537
92,122,57538
91,122,57539
90,122,57540
88,121,57541
88,122,57542
86,121,57543
83,117,57544
82,116,57545
82,118,57546
82,120,57547
80,112,57548
79,113,57549
78,110,57550
78,106,57551
78,105,57552
77,104,57553
79,98,57554
78,99,57555
77,99,57556
80,93,57557
81,91,57558
83,88,57559
83,87,57560
88,83,57561
87,83,57562
88,82,57563
94,79,57564
95,78,57565
100,78,57566
99,77,57567
102,76,57568
110,78,57569
111,78,57570
112,78,57571
116,79,57572
120,82,57573
119,80,57574
124,84,57575
128,89,57576
128,88,57577
134,101,57578
133,95,57579
134,96,57580
137,109,57581
138,109,57582
139,113,57583
139,118,57584
140,120,57585
139,128,57586
139,131,57587
138,136,57588
134,145,57589
134,146,57590
132,150,57591
131,152,57592
130,155,57593
122,163,57594
117,167,57595
118,167,57596
114,170,57597
104,174,57598
103,175,57599
98,176,57600
92,177,57601
90,177,57602
84,177,57603
77,175,57604
72,174,57605
71,174,57606
66,172,57607
57,165,57608
56,165,57609
52,162,57610
47,156,57611
42,150,57612
37,139,57613
34,132,57614
37,143,57615
32,126,57616
30,115,57617
29,115,57618
29,102,57619
29,97,57620
29,93,57621
31,84,57622
33,76,57623
35,70,57624
36,67,57625
42,56,57626
47,49,57627
46,49,57628
58,37,57629
65,32,57630
64,32,57631
67,29,57632
83,23,57633
84,22,57634
93,20,57635
101,19,57636
107,19,57637
116,20,57638
122,21,57639
123,21,57640
129,23,57641
144,31,57642
151,36,57643
154,38,57644
158,42,57645
165,50,57646
169,54,57647
177,70,57648
181,78,57649
182,80,57650
186,95,57651
188,105,57652
187,93,57653
189,119,57654
189,129,57655
187,143,57656
188,141,57657
186,152,57658
94,111,57659
93,110,57660
93,109,57661
94,106,57662
95,104,57663
93,104,57664
94,103,57665
95,101,57666
96,100,57667
96,99,57668
100,99,57669
100,98,57670
102,98,57671
104,98,57672
105,98,57673
104,96,57674
110,101,57675
109,98,57676
112,101,57677
113,101,57678
115,105,57679
116,106,57680
117,105,57681
118,107,57682
119,110,57683
120,114,57684
121,114,57685
121,120,57686
122,118,57687
120,126,57688
120,129,57689
119,132,57690
120,131,57691
119,134,57692
113,142,57693
117,139,57694
110,146,57695
105,149,57696
107,149,57697
106,150,57698
104,152,57699
96,153,57700
99,154,57701
92,155,57702
88,155,57703
85,155,57704
76,151,57705
78,153,57706
76,153,57707
68,147,57708
70,150,57709
66,147,57710
61,141,57711
59,138,57712
56,134,57713
56,136,57714
53,129,57715
50,119,57716
49,115,57717
49,118,57718
48,110,57719
47,107,57720
49,94,57721
48,96,57722
49,90,57723
51,82,57724
55,74,57725
53,76,57726
59,66,57727
68,57,57728
61,62,57729
62,60,57730
77,50,57731
81,47,57732
85,45,57733
86,44,57734
97,42,57735
92,42,57736
101,41,57737
106,41,57738
115,42,57739
125,46,57740
131,49,57741
124,44,57742
133,49,57743
145,59,57744
142,55,57745
151,65,57746
157,75,57747
153,66,57748
158,74,57749
165,92,57750
166,94,57751
168,100,57752
169,108,57753
170,117,57754
170,128,57755
168,140,57756
168,142,57757
166,150,57758
166,151,57759
158,168,57760
158,170,57761
152,179,57762
144,188,57763
148,185,57764
141,192,57765
130,200,57766
131,200,57767
118,207,57768
112,209,57769
105,211,57770
102,212,57771
86,213,57772
80,212,57773
79,213,57774
58,206,57775
59,207,57776
53,204,57777
43,198,57778
39,195,57779
35,193,57780
20,174,57781
16,168,57782
13,164,57783
13,165,57784
5,146,57785
99,112,57786
100,112,57787
102,112,57788
102,115,57789
102,117,57790
104,116,57791
103,120,57792
104,119,57793
104,121,57794
104,122,57795
103,124,57796
103,125,57797
101,128,57798
100,129,57799
98,130,57800
100,131,57801
95,132,57802
95,133,57803
91,133,57804
92,134,57805
88,133,57806
84,132,57807
86,134,57808
83,133,57809
81,132,57810
77,128,57811
78,130,57812
74,125,57813
74,127,57814
71,121,57815
70,121,57816
69,117,57817
68,114,57818
67,112,57819
67,105,57820
66,108,57821
66,104,57822
70,91,57823
67,96,57824
69,90,57825
69,88,57826
74,81,57827
70,84,57828
75,78,57829
78,75,57830
81,72,57831
86,69,57832
86,68,57833
90,66,57834
96,65,57835
95,64,57836
99,63,57837
104,63,57838
110,64,57839
115,65,57840
112,63,57841
117,65,57842
127,71,57843
130,74,57844
130,72,57845
134,76,57846
138,81,57847
139,82,57848
144,92,57849
147,99,57850
147,97,57851
149,104,57852
150,109,57853
151,115,57854
150,127,57855
152,122,57856
152,124,57857
146,146,57858
145,150,57859
146,150,57860
145,152,57861
136,165,57862
140,162,57863
133,170,57864
128,175,57865
126,177,57866
118,182,57867
116,184,57868
109,187,57869
101,189,57870
95,190,57871
95,191,57872
81,190,57873
73,188,57874
77,190,57875
67,187,57876
57,181,57877
54,180,57878
49,176,57879
41,168,57880
39,166,57881
35,161,57882
32,158,57883
24,139,57884
24,141,57885
22,137,57886
19,123,57887
18,117,57888
17,111,57889
18,95,57890
17,94,57891
18,86,57892
23,69,57893
20,76,57894
24,64,57895
30,52,57896
38,40,57897
35,43,57898
42,34,57899
54,24,57900
55,22,57901
65,16,57902
68,14,57903
74,11,57904
84,8,57905
94,6,57906
95,5,57907
114,6,57908
124,8,57909
131,10,57910
131,9,57911
140,13,57912
95,115,57913
94,116,57914
93,117,57915
91,116,57916
90,114,57917
89,116,57918
88,114,57919
87,113,57920
86,112,57921
85,112,57922
85,107,57923
85,106,57924
84,106,57925
85,102,57926
86,99,57927
84,101,57928
86,97,57929
86,96,57930
88,94,57931
89,92,57932
89,91,57933
92,89,57934
94,88,57935
93,87,57936
96,86,57937
101,86,57938
100,85,57939
107,86,57940
109,86,57941
109,85,57942
113,87,57943
112,86,57944
118,90,57945
119,90,57946
121,92,57947
122,93,57948
125,97,57949
127,101,57950
128,102,57951
130,108,57952
131,109,57953
131,119,57954
132,113,57955
132,123,57956
132,126,57957
132,127,57958
129,137,57959
129,138,57960
128,142,57961
125,147,57962
124,149,57963
122,152,57964
120,154,57965
116,158,57966
114,160,57967
110,163,57968
108,164,57969
103,166,57970
96,168,57971
94,168,57972
90,169,57973
87,169,57974
80,168,57975
73,165,57976
70,164,57977
69,164,57978
64,161,57979
60,158,57980
53,151,57981
54,153,57982
49,146,57983
45,140,57984
42,132,57985
40,129,57986
38,120,57987
37,118,57988
37,102,57989
36,109,57990
36,98,57991
37,92,57992
39,83,57993
40,79,57994
42,72,57995
46,64,57996
49,59,57997
53,54,57998
54,52,57999
63,43,58000
65,41,58001
69,38,58002
76,34,58003
85,31,58004
87,30,58005
94,28,58006
106,28,58007
110,28,58008
107,27,58009
115,28,58010
132,34,58011
134,35,58012
137,36,58013
143,40,58014
156,52,58015
154,49,58016
163,60,58017
167,66,58018
171,74,58019
173,77,58020
175,82,58021
178,92,58022
181,108,58023
181,126,58024
182,117,58025
182,126,58026
179,144,58027
181,141,58028
174,163,58029
176,159,58030
168,177,58031
166,180,58032
160,189,58033
160,190,58034
144,206,58035
142,208,58036
135,213,58037
130,216,58038
122,220,58039
96,110,58040
96,109,58041
97,107,58042
98,106,58043
100,105,58044
101,105,58045
102,104,58046
103,104,58047
105,105,58048
106,105,58049
107,106,58050
108,106,58051
110,109,58052
111,111,58053
112,112,58054
112,108,58055
113,115,58056
114,115,58057
114,119,58058
114,121,58059
114,123,58060
114,125,58061
112,130,58062
113,129,58063
112,132,58064
111,134,58065
108,137,58066
107,139,58067
107,140,58068
100,143,58069
102,143,58070
99,145,58071
96,146,58072
93,146,58073
88,146,58074
87,147,58075
86,147,58076
79,144,58077
76,143,58078
75,143,58079
74,143,58080
68,137,58081
69,139,58082
65,134,58083
64,133,58084
61,129,58085
58,117,58086
58,121,58087
57,122,58088
56,110,58089
55,110,58090
55,104,58091
55,101,58092
55,97,58093
57,88,58094
56,90,58095
59,82,58096
63,75,58097
65,71,58098
67,68,58099
69,66,58100
74,61,58101
78,58,58102
83,55,58103
87,53,58104
86,53,58105
95,51,58106
97,50,58107
107,50,58108
108,50,58109
115,51,58110
117,51,58111
126,55,58112
127,55,58113
133,59,58114
137,62,58115
143,68,58116
143,67,58117
149,75,58118
152,80,58119
153,81,58120
158,95,58121
160,101,58122
161,100,58123
162,113,58124
163,119,58125
163,124,58126
162,132,58127
160,144,58128
160,146,58129
155,158,58130
154,161,58131
150,168,58132
148,172,58133
141,180,58134
136,185,58135
137,185,58136
126,193,58137
116,198,58138
120,197,58139
117,199,58140
98,203,58141
95,204,58142
89,205,58143
76,203,58144
73,203,58145
67,201,58146
57,197,58147
58,198,58148
47,191,58149
40,185,58150
34,180,58151
29,174,58152
22,164,58153
19,159,58154
16,154,58155
11,138,58156
8,129,58157
8,131,58158
6,114,58159
5,108,58160
5,101,58161
6,90,58162
7,82,58163
12,63,58164
14,57,58165
15,54,58166
98,114,58167
99,115,58168
100,117,58169
98,119,58170
97,121,58171
98,122,58172
97,123,58173
97,124,58174
96,125,58175
94,125,58176
91,125,58177
91,126,58178
89,126,58179
88,126,58180
86,125,58181
88,128,58182
82,122,58183
82,124,58184
80,121,58185
79,121,58186
77,116,58187
76,115,58188
75,113,58189
75,115,58190
74,112,58191
74,106,58192
74,101,58193
74,99,58194
73,101,58195
75,94,58196
76,92,58197
76,91,58198
76,89,58199
78,86,58200
83,81,58201
83,80,58202
84,79,58203
93,75,58204
93,74,58205
95,73,58206
92,73,58207
102,72,58208
100,71,58209
105,71,58210
112,73,58211
112,72,58212
121,78,58213
122,77,58214
120,75,58215
130,85,58216
129,82,58217
132,86,58218
135,90,58219
139,99,58220
139,98,58221
140,98,58222
141,101,58223
143,114,58224
143,124,58225
144,122,58226
144,126,58227
144,127,58228
142,136,58229
140,143,58230
140,144,58231
138,150,58232
133,157,58233
131,161,58234
128,164,58235
122,169,58236
123,170,58237
121,172,58238
104,179,58239
105,179,58240
104,180,58241
98,182,58242
82,181,58243
84,182,58244
80,182,58245
71,179,58246
72,180,58247
58,172,58248
54,169,58249
57,173,58250
48,165,58251
41,155,58252
42,159,58253
35,147,58254
33,142,58255
32,142,58256
30,138,58257
26,117,58258
25,115,58259
24,110,58260
25,95,58261
25,92,58262
25,89,58263
30,71,58264
29,73,58265
31,67,58266
34,60,58267
42,48,58268
40,49,58269
53,35,58270
59,30,58271
59,29,58272
63,26,58273
73,21,58274
79,18,58275
90,15,58276
97,14,58277
106,14,58278
111,14,58279
114,14,58280
129,18,58281
131,18,58282
146,27,58283
149,28,58284
156,34,58285
162,39,58286
165,42,58287
167,43,58288
180,65,58289
184,74,58290
185,75,58291
188,82,58292
192,101,58293
95,113,58294
92,112,58295
91,112,58296
91,109,58297
92,106,58298
90,107,58299
90,106,58300
89,105,58301
90,103,58302
90,102,58303
92,99,58304
93,98,58305
93,97,58306
97,96,58307
98,95,58308
96,94,58309
101,94,58310
100,92,58311
104,93,58312
104,92,58313
110,95,58314
109,94,58315
111,94,58316
112,94,58317
114,96,58318
117,100,58319
117,98,58320
121,105,58321
121,103,58322
123,110,58323
123,107,58324
124,112,58325
125,115,58326
125,120,58327
124,127,58328
126,124,58329
124,130,58330
120,138,58331
122,137,58332
120,141,58333
120,142,58334
115,147,58335
119,145,58336
113,150,58337
110,153,58338
107,155,58339
98,158,58340
101,158,58341
98,159,58342
91,160,58343
87,160,58344
84,160,58345
80,159,58346
77,158,58347
71,155,58348
76,159,58349
67,153,58350
64,151,58351
57,143,58352
59,147,58353
53,138,58354
52,137,58355
49,132,58356
46,121,58357
45,118,58358
44,115,58359
44,105,58360
43,108,58361
44,95,58362
46,87,58363
44,90,58364
44,87,58365
52,71,58366
54,66,58367
52,68,58368
54,64,58369
65,53,58370
59,57,58371
71,47,58372
72,46,58373
79,42,58374
92,38,58375
88,38,58376
93,37,58377
101,36,58378
106,36,58379
105,35,58380
122,39,58381
131,43,58382
125,39,58383
135,44,58384
146,53,58385
151,58,58386
154,61,58387
159,68,58388
163,75,58389
164,76,58390
164,75,58391
171,97,58392
173,105,58393
173,100,58394
174,119,58395
175,119,58396
174,133,58397
171,146,58398
173,143,58399
171,151,58400
166,163,58401
167,163,58402
158,179,58403
151,188,58404
148,191,58405
147,193,58406
138,201,58407
122,210,58408
126,209,58409
112,214,58410
111,215,58411
103,217,58412
86,218,58413
82,218,58414
85,219,58415
64,214,58416
57,211,58417
50,208,58418
50,209,58419
38,201,58420
98,111,58421
99,110,58422
101,109,58423
102,111,58424
103,111,58425
104,110,58426
105,113,58427
106,113,58428
107,114,58429
107,116,58430
107,120,58431
108,120,58432
108,121,58433
107,124,58434
106,127,58435
108,125,58436
104,130,58437
104,131,58438
102,133,58439
101,134,58440
101,135,58441
98,136,58442
96,137,58443
95,138,58444
93,139,58445
88,138,58446
88,139,58447
83,137,58448
83,138,58449
81,137,58450
77,135,58451
76,135,58452
72,130,58453
72,131,58454
68,125,58455
68,126,58456
66,122,58457
64,114,58458
64,117,58459
63,111,58460
62,111,58461
64,96,58462
61,107,58463
62,99,58464
64,92,58465
64,89,58466
69,81,58467
67,82,58468
68,80,58469
74,73,58470
74,72,58471
78,68,58472
79,67,58473
85,63,58474
88,62,58475
88,61,58476
95,59,58477
100,58,58478
108,59,58479
107,58,58480
110,58,58481
114,59,58482
120,61,58483
124,63,58484
131,68,58485
134,70,58486
137,72,58487
141,77,58488
143,80,58489
147,86,58490
150,93,58491
151,95,58492
154,109,58493
154,106,58494
155,113,58495
156,116,58496
154,133,58497
156,129,58498
154,139,58499
151,148,58500
150,151,58501
146,159,58502
145,162,58503
141,168,58504
135,175,58505
132,178,58506
129,181,58507
120,187,58508
119,188,58509
116,190,58510
104,194,58511
96,195,58512
94,196,58513
87,196,58514
75,194,58515
70,193,58516
66,192,58517
61,190,58518
47,180,58519
50,183,58520
49,183,58521
40,175,58522
30,162,58523
28,159,58524
27,158,58525
22,148,58526
19,141,58527
15,127,58528
14,124,58529
13,114,58530
13,97,58531
13,96,58532
13,89,58533
15,79,58534
20,64,58535
18,67,58536
26,50,58537
29,44,58538
30,42,58539
41,29,58540
43,26,58541
49,20,58542
60,13,58543
65,10,58544
73,6,58545
82,3,58546
85,2,58547
97,115,58548
96,116,58549
96,118,58550
93,119,58551
91,118,58552
91,120,58553
90,120,58554
89,119,58555
87,118,58556
86,118,58557
85,118,58558
84,116,58559
83,113,58560
82,112,58561
81,111,58562
81,110,58563
81,105,58564
80,107,58565
81,101,58566
81,99,58567
81,98,58568
84,93,58569
82,95,58570
83,92,58571
83,91,58572
88,87,58573
87,87,58574
91,84,58575
91,83,58576
95,82,58577
97,81,58578
98,80,58579
102,80,58580
106,80,58581
107,80,58582
107,79,58583
112,81,58584
117,84,58585
119,85,58586
122,87,58587
123,87,58588
128,94,58589
127,91,58590
131,98,58591
132,100,58592
133,101,58593
135,114,58594
136,113,58595
136,119,58596
137,121,58597
137,122,58598
136,130,58599
136,132,58600
134,139,58601
132,144,58602
132,145,58603
130,149,58604
125,155,58605
122,159,58606
118,163,58607
115,165,58608
113,167,58609
106,170,58610
103,171,58611
97,173,58612
94,173,58613
89,174,58614
86,174,58615
80,173,58616
73,171,58617
68,169,58618
63,166,58619
60,164,58620
56,161,58621
51,156,58622
52,158,58623
43,145,58624
43,146,58625
38,136,58626
36,131,58627
35,128,58628
33,115,58629
32,112,58630
32,106,58631
31,104,58632
32,95,58633
32,91,58634
36,77,58635
36,74,58636
42,62,58637
44,58,58638
46,55,58639
52,47,58640
54,44,58641
59,40,58642
67,34,58643
69,32,58644
80,27,58645
87,25,58646
94,23,58647
91,23,58648
104,22,58649
108,22,58650
120,24,58651
126,26,58652
128,26,58653
143,34,58654
144,34,58655
150,39,58656
158,46,58657
162,51,58658
166,56,58659
173,67,58660
176,73,58661
179,81,58662
182,88,58663
185,108,58664
186,110,58665
186,124,58666
186,132,58667
186,133,58668
185,141,58669
181,157,58670
181,159,58671
175,173,58672
170,183,58673
169,185,58674
96,112,58675
94,109,58676
94,107,58677
96,105,58678
97,104,58679
96,103,58680
98,102,58681
98,101,58682
100,101,58683
100,100,58684
103,101,58685
104,100,58686
106,101,58687
109,103,58688
109,102,58689
112,106,58690
109,100,58691
113,105,58692
114,108,58693
114,105,58694
116,112,58695
117,113,58696
117,118,58697
118,117,58698
119,117,58699
118,124,58700
117,128,58701
118,127,58702
117,131,58703
114,136,58704
114,137,58705
113,139,58706
113,140,58707
110,143,58708
105,146,58709
106,147,58710
101,149,58711
95,150,58712
96,151,58713
94,152,58714
89,152,58715
85,151,58716
89,153,58717
81,151,58718
77,149,58719
77,150,58720
67,142,58721
68,144,58722
68,145,58723
60,133,58724
60,136,58725
57,131,58726
55,126,58727
53,119,58728
52,116,58729
52,120,58730
51,108,58731
50,107,58732
51,99,58733
52,91,58734
51,92,58735
52,88,58736
56,78,58737
58,74,58738
58,73,58739
61,68,58740
71,58,58741
68,59,58742
75,54,58743
81,51,58744
80,50,58745
84,48,58746
96,46,58747
99,45,58748
101,44,58749
105,44,58750
115,46,58751
118,46,58752
122,47,58753
128,50,58754
132,52,58755
142,61,58756
147,66,58757
147,64,58758
151,70,58759
158,82,58760
156,76,58761
161,88,58762
164,99,58763
165,99,58764
166,102,58765
167,117,58766
167,128,58767
167,131,58768
165,141,58769
164,147,58770
164,148,58771
157,165,58772
154,170,58773
152,174,58774
148,180,58775
136,191,58776
142,187,58777
132,195,58778
120,202,58779
120,203,58780
113,206,58781
102,208,58782
100,209,58783
92,210,58784
80,209,58785
74,208,58786
69,207,58787
58,203,58788
54,201,58789
49,199,58790
33,185,58791
32,185,58792
27,179,58793
23,174,58794
17,165,58795
19,170,58796
7,141,58797
5,135,58798
4,133,58799
3,130,58800
1,114,58801
99,113,58802
100,113,58803
101,115,58804
101,117,58805
101,119,58806
103,118,58807
102,120,58808
102,122,58809
101,123,58810
100,125,58811
100,126,58812
99,127,58813
97,128,58814
95,129,58815
93,130,58816
95,131,58817
87,129,58818
89,131,58819
86,130,58820
86,131,58821
82,128,58822
81,128,58823
79,127,58824
78,127,58825
76,124,58826
74,120,58827
74,123,58828
72,117,58829
71,115,58830
70,111,58831
70,106,58832
69,109,58833
69,105,58834
69,101,58835
72,92,58836
69,97,58837
71,91,58838
76,84,58839
73,86,58840
77,81,58841
77,79,58842
83,75,58843
82,74,58844
88,71,58845
90,70,58846
93,68,58847
102,68,58848
101,67,58849
101,66,58850
112,68,58851
107,66,58852
117,69,58853
116,68,58854
124,73,58855
127,75,58856
125,72,58857
132,78,58858
137,85,58859
139,89,58860
140,88,58861
144,99,58862
144,97,58863
146,102,58864
147,112,58865
148,115,58866
148,124,58867
147,132,58868
149,125,58869
147,135,58870
142,148,58871
145,145,58872
146,144,58873
133,164,58874
132,166,58875
133,166,58876
130,170,58877
120,177,58878
125,175,58879
113,182,58880
110,183,58881
105,185,58882
95,187,58883
82,186,58884
87,188,58885
81,187,58886
70,184,58887
73,186,58888
61,180,58889
51,173,58890
56,178,58891
54,177,58892
40,163,58893
37,158,58894
35,156,58895
29,145,58896
27,140,58897
24,132,58898
23,131,58899
21,113,58900
20,111,58901
20,99,58902
21,90,58903
20,93,58904
23,77,58905
27,67,58906
25,69,58907
32,54,58908
37,46,58909
35,48,58910
43,38,58911
53,28,58912
61,22,58913
60,22,58914
71,16,58915
83,12,58916
80,12,58917
98,9,58918
108,9,58919
112,9,58920
114,9,58921
128,12,58922
124,10,58923
145,20,58924
151,24,58925
153,25,58926
157,27,58927
166,36,58928
94,114,58929
93,115,58930
92,116,58931
90,113,58932
90,111,58933
89,111,58934
88,111,58935
87,110,58936
87,108,58937
86,107,58938
87,104,58939
87,102,58940
86,102,58941
89,98,58942
89,97,58943
88,97,58944
93,93,58945
93,92,58946
94,91,58947
95,90,58948
97,89,58949
100,89,58950
101,88,58951
100,87,58952
103,87,58953
108,89,58954
106,87,58955
113,91,58956
114,90,58957
117,93,58958
118,93,58959
119,94,58960
122,98,58961
123,99,58962
126,105,58963
126,103,58964
128,111,58965
128,118,58966
129,118,58967
130,118,58968
130,121,58969
127,133,58970
131,123,58971
126,138,58972
128,135,58973
125,142,58974
120,148,58975
121,148,58976
119,151,58977
113,156,58978
111,158,58979
109,160,58980
105,162,58981
101,163,58982
97,164,58983
97,165,58984
92,166,58985
86,165,58986
77,163,58987
77,164,58988
73,162,58989
68,160,58990
66,159,58991
59,153,58992
54,147,58993
54,148,58994
52,146,58995
47,137,58996
46,136,58997
44,131,58998
42,125,58999
41,123,59000
39,108,59001
40,96,59002
39,97,59003
38,103,59004
44,78,59005
40,86,59006
42,80,59007
49,65,59008
51,62,59009
55,56,59010
55,55,59011
62,48,59012
68,43,59013
75,39,59014
73,39,59015
83,35,59016
84,34,59017
90,32,59018
98,31,59019
107,31,59020
111,31,59021
118,32,59022
129,36,59023
135,39,59024
139,41,59025
138,40,59026
151,51,59027
158,59,59028
156,55,59029
162,64,59030
168,74,59031
169,76,59032
174,88,59033
175,92,59034
178,106,59035
179,112,59036
179,118,59037
179,130,59038
177,142,59039
175,151,59040
176,150,59041
173,159,59042
163,178,59043
165,177,59044
157,188,59045
152,194,59046
148,199,59047
136,208,59048
132,211,59049
135,210,59050
117,218,59051
112,220,59052
104,222,59053
98,223,59054
90,224,59055
97,110,59056
98,108,59057
99,107,59058
101,107,59059
102,107,59060
103,107,59061
104,107,59062
105,108,59063
107,109,59064
108,110,59065
109,112,59066
109,111,59067
110,114,59068
111,116,59069
111,119,59070
112,118,59071
111,123,59072
111,124,59073
111,125,59074
110,128,59075
110,129,59076
109,131,59077
106,135,59078
106,136,59079
105,137,59080
102,139,59081
99,141,59082
100,141,59083
99,142,59084
93,143,59085
93,144,59086
90,144,59087
88,144,59088
83,143,59089
80,142,59090
79,142,59091
76,140,59092
72,137,59093
69,134,59094
67,132,59095
66,131,59096
63,126,59097
62,125,59098
61,121,59099
59,115,59100
59,117,59101
58,106,59102
58,101,59103
58,99,59104
58,97,59105
59,91,59106
60,87,59107
61,85,59108
64,78,59109
65,76,59110
67,73,59111
71,68,59112
74,65,59113
79,61,59114
80,60,59115
86,57,59116
88,56,59117
94,54,59118
99,53,59119
105,53,59120
108,53,59121
110,53,59122
115,54,59123
123,57,59124
126,58,59125
132,62,59126
136,65,59127
140,69,59128
142,71,59129
146,76,59130
151,84,59131
152,86,59132
155,93,59133
157,99,59134
159,109,59135
159,107,59136
160,120,59137
160,123,59138
159,135,59139
159,136,59140
156,148,59141
156,149,59142
150,162,59143
148,166,59144
146,169,59145
140,177,59146
137,180,59147
133,184,59148
128,188,59149
120,193,59150
116,195,59151
105,199,59152
106,199,59153
92,201,59154
87,201,59155
83,201,59156
76,200,59157
71,199,59158
65,197,59159
53,191,59160
48,188,59161
43,184,59162
37,179,59163
31,172,59164
30,171,59165
21,157,59166
19,153,59167
16,146,59168
12,134,59169
11,130,59170
9,120,59171
8,105,59172
8,100,59173
9,88,59174
10,81,59175
12,72,59176
14,65,59177
19,53,59178
23,45,59179
26,40,59180
34,29,59181
38,24,59182
98,115,59183
98,117,59184
98,118,59185
96,120,59186
95,120,59187
95,122,59188
94,122,59189
93,123,59190
92,124,59191
91,124,59192
89,123,59193
88,124,59194
85,121,59195
84,121,59196
83,120,59197
83,123,59198
80,115,59199
79,116,59200
78,113,59201
78,116,59202
77,110,59203
76,109,59204
77,102,59205
76,104,59206
75,103,59207
77,97,59208
77,96,59209
79,92,59210
80,89,59211
82,87,59212
82,86,59213
84,83,59214
85,82,59215
86,81,59216
92,78,59217
92,77,59218
96,76,59219
103,76,59220
103,75,59221
106,75,59222
109,75,59223
114,77,59224
110,74,59225
118,78,59226
122,81,59227
123,81,59228
131,92,59229
130,88,59230
130,87,59231
136,100,59232
135,95,59233
137,100,59234
139,104,59235
140,113,59236
141,115,59237
141,120,59238
141,127,59239
140,131,59240
139,137,59241
137,143,59242
138,142,59243
137,145,59244
133,152,59245
127,160,59246
126,162,59247
122,166,59248
114,171,59249
116,171,59250
110,174,59251
104,176,59252
105,177,59253
101,178,59254
84,178,59255
81,178,59256
83,179,59257
81,179,59258
68,174,59259
63,172,59260
62,172,59261
54,166,59262
52,165,59263
43,153,59264
39,147,59265
42,154,59266
36,142,59267
31,128,59268
32,135,59269
30,127,59270
28,114,59271
27,112,59272
27,103,59273
28,91,59274
29,84,59275
30,79,59276
33,71,59277
36,63,59278
36,62,59279
43,51,59280
49,44,59281
50,42,59282
51,40,59283
66,29,59284
68,27,59285
74,24,59286
82,21,59287
86,19,59288
92,18,59289
107,17,59290
105,16,59291
118,18,59292
128,21,59293
135,24,59294
138,25,59295
149,32,59296
154,36,59297
154,35,59298
171,56,59299
171,55,59300
176,63,59301
180,71,59302
183,78,59303
180,68,59304
189,103,59305
190,108,59306
191,116,59307
191,124,59308
191,131,59309
95,112,59310
93,111,59311
92,110,59312
92,107,59313
93,106,59314
92,105,59315
93,103,59316
93,102,59317
94,101,59318
94,100,59319
97,98,59320
97,97,59321
99,97,59322
101,96,59323
103,96,59324
101,95,59325
107,97,59326
105,95,59327
110,98,59328
110,97,59329
113,100,59330
115,102,59331
115,100,59332
116,100,59333
118,105,59334
120,110,59335
120,107,59336
121,116,59337
122,113,59338
122,120,59339
122,123,59340
123,123,59341
122,128,59342
122,130,59343
118,137,59344
122,133,59345
117,140,59346
112,145,59347
115,144,59348
111,148,59349
112,148,59350
102,153,59351
107,152,59352
99,155,59353
97,156,59354
95,157,59355
83,155,59356
88,157,59357
88,158,59358
77,154,59359
79,156,59360
72,153,59361
68,150,59362
64,146,59363
59,141,59364
62,147,59365
56,138,59366
54,135,59367
51,127,59368
50,127,59369
48,119,59370
47,116,59371
47,101,59372
46,106,59373
46,100,59374
46,98,59375
49,86,59376
47,89,59377
51,78,59378
57,68,59379
53,71,59380
52,72,59381
66,56,59382
69,53,59383
68,53,59384
74,48,59385
84,44,59386
80,44,59387
90,41,59388
96,40,59389
100,39,59390
110,40,59391
116,41,59392
112,39,59393
125,43,59394
132,47,59395
131,45,59396
141,53,59397
148,60,59398
144,54,59399
150,60,59400
159,74,59401
162,79,59402
165,85,59403
167,91,59404
170,104,59405
170,102,59406
171,126,59407
172,123,59408
171,134,59409
171,137,59410
167,151,59411
169,147,59412
164,161,59413
156,175,59414
162,167,59415
154,180,59416
145,190,59417
145,191,59418
138,197,59419
131,202,59420
122,207,59421
121,208,59422
106,213,59423
96,214,59424
97,215,59425
81,214,59426
77,214,59427
68,212,59428
64,211,59429
54,207,59430
51,206,59431
40,198,59432
29,188,59433
23,182,59434
23,183,59435
15,171,59436
97,112,59437
100,111,59438
101,111,59439
103,113,59440
103,115,59441
104,114,59442
105,116,59443
105,117,59444
105,119,59445
106,120,59446
105,122,59447
104,125,59448
104,126,59449
102,128,59450
102,129,59451
103,130,59452
98,132,59453
98,133,59454
96,134,59455
95,135,59456
91,135,59457
89,135,59458
90,136,59459
88,136,59460
86,136,59461
81,133,59462
82,135,59463
77,130,59464
78,133,59465
73,127,59466
73,128,59467
71,125,59468
68,118,59469
68,121,59470
67,116,59471
66,114,59472
65,110,59473
66,100,59474
65,101,59475
65,99,59476
65,96,59477
68,89,59478
65,93,59479
69,84,59480
72,80,59481
73,78,59482
78,73,59483
79,71,59484
81,69,59485
88,66,59486
86,66,59487
93,63,59488
92,63,59489
102,62,59490
103,61,59491
103,60,59492
109,61,59493
117,64,59494
122,66,59495
125,67,59496
124,66,59497
131,71,59498
136,76,59499
139,80,59500
143,86,59501
143,85,59502
146,90,59503
149,98,59504
150,102,59505
151,105,59506
152,111,59507
153,114,59508
152,128,59509
151,135,59510
152,135,59511
152,136,59512
145,154,59513
149,148,59514
142,161,59515
140,164,59516
135,171,59517
132,174,59518
128,178,59519
121,183,59520
113,187,59521
111,188,59522
110,189,59523
98,192,59524
90,192,59525
91,193,59526
85,193,59527
69,189,59528
70,190,59529
65,188,59530
54,182,59531
50,179,59532
44,174,59533
41,172,59534
32,159,59535
29,155,59536
31,160,59537
24,145,59538
20,134,59539
18,128,59540
17,123,59541
16,115,59542
15,109,59543
16,94,59544
15,97,59545
16,87,59546
22,66,59547
23,63,59548
26,55,59549
27,53,59550
40,35,59551
38,36,59552
47,27,59553
55,20,59554
62,15,59555
68,12,59556
77,8,59557
78,7,59558
94,4,59559
99,3,59560
113,4,59561
112,3,59562
118,4,59563
96,114,59564
95,116,59565
94,118,59566
92,117,59567
90,115,59568
89,117,59569
88,116,59570
87,116,59571
86,114,59572
85,114,59573
84,112,59574
84,110,59575
83,109,59576
83,106,59577
83,104,59578
82,104,59579
84,99,59580
83,100,59581
84,97,59582
85,95,59583
86,93,59584
87,91,59585
90,89,59586
89,88,59587
91,87,59588
96,85,59589
95,84,59590
101,84,59591
102,83,59592
103,83,59593
106,83,59594
112,85,59595
109,83,59596
114,85,59597
116,86,59598
118,87,59599
123,92,59600
125,95,59601
127,97,59602
128,99,59603
130,102,59604
131,105,59605
132,106,59606
133,113,59607
134,115,59608
134,120,59609
133,128,59610
133,129,59611
133,131,59612
131,138,59613
131,139,59614
129,144,59615
127,148,59616
124,152,59617
121,156,59618
118,159,59619
117,160,59620
111,164,59621
108,166,59622
106,167,59623
98,169,59624
97,170,59625
92,171,59626
85,170,59627
78,169,59628
77,169,59629
71,167,59630
68,166,59631
61,161,59632
63,163,59633
55,156,59634
49,149,59635
46,144,59636
44,142,59637
42,137,59638
42,139,59639
38,127,59640
36,120,59641
35,115,59642
35,99,59643
34,103,59644
35,95,59645
36,86,59646
38,79,59647
38,78,59648
43,66,59649
43,65,59650
52,52,59651
49,55,59652
56,47,59653
60,43,59654
69,36,59655
73,34,59656
78,31,59657
83,29,59658
91,27,59659
96,26,59660
103,25,59661
117,27,59662
122,28,59663
123,28,59664
133,32,59665
140,36,59666
145,39,59667
151,44,59668
158,51,59669
163,57,59670
162,55,59671
170,67,59672
175,78,59673
177,83,59674
180,92,59675
181,97,59676
183,109,59677
183,122,59678
184,125,59679
182,138,59680
181,147,59681
178,158,59682
174,168,59683
171,175,59684
172,174,59685
160,192,59686
159,194,59687
148,205,59688
146,207,59689
140,212,59690
96,111,59691
95,109,59692
95,107,59693
97,106,59694
98,105,59695
99,104,59696
101,103,59697
101,102,59698
103,103,59699
104,103,59700
105,103,59701
107,103,59702
110,108,59703
110,107,59704
111,108,59705
111,104,59706
113,112,59707
114,112,59708
115,115,59709
115,118,59710
116,118,59711
116,121,59712
115,124,59713
115,127,59714
116,126,59715
114,131,59716
112,134,59717
112,135,59718
112,136,59719
105,142,59720
108,141,59721
104,144,59722
102,145,59723
101,146,59724
94,147,59725
95,148,59726
92,149,59727
87,148,59728
84,148,59729
83,148,59730
79,147,59731
73,143,59732
75,146,59733
70,142,59734
67,139,59735
66,139,59736
60,127,59737
61,132,59738
59,130,59739
56,117,59740
55,117,59741
55,119,59742
54,107,59743
53,107,59744
53,103,59745
53,99,59746
55,89,59747
56,86,59748
58,81,59749
59,78,59750
62,72,59751
63,70,59752
68,64,59753
73,60,59754
72,60,59755
75,57,59756
83,53,59757
87,51,59758
93,49,59759
99,48,59760
106,48,59761
105,47,59762
114,49,59763
119,50,59764
123,51,59765
125,52,59766
133,57,59767
134,57,59768
140,62,59769
145,67,59770
148,70,59771
155,83,59772
158,89,59773
155,80,59774
162,102,59775
163,107,59776
163,103,59777
164,124,59778
165,122,59779
165,125,59780
162,142,59781
161,147,59782
160,151,59783
157,159,59784
152,168,59785
148,174,59786
149,174,59787
140,184,59788
134,189,59789
130,193,59790
128,195,59791
111,202,59792
116,201,59793
102,205,59794
95,206,59795
94,207,59796
81,206,59797
74,205,59798
72,205,59799
66,203,59800
52,196,59801
44,191,59802
45,192,59803
33,181,59804
29,177,59805
26,174,59806
16,156,59807
16,157,59808
11,146,59809
7,132,59810
7,133,59811
6,133,59812
4,109,59813
4,94,59814
4,93,59815
5,82,59816
6,76,59817
99,114,59818
100,115,59819
100,116,59820
100,118,59821
98,121,59822
100,121,59823
99,122,59824
99,123,59825
98,125,59826
97,126,59827
94,126,59828
93,127,59829
92,128,59830
90,128,59831
88,127,59832
90,130,59833
84,125,59834
84,127,59835
81,124,59836
81,125,59837
78,121,59838
77,120,59839
76,120,59840
75,119,59841
74,116,59842
73,112,59843
72,112,59844
72,105,59845
71,108,59846
73,98,59847
72,100,59848
73,95,59849
73,93,59850
74,90,59851
79,84,59852
76,86,59853
79,82,59854
86,77,59855
84,77,59856
87,75,59857
85,75,59858
95,72,59859
93,71,59860
98,70,59861
103,70,59862
104,69,59863
115,73,59864
113,71,59865
115,71,59866
123,76,59867
120,73,59868
127,78,59869
129,80,59870
135,88,59871
135,87,59872
136,87,59873
139,92,59874
143,106,59875
144,109,59876
144,105,59877
145,113,59878
146,116,59879
145,126,59880
145,130,59881
144,136,59882
144,137,59883
139,149,59884
141,147,59885
138,153,59886
129,164,59887
136,158,59888
133,163,59889
115,176,59890
116,176,59891
114,178,59892
110,180,59893
98,183,59894
102,183,59895
95,184,59896
86,184,59897
82,184,59898
72,181,59899
65,178,59900
71,182,59901
61,177,59902
50,168,59903
54,173,59904
46,165,59905
36,151,59906
42,162,59907
37,155,59908
27,130,59909
27,132,59910
25,126,59911
24,120,59912
23,110,59913
22,107,59914
24,89,59915
25,82,59916
24,85,59917
27,73,59918
33,60,59919
31,62,59920
40,47,59921
46,40,59922
43,42,59923
50,34,59924
58,28,59925
61,25,59926
70,20,59927
79,16,59928
87,14,59929
88,13,59930
99,12,59931
116,13,59932
107,11,59933
128,16,59934
130,16,59935
139,20,59936
143,22,59937
152,28,59938
151,26,59939
169,45,59940
173,50,59941
176,54,59942
180,59,59943
184,68,59944
94,113,59945
92,113,59946
92,114,59947
91,111,59948
91,108,59949
89,108,59950
90,105,59951
88,107,59952
88,105,59953
89,102,59954
90,101,59955
90,100,59956
90,98,59957
94,96,59958
95,95,59959
93,94,59960
97,93,59961
97,92,59962
101,92,59963
101,91,59964
106,92,59965
107,92,59966
107,91,59967
109,91,59968
111,92,59969
115,96,59970
114,93,59971
118,98,59972
119,98,59973
121,101,59974
122,102,59975
124,107,59976
125,110,59977
126,112,59978
126,120,59979
127,114,59980
127,121,59981
125,129,59982
126,129,59983
125,134,59984
125,135,59985
122,140,59986
124,139,59987
117,148,59988
118,148,59989
115,151,59990
109,155,59991
109,156,59992
108,157,59993
98,160,59994
99,161,59995
95,162,59996
90,162,59997
82,161,59998
80,161,59999
84,163,60000
76,160,60001
70,157,60002
64,153,60003
65,155,60004
59,149,60005
57,147,60006
55,145,60007
49,134,60008
48,132,60009
47,131,60010
45,126,60011
43,118,60012
42,112,60013
43,96,60014
41,105,60015
41,99,60016
45,83,60017
46,80,60018
46,77,60019
47,74,60020
56,61,60021
52,64,60022
58,56,60023
62,52,60024
69,46,60025
76,42,60026
73,43,60027
78,40,60028
86,37,60029
96,35,60030
95,34,60031
105,34,60032
116,36,60033
112,34,60034
118,35,60035
132,41,60036
133,41,60037
138,44,60038
148,52,60039
151,55,60040
159,65,60041
157,61,60042
166,78,60043
168,81,60044
168,79,60045
174,101,60046
175,105,60047
176,111,60048
176,122,60049
177,123,60050
176,134,60051
173,147,60052
174,146,60053
171,157,60054
165,170,60055
160,178,60056
161,178,60057
154,188,60058
137,203,60059
140,202,60060
130,208,60061
121,213,60062
125,212,60063
106,218,60064
102,219,60065
106,219,60066
87,220,60067
77,219,60068
71,218,60069
64,217,60070
59,215,60071
98,110,60072
99,109,60073
100,108,60074
102,109,60075
103,110,60076
104,109,60077
105,111,60078
106,111,60079
107,112,60080
108,113,60081
108,118,60082
109,117,60083
109,118,60084
109,121,60085
108,124,60086
109,125,60087
107,128,60088
107,129,60089
106,131,60090
105,132,60091
104,134,60092
103,135,60093
100,137,60094
99,138,60095
98,139,60096
94,140,60097
93,140,60098
89,140,60099
89,141,60100
84,140,60101
82,139,60102
80,139,60103
76,136,60104
75,136,60105
73,134,60106
70,131,60107
69,130,60108
65,122,60109
66,126,60110
63,117,60111
63,120,60112
62,106,60113
61,113,60114
60,108,60115
61,99,60116
61,96,60117
63,90,60118
63,88,60119
64,85,60120
66,81,60121
67,78,60122
70,74,60123
73,70,60124
75,68,60125
80,64,60126
81,63,60127
86,60,60128
93,58,60129
96,57,60130
98,57,60131
100,56,60132
107,56,60133
108,56,60134
116,58,60135
121,60,60136
125,61,60137
128,63,60138
133,66,60139
138,71,60140
141,74,60141
145,80,60142
146,81,60143
151,92,60144
152,93,60145
154,100,60146
155,102,60147
156,119,60148
157,114,60149
158,120,60150
156,135,60151
156,136,60152
154,144,60153
153,149,60154
150,155,60155
145,165,60156
144,167,60157
141,171,60158
134,179,60159
133,180,60160
130,183,60161
121,189,60162
109,194,60163
108,195,60164
100,197,60165
86,197,60166
89,198,60167
83,198,60168
76,197,60169
65,193,60170
58,190,60171
59,191,60172
52,187,60173
42,179,60174
37,174,60175
36,173,60176
27,161,60177
24,156,60178
22,153,60179
18,144,60180
15,134,60181
13,125,60182
12,121,60183
11,111,60184
11,96,60185
13,84,60186
12,83,60187
16,70,60188
17,65,60189
21,55,60190
26,46,60191
29,41,60192
32,36,60193
41,26,60194
49,18,60195
56,13,60196
59,11,60197
68,6,60198
97,114,60199
97,117,60200
97,118,60201
94,119,60202
93,120,60203
92,120,60204
92,121,60205
90,121,60206
89,121,60207
87,120,60208
86,120,60209
85,119,60210
83,116,60211
82,114,60212
81,114,60213
81,117,60214
80,110,60215
79,111,60216
79,107,60217
79,103,60218
79,101,60219
78,103,60220
81,96,60221
80,96,60222
79,96,60223
83,90,60224
83,89,60225
86,86,60226
85,86,60227
91,82,60228
92,81,60229
93,80,60230
96,79,60231
98,78,60232
103,78,60233
103,77,60234
108,78,60235
112,80,60236
114,80,60237
118,82,60238
116,80,60239
123,86,60240
123,84,60241
127,89,60242
130,93,60243
131,94,60244
135,107,60245
135,103,60246
136,103,60247
137,113,60248
138,114,60249
138,120,60250
138,127,60251
138,129,60252
137,134,60253
137,136,60254
135,142,60255
130,150,60256
130,151,60257
128,155,60258
124,159,60259
125,160,60260
118,165,60261
114,168,60262
109,171,60263
110,171,60264
99,174,60265
98,175,60266
92,176,60267
83,175,60268
81,175,60269
78,175,60270
69,171,60271
64,169,60272
65,170,60273
60,167,60274
49,156,60275
49,157,60276
47,155,60277
43,149,60278
39,143,60279
34,128,60280
34,129,60281
33,130,60282
31,115,60283
30,107,60284
29,109,60285
31,91,60286
30,94,60287
31,87,60288
36,71,60289
37,68,60290
41,60,60291
41,59,60292
49,48,60293
58,39,60294
54,41,60295
62,35,60296
72,29,60297
74,27,60298
75,26,60299
92,22,60300
95,21,60301
102,20,60302
112,21,60303
117,21,60304
123,23,60305
125,23,60306
133,26,60307
144,32,60308
153,39,60309
155,41,60310
162,48,60311
166,53,60312
172,62,60313
175,66,60314
183,89,60315
182,84,60316
184,89,60317
187,108,60318
188,114,60319
188,127,60320
187,138,60321
187,140,60322
183,156,60323
182,161,60324
180,167,60325
95,111,60326
94,110,60327
93,109,60328
95,106,60329
95,105,60330
94,104,60331
96,102,60332
96,101,60333
97,100,60334
98,99,60335
102,100,60336
101,98,60337
104,99,60338
106,100,60339
106,99,60340
105,97,60341
111,103,60342
110,100,60343
113,104,60344
114,103,60345
116,108,60346
117,110,60347
118,111,60348
118,109,60349
119,113,60350
120,117,60351
120,120,60352
120,121,60353
120,125,60354
118,131,60355
118,132,60356
117,135,60357
118,134,60358
116,138,60359
110,144,60360
114,142,60361
109,146,60362
101,150,60363
103,150,60364
99,152,60365
101,152,60366
92,153,60367
95,154,60368
88,154,60369
83,153,60370
84,154,60371
71,147,60372
74,150,60373
74,151,60374
65,143,60375
65,144,60376
62,141,60377
59,137,60378
56,131,60379
55,130,60380
53,128,60381
51,120,60382
50,115,60383
49,110,60384
49,104,60385
48,105,60386
49,96,60387
52,85,60388
52,83,60389
52,82,60390
54,77,60391
62,65,60392
60,66,60393
64,62,60394
73,54,60395
66,58,60396
70,54,60397
83,48,60398
90,45,60399
88,45,60400
94,43,60401
105,43,60402
103,42,60403
107,42,60404
117,44,60405
122,45,60406
134,52,60407
137,54,60408
132,49,60409
143,58,60410
151,68,60411
147,61,60412
154,71,60413
160,83,60414
159,78,60415
164,89,60416
167,104,60417
168,108,60418
169,112,60419
169,121,60420
169,127,60421
169,130,60422
165,148,60423
165,150,60424
163,156,60425
157,169,60426
152,176,60427
152,178,60428
145,186,60429
138,192,60430
136,195,60431
132,198,60432
116,206,60433
120,205,60434
112,208,60435
99,211,60436
93,212,60437
80,211,60438
84,212,60439
66,208,60440
70,210,60441
48,199,60442
45,198,60443
40,194,60444
34,189,60445
31,187,60446
30,187,60447
16,166,60448
10,154,60449
11,158,60450
8,152,60451
3,136,60452
98,112,60453
101,113,60454
102,113,60455
102,116,60456
102,118,60457
104,117,60458
103,119,60459
104,120,60460
103,122,60461
103,123,60462
102,125,60463
101,127,60464
100,128,60465
98,129,60466
96,130,60467
98,131,60468
93,132,60469
93,133,60470
89,132,60471
89,133,60472
85,131,60473
83,131,60474
83,132,60475
80,130,60476
79,130,60477
75,124,60478
75,126,60479
72,120,60480
72,122,60481
70,116,60482
70,119,60483
69,114,60484
68,111,60485
68,106,60486
68,101,60487
67,101,60488
68,96,60489
73,87,60490
69,91,60491
73,84,60492
72,84,60493
78,78,60494
73,81,60495
79,75,60496
83,72,60497
84,71,60498
91,68,60499
88,68,60500
94,66,60501
101,65,60502
100,64,60503
104,64,60504
110,65,60505
114,66,60506
119,68,60507
118,66,60508
123,69,60509
128,73,60510
134,79,60511
136,80,60512
138,83,60513
141,87,60514
143,90,60515
146,100,60516
147,102,60517
148,104,60518
149,118,60519
150,115,60520
150,123,60521
148,135,60522
150,131,60523
150,133,60524
142,153,60525
142,154,60526
143,154,60527
140,160,60528
129,172,60529
136,166,60530
129,173,60531
120,180,60532
115,183,60533
109,185,60534
106,187,60535
102,188,60536
94,189,60537
86,189,60538
86,190,60539
76,188,60540
68,185,60541
65,185,60542
59,182,60543
49,174,60544
48,174,60545
43,169,60546
35,159,60547
32,154,60548
30,151,60549
29,151,60550
22,129,60551
21,128,60552
21,130,60553
19,108,60554
18,108,60555
18,101,60556
21,81,60557
19,85,60558
20,81,60559
28,59,60560
26,61,60561
31,52,60562
40,39,60563
39,40,60564
44,33,60565
52,26,60566
63,19,60567
63,18,60568
83,10,60569
78,11,60570
88,8,60571
99,7,60572
105,6,60573
111,6,60574
123,9,60575
130,11,60576
142,16,60577
140,14,60578
153,22,60579
