0.000572	0.000972
0.132916	0.234122
0.214088	0.322331
0.257444	0.43544
0.276616	0.576573
0.284613	0.740798
0.291642	0.9091
0.300654	1.065626
0.309635	1.214329
0.317299	1.362491
0.323951	1.512583
0.330205	1.662251
0.336043	1.809189
0.34146	1.9533
0.346539	2.095117
0.351304	2.234948
0.355879	2.372814
0.360264	2.508507
0.364393	2.641959
0.368357	2.773299
0.372158	2.902501
0.375791	3.029607
0.379318	-3.128489
0.382707	-3.005453
0.38597	-2.884392
0.389145	-2.765244
0.392205	-2.648029
0.395172	-2.532656
0.398068	-2.419083
0.400864	-2.307314
0.403591	-2.197254
0.406254	-2.088882
0.408834	-1.982181
0.411361	-1.877067
0.413828	-1.773531
0.416228	-1.671537
0.418584	-1.571018
0.420884	-1.471971
0.423131	-1.374347
0.42534	-1.278098
0.427497	-1.183217
0.429612	-1.089651
0.431692	-0.997367
0.433725	-0.906354
0.435723	-0.81656
0.437689	-0.727962
0.439614	-0.640545
0.44151	-0.554259
0.443375	-0.469093
0.445204	-0.385021
0.447008	-0.302004
0.448782	-0.220034
0.450526	-0.139082
0.452248	-0.059117
0.45394	0.01987
0.455608	0.097909
0.457255	0.175024
0.458875	0.251224
0.460474	0.326539
0.462052	0.400986
0.463606	0.474577
0.465141	0.54734
0.466657	0.619286
0.468151	0.690431
0.469629	0.760799
0.471087	0.830398
0.472527	0.899247
0.473951	0.967364
0.475356	1.034758
0.476746	1.101446
0.47812	1.167445
0.479477	1.232761
0.48082	1.297414
0.482149	1.361415
0.483462	1.424774
0.484762	1.487507
0.486048	1.549624
0.487319	1.611134
0.488578	1.672052
0.489824	1.732387
0.491057	1.79215
0.492279	1.851353
0.493488	1.910002
0.494686	1.96811
0.495873	2.025686
0.497047	2.082738
0.49821	2.139276
0.499363	2.195311
0.500505	2.250847
0.501637	2.305896
0.502759	2.360466
0.503871	2.414563
0.504973	2.468197
0.506066	2.521375
0.507149	2.574102
0.508224	2.62639
0.509288	2.678242
0.510344	2.729667
0.511392	2.780672
0.512431	2.831261
0.513462	2.881444
0.514485	2.931225
0.515499	2.980611
0.516505	3.029608
0.517504	3.078222
0.518494	3.126457
0.519478	-3.108863
0.520454	-3.061365
0.521423	-3.014227
0.522385	-2.967445
0.523339	-2.921013
0.524287	-2.874926
0.525228	-2.829179
0.526162	-2.783768
0.527089	-2.738688
0.52801	-2.693933
0.528924	-2.6495
0.529832	-2.605384
0.530734	-2.56158
0.53163	-2.518084
0.532521	-2.474892
0.533405	-2.432
0.534283	-2.389405
0.535155	-2.347101
0.536022	-2.305085
0.536883	-2.263353
0.53774	-2.221901
0.53859	-2.180727
0.539434	-2.139826
0.540274	-2.099194
0.541108	-2.058829
0.541938	-2.018726
0.542762	-1.978883
0.543581	-1.939296
0.544396	-1.899961
0.545205	-1.860877
0.54601	-1.822039
0.54681	-1.783445
0.547605	-1.745092
0.548396	-1.706977
0.549182	-1.669096
0.549963	-1.631449
0.55074	-1.59403
0.551514	-1.556838
0.552282	-1.51987
0.553046	-1.483122
0.553807	-1.446594
0.554562	-1.410281
0.555314	-1.374182
0.556062	-1.338295
0.556805	-1.302617
0.557545	-1.267145
0.558281	-1.231877
0.559013	-1.196811
0.559742	-1.161944
0.560466	-1.127275
0.561186	-1.092801
0.561903	-1.058519
0.562617	-1.024429
0.563326	-0.990527
0.564032	-0.956812
0.564734	-0.923282
0.565433	-0.889935
0.566129	-0.856769
0.566821	-0.823781
0.567509	-0.79097
0.568195	-0.758335
0.568877	-0.725873
0.569557	-0.693582
0.570232	-0.661461
0.570905	-0.629508
0.571574	-0.597721
0.57224	-0.566099
0.572903	-0.53464
0.573563	-0.503342
0.57422	-0.472204
0.574873	-0.441224
0.575524	-0.4104
0.576172	-0.379731
0.576817	-0.349215
0.57746	-0.318851
0.578099	-0.288638
0.578736	-0.258574
0.579369	-0.228658
0.58	-0.198887
0.580628	-0.16926
0.581253	-0.139777
0.581876	-0.110436
0.582496	-0.081236
0.583114	-0.052175
0.583729	-0.023253
0.584341	0.005533
0.584951	0.034184
0.585558	0.062701
0.586162	0.091085
0.586764	0.119337
0.587364	0.147458
0.587961	0.17545
0.588556	0.203314
0.589148	0.231051
0.589738	0.258662
0.590325	0.286149
0.59091	0.313512
0.591493	0.340752
0.592074	0.36787
0.592652	0.394869
0.593228	0.421747
0.593802	0.448508
0.594373	0.475151
0.594943	0.501678
0.59551	0.52809
0.596075	0.554387
0.596638	0.58057
0.597199	0.606642
0.597758	0.632602
0.598314	0.658451
0.598868	0.684191
0.599421	0.709823
0.599971	0.735347
0.600519	0.760764
0.601066	0.786075
0.60161	0.81128
0.602152	0.836381
0.602693	0.861379
0.603231	0.886275
0.603768	0.911068
0.604302	0.935761
0.604835	0.960354
0.605366	0.984847
0.605895	1.009242
0.606422	1.033539
0.606947	1.057739
0.60747	1.081842
0.607992	1.105851
0.608512	1.129764
0.60903	1.153584
0.609546	1.17731
0.61006	1.200944
0.610573	1.224486
0.611084	1.247937
0.611593	1.271297
0.612101	1.294568
0.612607	1.317749
0.613111	1.340842
0.613613	1.363847
0.614114	1.386765
0.614614	1.409597
0.615112	1.432343
0.615608	1.455004
0.616102	1.47758
0.616594	1.500072
0.617085	1.522481
0.617575	1.544808
0.618063	1.567052
0.61855	1.589215
0.619035	1.611297
0.619518	1.633298
0.62	1.65522
0.62048	1.677063
0.620959	1.698827
0.621436	1.720513
0.621912	1.742121
0.622387	1.763652
0.62286	1.785107
0.623332	1.806486
0.623802	1.82779
0.624271	1.849019
0.624738	1.870173
0.625204	1.891254
0.625668	1.912261
0.626131	1.933196
0.626593	1.954058
0.627053	1.974848
0.627512	1.995567
0.627969	2.016216
0.628426	2.036793
0.628881	2.057301
0.629334	2.07774
0.629787	2.098109
0.630237	2.11841
0.630687	2.138643
0.631135	2.158808
0.631582	2.178906
0.632028	2.198938
0.632473	2.218903
0.632916	2.238802
0.633358	2.258636
0.633799	2.278405
0.634238	2.298109
0.634676	2.317749
0.635113	2.337325
0.635549	2.356838
0.635984	2.376288
0.636417	2.395676
0.636849	2.415001
0.63728	2.434264
0.63771	2.453466
0.638139	2.472607
0.638566	2.491687
0.638993	2.510707
0.639418	2.529668
0.639842	2.548568
0.640265	2.56741
0.640687	2.586193
0.641108	2.604918
0.641527	2.623584
0.641946	2.642193
0.642363	2.660744
0.64278	2.679239
0.643195	2.697676
0.643608	2.716058
0.644021	2.734384
0.644433	2.752654
0.644844	2.770869
0.645254	2.789028
0.645663	2.807133
0.646071	2.825183
0.646477	2.84318
0.646883	2.861123
0.647288	2.879013
0.647691	2.896849
0.648094	2.914634
0.648495	2.932365
0.648896	2.950044
0.649295	2.967671
0.649694	2.985247
0.650091	3.002772
0.650488	3.020246
0.650883	3.037669
0.651278	3.055041
0.651672	3.072364
0.652064	3.089636
0.652456	3.106859
0.652847	3.124033
0.653237	3.141158
0.653625	-3.124951
0.654013	-3.107923
0.6544	-3.090943
0.654786	-3.074011
0.655171	-3.057127
0.655555	-3.04029
0.655938	-3.023499
0.65632	-3.006756
0.656702	-2.99006
0.657082	-2.97341
0.657462	-2.956806
0.657841	-2.940248
0.658219	-2.923735
0.658596	-2.907268
0.658972	-2.890846
0.659347	-2.874468
0.659722	-2.858135
0.660095	-2.841846
0.660468	-2.825602
0.66084	-2.809401
0.661211	-2.793244
0.661581	-2.777131
0.66195	-2.76106
0.662319	-2.745033
0.662686	-2.729048
0.663053	-2.713106
0.663419	-2.697207
0.663784	-2.681349
0.664148	-2.665533
0.664512	-2.649759
0.664874	-2.634026
0.665236	-2.618334
0.665597	-2.602684
0.665957	-2.587074
0.666317	-2.571506
0.666676	-2.555977
0.667034	-2.540488
0.667391	-2.525039
0.667747	-2.50963
0.668103	-2.49426
0.668458	-2.47893
0.668811	-2.46364
0.669164	-2.448388
0.669516	-2.433175
0.669868	-2.418001
0.670219	-2.402864
0.670569	-2.387766
0.670919	-2.372706
0.671268	-2.357684
0.671616	-2.342699
0.671964	-2.327752
0.67231	-2.312842
0.672655	-2.297969
0.673	-2.283134
0.673344	-2.268335
0.673688	-2.253572
0.674031	-2.238846
0.674373	-2.224156
0.674715	-2.209502
0.675056	-2.194884
0.675396	-2.180301
0.675735	-2.165754
0.676074	-2.151243
0.676412	-2.136766
0.676749	-2.122324
0.677085	-2.107917
0.677421	-2.093545
0.677756	-2.079207
0.678091	-2.064904
0.678425	-2.050635
0.678758	-2.036401
0.679091	-2.022199
0.679423	-2.008032
0.679754	-1.993898
0.680085	-1.979798
0.680414	-1.96573
0.680743	-1.951696
0.681072	-1.937694
0.681399	-1.923726
0.681727	-1.90979
0.682053	-1.895886
0.68238	-1.882016
0.682705	-1.868177
0.68303	-1.85437
0.683354	-1.840595
0.683677	-1.826852
0.684	-1.81314
0.684322	-1.79946
0.684643	-1.785811
0.684964	-1.772194
0.685285	-1.758607
0.685605	-1.745051
0.685924	-1.731526
0.686243	-1.718032
0.68656	-1.704568
0.686877	-1.691134
0.687194	-1.677731
0.68751	-1.664358
0.687826	-1.651015
0.688141	-1.637702
0.688455	-1.624418
0.688768	-1.611164
0.689081	-1.59794
0.689394	-1.584744
0.689706	-1.571578
0.690017	-1.55844
0.690328	-1.545332
0.690638	-1.532253
0.690948	-1.519202
0.691257	-1.50618
0.691566	-1.493186
0.691874	-1.480221
0.692181	-1.467284
0.692487	-1.454375
0.692793	-1.441494
0.693099	-1.428641
0.693404	-1.415815
0.693709	-1.403017
0.694013	-1.390246
0.694317	-1.377503
0.694619	-1.364787
0.694921	-1.352099
0.695223	-1.339437
0.695525	-1.326802
0.695826	-1.314194
0.696126	-1.301613
0.696426	-1.289059
0.696725	-1.276531
0.697023	-1.264029
0.697321	-1.251553
0.697618	-1.239103
0.697915	-1.22668
0.698212	-1.214282
0.698508	-1.201911
0.698804	-1.189565
0.699099	-1.177245
0.699393	-1.16495
0.699687	-1.152681
0.69998	-1.140437
0.700273	-1.128218
0.700566	-1.116024
0.700858	-1.103856
0.701149	-1.091712
0.70144	-1.079593
0.701731	-1.067499
0.702021	-1.05543
0.70231	-1.043385
0.702599	-1.031364
0.702887	-1.019368
0.703175	-1.007396
0.703463	-0.995448
0.70375	-0.983524
0.704036	-0.971623
0.704322	-0.959747
0.704607	-0.947895
0.704892	-0.936067
0.705177	-0.924261
0.705461	-0.912479
0.705744	-0.900721
0.706027	-0.888986
0.70631	-0.877275
0.706592	-0.865587
0.706874	-0.853921
0.707156	-0.842278
0.707437	-0.830658
0.707717	-0.819061
0.707996	-0.807487
0.708275	-0.795935
0.708554	-0.784406
0.708833	-0.772899
0.709111	-0.761415
0.709388	-0.749952
0.709665	-0.738512
0.709942	-0.727094
0.710218	-0.715698
0.710494	-0.704324
0.710769	-0.692972
0.711044	-0.681641
0.711318	-0.670332
0.711592	-0.659045
0.711866	-0.64778
0.712139	-0.636536
0.712412	-0.625313
0.712685	-0.614112
0.712956	-0.602931
0.713228	-0.591772
0.713499	-0.580634
0.713769	-0.569517
0.71404	-0.55842
0.714309	-0.547344
0.714578	-0.53629
0.714847	-0.525255
0.715115	-0.514242
0.715383	-0.503249
0.715651	-0.492277
0.715918	-0.481325
0.716185	-0.470393
0.716451	-0.459481
0.716717	-0.448589
0.716982	-0.437718
0.717247	-0.426867
0.717512	-0.416035
0.717776	-0.405223
0.71804	-0.394431
0.718303	-0.383659
0.718567	-0.372907
0.71883	-0.362174
0.719092	-0.351461
0.719354	-0.340766
0.719615	-0.330092
0.719876	-0.319437
0.720136	-0.308801
0.720396	-0.298184
0.720656	-0.287586
0.720916	-0.277007
0.721175	-0.266447
0.721434	-0.255907
0.721692	-0.245385
0.72195	-0.234882
0.722207	-0.224397
0.722464	-0.213931
0.722721	-0.203484
0.722977	-0.193055
0.723234	-0.182645
0.723489	-0.172253
0.723745	-0.16188
0.723999	-0.151525
0.724254	-0.141188
0.724507	-0.130869
0.724761	-0.120568
0.725015	-0.110285
0.725268	-0.10002
0.72552	-0.089773
0.725773	-0.079544
0.726025	-0.069333
0.726276	-0.059139
0.726527	-0.048963
0.726778	-0.038805
0.727028	-0.028664
0.727278	-0.018541
0.727528	-0.008435
0.727777	0.001653
0.728026	0.011725
0.728275	0.021779
0.728523	0.031816
0.72877	0.041836
0.729018	0.051838
0.729265	0.061823
0.729512	0.071792
0.729759	0.081743
0.730005	0.091678
0.730251	0.101597
0.730496	0.111498
0.730741	0.121382
0.730986	0.13125
0.73123	0.141101
0.731474	0.150936
0.731718	0.160754
0.731961	0.170557
0.732204	0.180342
0.732447	0.190112
0.732689	0.199864
0.732931	0.209601
0.733173	0.219322
0.733415	0.229026
0.733656	0.238714
0.733896	0.248387
0.734136	0.258043
0.734376	0.267683
0.734615	0.277308
0.734855	0.286916
0.735094	0.296509
0.735333	0.306087
0.735571	0.315648
0.735809	0.325194
0.736047	0.334725
0.736284	0.34424
0.736521	0.353739
0.736757	0.363223
0.736994	0.372692
0.73723	0.382146
0.737466	0.391584
0.737701	0.401007
0.737937	0.410415
0.738172	0.419808
0.738406	0.429185
0.738639	0.438547
0.738873	0.447895
0.739107	0.457227
0.73934	0.466545
0.739573	0.475848
0.739806	0.485136
0.740038	0.494409
0.74027	0.503668
0.740501	0.512911
0.740732	0.52214
0.740964	0.531355
0.741195	0.540555
0.741425	0.549741
0.741655	0.558912
0.741885	0.568069
0.742114	0.577211
0.742343	0.586339
0.742573	0.595453
0.742801	0.604552
0.74303	0.613638
0.743258	0.622709
0.743485	0.631767
0.743712	0.640809
0.743939	0.649838
0.744166	0.658853
0.744393	0.667854
0.744619	0.676841
0.744845	0.685815
0.745071	0.694774
0.745296	0.70372
0.745521	0.712651
0.745746	0.721569
0.745971	0.730474
0.746195	0.739365
0.746418	0.748243
0.746642	0.757107
0.746865	0.765957
0.747088	0.774794
0.747311	0.783617
0.747533	0.792427
0.747755	0.801224
0.747977	0.810008
0.748199	0.818778
0.74842	0.827535
0.748642	0.836279
0.748862	0.845009
0.749083	0.853727
0.749303	0.862431
0.749523	0.871122
0.749742	0.879801
0.749962	0.888466
0.750181	0.897119
0.750399	0.905759
0.750618	0.914386
0.750836	0.923
0.751054	0.931601
0.751272	0.940189
0.75149	0.948765
0.751707	0.957327
0.751924	0.965878
0.752141	0.974415
0.752357	0.982941
0.752573	0.991454
0.752789	0.999954
0.753005	1.008442
0.75322	1.016917
0.753435	1.02538
0.75365	1.033831
0.753864	1.042269
0.754079	1.050695
0.754293	1.059108
0.754507	1.067509
0.75472	1.075899
0.754933	1.084276
0.755146	1.092641
0.755358	1.100994
0.755571	1.109335
0.755783	1.117664
0.755995	1.12598
0.756207	1.134285
0.756419	1.142578
0.75663	1.150859
0.75684	1.159128
0.757051	1.167386
0.757261	1.175631
0.757471	1.183865
0.757681	1.192087
0.757891	1.200298
0.758101	1.208497
0.75831	1.216684
0.758518	1.224859
0.758727	1.233023
0.758936	1.241175
0.759144	1.249316
0.759352	1.257445
0.759559	1.265563
0.759766	1.27367
0.759974	1.281765
0.760181	1.289849
0.760388	1.297922
0.760594	1.305983
0.760801	1.314032
0.761006	1.322071
0.761212	1.330098
0.761417	1.338114
0.761622	1.346119
0.761827	1.354113
0.762032	1.362096
0.762236	1.370068
0.76244	1.378029
0.762645	1.385978
0.762849	1.393917
0.763052	1.401845
0.763256	1.409762
0.763459	1.417668
0.763662	1.425563
0.763864	1.433448
0.764066	1.441322
0.764268	1.449184
0.76447	1.457036
0.764672	1.464877
0.764874	1.472708
0.765075	1.480528
0.765276	1.488337
0.765477	1.496136
0.765677	1.503924
0.765878	1.511702
0.766078	1.519469
0.766277	1.527225
0.766477	1.534971
0.766676	1.542706
0.766876	1.550432
0.767075	1.558147
0.767273	1.565851
0.767472	1.573545
0.767669	1.581229
0.767867	1.588902
0.768065	1.596565
0.768263	1.604217
0.76846	1.61186
0.768657	1.619493
0.768854	1.627115
0.769051	1.634727
0.769248	1.642329
0.769444	1.649921
0.76964	1.657503
0.769835	1.665075
0.770031	1.672637
0.770227	1.680188
0.770422	1.68773
0.770617	1.695262
0.770812	1.702785
0.771006	1.710297
0.7712	1.717799
0.771394	1.725292
0.771588	1.732774
0.771781	1.740247
0.771975	1.74771
0.772168	1.755163
0.772361	1.762607
0.772554	1.77004
0.772747	1.777464
0.772939	1.784879
0.773131	1.792284
0.773323	1.799679
0.773515	1.807065
0.773706	1.814442
0.773898	1.821808
0.774089	1.829166
0.77428	1.836513
0.774471	1.843851
0.774661	1.85118
0.774851	1.858499
0.775041	1.865809
0.775231	1.87311
0.775421	1.880401
0.77561	1.887683
0.7758	1.894956
0.775989	1.902219
0.776178	1.909473
0.776367	1.916717
0.776555	1.923953
0.776743	1.931179
0.776931	1.938396
0.777119	1.945604
0.777307	1.952803
0.777494	1.959993
0.777681	1.967174
0.777868	1.974346
0.778055	1.981508
0.778242	1.988661
0.778428	1.995806
0.778614	2.002942
0.7788	2.010068
0.778986	2.017186
0.779172	2.024295
0.779357	2.031395
0.779543	2.038486
0.779727	2.045568
0.779912	2.052641
0.780096	2.059705
0.780281	2.066761
0.780466	2.073807
0.78065	2.080846
0.780834	2.087875
0.781018	2.094896
0.781201	2.101908
0.781384	2.108911
0.781567	2.115905
0.78175	2.122892
0.781933	2.129869
0.782115	2.136838
0.782298	2.143798
0.78248	2.15075
0.782662	2.157693
0.782843	2.164627
0.783025	2.171554
0.783207	2.178471
0.783388	2.185381
0.783569	2.192281
0.78375	2.199173
0.78393	2.206057
0.78411	2.212933
0.784291	2.2198
0.784471	2.226659
0.784651	2.233509
0.784831	2.240351
0.785011	2.247185
0.78519	2.25401
0.785369	2.260827
0.785548	2.267636
0.785727	2.274437
0.785906	2.28123
0.786084	2.288014
0.786262	2.294791
0.78644	2.301559
0.786618	2.308319
0.786796	2.315071
0.786973	2.321815
0.787151	2.328551
0.787328	2.335279
0.787505	2.341999
0.787682	2.34871
0.787859	2.355414
0.788035	2.362109
0.788211	2.368797
0.788387	2.375477
0.788563	2.382149
0.788739	2.388813
0.788915	2.395469
0.78909	2.402117
0.789265	2.408757
0.78944	2.41539
0.789615	2.422014
0.78979	2.428631
0.789964	2.43524
0.790139	2.441841
0.790313	2.448435
0.790487	2.455021
0.790661	2.461599
0.790835	2.468169
0.791008	2.474731
0.791181	2.481286
0.791354	2.487833
0.791527	2.494373
0.7917	2.500905
0.791872	2.507429
0.792045	2.513946
0.792217	2.520456
0.79239	2.526958
0.792562	2.533451
0.792733	2.539938
0.792905	2.546417
0.793076	2.552888
0.793247	2.559352
0.793419	2.565809
0.79359	2.572258
0.79376	2.5787
0.793931	2.585134
0.794101	2.591561
0.794272	2.59798
0.794442	2.604392
0.794612	2.610797
0.794782	2.617195
0.794951	2.623585
0.795121	2.629967
0.79529	2.636343
0.795459	2.642711
0.795628	2.649072
0.795797	2.655426
0.795965	2.661773
0.796134	2.668112
0.796302	2.674443
0.79647	2.680768
0.796638	2.687086
0.796806	2.693396
0.796974	2.699699
0.797141	2.705996
0.797309	2.712285
0.797476	2.718567
0.797642	2.724841
0.797809	2.731109
0.797976	2.73737
0.798142	2.743624
0.798309	2.74987
0.798475	2.75611
0.798642	2.762343
0.798808	2.768569
0.798973	2.774788
0.799139	2.780999
0.799304	2.787204
0.799469	2.793402
0.799634	2.799592
0.7998	2.805776
0.799964	2.811953
0.800129	2.818124
0.800293	2.824288
0.800457	2.830444
0.800621	2.836594
0.800785	2.842737
0.800949	2.848872
0.801113	2.855002
0.801277	2.861125
0.801441	2.867241
0.801604	2.87335
0.801766	2.879452
0.801929	2.885547
0.802092	2.891636
0.802255	2.897718
0.802417	2.903794
0.80258	2.909863
0.802742	2.915925
0.802904	2.921981
0.803066	2.928029
0.803228	2.934071
0.803389	2.940107
0.80355	2.946136
0.803712	2.952158
0.803873	2.958174
0.804034	2.964183
0.804195	2.970186
0.804355	2.976183
0.804516	2.982172
0.804676	2.988156
0.804836	2.994133
0.804996	3.000103
0.805156	3.006067
0.805316	3.012024
0.805476	3.017975
0.805636	3.02392
0.805795	3.029858
0.805954	3.03579
0.806113	3.041715
0.806272	3.047633
0.80643	3.053546
0.806589	3.059452
0.806747	3.065352
0.806906	3.071246
0.807064	3.077133
0.807222	3.083014
0.80738	3.088889
0.807538	3.094757
0.807695	3.100619
0.807853	3.106475
0.808011	3.112324
0.808168	3.118167
0.808325	3.124004
0.808481	3.129835
0.808638	3.13566
0.808795	3.141479
0.808952	-3.135894
0.809108	-3.130088
0.809264	-3.124288
0.80942	-3.118494
0.809576	-3.112706
0.809731	-3.106925
0.809887	-3.101149
0.810042	-3.09538
0.810198	-3.089616
0.810353	-3.083859
0.810508	-3.078108
0.810663	-3.072362
0.810818	-3.066623
0.810972	-3.06089
0.811127	-3.055163
0.811281	-3.049442
0.811436	-3.043727
0.81159	-3.038017
0.811744	-3.032314
0.811898	-3.026617
0.812052	-3.020926
0.812205	-3.015241
0.812358	-3.009561
0.812511	-3.003888
0.812664	-2.99822
0.812817	-2.992558
0.81297	-2.986902
0.813123	-2.981252
0.813275	-2.975608
0.813428	-2.969969
0.81358	-2.964337
0.813733	-2.95871
0.813885	-2.953089
0.814036	-2.947474
0.814188	-2.941865
0.81434	-2.936262
0.814492	-2.930664
0.814643	-2.925072
0.814794	-2.919486
0.814945	-2.913905
0.815096	-2.908331
0.815247	-2.902762
0.815398	-2.897199
0.815548	-2.891642
0.815698	-2.886089
0.815849	-2.880543
0.815999	-2.875002
0.816149	-2.869468
0.816299	-2.863939
0.816449	-2.858415
0.816599	-2.852897
0.816748	-2.847385
0.816898	-2.841878
0.817047	-2.836376
0.817196	-2.830881
0.817345	-2.825391
0.817494	-2.819907
0.817643	-2.814428
0.817791	-2.808955
0.81794	-2.803487
0.818088	-2.798024
0.818236	-2.792568
0.818384	-2.787117
0.818532	-2.781672
0.81868	-2.776231
0.818829	-2.770796
0.818976	-2.765367
0.819124	-2.759943
0.819271	-2.754525
0.819418	-2.749112
0.819565	-2.743705
0.819712	-2.738303
0.819859	-2.732906
0.820005	-2.727514
0.820152	-2.722128
0.820298	-2.716748
0.820445	-2.711373
0.820591	-2.706004
0.820737	-2.700639
0.820883	-2.69528
0.821028	-2.689927
0.821174	-2.684578
0.82132	-2.679235
0.821465	-2.673897
0.821611	-2.668564
0.821757	-2.663237
0.821902	-2.657915
0.822046	-2.652599
0.822191	-2.647288
0.822336	-2.641982
0.82248	-2.636681
0.822625	-2.631385
0.822769	-2.626095
0.822913	-2.62081
0.823057	-2.61553
0.823202	-2.610255
0.823346	-2.604985
0.823489	-2.599721
0.823633	-2.594461
0.823776	-2.589207
0.82392	-2.583959
0.824063	-2.578715
0.824206	-2.573477
0.824349	-2.568243
0.824492	-2.563015
0.824635	-2.557791
0.824778	-2.552573
0.82492	-2.54736
0.825063	-2.542152
0.825205	-2.53695
0.825346	-2.531752
0.825489	-2.526559
0.825631	-2.521372
0.825773	-2.516189
0.825914	-2.511011
0.826056	-2.505838
0.826198	-2.50067
0.826339	-2.495508
0.82648	-2.49035
0.826622	-2.485198
0.826763	-2.48005
0.826903	-2.474908
0.827044	-2.46977
0.827185	-2.464637
0.827325	-2.459509
0.827466	-2.454387
0.827606	-2.449269
0.827746	-2.444156
0.827886	-2.439048
0.828026	-2.433945
0.828166	-2.428846
0.828305	-2.423753
0.828445	-2.418665
0.828585	-2.413581
0.828724	-2.408502
0.828864	-2.403428
0.829003	-2.398359
0.829142	-2.393295
0.82928	-2.388236
0.829419	-2.383181
0.829558	-2.378132
0.829697	-2.373087
0.829835	-2.368047
0.829973	-2.363012
0.830111	-2.357981
0.830249	-2.352956
0.830388	-2.347935
0.830526	-2.342918
0.830663	-2.337907
0.830801	-2.332901
0.830939	-2.327899
0.831076	-2.322902
0.831213	-2.317909
0.831351	-2.312922
0.831488	-2.307939
0.831625	-2.30296
0.831761	-2.297987
0.831898	-2.293018
0.832035	-2.288054
0.832172	-2.283094
0.832308	-2.278139
0.832445	-2.273189
0.832581	-2.268243
0.832716	-2.263302
0.832852	-2.258366
0.832988	-2.253435
0.833124	-2.248508
0.83326	-2.243585
0.833396	-2.238667
0.833531	-2.233754
0.833667	-2.228845
0.833802	-2.223941
0.833937	-2.219042
0.834072	-2.214147
0.834207	-2.209257
0.834342	-2.204371
0.834476	-2.19949
0.834611	-2.194613
0.834745	-2.189741
0.83488	-2.184873
0.835014	-2.18001
0.835148	-2.175152
0.835282	-2.170297
0.835416	-2.165448
0.83555	-2.160603
0.835684	-2.155762
0.835818	-2.150927
0.835951	-2.146095
0.836085	-2.141268
0.836218	-2.136445
0.836351	-2.131626
0.836484	-2.126812
0.836617	-2.122003
0.83675	-2.117198
0.836882	-2.112398
0.837015	-2.107602
0.837147	-2.10281
0.83728	-2.098023
0.837412	-2.09324
0.837545	-2.088461
0.837677	-2.083686
0.837809	-2.078917
0.837941	-2.074151
0.838073	-2.06939
0.838205	-2.064634
0.838336	-2.059882
0.838468	-2.055134
0.838599	-2.05039
0.838731	-2.045651
0.838862	-2.040916
0.838993	-2.036185
0.839124	-2.031459
0.839255	-2.026736
0.839386	-2.022019
0.839516	-2.017305
0.839647	-2.012596
0.839777	-2.007891
0.839907	-2.00319
0.840037	-1.998493
0.840168	-1.993801
0.840298	-1.989113
0.840428	-1.98443
0.840558	-1.979751
0.840687	-1.975075
0.840817	-1.970404
0.840946	-1.965737
0.841076	-1.961075
0.841206	-1.956417
0.841335	-1.951762
0.841464	-1.947112
0.841593	-1.942466
0.841723	-1.937825
0.841851	-1.933187
0.84198	-1.928554
0.842109	-1.923924
0.842237	-1.9193
0.842366	-1.914679
0.842494	-1.910062
0.842622	-1.90545
0.84275	-1.900842
0.842878	-1.896237
0.843007	-1.891637
0.843134	-1.88704
0.843262	-1.882448
0.843389	-1.877861
0.843517	-1.873277
0.843644	-1.868697
0.843772	-1.864122
0.843899	-1.85955
0.844027	-1.854983
0.844154	-1.850419
0.844281	-1.84586
0.844407	-1.841305
0.844534	-1.836753
0.844661	-1.832206
0.844788	-1.827663
0.844914	-1.823124
0.845041	-1.818589
0.845167	-1.814058
0.845293	-1.809531
0.845419	-1.805008
0.845545	-1.800489
0.845671	-1.795974
0.845796	-1.791462
0.845922	-1.786955
0.846048	-1.782451
0.846173	-1.777952
0.846299	-1.773457
0.846424	-1.768966
0.84655	-1.764479
0.846675	-1.759996
0.8468	-1.755517
0.846925	-1.751041
0.847049	-1.746569
0.847174	-1.742101
0.847298	-1.737637
0.847423	-1.733177
0.847548	-1.728721
0.847672	-1.72427
0.847797	-1.719821
0.847921	-1.715377
0.848045	-1.710937
0.848169	-1.7065
0.848293	-1.702068
0.848416	-1.697639
0.84854	-1.693214
0.848664	-1.688793
0.848788	-1.684375
0.848911	-1.679962
0.849034	-1.675552
0.849157	-1.671147
0.84928	-1.666745
0.849403	-1.662348
0.849526	-1.657954
0.849649	-1.653563
0.849772	-1.649176
0.849895	-1.644793
0.850017	-1.640414
0.85014	-1.636038
0.850263	-1.631667
0.850385	-1.6273
0.850507	-1.622936
0.850629	-1.618576
0.850751	-1.614219
0.850873	-1.609867
0.850995	-1.605518
0.851117	-1.601173
0.851238	-1.596832
0.85136	-1.592494
0.851482	-1.58816
0.851603	-1.58383
0.851725	-1.579503
0.851846	-1.575181
0.851967	-1.570862
0.852088	-1.566547
0.852209	-1.562235
0.85233	-1.557927
0.852451	-1.553623
0.852571	-1.549322
0.852692	-1.545026
0.852812	-1.540733
0.852932	-1.536443
0.853052	-1.532157
0.853173	-1.527875
0.853293	-1.523597
0.853413	-1.519322
0.853534	-1.51505
0.853654	-1.510783
0.853773	-1.506519
0.853893	-1.502258
0.854013	-1.498002
0.854132	-1.493749
0.854252	-1.489499
0.854371	-1.485253
0.85449	-1.481011
0.854609	-1.476772
0.854728	-1.472537
0.854847	-1.468306
0.854965	-1.464078
0.855084	-1.459853
0.855203	-1.455632
0.855322	-1.451415
0.855441	-1.447202
0.85556	-1.442992
0.855678	-1.438786
0.855796	-1.434583
0.855914	-1.430384
0.856032	-1.426188
0.85615	-1.421995
0.856268	-1.417806
0.856386	-1.413621
0.856504	-1.409439
0.856622	-1.405261
0.856739	-1.401087
0.856857	-1.396915
0.856974	-1.392748
0.857091	-1.388583
0.857208	-1.384423
0.857326	-1.380266
0.857443	-1.376112
0.85756	-1.371962
0.857677	-1.367815
0.857794	-1.363672
0.85791	-1.359532
0.858027	-1.355396
0.858144	-1.351263
0.85826	-1.347133
0.858377	-1.343007
0.858493	-1.338884
0.858609	-1.334765
0.858725	-1.330649
0.858841	-1.326537
0.858957	-1.322429
0.859073	-1.318324
0.859189	-1.314222
0.859304	-1.310123
0.85942	-1.306028
0.859536	-1.301936
0.859651	-1.297847
0.859767	-1.293762
0.859882	-1.289681
0.859997	-1.285603
0.860113	-1.281528
0.860228	-1.277457
0.860343	-1.273388
0.860457	-1.269323
0.860572	-1.265263
0.860686	-1.261205
0.860801	-1.25715
0.860916	-1.253099
0.86103	-1.249051
0.861144	-1.245006
0.861259	-1.240965
0.861373	-1.236927
0.861487	-1.232893
0.861601	-1.228861
0.861715	-1.224834
0.861829	-1.220809
0.861943	-1.216788
0.862057	-1.21277
0.86217	-1.208754
0.862284	-1.204743
0.862397	-1.200735
0.862511	-1.19673
0.862624	-1.192729
0.862738	-1.18873
0.862851	-1.184735
0.862964	-1.180743
0.863077	-1.176755
0.86319	-1.17277
0.863302	-1.168788
0.863415	-1.164809
0.863528	-1.160834
0.863641	-1.156862
0.863753	-1.152893
0.863865	-1.148927
0.863978	-1.144965
0.86409	-1.141006
0.864202	-1.13705
0.864314	-1.133097
0.864426	-1.129147
0.864538	-1.125201
0.86465	-1.121257
0.864761	-1.117318
0.864873	-1.113381
0.864985	-1.109447
0.865097	-1.105517
0.865208	-1.10159
0.86532	-1.097666
0.865431	-1.093745
0.865542	-1.089828
0.865653	-1.085913
0.865764	-1.082002
0.865875	-1.078094
0.865986	-1.074189
0.866097	-1.070287
0.866208	-1.066389
0.866318	-1.062494
0.866429	-1.058601
0.86654	-1.054712
0.866651	-1.050826
0.866761	-1.046943
0.866871	-1.043063
0.866981	-1.039187
0.867091	-1.035314
0.867201	-1.031443
0.867311	-1.027576
0.867421	-1.023712
0.867531	-1.019851
0.86764	-1.015992
0.86775	-1.012137
0.867859	-1.008286
0.867969	-1.004437
0.868079	-1.000592
0.868188	-0.99675
0.868298	-0.99291
0.868407	-0.989074
0.868516	-0.98524
0.868625	-0.98141
0.868734	-0.977583
0.868843	-0.973759
0.868951	-0.969938
0.86906	-0.966121
0.869168	-0.962306
0.869277	-0.958494
0.869385	-0.954685
0.869494	-0.950879
0.869603	-0.947076
0.869711	-0.943277
0.869819	-0.93948
0.869928	-0.935687
0.870036	-0.931896
0.870144	-0.928108
0.870251	-0.924324
0.870359	-0.920542
0.870467	-0.916764
0.870575	-0.912988
0.870683	-0.909215
0.87079	-0.905446
0.870898	-0.901679
0.871005	-0.897916
0.871112	-0.894155
0.871219	-0.890397
0.871326	-0.886643
0.871433	-0.882891
0.87154	-0.879143
0.871647	-0.875397
0.871754	-0.871654
0.871861	-0.867914
0.871967	-0.864177
0.872074	-0.860443
0.872181	-0.856712
0.872287	-0.852985
0.872394	-0.84926
0.8725	-0.845538
0.872606	-0.841819
0.872712	-0.838102
0.872818	-0.834389
0.872924	-0.830678
0.87303	-0.826971
0.873136	-0.823266
0.873242	-0.819565
0.873348	-0.815867
0.873454	-0.812171
0.873559	-0.808477
0.873665	-0.804787
0.87377	-0.8011
0.873876	-0.797416
0.873981	-0.793735
0.874086	-0.790056
0.874191	-0.786381
0.874296	-0.782708
0.874401	-0.779039
0.874506	-0.775372
0.874611	-0.771708
0.874715	-0.768046
0.87482	-0.764388
0.874925	-0.760732
0.87503	-0.757079
0.875134	-0.75343
0.875238	-0.749783
0.875343	-0.746139
0.875447	-0.742498
0.875551	-0.73886
0.875655	-0.735224
0.875759	-0.731591
0.875863	-0.727961
0.875967	-0.724334
0.876071	-0.72071
0.876175	-0.717089
0.876279	-0.71347
0.876382	-0.709854
0.876486	-0.706242
0.876589	-0.702632
0.876693	-0.699025
0.876797	-0.69542
0.8769	-0.691818
0.877003	-0.688219
0.877106	-0.684623
0.877209	-0.68103
0.877312	-0.677439
0.877415	-0.673851
0.877518	-0.670267
0.877621	-0.666684
0.877723	-0.663105
0.877826	-0.659528
0.877928	-0.655954
0.878031	-0.652383
0.878133	-0.648814
0.878236	-0.645249
0.878338	-0.641686
0.87844	-0.638126
0.878542	-0.634568
0.878644	-0.631014
0.878746	-0.627462
0.878848	-0.623912
0.87895	-0.620366
0.879052	-0.616822
0.879154	-0.613282
0.879255	-0.609743
0.879357	-0.606208
0.879459	-0.602675
0.87956	-0.599145
0.879662	-0.595618
0.879763	-0.592093
0.879864	-0.588572
0.879965	-0.585052
0.880066	-0.581536
0.880167	-0.578022
0.880268	-0.57451
0.880369	-0.571001
0.88047	-0.567496
0.880571	-0.563993
0.880672	-0.560493
0.880773	-0.556995
0.880873	-0.5535
0.880974	-0.550008
0.881074	-0.546518
0.881174	-0.543031
0.881274	-0.539547
0.881375	-0.536065
0.881475	-0.532586
0.881575	-0.52911
0.881675	-0.525636
0.881775	-0.522165
0.881875	-0.518696
0.881975	-0.51523
0.882074	-0.511767
0.882174	-0.508307
0.882273	-0.50485
0.882373	-0.501394
0.882473	-0.497942
0.882572	-0.494492
0.882671	-0.491044
0.882771	-0.487599
0.88287	-0.484157
0.882969	-0.480717
0.883068	-0.47728
0.883167	-0.473846
0.883266	-0.470415
0.883365	-0.466986
0.883464	-0.463559
0.883562	-0.460135
0.883661	-0.456714
0.883759	-0.453296
0.883858	-0.44988
0.883956	-0.446466
0.884055	-0.443055
0.884153	-0.439647
0.884252	-0.436241
0.88435	-0.432837
0.884448	-0.429437
0.884546	-0.426039
0.884644	-0.422644
0.884743	-0.419252
0.884841	-0.415861
0.884938	-0.412473
0.885036	-0.409088
0.885134	-0.405705
0.885231	-0.402325
0.885328	-0.398948
0.885426	-0.395572
0.885523	-0.3922
0.885621	-0.38883
0.885718	-0.385463
0.885815	-0.382098
0.885912	-0.378736
0.886009	-0.375376
0.886106	-0.372019
0.886203	-0.368664
0.8863	-0.365312
0.886397	-0.361963
0.886494	-0.358615
0.886591	-0.35527
0.886688	-0.351928
0.886784	-0.348589
0.88688	-0.345252
0.886977	-0.341917
0.887073	-0.338585
0.88717	-0.335256
0.887266	-0.331928
0.887362	-0.328604
0.887458	-0.325281
0.887554	-0.321962
0.88765	-0.318644
0.887746	-0.31533
0.887842	-0.312018
0.887938	-0.308708
0.888034	-0.305401
0.88813	-0.302096
0.888225	-0.298794
0.888321	-0.295494
0.888416	-0.292197
0.888511	-0.288902
0.888607	-0.285609
0.888702	-0.282319
0.888797	-0.279032
0.888892	-0.275747
0.888987	-0.272464
0.889082	-0.269183
0.889177	-0.265905
0.889272	-0.26263
0.889367	-0.259357
0.889462	-0.256087
0.889557	-0.25282
0.889652	-0.249554
0.889746	-0.246291
0.889841	-0.24303
0.889935	-0.239772
0.89003	-0.236516
0.890124	-0.233262
0.890218	-0.230011
0.890312	-0.226763
0.890406	-0.223516
0.8905	-0.220273
0.890594	-0.217031
0.890688	-0.213792
0.890782	-0.210556
0.890876	-0.207321
0.89097	-0.20409
0.891064	-0.20086
0.891158	-0.197634
0.891251	-0.194409
0.891345	-0.191187
0.891438	-0.187966
0.891532	-0.184749
0.891625	-0.181534
0.891718	-0.178321
0.891811	-0.175111
0.891904	-0.171903
0.891997	-0.168697
0.892091	-0.165494
0.892184	-0.162293
0.892277	-0.159094
0.89237	-0.155898
0.892462	-0.152705
0.892555	-0.149513
0.892647	-0.146325
0.89274	-0.143138
0.892832	-0.139954
0.892925	-0.136771
0.893017	-0.133591
0.89311	-0.130414
0.893202	-0.12724
0.893295	-0.124067
0.893387	-0.120897
0.893479	-0.117728
0.893571	-0.114563
0.893663	-0.111399
0.893755	-0.108239
0.893847	-0.10508
0.893939	-0.101924
0.89403	-0.098769
0.894122	-0.095618
0.894214	-0.092468
0.894306	-0.089321
0.894397	-0.086176
0.894488	-0.083033
0.89458	-0.079893
0.894671	-0.076756
0.894763	-0.07362
0.894854	-0.070487
0.894945	-0.067356
0.895036	-0.064227
0.895127	-0.061101
0.895218	-0.057976
0.895309	-0.054855
0.8954	-0.051735
0.89549	-0.048617
0.895581	-0.045502
0.895672	-0.04239
0.895762	-0.03928
0.895853	-0.036172
0.895943	-0.033066
0.896034	-0.029962
0.896124	-0.02686
0.896214	-0.023761
0.896305	-0.020664
0.896395	-0.01757
0.896485	-0.014478
0.896575	-0.011388
0.896666	-0.0083
0.896756	-0.005215
0.896845	-0.002131
0.896935	0.00095
0.897025	0.004029
0.897114	0.007106
0.897204	0.01018
0.897293	0.013252
0.897383	0.016321
0.897473	0.019389
0.897562	0.022455
0.897652	0.025518
0.897741	0.028579
0.89783	0.031638
0.897919	0.034694
0.898009	0.037748
0.898098	0.0408
0.898187	0.04385
0.898276	0.046898
0.898365	0.049943
0.898453	0.052987
0.898542	0.056028
0.898631	0.059067
0.89872	0.062103
0.898808	0.065137
0.898897	0.06817
0.898985	0.0712
0.899074	0.074227
0.899162	0.077253
0.899251	0.080277
0.899339	0.083298
0.899428	0.086317
0.899516	0.089333
0.899604	0.092348
0.899692	0.095361
0.899779	0.098371
0.899867	0.101379
0.899955	0.104385
0.900043	0.107389
0.900131	0.11039
0.900219	0.11339
0.900306	0.116388
0.900394	0.119383
0.900481	0.122376
0.900569	0.125366
0.900656	0.128355
0.900744	0.131342
0.900831	0.134326
0.900918	0.137308
0.901005	0.140288
0.901092	0.143266
0.90118	0.146242
0.901267	0.149215
0.901354	0.152187
0.90144	0.155156
0.901527	0.158123
0.901614	0.161088
0.9017	0.164051
0.901787	0.167012
0.901874	0.169971
0.901961	0.172928
0.902047	0.175882
0.902134	0.178834
0.90222	0.181784
0.902307	0.184732
0.902393	0.187678
0.902479	0.190622
0.902566	0.193564
0.902652	0.196503
0.902738	0.19944
0.902824	0.202375
0.90291	0.205309
0.902996	0.20824
0.903081	0.211169
0.903167	0.214096
0.903253	0.217021
0.903338	0.219944
0.903424	0.222864
0.90351	0.225783
0.903595	0.2287
0.90368	0.231614
0.903766	0.234526
0.903851	0.237436
0.903936	0.240344
0.904022	0.24325
0.904107	0.246154
0.904192	0.249056
0.904277	0.251956
0.904362	0.254854
0.904447	0.25775
0.904532	0.260643
0.904617	0.263535
0.904702	0.266424
0.904786	0.269311
0.904871	0.272196
0.904956	0.27508
0.90504	0.277961
0.905125	0.28084
0.905209	0.283717
0.905293	0.286592
0.905378	0.289465
0.905462	0.292336
0.905546	0.295205
0.90563	0.298072
0.905715	0.300937
0.905799	0.3038
0.905883	0.30666
0.905967	0.309519
0.906051	0.312376
0.906135	0.31523
0.906219	0.318083
0.906302	0.320934
0.906386	0.323782
0.90647	0.326628
0.906553	0.329472
0.906637	0.332315
0.90672	0.335156
0.906804	0.337994
0.906887	0.340831
0.90697	0.343665
0.907053	0.346497
0.907137	0.349327
0.90722	0.352155
0.907304	0.354982
0.907387	0.357806
0.907469	0.360629
0.907552	0.363449
0.907635	0.366267
0.907718	0.369084
0.9078	0.371898
0.907883	0.37471
0.907966	0.37752
0.908049	0.380328
0.908132	0.383134
0.908214	0.385939
0.908296	0.388741
0.908378	0.391541
0.908461	0.39434
0.908543	0.397136
0.908626	0.399931
0.908708	0.402724
0.90879	0.405514
0.908872	0.408302
0.908954	0.411089
0.909036	0.413873
0.909118	0.416656
0.9092	0.419436
0.909282	0.422215
0.909364	0.424991
0.909445	0.427766
0.909527	0.430538
0.909609	0.433309
0.90969	0.436078
0.909771	0.438845
0.909853	0.44161
0.909935	0.444373
0.910017	0.447134
0.910098	0.449892
0.910179	0.452649
0.91026	0.455404
0.910341	0.458158
0.910422	0.460909
0.910503	0.463659
0.910584	0.466406
0.910665	0.469152
0.910746	0.471895
0.910827	0.474636
0.910908	0.477375
0.910989	0.480113
0.91107	0.482849
0.91115	0.485583
0.911231	0.488315
0.911311	0.491045
0.911391	0.493772
0.911472	0.496499
0.911553	0.499223
0.911633	0.501946
0.911713	0.504666
0.911793	0.507384
0.911873	0.510101
0.911953	0.512815
0.912034	0.515528
0.912114	0.518238
0.912194	0.520947
0.912274	0.523654
0.912353	0.526359
0.912433	0.529063
0.912513	0.531764
0.912592	0.534463
0.912672	0.537161
0.912751	0.539856
0.912831	0.542549
0.912911	0.545241
0.91299	0.547931
0.91307	0.550619
0.913149	0.553305
0.913229	0.555989
0.913308	0.558672
0.913387	0.561352
0.913466	0.564031
0.913545	0.566707
0.913624	0.569382
0.913703	0.572055
0.913782	0.574725
0.913861	0.577395
0.91394	0.580062
0.914018	0.582728
0.914097	0.585391
0.914176	0.588053
0.914255	0.590713
0.914334	0.59337
0.914412	0.596026
0.914491	0.59868
0.914569	0.601333
0.914647	0.603983
0.914725	0.606632
0.914804	0.609279
0.914882	0.611924
0.91496	0.614567
0.915038	0.617208
0.915116	0.619848
0.915195	0.622485
0.915273	0.625121
0.915351	0.627755
0.915429	0.630386
0.915507	0.633016
0.915584	0.635644
0.915662	0.638271
0.915739	0.640896
0.915817	0.643519
0.915895	0.646139
0.915973	0.648758
0.91605	0.651375
0.916128	0.653991
0.916205	0.656605
0.916283	0.659217
0.91636	0.661827
0.916437	0.664435
0.916514	0.667041
0.916591	0.669646
0.916668	0.672248
0.916745	0.674849
0.916822	0.677448
0.916899	0.680045
0.916976	0.68264
0.917053	0.685234
0.91713	0.687825
0.917206	0.690415
0.917283	0.693003
0.91736	0.69559
0.917437	0.698174
0.917513	0.700757
0.91759	0.703338
0.917666	0.705917
0.917743	0.708495
0.917819	0.71107
0.917895	0.713644
0.917972	0.716216
0.918048	0.718786
0.918124	0.721354
0.9182	0.723921
0.918276	0.726486
0.918352	0.729049
0.918428	0.73161
0.918504	0.734169
0.91858	0.736727
0.918656	0.739282
0.918732	0.741836
0.918807	0.744388
0.918883	0.746939
0.918959	0.749488
0.919034	0.752035
0.91911	0.75458
0.919185	0.757123
0.91926	0.759664
0.919336	0.762204
0.919412	0.764743
0.919487	0.767279
0.919562	0.769814
0.919637	0.772346
0.919712	0.774877
0.919787	0.777407
0.919863	0.779934
0.919938	0.78246
0.920013	0.784984
0.920088	0.787506
0.920162	0.790026
0.920237	0.792545
0.920312	0.795062
0.920386	0.797577
0.920461	0.800091
0.920535	0.802602
0.92061	0.805112
0.920685	0.807621
0.920759	0.810127
0.920834	0.812631
0.920908	0.815134
0.920983	0.817636
0.921057	0.820136
0.921131	0.822633
0.921205	0.825129
0.92128	0.827623
0.921354	0.830115
0.921428	0.832606
0.921502	0.835096
0.921576	0.837583
0.921649	0.840069
0.921723	0.842553
0.921797	0.845035
0.921871	0.847515
0.921945	0.849994
0.922019	0.852471
0.922092	0.854946
0.922166	0.857419
0.922239	0.859891
0.922313	0.862362
0.922386	0.86483
0.922459	0.867297
0.922532	0.869761
0.922606	0.872224
0.92268	0.874686
0.922753	0.877146
0.922826	0.879605
0.922899	0.882061
0.922972	0.884516
0.923045	0.886969
0.923118	0.88942
0.923191	0.891869
0.923264	0.894317
0.923337	0.896763
0.92341	0.899208
0.923482	0.90165
0.923555	0.904091
0.923628	0.906531
0.923701	0.908969
0.923773	0.911405
0.923845	0.913839
0.923918	0.916272
0.92399	0.918703
0.924063	0.921132
0.924135	0.92356
0.924208	0.925986
0.92428	0.928411
0.924352	0.930833
0.924424	0.933254
0.924496	0.935673
0.924568	0.93809
0.92464	0.940506
0.924712	0.94292
0.924784	0.945333
0.924855	0.947744
0.924927	0.950153
0.924999	0.952561
0.925071	0.954967
0.925142	0.957371
0.925214	0.959773
0.925286	0.962174
0.925358	0.964573
0.925429	0.96697
0.925501	0.969366
0.925572	0.971761
0.925644	0.974154
0.925715	0.976544
0.925786	0.978933
0.925858	0.981321
0.925929	0.983706
0.926	0.986091
0.926071	0.988473
0.926142	0.990855
0.926213	0.993234
0.926284	0.995612
0.926355	0.997987
0.926426	1.000362
0.926497	1.002735
0.926567	1.005106
0.926638	1.007475
0.926708	1.009843
0.926779	1.012209
0.92685	1.014573
0.926921	1.016936
0.926991	1.019298
0.927062	1.021657
0.927132	1.024015
0.927202	1.026372
0.927273	1.028726
0.927343	1.031079
0.927413	1.033431
0.927483	1.035781
0.927553	1.038129
0.927623	1.040476
0.927693	1.04282
0.927763	1.045163
0.927833	1.047505
0.927903	1.049845
0.927973	1.052184
0.928043	1.05452
0.928113	1.056856
0.928183	1.059189
0.928252	1.061521
0.928322	1.063852
0.928392	1.066181
0.928461	1.068508
0.928531	1.070834
0.9286	1.073157
0.92867	1.07548
0.928739	1.0778
0.928808	1.080119
0.928877	1.082437
0.928947	1.084753
0.929016	1.087067
0.929085	1.08938
0.929154	1.091691
0.929223	1.094001
0.929292	1.096309
0.929361	1.098615
0.92943	1.10092
0.929499	1.103223
0.929568	1.105524
0.929637	1.107824
0.929706	1.110122
0.929774	1.112419
0.929843	1.114715
0.929911	1.117009
0.92998	1.119301
0.930048	1.121591
0.930117	1.123879
0.930185	1.126166
0.930254	1.128452
0.930322	1.130736
0.930391	1.133019
0.930459	1.1353
0.930527	1.137579
0.930595	1.139857
0.930663	1.142133
0.930732	1.144408
0.9308	1.146681
0.930868	1.148953
0.930936	1.151222
0.931004	1.153491
0.931071	1.155758
0.931139	1.158023
0.931207	1.160286
0.931275	1.162548
0.931343	1.164809
0.931411	1.167067
0.931478	1.169325
0.931546	1.171581
0.931613	1.173835
0.931681	1.176088
0.931748	1.178339
0.931816	1.180589
0.931883	1.182837
0.931951	1.185084
0.932018	1.187329
0.932085	1.189572
0.932152	1.191814
0.932219	1.194054
0.932286	1.196292
0.932354	1.198529
0.932421	1.200765
0.932488	1.202999
0.932555	1.205232
0.932622	1.207463
0.932689	1.209692
0.932755	1.21192
0.932822	1.214146
0.932889	1.216371
0.932956	1.218595
0.933022	1.220816
0.933088	1.223037
0.933155	1.225256
0.933221	1.227473
0.933288	1.229689
0.933354	1.231903
0.93342	1.234115
0.933487	1.236326
0.933553	1.238535
0.93362	1.240743
0.933686	1.24295
0.933752	1.245155
0.933818	1.247358
0.933884	1.24956
0.93395	1.25176
0.934016	1.253959
0.934082	1.256156
0.934148	1.258351
0.934214	1.260546
0.93428	1.262739
0.934346	1.26493
0.934412	1.267119
0.934477	1.269308
0.934543	1.271494
0.934609	1.273679
0.934674	1.275863
0.934739	1.278045
0.934805	1.280226
0.93487	1.282405
0.934936	1.284583
0.935002	1.286759
0.935067	1.288933
0.935133	1.291106
0.935198	1.293278
0.935263	1.295448
0.935328	1.297617
0.935393	1.299784
0.935457	1.301949
0.935522	1.304113
0.935587	1.306276
0.935652	1.308437
0.935717	1.310596
0.935782	1.312755
0.935847	1.314912
0.935912	1.317067
0.935977	1.31922
0.936042	1.321372
0.936106	1.323522
0.936171	1.325671
0.936235	1.327819
0.9363	1.329965
0.936365	1.33211
0.936429	1.334254
0.936494	1.336396
0.936558	1.338536
0.936622	1.340675
0.936686	1.342812
0.93675	1.344948
0.936815	1.347082
0.936879	1.349214
0.936943	1.351346
0.937007	1.353475
0.937071	1.355604
0.937135	1.357731
0.937199	1.359856
0.937263	1.36198
0.937327	1.364102
0.937391	1.366223
0.937454	1.368343
0.937518	1.370461
0.937581	1.372578
0.937645	1.374693
0.937709	1.376807
0.937773	1.378919
0.937836	1.381029
0.9379	1.383139
0.937963	1.385247
0.938027	1.387353
0.93809	1.389458
0.938154	1.391561
0.938217	1.393663
0.93828	1.395763
0.938343	1.397863
0.938406	1.399961
0.938469	1.402057
0.938533	1.404152
0.938596	1.406245
0.938659	1.408336
0.938721	1.410426
0.938784	1.412515
0.938847	1.414603
0.93891	1.416689
0.938973	1.418774
0.939036	1.420857
0.939098	1.422939
0.939161	1.425019
0.939223	1.427098
0.939286	1.429175
0.939349	1.43125
0.939412	1.433325
0.939474	1.435398
0.939536	1.437469
0.939598	1.439539
0.939661	1.441608
0.939723	1.443676
0.939786	1.445742
0.939848	1.447806
0.93991	1.449869
0.939972	1.45193
0.940034	1.45399
0.940096	1.456049
0.940159	1.458106
0.94022	1.460162
0.940282	1.462216
0.940344	1.464269
0.940406	1.466321
0.940468	1.468371
0.94053	1.470419
0.940592	1.472466
0.940654	1.474512
0.940715	1.476556
0.940777	1.4786
0.940838	1.480641
0.940899	1.482682
0.940961	1.48472
0.941022	1.486757
0.941084	1.488793
0.941145	1.490828
0.941206	1.492861
0.941268	1.494892
0.941329	1.496922
0.94139	1.498951
0.941452	1.500978
0.941513	1.503004
0.941574	1.505029
0.941635	1.507052
0.941696	1.509074
0.941757	1.511094
0.941818	1.513113
0.941879	1.51513
0.94194	1.517146
0.942001	1.519161
0.942062	1.521174
0.942123	1.523186
0.942183	1.525197
0.942244	1.527206
0.942304	1.529214
0.942364	1.53122
0.942425	1.533225
0.942486	1.535229
0.942546	1.537231
0.942607	1.539231
0.942667	1.54123
0.942727	1.543228
0.942788	1.545224
0.942848	1.54722
0.942908	1.549213
0.942968	1.551206
0.943028	1.553197
0.943088	1.555186
0.943149	1.557174
0.943209	1.559161
0.943269	1.561147
0.943329	1.563131
0.943389	1.565114
0.943449	1.567095
0.943509	1.569075
0.943568	1.571053
0.943628	1.57303
0.943687	1.575005
0.943747	1.57698
0.943807	1.578953
0.943866	1.580924
0.943926	1.582895
0.943985	1.584864
0.944045	1.586831
0.944105	1.588797
0.944164	1.590762
0.944224	1.592725
0.944283	1.594687
0.944343	1.596647
0.944402	1.598607
0.944461	1.600564
0.94452	1.602521
0.944579	1.604476
0.944638	1.60643
0.944697	1.608383
0.944756	1.610334
0.944815	1.612283
0.944874	1.614231
0.944933	1.616178
0.944992	1.618124
0.945051	1.620068
0.945109	1.62201
0.945168	1.623952
0.945226	1.625892
0.945285	1.627831
0.945344	1.629768
0.945403	1.631704
0.945462	1.633639
0.94552	1.635572
0.945579	1.637504
0.945637	1.639434
0.945695	1.641364
0.945753	1.643292
0.945812	1.645218
0.945871	1.647143
0.945929	1.649067
0.945987	1.65099
0.946045	1.652911
0.946103	1.654831
0.946161	1.656749
0.946219	1.658666
0.946277	1.660582
0.946335	1.662496
0.946393	1.664409
0.946451	1.666321
0.946509	1.668231
0.946567	1.67014
0.946625	1.672048
0.946682	1.673955
0.94674	1.67586
0.946797	1.677763
0.946855	1.679665
0.946913	1.681566
0.94697	1.683466
0.947028	1.685365
0.947086	1.687262
0.947143	1.689158
0.947201	1.691052
0.947258	1.692945
0.947315	1.694836
0.947372	1.696726
0.94743	1.698615
0.947487	1.700503
0.947544	1.702389
0.947602	1.704275
0.947659	1.706158
0.947715	1.708041
0.947772	1.709922
0.947829	1.711801
0.947886	1.713679
0.947943	1.715556
0.948	1.717432
0.948057	1.719306
0.948114	1.72118
0.94817	1.723052
0.948227	1.724922
0.948284	1.726791
0.948341	1.728659
0.948397	1.730525
0.948453	1.73239
0.94851	1.734254
0.948567	1.736117
0.948624	1.737978
0.94868	1.739838
0.948736	1.741697
0.948793	1.743554
0.948849	1.74541
0.948905	1.747264
0.948961	1.749117
0.949017	1.75097
0.949074	1.752821
0.94913	1.75467
0.949186	1.756518
0.949242	1.758365
0.949298	1.76021
0.949354	1.762054
0.94941	1.763897
0.949466	1.765739
0.949522	1.76758
0.949577	1.769419
0.949633	1.771256
0.949689	1.773092
0.949744	1.774927
0.9498	1.776761
0.949856	1.778593
0.949911	1.780424
0.949967	1.782254
0.950023	1.784083
0.950078	1.78591
0.950133	1.787736
0.950189	1.789561
0.950244	1.791384
0.950299	1.793207
0.950355	1.795027
0.95041	1.796847
0.950465	1.798665
0.950521	1.800482
0.950576	1.802297
0.950631	1.804112
0.950687	1.805925
0.950742	1.807737
0.950796	1.809547
0.950851	1.811356
0.950906	1.813165
0.950961	1.814972
0.951016	1.816777
0.951071	1.818581
0.951125	1.820384
0.95118	1.822185
0.951234	1.823985
0.951289	1.825784
0.951344	1.827582
0.951398	1.829378
0.951453	1.831173
0.951508	1.832967
0.951562	1.834759
0.951617	1.836551
0.951671	1.838341
0.951726	1.840129
0.95178	1.841917
0.951835	1.843703
0.951889	1.845488
0.951943	1.847272
0.951997	1.849054
0.952051	1.850835
0.952105	1.852615
0.952159	1.854393
0.952213	1.85617
0.952268	1.857946
0.952322	1.859721
0.952376	1.861494
0.95243	1.863267
0.952484	1.865038
0.952537	1.866807
0.952591	1.868576
0.952644	1.870344
0.952698	1.872109
0.952752	1.873874
0.952806	1.875637
0.95286	1.877399
0.952913	1.87916
0.952967	1.880919
0.95302	1.882678
0.953074	1.884435
0.953127	1.886191
0.95318	1.887946
0.953233	1.889699
0.953287	1.891451
0.95334	1.893201
0.953394	1.89495
0.953447	1.896699
0.9535	1.898446
0.953553	1.900192
0.953606	1.901936
0.953659	1.90368
0.953712	1.905422
0.953765	1.907163
0.953818	1.908902
0.953871	1.91064
0.953924	1.912377
0.953977	1.914113
0.95403	1.915847
0.954083	1.91758
0.954135	1.919313
0.954188	1.921043
0.95424	1.922773
0.954293	1.924501
0.954346	1.926228
0.954399	1.927954
0.954451	1.929678
0.954504	1.931402
0.954556	1.933124
0.954608	1.934845
0.95466	1.936565
0.954713	1.938283
0.954765	1.94
0.954818	1.941716
0.95487	1.943431
0.954922	1.945144
0.954974	1.946856
0.955026	1.948567
0.955078	1.950277
0.955131	1.951985
0.955183	1.953692
0.955235	1.955398
0.955287	1.957103
0.955339	1.958807
0.955391	1.960509
0.955442	1.96221
0.955494	1.96391
0.955546	1.965608
0.955598	1.967306
0.955649	1.969002
0.955701	1.970697
0.955753	1.97239
0.955804	1.974083
0.955855	1.975775
0.955907	1.977465
0.955959	1.979154
0.956011	1.980841
0.956062	1.982528
0.956113	1.984213
0.956164	1.985897
0.956215	1.987579
0.956267	1.98926
0.956318	1.990941
0.95637	1.99262
0.956421	1.994298
0.956472	1.995975
0.956523	1.99765
0.956574	1.999324
0.956625	2.000997
0.956676	2.002669
0.956727	2.004339
0.956777	2.006009
0.956829	2.007677
0.95688	2.009344
0.95693	2.01101
0.956981	2.012674
0.957032	2.014337
0.957082	2.015999
0.957133	2.01766
0.957184	2.01932
0.957234	2.020978
0.957285	2.022636
0.957336	2.024291
0.957387	2.025946
0.957437	2.027599
0.957488	2.029252
0.957538	2.030903
0.957588	2.032553
0.957639	2.034202
0.957689	2.03585
0.957739	2.037496
0.957789	2.039141
0.957839	2.040785
0.957889	2.042428
0.95794	2.04407
0.95799	2.04571
0.95804	2.047349
0.95809	2.048987
0.95814	2.050624
0.95819	2.052259
0.95824	2.053894
0.95829	2.055527
0.95834	2.057159
0.958389	2.05879
0.958439	2.06042
0.958488	2.062048
0.958538	2.063675
0.958588	2.065301
0.958637	2.066926
0.958687	2.06855
0.958737	2.070172
0.958786	2.071793
0.958836	2.073413
0.958885	2.075032
0.958935	2.07665
0.958985	2.078266
0.959034	2.079881
0.959083	2.081496
0.959132	2.083109
0.959182	2.084721
0.959231	2.086331
0.95928	2.087941
0.959329	2.089549
0.959378	2.091156
0.959427	2.092762
0.959476	2.094366
0.959526	2.09597
0.959575	2.097572
0.959624	2.099173
0.959672	2.100772
0.959721	2.102371
0.95977	2.103969
0.959819	2.105566
0.959868	2.107161
0.959916	2.108755
0.959965	2.110348
0.960013	2.111939
0.960062	2.11353
0.96011	2.115119
0.960159	2.116707
0.960207	2.118294
0.960256	2.119879
0.960305	2.121464
0.960353	2.123048
0.960402	2.12463
0.96045	2.126211
0.960499	2.127791
0.960547	2.12937
0.960595	2.130947
0.960643	2.132524
0.960691	2.134099
0.96074	2.135673
0.960788	2.137246
0.960836	2.138818
0.960884	2.140389
0.960932	2.141958
0.96098	2.143527
0.961028	2.145094
0.961076	2.14666
0.961123	2.148224
0.961171	2.149788
0.961219	2.15135
0.961267	2.152911
0.961315	2.154471
0.961363	2.15603
0.961411	2.157589
0.961458	2.159145
0.961506	2.160701
0.961553	2.162255
0.961601	2.163808
0.961648	2.16536
0.961696	2.166911
0.961743	2.168461
0.961791	2.170009
0.961838	2.171556
0.961885	2.173103
0.961932	2.174648
0.961979	2.176192
0.962027	2.177735
0.962074	2.179276
0.962122	2.180817
0.962169	2.182356
0.962216	2.183894
0.962263	2.185431
0.962309	2.186967
0.962356	2.188501
0.962403	2.190035
0.962451	2.191567
0.962498	2.193099
0.962544	2.194629
0.962591	2.196158
0.962638	2.197686
0.962685	2.199212
0.962731	2.200738
0.962778	2.202262
0.962825	2.203785
0.962872	2.205307
0.962918	2.206828
0.962965	2.208348
0.963011	2.209866
0.963057	2.211384
0.963104	2.212901
0.96315	2.214416
0.963197	2.21593
0.963243	2.217443
0.963289	2.218955
0.963336	2.220465
0.963382	2.221975
0.963429	2.223483
0.963475	2.224991
0.963521	2.226497
0.963567	2.228002
0.963613	2.229505
0.963659	2.231008
0.963705	2.23251
0.963751	2.23401
0.963797	2.235509
0.963843	2.237007
0.963889	2.238504
0.963935	2.24
0.963981	2.241495
0.964026	2.242988
0.964072	2.244481
0.964118	2.245972
0.964163	2.247463
0.964209	2.248952
0.964255	2.25044
0.9643	2.251927
0.964346	2.253412
0.964392	2.254897
0.964438	2.25638
0.964483	2.257862
0.964528	2.259344
0.964574	2.260824
0.964619	2.262303
0.964664	2.26378
0.96471	2.265257
0.964755	2.266733
0.9648	2.268208
0.964845	2.269681
0.96489	2.271153
0.964935	2.272624
0.96498	2.274094
0.965026	2.275563
0.965071	2.277031
0.965116	2.278498
0.965161	2.279963
0.965206	2.281427
0.965251	2.282891
0.965295	2.284353
0.96534	2.285814
0.965385	2.287274
0.96543	2.288732
0.965475	2.29019
0.965519	2.291646
0.965564	2.293101
0.965609	2.294556
0.965653	2.296009
0.965698	2.297461
0.965743	2.298912
0.965787	2.300362
0.965832	2.301811
0.965876	2.303259
0.96592	2.304705
0.965964	2.306151
0.966009	2.307595
0.966053	2.309038
0.966097	2.31048
0.966141	2.311921
0.966186	2.313361
0.96623	2.314799
0.966274	2.316237
0.966319	2.317673
0.966363	2.319109
0.966406	2.320543
0.96645	2.321977
0.966494	2.323409
0.966538	2.32484
0.966582	2.32627
0.966626	2.327699
0.96667	2.329126
0.966714	2.330553
0.966758	2.331979
0.966802	2.333403
0.966845	2.334826
0.966889	2.336248
0.966932	2.337669
0.966976	2.339089
0.96702	2.340508
0.967064	2.341926
0.967107	2.343343
0.96715	2.344758
0.967193	2.346172
0.967237	2.347586
0.967281	2.348998
0.967324	2.35041
0.967367	2.35182
0.96741	2.353229
0.967454	2.354637
0.967498	2.356043
0.967541	2.357449
0.967584	2.358854
0.967627	2.360258
0.967669	2.36166
0.967713	2.363061
0.967756	2.364461
0.967799	2.36586
0.967842	2.367258
0.967885	2.368655
0.967928	2.370051
0.967971	2.371446
0.968014	2.37284
0.968057	2.374233
0.968099	2.375624
0.968142	2.377015
0.968184	2.378404
0.968227	2.379792
0.96827	2.381179
0.968313	2.382565
0.968355	2.38395
0.968397	2.385334
0.96844	2.386717
0.968482	2.388099
0.968525	2.38948
0.968567	2.39086
0.96861	2.392238
0.968652	2.393616
0.968695	2.394992
0.968737	2.396367
0.96878	2.397741
0.968822	2.399114
0.968864	2.400486
0.968906	2.401857
0.968948	2.403227
0.96899	2.404595
0.969032	2.405963
0.969074	2.40733
0.969116	2.408695
0.969159	2.41006
0.969201	2.411424
0.969243	2.412786
0.969284	2.414147
0.969326	2.415507
0.969368	2.416866
0.96941	2.418224
0.969451	2.419581
0.969493	2.420936
0.969535	2.422291
0.969577	2.423645
0.969618	2.424998
0.96966	2.426349
0.969702	2.4277
0.969743	2.429049
0.969785	2.430397
0.969826	2.431745
0.969867	2.433091
0.969909	2.434436
0.96995	2.43578
0.969992	2.437123
0.970033	2.438465
0.970074	2.439806
0.970115	2.441146
0.970156	2.442485
0.970198	2.443822
0.970239	2.445159
0.97028	2.446495
0.970321	2.447829
0.970362	2.449162
0.970403	2.450494
0.970444	2.451826
0.970485	2.453156
0.970526	2.454485
0.970567	2.455813
0.970608	2.45714
0.970649	2.458466
0.97069	2.459791
0.970731	2.461115
0.970771	2.462437
0.970812	2.463759
0.970853	2.46508
0.970893	2.466399
0.970934	2.467718
0.970975	2.469035
0.971015	2.470352
0.971055	2.471667
0.971096	2.472981
0.971137	2.474294
0.971177	2.475606
0.971218	2.476918
0.971258	2.478228
0.971298	2.479537
0.971339	2.480844
0.971379	2.482151
0.971419	2.483457
0.971459	2.484761
0.971499	2.486065
0.971539	2.487368
0.971579	2.488669
0.971619	2.48997
0.971659	2.49127
0.9717	2.492568
0.97174	2.493866
0.97178	2.495162
0.971819	2.496457
0.971859	2.497751
0.971899	2.499045
0.971939	2.500337
0.971979	2.501628
0.972019	2.502918
0.972059	2.504206
0.972098	2.505494
0.972138	2.506781
0.972178	2.508067
0.972217	2.509352
0.972257	2.510636
0.972296	2.511919
0.972336	2.513201
0.972375	2.514481
0.972414	2.515761
0.972454	2.517039
0.972494	2.518317
0.972533	2.519593
0.972572	2.520868
0.972612	2.522143
0.972651	2.523416
0.97269	2.524689
0.972729	2.52596
0.972768	2.52723
0.972807	2.528499
0.972846	2.529767
0.972885	2.531034
0.972925	2.5323
0.972964	2.533565
0.973003	2.534829
0.973042	2.536092
0.973081	2.537354
0.973119	2.538615
0.973158	2.539875
0.973197	2.541133
0.973236	2.54239
0.973275	2.543647
0.973314	2.544902
0.973352	2.546157
0.973391	2.547411
0.973429	2.548664
0.973468	2.549915
0.973506	2.551166
0.973545	2.552415
0.973584	2.553663
0.973622	2.55491
0.973661	2.556157
0.973699	2.557402
0.973738	2.558647
0.973776	2.55989
0.973814	2.561132
0.973852	2.562373
0.973891	2.563613
0.97393	2.564852
0.973968	2.56609
0.974006	2.567327
0.974044	2.568563
0.974082	2.569798
0.97412	2.571032
0.974158	2.572265
0.974196	2.573497
0.974234	2.574727
0.974272	2.575957
0.97431	2.577186
0.974348	2.578414
0.974385	2.579641
0.974423	2.580867
0.974461	2.582091
0.974499	2.583315
0.974537	2.584538
0.974575	2.585759
0.974613	2.58698
0.97465	2.5882
0.974688	2.589418
0.974726	2.590635
0.974763	2.591852
0.9748	2.593067
0.974838	2.594282
0.974875	2.595495
0.974913	2.596708
0.97495	2.597919
0.974988	2.59913
0.975025	2.600339
0.975062	2.601548
0.975099	2.602755
0.975137	2.603961
0.975174	2.605166
0.975212	2.60637
0.975249	2.607574
0.975286	2.608776
0.975323	2.609977
0.97536	2.611178
0.975397	2.612377
0.975434	2.613575
0.975471	2.614772
0.975508	2.615968
0.975545	2.617163
0.975582	2.618357
0.975619	2.61955
0.975656	2.620742
0.975692	2.621933
0.975729	2.623123
0.975766	2.624313
0.975803	2.625501
0.975839	2.626688
0.975876	2.627874
0.975912	2.629059
0.975949	2.630243
0.975985	2.631426
0.976022	2.632608
0.976059	2.633788
0.976095	2.634968
0.976131	2.636147
0.976168	2.637325
0.976204	2.638502
0.976241	2.639678
0.976277	2.640852
0.976314	2.642026
0.97635	2.643199
0.976386	2.644372
0.976422	2.645543
0.976458	2.646712
0.976495	2.647881
0.976531	2.649049
0.976567	2.650216
0.976603	2.651382
0.976639	2.652547
0.976675	2.653711
0.97671	2.654874
0.976746	2.656035
0.976782	2.657196
0.976818	2.658355
0.976854	2.659514
0.97689	2.660672
0.976926	2.661829
0.976961	2.662985
0.976997	2.664139
0.977033	2.665293
0.977068	2.666446
0.977104	2.667597
0.97714	2.668748
0.977175	2.669898
0.977211	2.671047
0.977247	2.672195
0.977282	2.673342
0.977317	2.674487
0.977353	2.675632
0.977388	2.676776
0.977423	2.677919
0.977459	2.679061
0.977494	2.680202
0.977529	2.681342
0.977565	2.68248
0.9776	2.683618
0.977635	2.684755
0.97767	2.685891
0.977705	2.687025
0.97774	2.688159
0.977775	2.689292
0.97781	2.690425
0.977845	2.691555
0.97788	2.692685
0.977915	2.693813
0.97795	2.694941
0.977985	2.696068
0.97802	2.697194
0.978055	2.698319
0.978089	2.699443
0.978124	2.700566
0.978159	2.701688
0.978194	2.702809
0.978229	2.703929
0.978264	2.705048
0.978298	2.706166
0.978332	2.707283
0.978367	2.708399
0.978401	2.709514
0.978435	2.710628
0.97847	2.711741
0.978505	2.712853
0.978539	2.713964
0.978573	2.715074
0.978608	2.716183
0.978642	2.717291
0.978676	2.718398
0.97871	2.719504
0.978745	2.720609
0.978779	2.721713
0.978813	2.722817
0.978848	2.723919
0.978882	2.72502
0.978916	2.72612
0.97895	2.727219
0.978983	2.728317
0.979017	2.729415
0.979051	2.730511
0.979085	2.731607
0.979119	2.732701
0.979153	2.733794
0.979187	2.734887
0.979221	2.735978
0.979255	2.737068
0.979288	2.738158
0.979322	2.739246
0.979356	2.740334
0.979389	2.741421
0.979423	2.742506
0.979457	2.743591
0.979491	2.744674
0.979524	2.745757
0.979558	2.746838
0.979591	2.747919
0.979624	2.748998
0.979657	2.750077
0.979691	2.751154
0.979725	2.752231
0.979758	2.753307
0.979791	2.754381
0.979824	2.755455
0.979858	2.756528
0.979891	2.7576
0.979924	2.758671
0.979957	2.759741
0.97999	2.760809
0.980024	2.761877
0.980057	2.762944
0.98009	2.764011
0.980123	2.765076
0.980156	2.766139
0.980189	2.767202
0.980221	2.768264
0.980254	2.769325
0.980287	2.770386
0.98032	2.771445
0.980353	2.772503
0.980386	2.77356
0.980419	2.774616
0.980451	2.775672
0.980484	2.776726
0.980517	2.777779
0.980549	2.778832
0.980582	2.779883
0.980614	2.780934
0.980647	2.781983
0.980679	2.783032
0.980711	2.78408
0.980744	2.785126
0.980777	2.786172
0.980809	2.787216
0.980841	2.78826
0.980874	2.789302
0.980906	2.790344
0.980938	2.791385
0.98097	2.792425
0.981003	2.793464
0.981035	2.794501
0.981067	2.795538
0.981099	2.796574
0.981132	2.797609
0.981164	2.798643
0.981196	2.799676
0.981228	2.800708
0.981259	2.801739
0.981291	2.80277
0.981323	2.803799
0.981355	2.804827
0.981388	2.805855
0.981419	2.806881
0.981451	2.807906
0.981483	2.80893
0.981515	2.809954
0.981546	2.810976
0.981578	2.811998
0.981609	2.813018
0.981641	2.814038
0.981672	2.815056
0.981704	2.816074
0.981736	2.817091
0.981767	2.818107
0.981799	2.819121
0.98183	2.820135
0.981862	2.821148
0.981893	2.82216
0.981924	2.823171
0.981956	2.824181
0.981987	2.82519
0.982018	2.826198
0.982049	2.827206
0.982081	2.828212
0.982112	2.829217
0.982143	2.830221
0.982175	2.831224
0.982206	2.832227
0.982237	2.833228
0.982268	2.834229
0.982299	2.835228
0.98233	2.836227
0.982361	2.837224
0.982392	2.838221
0.982422	2.839217
0.982453	2.840212
0.982484	2.841205
0.982515	2.842198
0.982546	2.84319
0.982577	2.844181
0.982607	2.845171
0.982638	2.84616
0.982669	2.847148
0.9827	2.848135
0.98273	2.849121
0.982761	2.850106
0.982792	2.851091
0.982822	2.852074
0.982852	2.853057
0.982883	2.854038
0.982913	2.855019
0.982943	2.855998
0.982974	2.856977
0.983004	2.857955
0.983034	2.858932
0.983065	2.859908
0.983095	2.860882
0.983125	2.861856
0.983156	2.862829
0.983186	2.8638
0.983216	2.864771
0.983246	2.865742
0.983276	2.866711
0.983306	2.86768
0.983336	2.868647
0.983366	2.869613
0.983396	2.870578
0.983426	2.871542
0.983456	2.872506
0.983486	2.873468
0.983516	2.87443
0.983546	2.87539
0.983576	2.87635
0.983605	2.877309
0.983635	2.878267
0.983665	2.879224
0.983695	2.88018
0.983725	2.881134
0.983755	2.882089
0.983784	2.883042
0.983813	2.883994
0.983842	2.884946
0.983872	2.885896
0.983901	2.886845
0.983931	2.887794
0.983961	2.888741
0.98399	2.889688
0.984019	2.890633
0.984048	2.891578
0.984078	2.892522
0.984107	2.893464
0.984136	2.894406
0.984166	2.895347
0.984195	2.896287
0.984224	2.897226
0.984253	2.898164
0.984283	2.899101
0.984312	2.900037
0.984341	2.900973
0.98437	2.901907
0.984399	2.90284
0.984428	2.903773
0.984457	2.904704
0.984486	2.905635
0.984515	2.906565
0.984544	2.907493
0.984573	2.908421
0.984602	2.909348
0.98463	2.910274
0.984659	2.911199
0.984687	2.912123
0.984716	2.913046
0.984744	2.913968
0.984773	2.91489
0.984802	2.91581
0.984831	2.916729
0.98486	2.917648
0.984888	2.918566
0.984916	2.919483
0.984944	2.920398
0.984973	2.921313
0.985002	2.922226
0.98503	2.923139
0.985059	2.924051
0.985087	2.924962
0.985116	2.925873
0.985144	2.926782
0.985172	2.92769
0.9852	2.928597
0.985228	2.929503
0.985256	2.930409
0.985285	2.931314
0.985313	2.932218
0.985341	2.93312
0.985369	2.934022
0.985397	2.934922
0.985424	2.935822
0.985452	2.936721
0.98548	2.937619
0.985508	2.938517
0.985537	2.939413
0.985565	2.940308
0.985592	2.941202
0.985619	2.942095
0.985647	2.942988
0.985675	2.94388
0.985703	2.944771
0.985731	2.945661
0.985759	2.946549
0.985786	2.947437
0.985814	2.948324
0.985841	2.949209
0.985869	2.950094
0.985896	2.950979
0.985924	2.951862
0.985951	2.952745
0.985979	2.953626
0.986006	2.954506
0.986034	2.955386
0.986061	2.956264
0.986088	2.957142
0.986115	2.958019
0.986142	2.958895
0.986169	2.95977
0.986197	2.960644
0.986224	2.961517
0.986252	2.96239
0.986279	2.963261
0.986305	2.964131
0.986332	2.965
0.986359	2.965869
0.986386	2.966737
0.986413	2.967604
0.986441	2.96847
0.986468	2.969335
0.986495	2.970198
0.986521	2.971061
0.986548	2.971923
0.986575	2.972784
0.986602	2.973644
0.986628	2.974504
0.986655	2.975362
0.986682	2.976219
0.986709	2.977076
0.986735	2.977932
0.986762	2.978787
0.986788	2.979641
0.986815	2.980494
0.986842	2.981346
0.986868	2.982197
0.986895	2.983047
0.986921	2.983897
0.986948	2.984745
0.986974	2.985592
0.987	2.986438
0.987026	2.987284
0.987052	2.988129
0.987079	2.988973
0.987105	2.989816
0.987131	2.990658
0.987158	2.991499
0.987184	2.992339
0.98721	2.993178
0.987236	2.994016
0.987262	2.994853
0.987288	2.99569
0.987314	2.996526
0.98734	2.99736
0.987366	2.998194
0.987392	2.999027
0.987418	2.999859
0.987443	3.00069
0.987469	3.001521
0.987495	3.00235
0.987521	3.003178
0.987547	3.004005
0.987573	3.004832
0.987598	3.005657
0.987624	3.006482
0.98765	3.007306
0.987676	3.008129
0.987701	3.008951
0.987727	3.009772
0.987752	3.010592
0.987778	3.011411
0.987803	3.01223
0.987828	3.013047
0.987854	3.013864
0.987879	3.014679
0.987905	3.015494
0.987931	3.016308
0.987956	3.017121
0.987981	3.017933
0.988006	3.018744
0.988031	3.019554
0.988056	3.020363
0.988082	3.021171
0.988107	3.021979
0.988132	3.022785
0.988157	3.023591
0.988182	3.024396
0.988208	3.025199
0.988233	3.026002
0.988258	3.026804
0.988283	3.027606
0.988308	3.028406
0.988332	3.029205
0.988357	3.030004
0.988382	3.030801
0.988407	3.031598
0.988432	3.032393
0.988456	3.033188
0.988481	3.033982
0.988506	3.034775
0.98853	3.035567
0.988555	3.036358
0.988579	3.037149
0.988604	3.037938
0.988629	3.038727
0.988653	3.039515
0.988678	3.040301
0.988703	3.041087
0.988727	3.041871
0.988751	3.042655
0.988776	3.043439
0.9888	3.044221
0.988825	3.045002
0.988849	3.045783
0.988874	3.046562
0.988898	3.047341
0.988922	3.048119
0.988947	3.048896
0.988971	3.049672
0.988995	3.050447
0.989019	3.051221
0.989043	3.051994
0.989067	3.052766
0.98909	3.053537
0.989114	3.054308
0.989139	3.055078
0.989163	3.055847
0.989187	3.056615
0.989211	3.057382
0.989235	3.058147
0.989259	3.058912
0.989282	3.059677
0.989306	3.06044
0.98933	3.061203
0.989354	3.061965
0.989378	3.062726
0.989401	3.063485
0.989425	3.064244
0.989448	3.065002
0.989472	3.065759
0.989495	3.066516
0.989519	3.067271
0.989543	3.068025
0.989566	3.068779
0.98959	3.069531
0.989613	3.070283
0.989637	3.071034
0.98966	3.071784
0.989683	3.072533
0.989707	3.073281
0.98973	3.074028
0.989753	3.074775
0.989776	3.075521
0.989799	3.076265
0.989823	3.077009
0.989846	3.077751
0.989869	3.078493
0.989892	3.079235
0.989915	3.079975
0.989939	3.080715
0.989962	3.081453
0.989985	3.082191
0.990008	3.082927
0.99003	3.083663
0.990053	3.084397
0.990076	3.085131
0.990099	3.085865
0.990122	3.086597
0.990145	3.087329
0.990168	3.088059
0.99019	3.088788
0.990213	3.089517
0.990236	3.090244
0.990258	3.090971
0.990281	3.091697
0.990304	3.092423
0.990326	3.093147
0.990349	3.09387
0.990372	3.094593
0.990394	3.095314
0.990417	3.096035
0.990439	3.096755
0.990462	3.097474
0.990484	3.098192
0.990506	3.098909
0.990529	3.099625
0.990551	3.100341
0.990573	3.101055
0.990596	3.101769
0.990618	3.102481
0.99064	3.103193
0.990662	3.103904
0.990684	3.104614
0.990707	3.105323
0.990729	3.106031
0.990751	3.106739
0.990773	3.107445
0.990795	3.108151
0.990817	3.108855
0.990839	3.109559
0.990861	3.110262
0.990883	3.110964
0.990905	3.111666
0.990927	3.112366
0.990949	3.113066
0.99097	3.113764
0.990992	3.114462
0.991014	3.115158
0.991036	3.115854
0.991058	3.116549
0.991079	3.117243
0.991101	3.117937
0.991122	3.118629
0.991144	3.119321
0.991165	3.120012
0.991186	3.120702
0.991208	3.121391
0.99123	3.122079
0.991252	3.122765
0.991273	3.123451
0.991295	3.124136
0.991316	3.124821
0.991337	3.125505
0.991358	3.126188
0.991379	3.12687
0.991401	3.127551
0.991422	3.128231
0.991444	3.12891
0.991465	3.129589
0.991486	3.130266
0.991507	3.130942
0.991528	3.131618
0.991549	3.132293
0.99157	3.132966
0.991591	3.13364
0.991613	3.134312
0.991633	3.134983
0.991654	3.135654
0.991675	3.136324
0.991696	3.136993
0.991717	3.13766
0.991738	3.138327
0.991759	3.138994
0.99178	3.139659
0.9918	3.140323
0.991821	3.140986
0.991842	-3.141537
0.991862	-3.140875
0.991883	-3.140214
0.991903	-3.139554
0.991923	-3.138895
0.991944	-3.138236
0.991965	-3.137579
0.991985	-3.136923
0.992006	-3.136268
0.992026	-3.135613
0.992046	-3.134959
0.992067	-3.134306
0.992087	-3.133654
0.992108	-3.133003
0.992128	-3.132352
0.992148	-3.131703
0.992169	-3.131054
0.992189	-3.130406
0.992209	-3.129759
0.99223	-3.129113
0.99225	-3.128468
0.99227	-3.127824
0.99229	-3.127181
0.99231	-3.126538
0.99233	-3.125897
0.99235	-3.125256
0.99237	-3.124616
0.99239	-3.123977
0.99241	-3.123338
0.99243	-3.122701
0.99245	-3.122065
0.99247	-3.121429
0.992489	-3.120795
0.992509	-3.120161
0.992529	-3.119528
0.992549	-3.118896
0.992569	-3.118265
0.992588	-3.117635
0.992608	-3.117005
0.992628	-3.116376
0.992647	-3.115748
0.992667	-3.115122
0.992687	-3.114496
0.992706	-3.113871
0.992726	-3.113247
0.992745	-3.112623
0.992764	-3.112001
0.992784	-3.111379
0.992803	-3.110758
0.992823	-3.110138
0.992842	-3.109519
0.992862	-3.108901
0.992881	-3.108284
0.9929	-3.107667
0.992919	-3.107051
0.992939	-3.106436
0.992958	-3.105823
0.992977	-3.10521
0.992996	-3.104598
0.993015	-3.103986
0.993034	-3.103376
0.993053	-3.102766
0.993073	-3.102158
0.993092	-3.10155
0.993111	-3.100943
0.99313	-3.100337
0.993149	-3.099732
0.993168	-3.099128
0.993187	-3.098524
0.993205	-3.097922
0.993224	-3.09732
0.993242	-3.096719
0.993261	-3.096119
0.99328	-3.095519
0.993299	-3.094921
0.993318	-3.094324
0.993336	-3.093727
0.993355	-3.093131
0.993373	-3.092537
0.993392	-3.091943
0.99341	-3.09135
0.993429	-3.090757
0.993447	-3.090166
0.993466	-3.089575
0.993485	-3.088985
0.993503	-3.088396
0.993522	-3.087808
0.99354	-3.087221
0.993558	-3.086635
0.993576	-3.08605
0.993594	-3.085465
0.993613	-3.084882
0.993631	-3.084299
0.993649	-3.083718
0.993667	-3.083137
0.993685	-3.082556
0.993704	-3.081977
0.993722	-3.081398
0.99374	-3.080821
0.993758	-3.080244
0.993776	-3.079668
0.993794	-3.079093
0.993812	-3.078519
0.99383	-3.077946
0.993848	-3.077373
0.993865	-3.076801
0.993883	-3.07623
0.993901	-3.07566
0.993919	-3.075091
0.993937	-3.074523
0.993955	-3.073956
0.993972	-3.073389
0.99399	-3.072824
0.994007	-3.072259
0.994025	-3.071695
0.994043	-3.071132
0.994061	-3.07057
0.994078	-3.070009
0.994096	-3.069449
0.994113	-3.068889
0.994131	-3.06833
0.994148	-3.067772
0.994166	-3.067215
0.994183	-3.066659
0.994201	-3.066103
0.994218	-3.065549
0.994235	-3.064995
0.994252	-3.064442
0.994269	-3.06389
0.994286	-3.063339
0.994304	-3.062789
0.994321	-3.06224
0.994339	-3.061692
0.994356	-3.061144
0.994373	-3.060598
0.99439	-3.060052
0.994407	-3.059507
0.994424	-3.058963
0.994441	-3.058419
0.994458	-3.057877
0.994475	-3.057335
0.994492	-3.056794
0.994509	-3.056254
0.994526	-3.055715
0.994543	-3.055177
0.994559	-3.054639
0.994576	-3.054103
0.994593	-3.053567
0.99461	-3.053032
0.994627	-3.052498
0.994643	-3.051965
0.99466	-3.051433
0.994676	-3.050902
0.994693	-3.050371
0.994709	-3.049841
0.994726	-3.049312
0.994743	-3.048784
0.994759	-3.048257
0.994776	-3.047731
0.994792	-3.047206
0.994808	-3.046681
0.994825	-3.046158
0.994841	-3.045634
0.994858	-3.045112
0.994874	-3.044591
0.99489	-3.044071
0.994906	-3.043552
0.994922	-3.043034
0.994939	-3.042515
0.994955	-3.041998
0.994972	-3.041482
0.994988	-3.040967
0.995004	-3.040453
0.99502	-3.03994
0.995036	-3.039427
0.995052	-3.038915
0.995068	-3.038404
0.995084	-3.037894
0.9951	-3.037385
0.995116	-3.036876
0.995131	-3.036369
0.995147	-3.035862
0.995163	-3.035356
0.995179	-3.034851
0.995195	-3.034347
0.995211	-3.033843
0.995227	-3.033341
0.995242	-3.032839
0.995258	-3.032338
0.995274	-3.031838
0.99529	-3.031339
0.995305	-3.030841
0.995321	-3.030343
0.995336	-3.029847
0.995352	-3.029352
0.995367	-3.028857
0.995382	-3.028363
0.995397	-3.027869
0.995413	-3.027377
0.995429	-3.026885
0.995445	-3.026395
0.99546	-3.025905
0.995475	-3.025416
0.99549	-3.024928
0.995505	-3.024441
0.99552	-3.023955
0.995536	-3.023469
0.995551	-3.022984
0.995566	-3.0225
0.995582	-3.022018
0.995597	-3.021536
0.995612	-3.021054
0.995627	-3.020574
0.995642	-3.020094
0.995657	-3.019615
0.995672	-3.019138
0.995687	-3.018661
0.995702	-3.018184
0.995717	-3.017709
0.995732	-3.017234
0.995746	-3.01676
0.995761	-3.016287
0.995776	-3.015815
0.99579	-3.015344
0.995805	-3.014874
0.99582	-3.014405
0.995834	-3.013936
0.995849	-3.013469
0.995864	-3.013002
0.995878	-3.012536
0.995893	-3.012071
0.995907	-3.011606
0.995922	-3.011142
0.995937	-3.010679
0.995951	-3.010217
0.995966	-3.009756
0.99598	-3.009296
0.995994	-3.008837
0.996009	-3.008378
0.996024	-3.007921
0.996038	-3.007464
0.996052	-3.007008
0.996067	-3.006552
0.996081	-3.006098
0.996094	-3.005644
0.996108	-3.005192
0.996123	-3.00474
0.996137	-3.004289
0.996151	-3.003839
0.996165	-3.00339
0.996179	-3.002942
0.996193	-3.002494
0.996207	-3.002047
0.996222	-3.001601
0.996236	-3.001157
0.99625	-3.000713
0.996264	-3.000269
0.996277	-2.999827
0.996291	-2.999385
0.996304	-2.998944
0.996318	-2.998504
0.996332	-2.998065
0.996346	-2.997626
0.99636	-2.997189
0.996373	-2.996753
0.996387	-2.996317
0.996401	-2.995882
0.996415	-2.995447
0.996429	-2.995014
0.996442	-2.994582
0.996456	-2.99415
0.996469	-2.99372
0.996482	-2.99329
0.996495	-2.992861
0.996509	-2.992432
0.996522	-2.992004
0.996536	-2.991578
0.996549	-2.991153
0.996562	-2.990728
0.996575	-2.990304
0.996589	-2.989881
0.996602	-2.989458
0.996615	-2.989036
0.996628	-2.988616
0.996642	-2.988196
0.996655	-2.987777
0.996668	-2.987359
0.996681	-2.986941
0.996694	-2.986524
0.996708	-2.986109
0.996721	-2.985694
0.996734	-2.98528
0.996746	-2.984867
0.996759	-2.984455
0.996772	-2.984044
0.996785	-2.983633
0.996798	-2.983223
0.996811	-2.982814
0.996824	-2.982406
0.996836	-2.981999
0.996849	-2.981592
0.996862	-2.981186
0.996875	-2.980781
0.996887	-2.980378
0.9969	-2.979975
0.996912	-2.979573
0.996925	-2.979171
0.996938	-2.978771
0.996951	-2.978371
0.996963	-2.977971
0.996976	-2.977573
0.996988	-2.977176
0.997001	-2.97678
0.997013	-2.976384
0.997025	-2.975989
0.997037	-2.975595
0.997049	-2.975202
0.997062	-2.97481
0.997074	-2.974419
0.997087	-2.974028
0.997099	-2.973638
0.997111	-2.973249
0.997123	-2.972861
0.997135	-2.972473
0.997147	-2.972087
0.997159	-2.971702
0.997172	-2.971317
0.997184	-2.970933
0.997196	-2.97055
0.997208	-2.970168
0.99722	-2.969786
0.997232	-2.969406
0.997243	-2.969026
0.997255	-2.968647
0.997268	-2.968269
0.99728	-2.967891
0.997292	-2.967515
0.997303	-2.967139
0.997315	-2.966765
0.997326	-2.966391
0.997338	-2.966018
0.997349	-2.965646
0.997361	-2.965275
0.997373	-2.964904
0.997385	-2.964534
0.997397	-2.964165
0.997408	-2.963797
0.99742	-2.96343
0.997431	-2.963063
0.997442	-2.962698
0.997454	-2.962333
0.997465	-2.961969
0.997477	-2.961606
0.997488	-2.961244
0.9975	-2.960882
0.997511	-2.960522
0.997522	-2.960162
0.997533	-2.959803
0.997544	-2.959444
0.997556	-2.959087
0.997567	-2.958731
0.997578	-2.958375
0.997589	-2.95802
0.9976	-2.957667
0.997611	-2.957313
0.997622	-2.956961
0.997633	-2.95661
0.997645	-2.956259
0.997656	-2.955909
0.997667	-2.95556
0.997678	-2.955212
0.997689	-2.954865
0.9977	-2.954518
0.99771	-2.954173
0.997721	-2.953828
0.997732	-2.953484
0.997742	-2.953141
0.997753	-2.952798
0.997764	-2.952457
0.997775	-2.952116
0.997785	-2.951777
0.997796	-2.951438
0.997807	-2.951099
0.997817	-2.950762
0.997828	-2.950426
0.997839	-2.95009
0.997849	-2.949755
0.99786	-2.949421
0.99787	-2.949088
0.99788	-2.948755
0.997891	-2.948424
0.997901	-2.948093
0.997911	-2.947763
0.997922	-2.947434
0.997932	-2.947106
0.997942	-2.946778
0.997953	-2.946452
0.997963	-2.946126
0.997973	-2.945801
0.997984	-2.945477
0.997994	-2.945154
0.998004	-2.944831
0.998014	-2.94451
0.998024	-2.944189
0.998034	-2.943869
0.998044	-2.94355
0.998054	-2.943231
0.998064	-2.942914
0.998074	-2.942597
0.998084	-2.942282
0.998094	-2.941966
0.998104	-2.941652
0.998114	-2.941339
0.998124	-2.941027
0.998133	-2.940715
0.998143	-2.940404
0.998153	-2.940094
0.998162	-2.939785
0.998172	-2.939477
0.998182	-2.939169
0.998191	-2.938862
0.998201	-2.938556
0.998211	-2.938251
0.99822	-2.937947
0.99823	-2.937644
0.998239	-2.937341
0.998248	-2.937039
0.998258	-2.936738
0.998267	-2.936438
0.998277	-2.936138
0.998287	-2.93584
0.998296	-2.935542
0.998305	-2.935245
0.998314	-2.934949
0.998324	-2.934654
0.998333	-2.93436
0.998342	-2.934067
0.998352	-2.933774
0.998361	-2.933482
0.99837	-2.933191
0.998379	-2.932901
0.998388	-2.932612
0.998397	-2.932323
0.998406	-2.932036
0.998416	-2.931749
0.998425	-2.931462
0.998433	-2.931177
0.998442	-2.930892
0.998451	-2.930609
0.99846	-2.930326
0.998469	-2.930044
0.998477	-2.929763
0.998486	-2.929483
0.998495	-2.929204
0.998504	-2.928925
0.998513	-2.928647
0.998521	-2.92837
0.99853	-2.928094
0.998538	-2.927818
0.998547	-2.927544
0.998556	-2.92727
0.998564	-2.926997
0.998573	-2.926725
0.998581	-2.926454
0.99859	-2.926183
0.998598	-2.925914
0.998607	-2.925645
0.998616	-2.925377
0.998624	-2.92511
0.998633	-2.924843
0.998641	-2.924578
0.998649	-2.924313
0.998657	-2.92405
0.998666	-2.923787
0.998674	-2.923524
0.998682	-2.923263
0.99869	-2.923003
0.998698	-2.922743
0.998707	-2.922484
0.998715	-2.922226
0.998723	-2.921969
0.998731	-2.921712
0.998739	-2.921456
0.998747	-2.921201
0.998755	-2.920947
0.998763	-2.920694
0.998771	-2.920442
0.998779	-2.920191
0.998787	-2.91994
0.998795	-2.919691
0.998803	-2.919442
0.998811	-2.919193
0.998818	-2.918946
0.998826	-2.918699
0.998833	-2.918453
0.998841	-2.918208
0.998849	-2.917964
0.998857	-2.917721
0.998864	-2.917479
0.998872	-2.917237
0.998879	-2.916996
0.998887	-2.916756
0.998894	-2.916517
0.998902	-2.916279
0.998909	-2.916041
0.998917	-2.915805
0.998924	-2.915569
0.998932	-2.915333
0.998939	-2.915099
0.998946	-2.914865
0.998954	-2.914633
0.998961	-2.914401
0.998968	-2.91417
0.998976	-2.91394
0.998983	-2.913711
0.99899	-2.913483
0.998997	-2.913255
0.999005	-2.913028
0.999012	-2.912802
0.999019	-2.912577
0.999026	-2.912352
0.999033	-2.912129
0.99904	-2.911906
0.999047	-2.911684
0.999054	-2.911463
0.999061	-2.911243
0.999067	-2.911023
0.999074	-2.910805
0.999081	-2.910587
0.999088	-2.91037
0.999095	-2.910154
0.999101	-2.909938
0.999108	-2.909724
0.999115	-2.90951
0.999122	-2.909297
0.999129	-2.909084
0.999135	-2.908873
0.999142	-2.908663
0.999149	-2.908454
0.999156	-2.908245
0.999162	-2.908037
0.999169	-2.907829
0.999175	-2.907623
0.999181	-2.907417
0.999188	-2.907213
0.999194	-2.907009
0.999201	-2.906806
0.999207	-2.906603
0.999213	-2.906402
0.999219	-2.906201
0.999226	-2.906001
0.999232	-2.905802
0.999238	-2.905604
0.999245	-2.905407
0.999251	-2.905211
0.999257	-2.905015
0.999263	-2.90482
0.999269	-2.904626
0.999275	-2.904433
0.999281	-2.90424
0.999287	-2.904049
0.999293	-2.903858
0.999299	-2.903668
0.999306	-2.903479
0.999312	-2.90329
0.999317	-2.903103
0.999323	-2.902916
0.999329	-2.90273
0.999335	-2.902545
0.999341	-2.902361
0.999347	-2.902178
0.999353	-2.901995
0.999358	-2.901814
0.999364	-2.901633
0.99937	-2.901452
0.999376	-2.901272
0.999381	-2.901094
0.999386	-2.900916
0.999392	-2.90074
0.999397	-2.900564
0.999403	-2.900389
0.999409	-2.900214
0.999414	-2.900041
0.99942	-2.899868
0.999425	-2.899696
0.99943	-2.899524
0.999436	-2.899354
0.999441	-2.899184
0.999446	-2.899015
0.999452	-2.898848
0.999457	-2.898681
0.999462	-2.898515
0.999468	-2.898349
0.999473	-2.898185
0.999478	-2.898021
0.999483	-2.897858
0.999488	-2.897696
0.999493	-2.897535
0.999498	-2.897374
0.999503	-2.897214
0.999509	-2.897055
0.999514	-2.896897
0.999519	-2.896739
0.999523	-2.896583
0.999528	-2.896427
0.999533	-2.896273
0.999538	-2.896119
0.999543	-2.895966
0.999548	-2.895813
0.999553	-2.895662
0.999558	-2.895511
0.999562	-2.895361
0.999567	-2.895212
0.999571	-2.895064
0.999576	-2.894916
0.999581	-2.89477
0.999586	-2.894624
0.99959	-2.894479
0.999595	-2.894335
0.999599	-2.894191
0.999603	-2.894048
0.999608	-2.893906
0.999612	-2.893765
0.999617	-2.893625
0.999621	-2.893486
0.999626	-2.893348
0.99963	-2.893211
0.999634	-2.893074
0.999638	-2.892937
0.999643	-2.892802
0.999647	-2.892668
0.999651	-2.892535
0.999656	-2.892402
0.99966	-2.89227
0.999664	-2.892138
0.999668	-2.892008
0.999672	-2.891878
0.999676	-2.89175
0.99968	-2.891622
0.999685	-2.891495
0.999689	-2.891368
0.999693	-2.891243
0.999697	-2.891118
0.999701	-2.890995
0.999705	-2.890872
0.999709	-2.890749
0.999712	-2.890628
0.999716	-2.890508
0.999719	-2.890388
0.999723	-2.890269
0.999727	-2.890151
0.999731	-2.890034
0.999735	-2.889917
0.999738	-2.889802
0.999742	-2.889687
0.999745	-2.889573
0.999749	-2.88946
0.999753	-2.889347
0.999756	-2.889236
0.99976	-2.889125
0.999763	-2.889015
0.999766	-2.888906
0.999769	-2.888797
0.999773	-2.888689
0.999776	-2.888583
0.99978	-2.888477
0.999783	-2.888372
0.999787	-2.888268
0.99979	-2.888165
0.999793	-2.888062
0.999796	-2.88796
0.999799	-2.887859
0.999803	-2.887759
0.999806	-2.887659
0.999809	-2.887561
0.999812	-2.887463
0.999816	-2.887367
0.999819	-2.887271
0.999821	-2.887175
0.999824	-2.887081
0.999827	-2.886987
0.999831	-2.886894
0.999834	-2.886802
0.999837	-2.886711
0.99984	-2.886621
0.999842	-2.886531
0.999845	-2.886443
0.999847	-2.886355
0.99985	-2.886267
0.999853	-2.886181
0.999856	-2.886095
0.999859	-2.88601
0.999861	-2.885927
0.999864	-2.885844
0.999867	-2.885762
0.999869	-2.885681
0.999872	-2.8856
0.999874	-2.88552
0.999877	-2.885441
0.999879	-2.885363
0.999882	-2.885285
0.999884	-2.885209
0.999887	-2.885133
0.999889	-2.885058
0.999891	-2.884985
0.999893	-2.884911
0.999896	-2.884838
0.999898	-2.884766
0.999901	-2.884696
0.999903	-2.884626
0.999905	-2.884557
0.999907	-2.884489
0.999909	-2.884421
0.999911	-2.884354
0.999913	-2.884288
0.999915	-2.884223
0.999918	-2.884158
0.99992	-2.884095
0.999922	-2.884033
0.999924	-2.883971
0.999926	-2.883909
0.999927	-2.883849
0.999929	-2.88379
0.999931	-2.883731
0.999933	-2.883674
0.999935	-2.883617
0.999937	-2.88356
0.999939	-2.883505
0.999941	-2.88345
0.999942	-2.883396
0.999943	-2.883344
0.999945	-2.883291
0.999947	-2.88324
0.999949	-2.883189
0.99995	-2.88314
0.999951	-2.883091
0.999953	-2.883043
0.999955	-2.882996
0.999957	-2.882949
0.999958	-2.882904
0.99996	-2.882859
0.999961	-2.882816
0.999963	-2.882772
0.999964	-2.88273
0.999965	-2.882689
0.999966	-2.882648
0.999967	-2.882608
0.999969	-2.882569
0.99997	-2.88253
0.999972	-2.882492
0.999973	-2.882456
0.999974	-2.88242
0.999975	-2.882385
0.999976	-2.882351
0.999977	-2.882318
0.999978	-2.882285
0.999979	-2.882254
0.99998	-2.882223
0.999981	-2.882193
0.999982	-2.882163
0.999983	-2.882135
0.999984	-2.882107
0.999985	-2.88208
0.999986	-2.882053
0.999986	-2.882028
0.999987	-2.882003
0.999988	-2.88198
0.999989	-2.881957
0.999989	-2.881936
0.99999	-2.881915
0.999991	-2.881894
0.999991	-2.881874
0.999992	-2.881855
0.999993	-2.881837
0.999994	-2.88182
0.999994	-2.881804
0.999994	-2.881789
0.999995	-2.881774
0.999995	-2.88176
0.999996	-2.881747
0.999997	-2.881735
0.999997	-2.881724
0.999998	-2.881713
0.999998	-2.881703
0.999998	-2.881694
0.999999	-2.881686
0.999999	-2.881679
0.999999	-2.881672
0.999999	-2.881667
0.999999	-2.881662
0.999999	-2.881657
1	-2.881654
1	-2.881651
1	-2.88165
1	-2.881649
1	-2.881649
1	-2.88165
1	-2.881651
1	-2.881653
1	-2.881656
1	-2.88166
1	-2.881665
1	-2.881671
1	-2.881677
0.999999	-2.881685
0.999999	-2.881693
0.999999	-2.881702
0.999998	-2.881712
0.999998	-2.881722
0.999998	-2.881733
0.999997	-2.881746
0.999997	-2.881759
0.999996	-2.881773
0.999996	-2.881787
0.999996	-2.881803
0.999996	-2.881819
0.999995	-2.881836
0.999995	-2.881854
0.999994	-2.881872
0.999993	-2.881892
0.999993	-2.881912
0.999992	-2.881933
0.999992	-2.881955
0.999991	-2.881978
0.999991	-2.882002
0.99999	-2.882026
0.999989	-2.882051
0.999988	-2.882077
0.999987	-2.882104
0.999986	-2.882131
0.999985	-2.88216
0.999985	-2.882189
0.999984	-2.882219
0.999983	-2.88225
0.999982	-2.882282
0.999981	-2.882314
0.99998	-2.882348
0.999979	-2.882382
0.999978	-2.882417
0.999977	-2.882453
0.999976	-2.882489
0.999975	-2.882527
0.999974	-2.882565
0.999972	-2.882604
0.999971	-2.882644
0.999969	-2.882685
0.999968	-2.882726
0.999967	-2.882768
0.999966	-2.882811
0.999965	-2.882855
0.999963	-2.882899
0.999962	-2.882945
0.99996	-2.882991
0.999959	-2.883038
0.999957	-2.883086
0.999956	-2.883135
0.999955	-2.883185
0.999953	-2.883235
0.999952	-2.883286
0.99995	-2.883339
0.999948	-2.883391
0.999947	-2.883445
0.999945	-2.883499
0.999943	-2.883555
0.999941	-2.88361
0.999939	-2.883667
0.999938	-2.883725
0.999936	-2.883784
0.999934	-2.883843
0.999932	-2.883903
0.99993	-2.883964
0.999929	-2.884026
0.999927	-2.884089
0.999925	-2.884153
0.999923	-2.884217
0.999921	-2.884282
0.999919	-2.884348
0.999917	-2.884414
0.999915	-2.884482
0.999913	-2.88455
0.999911	-2.884619
0.999909	-2.884689
0.999907	-2.88476
0.999905	-2.884831
0.999902	-2.884904
0.9999	-2.884977
0.999897	-2.885051
0.999895	-2.885126
0.999893	-2.885201
0.999891	-2.885277
0.999888	-2.885355
0.999886	-2.885433
0.999883	-2.885512
0.999881	-2.885592
0.999878	-2.885672
0.999876	-2.885753
0.999873	-2.885835
0.999871	-2.885918
0.999868	-2.886002
0.999866	-2.886087
0.999863	-2.886173
0.999861	-2.886259
0.999858	-2.886346
0.999855	-2.886434
0.999852	-2.886523
0.999849	-2.886612
0.999846	-2.886702
0.999843	-2.886793
0.999841	-2.886885
0.999838	-2.886978
0.999835	-2.887072
0.999832	-2.887166
0.999829	-2.887261
0.999826	-2.887357
0.999824	-2.887454
0.999821	-2.887551
0.999817	-2.88765
0.999814	-2.887749
0.999811	-2.887849
0.999808	-2.88795
0.999805	-2.888052
0.999802	-2.888154
0.999799	-2.888258
0.999796	-2.888362
0.999792	-2.888467
0.999789	-2.888573
0.999785	-2.888679
0.999782	-2.888787
0.999779	-2.888895
0.999776	-2.889004
0.999772	-2.889114
0.999769	-2.889224
0.999766	-2.889336
0.999762	-2.889448
0.999759	-2.889561
0.999755	-2.889675
0.999751	-2.88979
0.999748	-2.889906
0.999744	-2.890022
0.999741	-2.890139
0.999737	-2.890257
0.999733	-2.890376
0.999729	-2.890495
0.999725	-2.890616
0.999722	-2.890737
0.999718	-2.890859
0.999715	-2.890982
0.999711	-2.891106
0.999707	-2.89123
0.999703	-2.891356
0.999699	-2.891482
0.999695	-2.891609
0.999691	-2.891737
0.999687	-2.891866
0.999683	-2.891995
0.999679	-2.892125
0.999675	-2.892256
0.999671	-2.892388
0.999667	-2.892521
0.999663	-2.892654
0.999658	-2.892789
0.999654	-2.892924
0.99965	-2.89306
0.999645	-2.893196
0.999641	-2.893334
0.999637	-2.893473
0.999633	-2.893612
0.999628	-2.893752
0.999624	-2.893893
0.99962	-2.894034
0.999615	-2.894177
0.999611	-2.89432
0.999606	-2.894464
0.999602	-2.894609
0.999597	-2.894755
0.999593	-2.894901
0.999589	-2.895048
0.999584	-2.895197
0.99958	-2.895346
0.999575	-2.895496
0.99957	-2.895647
0.999565	-2.895798
0.99956	-2.89595
0.999555	-2.896103
0.999551	-2.896257
0.999546	-2.896411
0.999541	-2.896567
0.999537	-2.896723
0.999532	-2.896881
0.999527	-2.897039
0.999522	-2.897198
0.999517	-2.897358
0.999512	-2.897518
0.999507	-2.897679
0.999502	-2.897841
0.999497	-2.898004
0.999492	-2.898168
0.999486	-2.898332
0.999481	-2.898498
0.999476	-2.898664
0.999471	-2.898831
0.999466	-2.898999
0.999461	-2.899167
0.999455	-2.899337
0.99945	-2.899507
0.999445	-2.899678
0.999439	-2.89985
0.999434	-2.900023
0.999429	-2.900196
0.999423	-2.900371
0.999418	-2.900546
0.999413	-2.900722
0.999407	-2.900899
0.999402	-2.901077
0.999396	-2.901255
0.99939	-2.901434
0.999384	-2.901614
0.999379	-2.901795
0.999373	-2.901976
0.999367	-2.902159
0.999362	-2.902342
0.999356	-2.902527
0.99935	-2.902711
0.999344	-2.902897
0.999339	-2.903084
0.999333	-2.903271
0.999327	-2.90346
0.999322	-2.903649
0.999316	-2.903839
0.999309	-2.904029
0.999303	-2.904221
0.999297	-2.904413
0.999291	-2.904606
0.999285	-2.9048
0.999279	-2.904994
0.999273	-2.90519
0.999267	-2.905387
0.999261	-2.905584
0.999255	-2.905783
0.999249	-2.905982
0.999243	-2.906181
0.999236	-2.906382
0.99923	-2.906583
0.999224	-2.906785
0.999217	-2.906988
0.999211	-2.907191
0.999205	-2.907396
0.999199	-2.907602
0.999193	-2.907808
0.999186	-2.908016
0.999179	-2.908223
0.999172	-2.908432
0.999166	-2.908641
0.999159	-2.908852
0.999153	-2.909063
0.999146	-2.909275
0.99914	-2.909488
0.999133	-2.909701
0.999126	-2.909915
0.99912	-2.910131
0.999113	-2.910347
0.999107	-2.910564
0.9991	-2.910781
0.999093	-2.911
0.999086	-2.911219
0.999079	-2.91144
0.999072	-2.911661
0.999065	-2.911883
0.999058	-2.912105
0.999051	-2.912329
0.999045	-2.912553
0.999038	-2.912778
0.999031	-2.913005
0.999024	-2.913231
0.999017	-2.913459
0.999009	-2.913687
0.999002	-2.913916
0.998995	-2.914146
0.998988	-2.914377
0.998981	-2.914609
0.998974	-2.914841
0.998966	-2.915074
0.998959	-2.915308
0.998951	-2.915543
0.998944	-2.915779
0.998937	-2.916016
0.99893	-2.916253
0.998922	-2.916492
0.998915	-2.916731
0.998907	-2.916971
0.9989	-2.917211
0.998892	-2.917453
0.998885	-2.917695
0.998877	-2.917939
0.99887	-2.918183
0.998862	-2.918427
0.998854	-2.918673
0.998846	-2.91892
0.998839	-2.919167
0.998831	-2.919415
0.998824	-2.919664
0.998816	-2.919914
0.998808	-2.920164
0.9988	-2.920416
0.998792	-2.920668
0.998784	-2.920921
0.998777	-2.921175
0.998769	-2.921429
0.998761	-2.921685
0.998752	-2.921941
0.998744	-2.922198
0.998736	-2.922456
0.998728	-2.922715
0.99872	-2.922974
0.998712	-2.923235
0.998704	-2.923496
0.998696	-2.923759
0.998688	-2.924021
0.99868	-2.924285
0.998671	-2.92455
0.998663	-2.924815
0.998655	-2.925081
0.998647	-2.925349
0.998638	-2.925616
0.998629	-2.925885
0.998621	-2.926155
0.998613	-2.926425
0.998605	-2.926696
0.998596	-2.926968
0.998588	-2.927241
0.998579	-2.927515
0.998571	-2.927789
0.998562	-2.928064
0.998553	-2.92834
0.998545	-2.928617
0.998536	-2.928895
0.998527	-2.929173
0.998518	-2.929453
0.99851	-2.929733
0.998501	-2.930014
0.998492	-2.930295
0.998483	-2.930578
0.998474	-2.930862
0.998466	-2.931146
0.998457	-2.931432
0.998449	-2.931718
0.99844	-2.932005
0.998431	-2.932292
0.998421	-2.932581
0.998412	-2.93287
0.998403	-2.93316
0.998394	-2.933451
0.998385	-2.933743
0.998376	-2.934035
0.998367	-2.934329
0.998357	-2.934623
0.998348	-2.934918
0.998339	-2.935214
0.998329	-2.935511
0.99832	-2.935808
0.998311	-2.936107
0.998302	-2.936406
0.998292	-2.936706
0.998283	-2.937007
0.998274	-2.937309
0.998265	-2.937611
0.998255	-2.937914
0.998246	-2.938218
0.998236	-2.938523
0.998227	-2.938828
0.998217	-2.939135
0.998207	-2.939442
0.998198	-2.939751
0.998188	-2.94006
0.998178	-2.94037
0.998169	-2.940681
0.998159	-2.940992
0.99815	-2.941305
0.99814	-2.941618
0.99813	-2.941932
0.99812	-2.942247
0.99811	-2.942563
0.9981	-2.942879
0.998091	-2.943197
0.998081	-2.943515
0.998071	-2.943834
0.998061	-2.944154
0.998051	-2.944475
0.998041	-2.944796
0.998031	-2.945119
0.99802	-2.945442
0.99801	-2.945765
0.998	-2.94609
0.99799	-2.946416
0.99798	-2.946742
0.99797	-2.947069
0.997959	-2.947398
0.997949	-2.947727
0.997939	-2.948057
0.997928	-2.948387
0.997918	-2.948719
0.997908	-2.949051
0.997897	-2.949384
0.997887	-2.949718
0.997877	-2.950053
0.997866	-2.950389
0.997856	-2.950725
0.997846	-2.951062
0.997835	-2.9514
0.997825	-2.951739
0.997814	-2.952078
0.997803	-2.952419
0.997793	-2.95276
0.997782	-2.953103
0.997771	-2.953446
0.99776	-2.95379
0.99775	-2.954134
0.997739	-2.95448
0.997728	-2.954826
0.997718	-2.955174
0.997707	-2.955522
0.997696	-2.955871
0.997685	-2.95622
0.997674	-2.956571
0.997663	-2.956922
0.997651	-2.957274
0.99764	-2.957627
0.997629	-2.957981
0.997618	-2.958336
0.997607	-2.958692
0.997596	-2.959048
0.997585	-2.959404
0.997574	-2.959762
0.997563	-2.960121
0.997552	-2.960481
0.997541	-2.960841
0.99753	-2.961203
0.997519	-2.961565
0.997507	-2.961928
0.997496	-2.962292
0.997484	-2.962657
0.997473	-2.963022
0.997461	-2.963388
0.99745	-2.963755
0.997439	-2.964124
0.997427	-2.964493
0.997415	-2.964862
0.997404	-2.965232
0.997392	-2.965603
0.99738	-2.965975
0.997369	-2.966349
0.997358	-2.966723
0.997346	-2.967098
0.997334	-2.967473
0.997322	-2.967849
0.99731	-2.968226
0.997299	-2.968604
0.997287	-2.968983
0.997275	-2.969362
0.997263	-2.969743
0.997252	-2.970124
0.99724	-2.970507
0.997228	-2.97089
0.997216	-2.971273
0.997204	-2.971658
0.997192	-2.972043
0.997179	-2.97243
0.997167	-2.972817
0.997155	-2.973205
0.997143	-2.973594
0.997131	-2.973984
0.997119	-2.974374
0.997107	-2.974765
0.997094	-2.975157
0.997082	-2.97555
0.99707	-2.975944
0.997058	-2.976339
0.997046	-2.976734
0.997033	-2.97713
0.997021	-2.977527
0.997008	-2.977925
0.996996	-2.978324
0.996983	-2.978724
0.996971	-2.979125
0.996958	-2.979526
0.996946	-2.979928
0.996933	-2.980331
0.996921	-2.980735
0.996908	-2.981139
0.996896	-2.981545
0.996883	-2.981951
0.99687	-2.982358
0.996857	-2.982767
0.996845	-2.983175
0.996832	-2.983585
0.996819	-2.983996
0.996806	-2.984407
0.996793	-2.984819
0.99678	-2.985232
0.996767	-2.985646
0.996755	-2.986061
0.996742	-2.986476
0.996729	-2.986893
0.996716	-2.98731
0.996703	-2.987728
0.99669	-2.988147
0.996677	-2.988566
0.996664	-2.988987
0.99665	-2.989408
0.996637	-2.98983
0.996624	-2.990254
0.996611	-2.990678
0.996597	-2.991103
0.996584	-2.991528
0.996571	-2.991954
0.996558	-2.992382
0.996545	-2.99281
0.996532	-2.993239
0.996518	-2.993669
0.996505	-2.994099
0.996491	-2.994531
0.996478	-2.994963
0.996464	-2.995396
0.99645	-2.99583
0.996437	-2.996265
0.996423	-2.996701
0.99641	-2.997138
0.996396	-2.997575
0.996383	-2.998013
0.996369	-2.998452
0.996355	-2.998892
0.996341	-2.999333
0.996327	-2.999774
0.996314	-3.000217
0.9963	-3.00066
0.996287	-3.001104
0.996273	-3.001549
0.996259	-3.001995
0.996245	-3.002441
0.996231	-3.002888
0.996217	-3.003336
0.996203	-3.003785
0.996188	-3.004235
0.996174	-3.004686
0.99616	-3.005138
0.996146	-3.005591
0.996132	-3.006044
0.996118	-3.006498
0.996104	-3.006953
0.99609	-3.007409
0.996075	-3.007865
0.996061	-3.008323
0.996047	-3.008781
0.996032	-3.009241
0.996018	-3.009701
0.996004	-3.010162
0.99599	-3.010624
0.995975	-3.011086
0.995961	-3.01155
0.995946	-3.012014
0.995931	-3.012479
0.995917	-3.012945
0.995903	-3.013412
0.995889	-3.013879
0.995874	-3.014348
0.995859	-3.014817
0.995845	-3.015287
0.99583	-3.015759
0.995815	-3.016231
0.995801	-3.016703
0.995785	-3.017177
0.99577	-3.017651
0.995756	-3.018126
0.995741	-3.018602
0.995727	-3.019079
0.995712	-3.019557
0.995697	-3.020035
0.995682	-3.020515
0.995667	-3.020995
0.995652	-3.021476
0.995637	-3.021958
0.995622	-3.022441
0.995607	-3.022925
0.995591	-3.02341
0.995576	-3.023895
0.995561	-3.024382
0.995546	-3.024869
0.995531	-3.025357
0.995516	-3.025845
0.9955	-3.026335
0.995485	-3.026825
0.99547	-3.027316
0.995454	-3.027808
0.995439	-3.028302
0.995424	-3.028796
0.995408	-3.029291
0.995393	-3.029786
0.995377	-3.030282
0.995362	-3.030779
0.995346	-3.031277
0.99533	-3.031776
0.995315	-3.032276
0.9953	-3.032777
0.995284	-3.033278
0.995268	-3.03378
0.995253	-3.034283
0.995237	-3.034787
0.995221	-3.035293
0.995206	-3.035798
0.99519	-3.036305
0.995174	-3.036812
0.995158	-3.03732
0.995142	-3.037829
0.995126	-3.03834
0.99511	-3.038851
0.995095	-3.039362
0.995079	-3.039875
0.995063	-3.040388
0.995047	-3.040902
0.995031	-3.041417
0.995015	-3.041933
0.994999	-3.04245
0.994982	-3.042968
0.994966	-3.043486
0.994949	-3.044005
0.994933	-3.044525
0.994917	-3.045046
0.994901	-3.045569
0.994885	-3.046092
0.994868	-3.046615
0.994852	-3.047139
0.994835	-3.047664
0.994819	-3.04819
0.994803	-3.048717
0.994786	-3.049245
0.99477	-3.049774
0.994753	-3.050304
0.994737	-3.050835
0.994721	-3.051366
0.994704	-3.051898
0.994687	-3.05243
0.99467	-3.052964
0.994654	-3.053498
0.994637	-3.054034
0.994621	-3.054571
0.994604	-3.055108
0.994588	-3.055646
0.994571	-3.056185
0.994554	-3.056725
0.994537	-3.057266
0.99452	-3.057807
0.994503	-3.058349
0.994486	-3.058892
0.994469	-3.059436
0.994452	-3.059981
0.994436	-3.060527
0.994419	-3.061073
0.994401	-3.061621
0.994384	-3.062169
0.994367	-3.062718
0.99435	-3.063269
0.994333	-3.06382
0.994316	-3.064371
0.994299	-3.064924
0.994281	-3.065477
0.994264	-3.066031
0.994246	-3.066586
0.994229	-3.067143
0.994212	-3.0677
0.994195	-3.068257
0.994177	-3.068816
0.99416	-3.069375
0.994142	-3.069935
0.994125	-3.070496
0.994107	-3.071058
0.99409	-3.071621
0.994072	-3.072185
0.994055	-3.072749
0.994037	-3.073315
0.994019	-3.073881
0.994001	-3.074449
0.993984	-3.075017
0.993966	-3.075585
0.993949	-3.076155
0.993931	-3.076725
0.993913	-3.077297
0.993895	-3.077869
0.993878	-3.078442
0.99386	-3.079016
0.993842	-3.079591
0.993824	-3.080167
0.993806	-3.080744
0.993788	-3.081321
0.99377	-3.0819
0.993752	-3.082479
0.993734	-3.083059
0.993715	-3.083639
0.993697	-3.084221
0.993679	-3.084804
0.993661	-3.085387
0.993643	-3.085972
0.993624	-3.086557
0.993606	-3.087143
0.993588	-3.08773
0.99357	-3.088318
0.993552	-3.088907
0.993533	-3.089496
0.993515	-3.090086
0.993497	-3.090677
0.993479	-3.091269
0.99346	-3.091862
0.993441	-3.092456
0.993423	-3.093051
0.993404	-3.093647
0.993386	-3.094243
0.993367	-3.094841
0.993349	-3.095438
0.99333	-3.096037
0.993311	-3.096637
0.993292	-3.097238
0.993273	-3.097839
0.993255	-3.098442
0.993236	-3.099045
0.993218	-3.099649
0.993199	-3.100254
0.99318	-3.10086
0.993161	-3.101467
0.993142	-3.102075
0.993123	-3.102684
0.993104	-3.103293
0.993085	-3.103903
0.993066	-3.104514
0.993047	-3.105126
0.993027	-3.105739
0.993008	-3.106352
0.992989	-3.106967
0.992971	-3.107582
0.992951	-3.108199
0.992932	-3.108816
0.992913	-3.109434
0.992893	-3.110053
0.992874	-3.110673
0.992855	-3.111293
0.992836	-3.111914
0.992817	-3.112537
0.992797	-3.11316
0.992777	-3.113784
0.992758	-3.114409
0.992738	-3.115034
0.992719	-3.115661
0.9927	-3.116289
0.99268	-3.116917
0.992661	-3.117547
0.992641	-3.118177
0.992621	-3.118808
0.992602	-3.11944
0.992582	-3.120073
0.992562	-3.120707
0.992542	-3.121341
0.992522	-3.121976
0.992503	-3.122612
0.992483	-3.123249
0.992463	-3.123887
0.992443	-3.124526
0.992423	-3.125166
0.992403	-3.125807
0.992383	-3.126448
0.992363	-3.12709
0.992343	-3.127733
0.992323	-3.128377
0.992303	-3.129022
0.992283	-3.129668
0.992263	-3.130315
0.992243	-3.130963
0.992223	-3.131611
0.992203	-3.13226
0.992182	-3.13291
0.992162	-3.133561
0.992142	-3.134213
0.992121	-3.134866
0.992101	-3.135519
0.99208	-3.136174
0.99206	-3.136829
0.99204	-3.137486
0.992019	-3.138143
0.991999	-3.138801
0.991979	-3.13946
0.991958	-3.14012
0.991938	-3.14078
0.991917	-3.141442
0.991896	3.141081
0.991876	3.140418
0.991855	3.139753
0.991834	3.139088
0.991813	3.138423
0.991793	3.137756
0.991772	3.137088
0.991751	3.13642
0.991731	3.135751
0.99171	3.13508
0.991688	3.134409
0.991667	3.133737
0.991647	3.133064
0.991626	3.132391
0.991605	3.131716
0.991584	3.13104
0.991563	3.130364
0.991542	3.129686
0.991521	3.129008
0.9915	3.128329
0.991479	3.127649
0.991457	3.126969
0.991436	3.126287
0.991415	3.125605
0.991394	3.124921
0.991373	3.124236
0.991351	3.123551
0.99133	3.122865
0.991308	3.122179
0.991287	3.121491
0.991265	3.120802
0.991244	3.120113
0.991223	3.119422
0.991201	3.118731
0.99118	3.118039
0.991158	3.117346
0.991136	3.116652
0.991114	3.115957
0.991093	3.115261
0.991072	3.114565
0.99105	3.113867
0.991028	3.113169
0.991006	3.11247
0.990985	3.111769
0.990963	3.111068
0.990941	3.110366
0.990919	3.109663
0.990898	3.10896
0.990875	3.108255
0.990853	3.10755
0.990831	3.106844
0.990809	3.106137
0.990788	3.105428
0.990766	3.104719
0.990744	3.10401
0.990722	3.103299
0.990699	3.102588
0.990677	3.101875
0.990655	3.101161
0.990633	3.100447
0.99061	3.099732
0.990588	3.099016
0.990566	3.098299
0.990543	3.097582
0.990521	3.096863
0.990499	3.096143
0.990476	3.095422
0.990454	3.094701
0.990431	3.093979
0.990409	3.093256
0.990386	3.092532
0.990364	3.091807
0.990341	3.091081
0.990319	3.090355
0.990297	3.089627
0.990274	3.088899
0.990251	3.088169
0.990228	3.087439
0.990206	3.086708
0.990183	3.085976
0.99016	3.085243
0.990137	3.08451
0.990114	3.083775
0.990091	3.08304
0.990068	3.082303
0.990046	3.081566
0.990023	3.080828
0.99	3.080089
0.989977	3.079349
0.989954	3.078608
0.989931	3.077866
0.989908	3.077123
0.989885	3.07638
0.989862	3.075635
0.989838	3.07489
0.989815	3.074144
0.989792	3.073397
0.989769	3.072649
0.989746	3.0719
0.989722	3.07115
0.989699	3.070399
0.989676	3.069648
0.989652	3.068896
0.989629	3.068143
0.989605	3.067389
0.989581	3.066633
0.989558	3.065877
0.989534	3.06512
0.989511	3.064362
0.989487	3.063604
0.989464	3.062844
0.98944	3.062084
0.989417	3.061322
0.989393	3.06056
0.98937	3.059797
0.989346	3.059033
0.989322	3.058268
0.989298	3.057502
0.989274	3.056735
0.98925	3.055968
0.989226	3.055199
0.989202	3.05443
0.989178	3.053659
0.989154	3.052888
0.98913	3.052116
0.989107	3.051343
0.989083	3.050569
0.989059	3.049794
0.989035	3.049019
0.989011	3.048242
0.988987	3.047465
0.988962	3.046686
0.988938	3.045907
0.988914	3.045127
0.988889	3.044346
0.988865	3.043564
0.988841	3.042781
0.988817	3.041997
0.988792	3.041212
0.988768	3.040426
0.988744	3.03964
0.988719	3.038853
0.988694	3.038065
0.98867	3.037276
0.988645	3.036485
0.98862	3.035694
0.988596	3.034902
0.988571	3.034109
0.988547	3.033316
0.988522	3.032522
0.988497	3.031726
0.988473	3.03093
0.988448	3.030133
0.988424	3.029334
0.988399	3.028535
0.988374	3.027735
0.988349	3.026934
0.988324	3.026132
0.988299	3.02533
0.988274	3.024527
0.988249	3.023722
0.988224	3.022917
0.988199	3.02211
0.988174	3.021303
0.988149	3.020495
0.988124	3.019686
0.988099	3.018876
0.988073	3.018065
0.988048	3.017254
0.988023	3.016441
0.987998	3.015628
0.987973	3.014813
0.987948	3.013997
0.987922	3.013181
0.987896	3.012364
0.987871	3.011546
0.987845	3.010727
0.98782	3.009907
0.987794	3.009087
0.987769	3.008265
0.987743	3.007442
0.987718	3.006619
0.987692	3.005794
0.987667	3.004969
0.987641	3.004142
0.987616	3.003315
0.98759	3.002487
0.987564	3.001658
0.987538	3.000828
0.987512	2.999997
0.987486	2.999165
0.987461	2.998333
0.987435	2.997499
0.987409	2.996665
0.987383	2.99583
0.987357	2.994994
0.987331	2.994157
0.987305	2.993319
0.987279	2.99248
0.987253	2.99164
0.987227	2.990799
0.987201	2.989957
0.987175	2.989114
0.987149	2.988271
0.987123	2.987426
0.987096	2.986581
0.98707	2.985735
0.987043	2.984887
0.987017	2.984039
0.98699	2.98319
0.986964	2.98234
0.986938	2.98149
0.986911	2.980638
0.986885	2.979785
0.986858	2.978932
0.986832	2.978078
0.986806	2.977222
0.986779	2.976366
0.986753	2.975508
0.986726	2.97465
0.986699	2.973791
0.986672	2.972931
0.986646	2.97207
0.986619	2.971209
0.986592	2.970346
0.986565	2.969482
0.986539	2.968617
0.986512	2.967752
0.986485	2.966886
0.986458	2.966018
0.986431	2.96515
0.986404	2.964281
0.986377	2.96341
0.98635	2.96254
0.986323	2.961668
0.986297	2.960795
0.98627	2.959922
0.986243	2.959047
0.986215	2.958171
0.986188	2.957295
0.98616	2.956417
0.986133	2.955538
0.986106	2.954659
0.986079	2.953779
0.986051	2.952898
0.986024	2.952016
0.985996	2.951133
0.985969	2.950249
0.985941	2.949364
0.985914	2.948478
0.985886	2.947592
0.985859	2.946704
0.985831	2.945816
0.985804	2.944926
0.985777	2.944036
0.985749	2.943145
0.985721	2.942253
0.985693	2.941359
0.985665	2.940465
0.985638	2.93957
0.985611	2.938674
0.985583	2.937778
0.985555	2.93688
0.985527	2.935981
0.985499	2.935082
0.985471	2.934182
0.985443	2.93328
0.985415	2.932378
0.985387	2.931474
0.985359	2.93057
0.98533	2.929665
0.985302	2.928759
0.985274	2.927852
0.985247	2.926944
0.985219	2.926035
0.98519	2.925125
0.985162	2.924214
0.985133	2.923302
0.985105	2.92239
0.985077	2.921476
0.985049	2.920562
0.985021	2.919646
0.984992	2.91873
0.984964	2.917813
0.984935	2.916895
0.984907	2.915976
0.984878	2.915056
0.98485	2.914135
0.984821	2.913213
0.984793	2.91229
0.984764	2.911366
0.984735	2.910442
0.984707	2.909516
0.984678	2.908589
0.984649	2.907661
0.98462	2.906733
0.984592	2.905803
0.984563	2.904873
0.984534	2.903942
0.984505	2.90301
0.984476	2.902077
0.984447	2.901143
0.984418	2.900208
0.984389	2.899272
0.98436	2.898335
0.984331	2.897397
0.984302	2.896459
0.984273	2.895519
0.984244	2.894578
0.984215	2.893637
0.984185	2.892695
0.984156	2.891751
0.984127	2.890807
0.984097	2.889862
0.984068	2.888915
0.984039	2.887968
0.98401	2.88702
0.98398	2.886071
0.98395	2.885121
0.983921	2.88417
0.983892	2.883218
0.983862	2.882265
0.983833	2.881312
0.983803	2.880357
0.983774	2.879402
0.983744	2.878445
0.983715	2.877487
0.983685	2.876529
0.983655	2.875569
0.983625	2.874609
0.983595	2.873648
0.983565	2.872686
0.983536	2.871723
0.983506	2.870759
0.983476	2.869794
0.983446	2.868828
0.983416	2.867861
0.983386	2.866893
0.983356	2.865924
0.983326	2.864955
0.983296	2.863984
0.983266	2.863012
0.983236	2.862039
0.983206	2.861066
0.983175	2.860091
0.983145	2.859116
0.983115	2.858139
0.983085	2.857162
0.983055	2.856184
0.983025	2.855204
0.982994	2.854224
0.982964	2.853243
0.982934	2.852261
0.982903	2.851278
0.982872	2.850294
0.982842	2.849309
0.982811	2.848324
0.982781	2.847337
0.982751	2.846349
0.98272	2.845361
0.982689	2.844371
0.982658	2.84338
0.982628	2.842389
0.982597	2.841396
0.982566	2.840403
0.982535	2.839408
0.982504	2.838413
0.982473	2.837416
0.982443	2.836419
0.982412	2.835421
0.982381	2.834422
0.98235	2.833422
0.982319	2.83242
0.982288	2.831418
0.982257	2.830415
0.982226	2.829412
0.982195	2.828407
0.982164	2.827401
0.982133	2.826395
0.982102	2.825387
0.98207	2.824378
0.982039	2.823369
0.982008	2.822358
0.981976	2.821346
0.981945	2.820333
0.981914	2.81932
0.981882	2.818306
0.981851	2.81729
0.981819	2.816274
0.981788	2.815256
0.981757	2.814238
0.981725	2.813219
0.981694	2.812199
0.981662	2.811177
0.98163	2.810155
0.981598	2.809132
0.981567	2.808108
0.981535	2.807083
0.981503	2.806057
0.981471	2.80503
0.981439	2.804002
0.981408	2.802973
0.981376	2.801944
0.981344	2.800913
0.981312	2.799881
0.981281	2.798848
0.981249	2.797815
0.981217	2.79678
0.981185	2.795745
0.981152	2.794708
0.98112	2.793671
0.981088	2.792632
0.981056	2.791593
0.981024	2.790552
0.980992	2.789511
0.98096	2.788468
0.980928	2.787425
0.980895	2.786381
0.980863	2.785336
0.980831	2.78429
0.980798	2.783243
0.980765	2.782195
0.980733	2.781145
0.980701	2.780095
0.980668	2.779044
0.980636	2.777992
0.980603	2.776939
0.980571	2.775885
0.980538	2.77483
0.980505	2.773775
0.980472	2.772718
0.98044	2.77166
0.980407	2.770601
0.980375	2.769541
0.980342	2.76848
0.98031	2.767419
0.980277	2.766356
0.980244	2.765293
0.98021	2.764228
0.980177	2.763163
0.980144	2.762096
0.980111	2.761028
0.980078	2.759959
0.980045	2.75889
0.980012	2.75782
0.979979	2.756748
0.979946	2.755676
0.979913	2.754602
0.979879	2.753528
0.979846	2.752453
0.979813	2.751377
0.97978	2.7503
0.979747	2.749221
0.979713	2.748141
0.97968	2.747061
0.979646	2.74598
0.979613	2.744898
0.979579	2.743815
0.979546	2.742731
0.979512	2.741646
0.979479	2.74056
0.979445	2.739473
0.979412	2.738385
0.979378	2.737296
0.979345	2.736206
0.979311	2.735115
0.979277	2.734023
0.979243	2.732929
0.979209	2.731836
0.979176	2.730741
0.979142	2.729645
0.979108	2.728548
0.979075	2.72745
0.97904	2.726352
0.979006	2.725252
0.978972	2.724151
0.978938	2.723049
0.978904	2.721946
0.97887	2.720843
0.978836	2.719738
0.978802	2.718632
0.978767	2.717526
0.978733	2.716418
0.978699	2.715309
0.978665	2.7142
0.97863	2.713089
0.978596	2.711977
0.978562	2.710864
0.978528	2.709751
0.978493	2.708636
0.978459	2.707521
0.978424	2.706405
0.97839	2.705287
0.978355	2.704168
0.97832	2.703049
0.978286	2.701928
0.978251	2.700807
0.978216	2.699684
0.978182	2.698561
0.978147	2.697436
0.978113	2.69631
0.978078	2.695183
0.978043	2.694056
0.978008	2.692928
0.977973	2.691798
0.977938	2.690668
0.977903	2.689537
0.977868	2.688404
0.977833	2.68727
0.977798	2.686136
0.977763	2.685001
0.977728	2.683865
0.977693	2.682727
0.977658	2.681589
0.977623	2.680449
0.977588	2.679309
0.977553	2.678167
0.977518	2.677025
0.977482	2.675882
0.977447	2.674738
0.977412	2.673592
0.977376	2.672446
0.977341	2.671298
0.977306	2.67015
0.97727	2.669001
0.977235	2.66785
0.977199	2.666699
0.977163	2.665546
0.977127	2.664393
0.977092	2.663239
0.977056	2.662084
0.977021	2.660927
0.976986	2.65977
0.97695	2.658611
0.976913	2.657452
0.976877	2.656292
0.976842	2.655131
0.976806	2.653968
0.97677	2.652805
0.976734	2.65164
0.976698	2.650474
0.976662	2.649308
0.976626	2.64814
0.97659	2.646972
0.976554	2.645803
0.976518	2.644633
0.976482	2.643461
0.976446	2.642289
0.97641	2.641116
0.976373	2.639941
0.976337	2.638765
0.976301	2.637589
0.976264	2.636411
0.976228	2.635233
0.976192	2.634054
0.976156	2.632873
0.97612	2.631691
0.976083	2.630509
0.976046	2.629325
0.97601	2.628141
0.975973	2.626956
0.975937	2.625769
0.9759	2.624581
0.975864	2.623392
0.975827	2.622203
0.97579	2.621012
0.975753	2.619821
0.975717	2.618628
0.97568	2.617435
0.975643	2.61624
0.975606	2.615045
0.97557	2.613848
0.975532	2.61265
0.975495	2.611451
0.975458	2.610251
0.975421	2.60905
0.975384	2.607848
0.975347	2.606646
0.97531	2.605442
0.975273	2.604237
0.975235	2.603031
0.975198	2.601825
0.975161	2.600617
0.975124	2.599408
0.975087	2.598198
0.97505	2.596987
0.975012	2.595775
0.974975	2.594562
0.974937	2.593348
0.9749	2.592133
0.974862	2.590917
0.974825	2.5897
0.974787	2.588482
0.97475	2.587262
0.974713	2.586042
0.974675	2.584821
0.974638	2.583599
0.9746	2.582376
0.974562	2.581152
0.974524	2.579927
0.974486	2.5787
0.974448	2.577473
0.974411	2.576245
0.974373	2.575015
0.974335	2.573785
0.974297	2.572553
0.974259	2.571321
0.974222	2.570088
0.974184	2.568853
0.974145	2.567617
0.974107	2.566381
0.974069	2.565143
0.974031	2.563905
0.973992	2.562665
0.973954	2.561425
0.973916	2.560183
0.973878	2.55894
0.97384	2.557696
0.973802	2.556451
0.973763	2.555205
0.973725	2.553959
0.973686	2.552711
0.973648	2.551462
0.973609	2.550212
0.97357	2.548961
0.973532	2.547709
0.973493	2.546456
0.973455	2.545202
0.973416	2.543947
0.973378	2.54269
0.973339	2.541433
0.9733	2.540175
0.973261	2.538915
0.973222	2.537655
0.973184	2.536394
0.973145	2.535132
0.973107	2.533869
0.973067	2.532604
0.973028	2.531338
0.972989	2.530072
0.97295	2.528804
0.972911	2.527535
0.972872	2.526265
0.972833	2.524995
0.972794	2.523723
0.972755	2.52245
0.972716	2.521176
0.972677	2.519902
0.972637	2.518626
0.972598	2.517349
0.972559	2.516071
0.97252	2.514792
0.97248	2.513511
0.972441	2.51223
0.972401	2.510948
0.972362	2.509665
0.972322	2.508381
0.972282	2.507096
0.972243	2.505809
0.972203	2.504522
0.972163	2.503234
0.972124	2.501944
0.972084	2.500653
0.972044	2.499361
0.972005	2.498069
0.971965	2.496775
0.971926	2.495481
0.971886	2.494185
0.971846	2.492888
0.971806	2.49159
0.971766	2.490291
0.971726	2.488991
0.971686	2.48769
0.971646	2.486388
0.971606	2.485084
0.971566	2.48378
0.971526	2.482475
0.971485	2.481169
0.971445	2.479861
0.971405	2.478553
0.971365	2.477243
0.971325	2.475933
0.971285	2.474621
0.971244	2.473308
0.971204	2.471994
0.971163	2.470679
0.971122	2.469364
0.971082	2.468047
0.971042	2.466729
0.971001	2.46541
0.970961	2.46409
0.97092	2.462768
0.970879	2.461446
0.970838	2.460123
0.970798	2.458799
0.970757	2.457474
0.970716	2.456147
0.970676	2.45482
0.970635	2.453491
0.970594	2.452161
0.970553	2.450831
0.970512	2.449499
0.970471	2.448166
0.97043	2.446832
0.970389	2.445497
0.970348	2.444161
0.970307	2.442824
0.970266	2.441485
0.970225	2.440146
0.970184	2.438806
0.970142	2.437464
0.970101	2.436122
0.97006	2.434778
0.970019	2.433434
0.969978	2.432088
0.969936	2.430741
0.969895	2.429394
0.969854	2.428045
0.969812	2.426695
0.969771	2.425344
0.969729	2.423992
0.969687	2.422639
0.969646	2.421285
0.969604	2.419929
0.969562	2.418573
0.96952	2.417216
0.969479	2.415857
0.969438	2.414497
0.969396	2.413136
0.969354	2.411775
0.969312	2.410412
0.96927	2.409048
0.969228	2.407683
0.969186	2.406317
0.969144	2.40495
0.969102	2.403582
0.96906	2.402213
0.969018	2.400843
0.968976	2.399471
0.968934	2.398099
0.968892	2.396725
0.968849	2.39535
0.968807	2.393974
0.968765	2.392597
0.968723	2.391219
0.968681	2.38984
0.968638	2.38846
0.968596	2.387079
0.968553	2.385697
0.968511	2.384313
0.968468	2.382929
0.968426	2.381543
0.968384	2.380157
0.968341	2.378769
0.968298	2.377381
0.968255	2.375991
0.968213	2.3746
0.96817	2.373208
0.968128	2.371815
0.968085	2.370421
0.968042	2.369025
0.968	2.367628
0.967956	2.366231
0.967913	2.364832
0.96787	2.363433
0.967827	2.362032
0.967784	2.360631
0.967741	2.359228
0.967698	2.357823
0.967655	2.356418
0.967612	2.355012
0.967569	2.353605
0.967526	2.352196
0.967482	2.350787
0.967439	2.349376
0.967396	2.347965
0.967353	2.346552
0.96731	2.345137
0.967266	2.343722
0.967223	2.342306
0.96718	2.340889
0.967136	2.339471
0.967092	2.338051
0.967049	2.336631
0.967005	2.335209
0.966962	2.333786
0.966918	2.332363
0.966875	2.330938
0.966831	2.329512
0.966787	2.328085
0.966743	2.326657
0.966699	2.325227
0.966655	2.323797
0.966611	2.322365
0.966567	2.320933
0.966523	2.319499
0.966479	2.318065
0.966435	2.316629
0.966392	2.315192
0.966348	2.313753
0.966304	2.312314
0.96626	2.310873
0.966216	2.309432
0.966171	2.30799
0.966127	2.306546
0.966083	2.305101
0.966039	2.303656
0.965994	2.302209
0.965949	2.30076
0.965905	2.299311
0.96586	2.297861
0.965816	2.296409
0.965772	2.294956
0.965727	2.293503
0.965683	2.292048
0.965638	2.290592
0.965593	2.289135
0.965549	2.287677
0.965504	2.286218
0.96546	2.284757
0.965415	2.283296
0.96537	2.281833
0.965325	2.280369
0.96528	2.278904
0.965235	2.277438
0.96519	2.275971
0.965145	2.274503
0.9651	2.273034
0.965055	2.271563
0.96501	2.270092
0.964965	2.268619
0.96492	2.267145
0.964875	2.26567
0.96483	2.264194
0.964785	2.262717
0.964739	2.261239
0.964694	2.259759
0.964649	2.258279
0.964603	2.256797
0.964558	2.255314
0.964513	2.25383
0.964467	2.252345
0.964422	2.250859
0.964377	2.249372
0.964331	2.247883
0.964285	2.246394
0.964239	2.244903
0.964194	2.243411
0.964148	2.241918
0.964102	2.240424
0.964057	2.238929
0.964011	2.237433
0.963965	2.235935
0.96392	2.234436
0.963874	2.232936
0.963828	2.231435
0.963782	2.229933
0.963736	2.22843
0.96369	2.226925
0.963644	2.22542
0.963598	2.223913
0.963552	2.222406
0.963506	2.220897
0.963459	2.219387
0.963413	2.217876
0.963366	2.216364
0.96332	2.214851
0.963274	2.213336
0.963227	2.21182
0.963181	2.210303
0.963134	2.208785
0.963088	2.207266
0.963042	2.205746
0.962995	2.204224
0.962949	2.202701
0.962902	2.201178
0.962856	2.199653
0.962809	2.198127
0.962763	2.1966
0.962716	2.195072
0.962669	2.193543
0.962622	2.192012
0.962576	2.190481
0.962529	2.188948
0.962481	2.187413
0.962434	2.185878
0.962388	2.184342
0.962341	2.182804
0.962294	2.181266
0.962247	2.179726
0.9622	2.178186
0.962153	2.176643
0.962106	2.1751
0.962058	2.173555
0.962011	2.17201
0.961963	2.170463
0.961916	2.168916
0.961869	2.167367
0.961822	2.165816
0.961775	2.164265
0.961727	2.162712
0.96168	2.161159
0.961632	2.159604
0.961585	2.158048
0.961537	2.156491
0.96149	2.154933
0.961442	2.153373
0.961394	2.151813
0.961346	2.150251
0.961299	2.148688
0.961251	2.147124
0.961204	2.145559
0.961156	2.143992
0.961108	2.142425
0.96106	2.140856
0.961011	2.139286
0.960963	2.137715
0.960915	2.136143
0.960868	2.134569
0.96082	2.132994
0.960772	2.131419
0.960723	2.129842
0.960675	2.128264
0.960627	2.126685
0.960579	2.125104
0.960531	2.123523
0.960482	2.12194
0.960434	2.120356
0.960386	2.118771
0.960337	2.117185
0.960288	2.115597
0.96024	2.114009
0.960191	2.112419
0.960143	2.110828
0.960094	2.109236
0.960046	2.107643
0.959997	2.106049
0.959949	2.104453
0.9599	2.102856
0.959851	2.101258
0.959802	2.099659
0.959753	2.098058
0.959704	2.096457
0.959656	2.094854
0.959607	2.09325
0.959558	2.091645
0.959509	2.090039
0.95946	2.088431
0.959411	2.086822
0.959361	2.085212
0.959312	2.083601
0.959263	2.081989
0.959214	2.080376
0.959165	2.078761
0.959116	2.077146
0.959067	2.075529
0.959017	2.073911
0.958967	2.072291
0.958918	2.070671
0.958869	2.069049
0.958819	2.067426
0.95877	2.065802
0.95872	2.064176
0.958671	2.06255
0.958621	2.060922
0.958572	2.059294
0.958522	2.057664
0.958472	2.056033
0.958422	2.0544
0.958372	2.052767
0.958322	2.051132
0.958273	2.049496
0.958223	2.047858
0.958173	2.04622
0.958123	2.04458
0.958073	2.042939
0.958023	2.041298
0.957973	2.039654
0.957923	2.03801
0.957873	2.036364
0.957822	2.034717
0.957772	2.033069
0.957722	2.03142
0.957671	2.02977
0.957621	2.028118
0.957571	2.026465
0.95752	2.024811
0.95747	2.023156
0.95742	2.021499
0.957369	2.019842
0.957318	2.018183
0.957268	2.016522
0.957217	2.014861
0.957167	2.013199
0.957117	2.011535
0.957066	2.00987
0.957015	2.008204
0.956964	2.006537
0.956913	2.004869
0.956862	2.003199
0.956812	2.001528
0.956761	1.999856
0.956709	1.998182
0.956658	1.996507
0.956607	1.994832
0.956556	1.993155
0.956505	1.991476
0.956454	1.989797
0.956403	1.988116
0.956352	1.986434
0.956301	1.984751
0.95625	1.983067
0.956199	1.981381
0.956147	1.979694
0.956096	1.978006
0.956044	1.976317
0.955993	1.974627
0.955941	1.972935
0.95589	1.971242
0.955838	1.969548
0.955786	1.967853
0.955735	1.966156
0.955684	1.964458
0.955632	1.962759
0.95558	1.961059
0.955528	1.959357
0.955477	1.957655
0.955425	1.955951
0.955373	1.954245
0.955321	1.952539
0.955269	1.950831
0.955217	1.949122
0.955165	1.947412
0.955113	1.945701
0.955061	1.943988
0.955009	1.942274
0.954957	1.940559
0.954905	1.938843
0.954852	1.937125
0.9548	1.935406
0.954747	1.933686
0.954695	1.931965
0.954643	1.930243
0.954591	1.928519
0.954538	1.926794
0.954486	1.925068
0.954433	1.923341
0.954381	1.921612
0.954328	1.919882
0.954275	1.91815
0.954222	1.916418
0.95417	1.914684
0.954117	1.912949
0.954065	1.911213
0.954012	1.909476
0.953959	1.907738
0.953906	1.905998
0.953853	1.904256
0.9538	1.902513
0.953747	1.900769
0.953694	1.899025
0.953641	1.897279
0.953588	1.895532
0.953535	1.893783
0.953482	1.892033
0.953429	1.890281
0.953376	1.888529
0.953322	1.886775
0.953269	1.88502
0.953215	1.883264
0.953162	1.881507
0.953108	1.879748
0.953055	1.877988
0.953002	1.876227
0.952949	1.874464
0.952895	1.872701
0.952841	1.870936
0.952787	1.869169
0.952733	1.867402
0.95268	1.865633
0.952626	1.863863
0.952573	1.862092
0.952519	1.860319
0.952465	1.858545
0.952411	1.85677
0.952357	1.854993
0.952303	1.853216
0.952249	1.851436
0.952195	1.849656
0.952141	1.847875
0.952087	1.846092
0.952033	1.844308
0.951979	1.842523
0.951924	1.840737
0.95187	1.838949
0.951816	1.837159
0.951762	1.835369
0.951708	1.833577
0.951653	1.831784
0.951599	1.82999
0.951544	1.828194
0.951489	1.826397
0.951435	1.8246
0.95138	1.822801
0.951325	1.821
0.951271	1.819198
0.951216	1.817395
0.951162	1.81559
0.951107	1.813785
0.951052	1.811978
0.950997	1.810169
0.950942	1.80836
0.950887	1.806549
0.950832	1.804737
0.950777	1.802923
0.950723	1.801108
0.950668	1.799293
0.950613	1.797475
0.950557	1.795656
0.950502	1.793836
0.950447	1.792015
0.950391	1.790192
0.950336	1.788369
0.950281	1.786544
0.950225	1.784717
0.95017	1.78289
0.950115	1.78106
0.95006	1.77923
0.950004	1.777398
0.949949	1.775566
0.949893	1.773731
0.949837	1.771896
0.949782	1.770059
0.949726	1.768221
0.94967	1.766382
0.949614	1.764541
0.949558	1.7627
0.949502	1.760857
0.949446	1.759012
0.949391	1.757166
0.949335	1.755318
0.949279	1.75347
0.949223	1.75162
0.949167	1.749769
0.949111	1.747917
0.949055	1.746063
0.948999	1.744208
0.948942	1.742352
0.948886	1.740494
0.948829	1.738635
0.948773	1.736775
0.948717	1.734913
0.94866	1.73305
0.948604	1.731186
0.948547	1.729321
0.948491	1.727454
0.948435	1.725585
0.948378	1.723716
0.948321	1.721845
0.948264	1.719973
0.948208	1.7181
0.948151	1.716225
0.948094	1.714348
0.948037	1.712471
0.947981	1.710592
0.947924	1.708712
0.947867	1.706831
0.94781	1.704948
0.947753	1.703064
0.947696	1.701179
0.947639	1.699292
0.947582	1.697404
0.947525	1.695515
0.947467	1.693624
0.94741	1.691732
0.947353	1.689839
0.947296	1.687944
0.947238	1.686048
0.947181	1.684151
0.947123	1.682252
0.947066	1.680352
0.947008	1.678451
0.946951	1.676548
0.946894	1.674644
0.946836	1.672738
0.946778	1.670831
0.946721	1.668923
0.946663	1.667014
0.946605	1.665104
0.946547	1.663192
0.946489	1.661279
0.946431	1.659364
0.946374	1.657447
0.946316	1.655529
0.946258	1.65361
0.946199	1.65169
0.946141	1.649769
0.946083	1.647846
0.946025	1.645922
0.945967	1.643997
0.945908	1.64207
0.94585	1.640141
0.945792	1.638212
0.945734	1.636281
0.945676	1.634349
0.945617	1.632415
0.945559	1.63048
0.9455	1.628543
0.945442	1.626605
0.945383	1.624666
0.945324	1.622726
0.945266	1.620784
0.945207	1.618841
0.945148	1.616897
0.945089	1.614951
0.945031	1.613004
0.944972	1.611055
0.944913	1.609105
0.944854	1.607154
0.944795	1.605201
0.944737	1.603247
0.944678	1.601291
0.944618	1.599335
0.944559	1.597377
0.9445	1.595417
0.944441	1.593456
0.944381	1.591493
0.944322	1.58953
0.944263	1.587565
0.944204	1.585599
0.944144	1.583631
0.944085	1.581662
0.944025	1.579691
0.943965	1.577719
0.943906	1.575746
0.943846	1.573771
0.943786	1.571795
0.943727	1.569818
0.943667	1.567839
0.943608	1.565859
0.943548	1.563877
0.943488	1.561894
0.943428	1.55991
0.943368	1.557924
0.943308	1.555937
0.943248	1.553949
0.943188	1.551959
0.943128	1.549967
0.943068	1.547975
0.943008	1.545981
0.942948	1.543985
0.942888	1.541988
0.942827	1.53999
0.942767	1.53799
0.942707	1.535989
0.942647	1.533986
0.942586	1.531983
0.942526	1.529978
0.942465	1.527971
0.942405	1.525963
0.942344	1.523954
0.942283	1.521943
0.942223	1.51993
0.942162	1.517916
0.942101	1.515902
0.94204	1.513885
0.94198	1.511868
0.941919	1.509849
0.941859	1.507828
0.941798	1.505805
0.941737	1.503782
0.941676	1.501757
0.941615	1.499731
0.941554	1.497703
0.941492	1.495674
0.941431	1.493643
0.94137	1.491612
0.941308	1.489579
0.941247	1.487544
0.941186	1.485508
0.941124	1.48347
0.941063	1.481431
0.941001	1.47939
0.94094	1.477348
0.940879	1.475305
0.940817	1.47326
0.940756	1.471214
0.940694	1.469167
0.940632	1.467118
0.94057	1.465068
0.940509	1.463016
0.940447	1.460962
0.940385	1.458907
0.940323	1.456851
0.940262	1.454794
0.940199	1.452735
0.940137	1.450674
0.940075	1.448613
0.940013	1.44655
0.939951	1.444485
0.939889	1.442419
0.939827	1.440351
0.939765	1.438282
0.939702	1.436212
0.93964	1.43414
0.939577	1.432067
0.939515	1.429992
0.939452	1.427915
0.93939	1.425838
0.939327	1.423759
0.939265	1.421678
0.939202	1.419596
0.93914	1.417513
0.939077	1.415428
0.939014	1.413342
0.938951	1.411254
0.938888	1.409165
0.938825	1.407074
0.938763	1.404982
0.9387	1.402888
0.938637	1.400793
0.938574	1.398696
0.938511	1.396599
0.938448	1.394499
0.938385	1.392399
0.938322	1.390296
0.938259	1.388193
0.938195	1.386087
0.938132	1.383981
0.938068	1.381873
0.938005	1.379763
0.937941	1.377652
0.937878	1.375539
0.937814	1.373425
0.937751	1.37131
0.937687	1.369193
0.937624	1.367075
0.93756	1.364955
0.937497	1.362834
0.937433	1.360711
0.937369	1.358587
0.937305	1.356461
0.937241	1.354334
0.937177	1.352205
0.937113	1.350075
0.937049	1.347943
0.936985	1.34581
0.936921	1.343675
0.936857	1.341539
0.936793	1.339402
0.936729	1.337263
0.936665	1.335122
0.936601	1.33298
0.936536	1.330836
0.936472	1.328691
0.936407	1.326545
0.936342	1.324397
0.936278	1.322248
0.936213	1.320097
0.936148	1.317944
0.936084	1.31579
0.936019	1.313635
0.935955	1.311478
0.93589	1.30932
0.935825	1.30716
0.93576	1.304999
0.935695	1.302836
0.93563	1.300671
0.935565	1.298505
0.935501	1.296338
0.935436	1.294169
0.935371	1.291999
0.935306	1.289827
0.93524	1.287654
0.935175	1.285479
0.93511	1.283302
0.935044	1.281124
0.934979	1.278945
0.934914	1.276764
0.934849	1.274582
0.934783	1.272398
0.934718	1.270213
0.934652	1.268026
0.934586	1.265837
0.934521	1.263647
0.934455	1.261455
0.934389	1.259262
0.934324	1.257068
0.934258	1.254872
0.934192	1.252675
0.934126	1.250476
0.93406	1.248275
0.933994	1.246073
0.933928	1.243869
0.933862	1.241664
0.933796	1.239457
0.93373	1.237249
0.933663	1.235039
0.933597	1.232828
0.933531	1.230615
0.933465	1.2284
0.933399	1.226184
0.933332	1.223967
0.933266	1.221748
0.933199	1.219527
0.933132	1.217306
0.933066	1.215083
0.932999	1.212857
0.932933	1.210631
0.932866	1.208403
0.9328	1.206173
0.932733	1.203942
0.932666	1.201709
0.932599	1.199474
0.932532	1.197238
0.932465	1.195
0.932397	1.192761
0.93233	1.190521
0.932263	1.188279
0.932196	1.186036
0.932129	1.18379
0.932062	1.181544
0.931995	1.179295
0.931928	1.177045
0.93186	1.174794
0.931793	1.172541
0.931725	1.170286
0.931658	1.16803
0.93159	1.165772
0.931523	1.163513
0.931455	1.161253
0.931388	1.15899
0.93132	1.156727
0.931252	1.154461
0.931184	1.152194
0.931117	1.149925
0.931049	1.147655
0.930981	1.145383
0.930913	1.14311
0.930844	1.140835
0.930776	1.138559
0.930709	1.13628
0.930641	1.134001
0.930573	1.131719
0.930505	1.129437
0.930436	1.127152
0.930368	1.124867
0.930299	1.122579
0.930231	1.12029
0.930162	1.117999
0.930094	1.115707
0.930025	1.113413
0.929957	1.111118
0.929888	1.108821
0.92982	1.106522
0.929751	1.104222
0.929683	1.10192
0.929614	1.099617
0.929545	1.097312
0.929476	1.095006
0.929407	1.092697
0.929338	1.090388
0.929269	1.088076
0.9292	1.085763
0.929131	1.083448
0.929062	1.081132
0.928992	1.078814
0.928923	1.076494
0.928854	1.074173
0.928785	1.071851
0.928715	1.069527
0.928646	1.067201
0.928576	1.064874
0.928507	1.062545
0.928437	1.060214
0.928367	1.057882
0.928298	1.055548
0.928228	1.053213
0.928159	1.050876
0.928089	1.048537
0.928019	1.046197
0.927949	1.043854
0.927879	1.04151
0.92781	1.039165
0.92774	1.036818
0.92767	1.03447
0.9276	1.03212
0.927529	1.029769
0.927459	1.027415
0.927389	1.02506
0.927318	1.022703
0.927248	1.020345
0.927178	1.017986
0.927107	1.015624
0.927037	1.013261
0.926967	1.010896
0.926896	1.00853
0.926826	1.006162
0.926755	1.003792
0.926684	1.001421
0.926613	0.999048
0.926543	0.996673
0.926472	0.994297
0.926401	0.991919
0.926331	0.98954
0.92626	0.987159
0.926189	0.984776
0.926118	0.982391
0.926047	0.980005
0.925976	0.977617
0.925904	0.975228
0.925833	0.972837
0.925762	0.970444
0.92569	0.96805
0.925619	0.965654
0.925547	0.963256
0.925476	0.960856
0.925405	0.958455
0.925333	0.956052
0.925262	0.953648
0.92519	0.951242
0.925119	0.948835
0.925047	0.946425
0.924976	0.944014
0.924904	0.941601
0.924831	0.939187
0.924759	0.936771
0.924687	0.934353
0.924616	0.931934
0.924544	0.929513
0.924472	0.92709
0.9244	0.924665
0.924328	0.922238
0.924255	0.919811
0.924183	0.917381
0.92411	0.91495
0.924038	0.912518
0.923965	0.910083
0.923893	0.907646
0.92382	0.905208
0.923748	0.902769
0.923676	0.900328
0.923603	0.897885
0.923531	0.89544
0.923458	0.892993
0.923385	0.890545
0.923312	0.888095
0.923239	0.885644
0.923167	0.88319
0.923094	0.880735
0.923021	0.878279
0.922947	0.875821
0.922874	0.873361
0.922801	0.870899
0.922728	0.868435
0.922655	0.86597
0.922581	0.863503
0.922508	0.861035
0.922435	0.858564
0.922361	0.856093
0.922288	0.853619
0.922214	0.851144
0.922141	0.848667
0.922067	0.846188
0.921994	0.843707
0.92192	0.841224
0.921846	0.83874
0.921772	0.836254
0.921699	0.833767
0.921625	0.831278
0.921551	0.828786
0.921477	0.826294
0.921403	0.823799
0.921328	0.821303
0.921254	0.818805
0.92118	0.816306
0.921106	0.813804
0.921031	0.811301
0.920957	0.808796
0.920883	0.806289
0.920809	0.803781
0.920734	0.801271
0.920659	0.798759
0.920585	0.796246
0.92051	0.79373
0.920435	0.791213
0.920361	0.788694
0.920286	0.786173
0.920212	0.783651
0.920137	0.781127
0.920062	0.778601
0.919987	0.776073
0.919912	0.773544
0.919837	0.771013
0.919762	0.76848
0.919686	0.765945
0.919611	0.763408
0.919536	0.76087
0.919461	0.75833
0.919386	0.755788
0.919311	0.753244
0.919235	0.750699
0.919159	0.748152
0.919084	0.745603
0.919009	0.743052
0.918933	0.7405
0.918858	0.737946
0.918782	0.73539
0.918706	0.732832
0.91863	0.730272
0.918554	0.727711
0.918478	0.725148
0.918402	0.722584
0.918326	0.720017
0.91825	0.717448
0.918174	0.714878
0.918098	0.712305
0.918022	0.709731
0.917946	0.707156
0.91787	0.704578
0.917793	0.701999
0.917717	0.699418
0.91764	0.696835
0.917564	0.694251
0.917487	0.691664
0.91741	0.689076
0.917334	0.686486
0.917257	0.683894
0.917181	0.6813
0.917104	0.678704
0.917027	0.676107
0.91695	0.673508
0.916873	0.670907
0.916796	0.668304
0.916719	0.665699
0.916642	0.663093
0.916565	0.660485
0.916488	0.657875
0.916411	0.655263
0.916333	0.652649
0.916256	0.650033
0.916178	0.647416
0.916101	0.644797
0.916023	0.642176
0.915946	0.639553
0.915868	0.636928
0.915791	0.634301
0.915713	0.631673
0.915636	0.629043
0.915558	0.626411
0.91548	0.623777
0.915402	0.621141
0.915324	0.618503
0.915246	0.615864
0.915168	0.613222
0.91509	0.610579
0.915012	0.607934
0.914934	0.605287
0.914855	0.602638
0.914777	0.599988
0.914699	0.597335
0.914621	0.594681
0.914542	0.592025
0.914464	0.589367
0.914385	0.586707
0.914307	0.584045
0.914228	0.581381
0.91415	0.578716
0.914071	0.576048
0.913992	0.573379
0.913913	0.570708
0.913834	0.568035
0.913755	0.56536
0.913676	0.562683
0.913597	0.560004
0.913518	0.557324
0.913439	0.554641
0.91336	0.551957
0.913281	0.54927
0.913201	0.546582
0.913122	0.543892
0.913043	0.541201
0.912964	0.538507
0.912884	0.535811
0.912805	0.533114
0.912725	0.530414
0.912646	0.527713
0.912566	0.52501
0.912486	0.522305
0.912406	0.519598
0.912326	0.516889
0.912246	0.514178
0.912166	0.511465
0.912086	0.50875
0.912006	0.506034
0.911926	0.503315
0.911846	0.500595
0.911766	0.497872
0.911686	0.495148
0.911606	0.492422
0.911525	0.489694
0.911445	0.486964
0.911364	0.484232
0.911283	0.481498
0.911203	0.478762
0.911123	0.476024
0.911042	0.473284
0.910961	0.470542
0.91088	0.467799
0.910799	0.465054
0.910718	0.462306
0.910638	0.459556
0.910557	0.456805
0.910476	0.454052
0.910395	0.451297
0.910314	0.448539
0.910233	0.44578
0.910152	0.443019
0.91007	0.440256
0.909989	0.437491
0.909907	0.434724
0.909826	0.431955
0.909744	0.429184
0.909662	0.426411
0.909581	0.423637
0.9095	0.42086
0.909418	0.418081
0.909336	0.415301
0.909254	0.412518
0.909172	0.409733
0.90909	0.406947
0.909008	0.404158
0.908926	0.401368
0.908844	0.398576
0.908762	0.395781
0.90868	0.392985
0.908598	0.390186
0.908515	0.387385
0.908433	0.384583
0.90835	0.381779
0.908268	0.378973
0.908185	0.376164
0.908103	0.373354
0.908021	0.370541
0.907938	0.367727
0.907856	0.36491
0.907773	0.362092
0.90769	0.359271
0.907607	0.356449
0.907524	0.353625
0.907441	0.350799
0.907358	0.34797
0.907275	0.34514
0.907192	0.342307
0.907109	0.339472
0.907025	0.336636
0.906942	0.333798
0.906858	0.330957
0.906775	0.328115
0.906692	0.32527
0.906609	0.322423
0.906525	0.319575
0.906441	0.316724
0.906358	0.313871
0.906274	0.311016
0.90619	0.30816
0.906106	0.305301
0.906022	0.302441
0.905938	0.299578
0.905854	0.296713
0.90577	0.293846
0.905686	0.290977
0.905602	0.288106
0.905518	0.285233
0.905433	0.282358
0.905349	0.279481
0.905265	0.276601
0.90518	0.27372
0.905096	0.270837
0.905011	0.267951
0.904926	0.265064
0.904842	0.262175
0.904757	0.259283
0.904673	0.256389
0.904588	0.253493
0.904503	0.250595
0.904418	0.247696
0.904333	0.244794
0.904248	0.24189
0.904163	0.238984
0.904078	0.236076
0.903993	0.233165
0.903908	0.230253
0.903822	0.227338
0.903737	0.224421
0.903652	0.221503
0.903566	0.218582
0.90348	0.215659
0.903395	0.212734
0.903309	0.209808
0.903223	0.206879
0.903138	0.203948
0.903052	0.201014
0.902966	0.198078
0.90288	0.195141
0.902794	0.192201
0.902708	0.18926
0.902622	0.186316
0.902536	0.18337
0.90245	0.180421
0.902363	0.177471
0.902277	0.174519
0.90219	0.171565
0.902104	0.168609
0.902018	0.16565
0.901931	0.162689
0.901845	0.159726
0.901758	0.156761
0.901671	0.153794
0.901584	0.150825
0.901497	0.147853
0.901411	0.144879
0.901324	0.141904
0.901237	0.138926
0.90115	0.135945
0.901063	0.132963
0.900976	0.129979
0.900889	0.126992
0.900801	0.124003
0.900714	0.121012
0.900626	0.118019
0.900539	0.115024
0.900451	0.112026
0.900364	0.109027
0.900277	0.106026
0.900189	0.103022
0.900101	0.100016
0.900013	0.097007
0.899925	0.093997
0.899838	0.090985
0.89975	0.08797
0.899662	0.084953
0.899573	0.081934
0.899485	0.078913
0.899397	0.075889
0.899309	0.072864
0.899221	0.069836
0.899132	0.066806
0.899044	0.063773
0.898955	0.060738
0.898867	0.057702
0.898778	0.054663
0.89869	0.051622
0.898601	0.048579
0.898512	0.045534
0.898424	0.042486
0.898335	0.039436
0.898246	0.036384
0.898157	0.03333
0.898067	0.030273
0.897978	0.027214
0.897889	0.024153
0.8978	0.02109
0.89771	0.018024
0.897621	0.014957
0.897532	0.011887
0.897442	0.008815
0.897353	0.005741
0.897263	0.002664
0.897174	-0.000415
0.897084	-0.003496
0.896994	-0.006579
0.896905	-0.009665
0.896815	-0.012753
0.896725	-0.015843
0.896635	-0.018935
0.896545	-0.02203
0.896455	-0.025127
0.896364	-0.028226
0.896274	-0.031327
0.896184	-0.034431
0.896093	-0.037537
0.896003	-0.040645
0.895912	-0.043755
0.895822	-0.046867
0.895731	-0.049982
0.89564	-0.0531
0.89555	-0.05622
0.895459	-0.059342
0.895368	-0.062466
0.895278	-0.065592
0.895187	-0.068721
0.895096	-0.071852
0.895005	-0.074985
0.894914	-0.078121
0.894822	-0.081259
0.894731	-0.084399
0.894639	-0.087541
0.894548	-0.090686
0.894457	-0.093833
0.894365	-0.096983
0.894274	-0.100135
0.894182	-0.103289
0.894091	-0.106445
0.893999	-0.109604
0.893907	-0.112764
0.893815	-0.115928
0.893724	-0.119094
0.893632	-0.122262
0.89354	-0.125432
0.893448	-0.128605
0.893355	-0.13178
0.893263	-0.134957
0.893171	-0.138136
0.893079	-0.141318
0.892986	-0.144503
0.892894	-0.14769
0.892801	-0.150879
0.892709	-0.15407
0.892616	-0.157264
0.892524	-0.16046
0.892431	-0.163659
0.892338	-0.166859
0.892245	-0.170063
0.892152	-0.173268
0.892059	-0.176476
0.891966	-0.179686
0.891873	-0.182899
0.89178	-0.186114
0.891687	-0.189332
0.891593	-0.192552
0.8915	-0.195774
0.891406	-0.198999
0.891313	-0.202226
0.891219	-0.205455
0.891126	-0.208687
0.891032	-0.211921
0.890938	-0.215157
0.890844	-0.218396
0.89075	-0.221637
0.890656	-0.224881
0.890562	-0.228127
0.890468	-0.231376
0.890374	-0.234627
0.89028	-0.237881
0.890185	-0.241136
0.890091	-0.244395
0.889997	-0.247655
0.889903	-0.250919
0.889809	-0.254184
0.889714	-0.257452
0.88962	-0.260722
0.889525	-0.263995
0.88943	-0.26727
0.889335	-0.270548
0.88924	-0.273828
0.889145	-0.277111
0.88905	-0.280396
0.888955	-0.283683
0.88886	-0.286973
0.888765	-0.290266
0.888669	-0.293561
0.888574	-0.296858
0.888479	-0.300158
0.888383	-0.30346
0.888288	-0.306765
0.888193	-0.310071
0.888097	-0.313381
0.888001	-0.316694
0.887905	-0.320009
0.887809	-0.323326
0.887713	-0.326645
0.887618	-0.329967
0.887522	-0.333291
0.887426	-0.336619
0.887329	-0.339949
0.887233	-0.343281
0.887137	-0.346615
0.88704	-0.349952
0.886944	-0.353292
0.886848	-0.356634
0.886751	-0.359978
0.886654	-0.363325
0.886557	-0.366675
0.886461	-0.370027
0.886364	-0.373381
0.886267	-0.376739
0.886171	-0.380098
0.886074	-0.383461
0.885977	-0.386825
0.885879	-0.390193
0.885782	-0.393563
0.885684	-0.396935
0.885587	-0.40031
0.88549	-0.403687
0.885393	-0.407067
0.885296	-0.41045
0.885198	-0.413835
0.8851	-0.417223
0.885002	-0.420613
0.884905	-0.424006
0.884807	-0.427401
0.884709	-0.430799
0.884611	-0.4342
0.884513	-0.437603
0.884415	-0.441009
0.884317	-0.444417
0.884218	-0.447828
0.88412	-0.451241
0.884022	-0.454657
0.883923	-0.458075
0.883825	-0.461496
0.883726	-0.46492
0.883628	-0.468346
0.883529	-0.471775
0.88343	-0.475207
0.883331	-0.478641
0.883232	-0.482078
0.883134	-0.485518
0.883035	-0.48896
0.882936	-0.492404
0.882837	-0.495851
0.882737	-0.499301
0.882638	-0.502753
0.882538	-0.506209
0.882438	-0.509666
0.882339	-0.513127
0.882239	-0.51659
0.88214	-0.520056
0.88204	-0.523524
0.881941	-0.526995
0.881841	-0.530468
0.881741	-0.533945
0.881641	-0.537424
0.881541	-0.540906
0.881441	-0.54439
0.881341	-0.547877
0.881241	-0.551366
0.88114	-0.554858
0.881039	-0.558353
0.880939	-0.561851
0.880839	-0.565351
0.880738	-0.568854
0.880638	-0.57236
0.880537	-0.575868
0.880436	-0.579379
0.880335	-0.582893
0.880234	-0.58641
0.880133	-0.589929
0.880032	-0.59345
0.879931	-0.596975
0.87983	-0.600502
0.879728	-0.604032
0.879627	-0.607565
0.879526	-0.6111
0.879424	-0.614638
0.879323	-0.618179
0.879221	-0.621723
0.879119	-0.625269
0.879018	-0.628818
0.878916	-0.63237
0.878814	-0.635925
0.878712	-0.639482
0.87861	-0.643041
0.878508	-0.646604
0.878406	-0.650169
0.878303	-0.653738
0.878201	-0.657309
0.878098	-0.660882
0.877996	-0.664459
0.877893	-0.668038
0.877791	-0.671621
0.877688	-0.675206
0.877586	-0.678793
0.877483	-0.682384
0.87738	-0.685977
0.877277	-0.689573
0.877174	-0.693172
0.877071	-0.696774
0.876968	-0.700378
0.876865	-0.703985
0.876761	-0.707595
0.876658	-0.711207
0.876554	-0.714823
0.876451	-0.718441
0.876347	-0.722063
0.876244	-0.725687
0.87614	-0.729314
0.876036	-0.732944
0.875933	-0.736576
0.875828	-0.740211
0.875724	-0.743849
0.87562	-0.747491
0.875516	-0.751134
0.875411	-0.754781
0.875307	-0.758431
0.875203	-0.762083
0.875099	-0.765739
0.874994	-0.769397
0.874889	-0.773058
0.874784	-0.776722
0.87468	-0.780388
0.874575	-0.784058
0.874471	-0.78773
0.874366	-0.791405
0.87426	-0.795084
0.874155	-0.798765
0.87405	-0.802449
0.873945	-0.806136
0.87384	-0.809826
0.873735	-0.813519
0.873629	-0.817214
0.873523	-0.820913
0.873417	-0.824614
0.873312	-0.828318
0.873206	-0.832026
0.8731	-0.835736
0.872994	-0.83945
0.872888	-0.843166
0.872782	-0.846885
0.872676	-0.850606
0.87257	-0.854331
0.872464	-0.858059
0.872358	-0.861789
0.872251	-0.865523
0.872144	-0.86926
0.872038	-0.873
0.871931	-0.876742
0.871824	-0.880488
0.871717	-0.884236
0.871611	-0.887988
0.871504	-0.891742
0.871397	-0.8955
0.87129	-0.89926
0.871183	-0.903023
0.871076	-0.906789
0.870968	-0.910559
0.870861	-0.914331
0.870753	-0.918106
0.870646	-0.921884
0.870538	-0.925666
0.870431	-0.92945
0.870323	-0.933238
0.870215	-0.937029
0.870107	-0.940822
0.869998	-0.944618
0.86989	-0.948417
0.869782	-0.95222
0.869674	-0.956026
0.869566	-0.959835
0.869458	-0.963646
0.869349	-0.96746
0.869241	-0.971278
0.869132	-0.975099
0.869023	-0.978922
0.868914	-0.98275
0.868806	-0.98658
0.868697	-0.990413
0.868588	-0.994249
0.868479	-0.998088
0.868369	-1.00193
0.86826	-1.005775
0.868151	-1.009624
0.868042	-1.013476
0.867932	-1.01733
0.867822	-1.021188
0.867713	-1.025049
0.867603	-1.028913
0.867493	-1.03278
0.867384	-1.03665
0.867274	-1.040523
0.867164	-1.0444
0.867054	-1.048279
0.866944	-1.052162
0.866834	-1.056047
0.866723	-1.059936
0.866613	-1.063828
0.866502	-1.067724
0.866392	-1.071622
0.866281	-1.075523
0.86617	-1.079428
0.86606	-1.083336
0.865949	-1.087247
0.865838	-1.091161
0.865727	-1.095079
0.865616	-1.098999
0.865505	-1.102923
0.865393	-1.106849
0.865282	-1.110779
0.865171	-1.114713
0.865059	-1.118649
0.864948	-1.122589
0.864836	-1.126531
0.864724	-1.130477
0.864612	-1.134427
0.864501	-1.138379
0.864389	-1.142335
0.864276	-1.146294
0.864164	-1.150257
0.864051	-1.154222
0.863939	-1.15819
0.863827	-1.162162
0.863715	-1.166137
0.863602	-1.170116
0.863489	-1.174098
0.863376	-1.178083
0.863264	-1.182071
0.863151	-1.186062
0.863038	-1.190056
0.862925	-1.194054
0.862812	-1.198056
0.862699	-1.20206
0.862586	-1.206068
0.862473	-1.210079
0.86236	-1.214094
0.862246	-1.218111
0.862132	-1.222132
0.862018	-1.226157
0.861904	-1.230184
0.861791	-1.234216
0.861677	-1.23825
0.861563	-1.242288
0.861449	-1.246329
0.861334	-1.250373
0.86122	-1.254421
0.861106	-1.258472
0.860992	-1.262526
0.860877	-1.266584
0.860762	-1.270645
0.860647	-1.274709
0.860533	-1.278777
0.860418	-1.282848
0.860303	-1.286922
0.860189	-1.291
0.860073	-1.295081
0.859958	-1.299166
0.859842	-1.303254
0.859727	-1.307345
0.859612	-1.31144
0.859496	-1.315539
0.859381	-1.31964
0.859265	-1.323745
0.859149	-1.327854
0.859034	-1.331965
0.858918	-1.336081
0.858802	-1.3402
0.858686	-1.344322
0.858569	-1.348448
0.858453	-1.352577
0.858337	-1.356709
0.85822	-1.360845
0.858104	-1.364985
0.857988	-1.369128
0.857871	-1.373275
0.857754	-1.377424
0.857637	-1.381578
0.85752	-1.385735
0.857403	-1.389895
0.857286	-1.394059
0.857169	-1.398226
0.857052	-1.402396
0.856934	-1.406571
0.856817	-1.410748
0.856699	-1.41493
0.856581	-1.419115
0.856464	-1.423303
0.856346	-1.427495
0.856228	-1.431691
0.85611	-1.43589
0.855992	-1.440093
0.855874	-1.444299
0.855756	-1.448508
0.855637	-1.452721
0.855519	-1.456938
0.8554	-1.461158
0.855282	-1.465382
0.855163	-1.46961
0.855045	-1.473841
0.854926	-1.478076
0.854807	-1.482314
0.854688	-1.486556
0.854569	-1.490801
0.85445	-1.495051
0.85433	-1.499303
0.854211	-1.50356
0.854091	-1.507819
0.853972	-1.512083
0.853852	-1.51635
0.853732	-1.520621
0.853613	-1.524896
0.853493	-1.529174
0.853373	-1.533455
0.853252	-1.537741
0.853132	-1.54203
0.853012	-1.546323
0.852892	-1.550619
0.852771	-1.554919
0.852651	-1.559223
0.85253	-1.563531
0.85241	-1.567842
0.852289	-1.572157
0.852168	-1.576476
0.852047	-1.580798
0.851925	-1.585124
0.851804	-1.589454
0.851683	-1.593787
0.851561	-1.598125
0.85144	-1.602465
0.851319	-1.60681
0.851197	-1.611159
0.851075	-1.615511
0.850953	-1.619867
0.850832	-1.624227
0.85071	-1.62859
0.850588	-1.632957
0.850466	-1.637328
0.850343	-1.641703
0.850221	-1.646082
0.850098	-1.650464
0.849976	-1.65485
0.849853	-1.65924
0.84973	-1.663634
0.849607	-1.668032
0.849485	-1.672433
0.849362	-1.676838
0.849239	-1.681247
0.849116	-1.68566
0.848993	-1.690077
0.848869	-1.694498
0.848746	-1.698922
0.848622	-1.703351
0.848499	-1.707783
0.848375	-1.712219
0.848251	-1.716659
0.848127	-1.721103
0.848002	-1.72555
0.847878	-1.730002
0.847754	-1.734457
0.84763	-1.738916
0.847505	-1.74338
0.847381	-1.747847
0.847256	-1.752318
0.847132	-1.756793
0.847007	-1.761272
0.846882	-1.765755
0.846757	-1.770242
0.846632	-1.774733
0.846507	-1.779228
0.846382	-1.783727
0.846256	-1.788229
0.846131	-1.792736
0.846006	-1.797246
0.84588	-1.801761
0.845754	-1.80628
0.845628	-1.810803
0.845502	-1.81533
0.845376	-1.81986
0.84525	-1.824395
0.845124	-1.828933
0.844998	-1.833476
0.844871	-1.838023
0.844744	-1.842574
0.844617	-1.847129
0.844491	-1.851687
0.844364	-1.85625
0.844237	-1.860817
0.844111	-1.865388
0.843984	-1.869963
0.843856	-1.874542
0.843729	-1.879126
0.843601	-1.883713
0.843474	-1.888305
0.843346	-1.8929
0.843219	-1.8975
0.843091	-1.902103
0.842963	-1.906711
0.842835	-1.911323
0.842707	-1.915939
0.842579	-1.92056
0.84245	-1.925184
0.842322	-1.929813
0.842193	-1.934445
0.842065	-1.939083
0.841936	-1.943724
0.841808	-1.94837
0.841678	-1.953019
0.841549	-1.957672
0.84142	-1.96233
0.84129	-1.966992
0.841161	-1.971658
0.841032	-1.976329
0.840903	-1.981004
0.840774	-1.985683
0.840644	-1.990366
0.840514	-1.995053
0.840384	-1.999745
0.840254	-2.004441
0.840124	-2.009141
0.839994	-2.013845
0.839863	-2.018553
0.839733	-2.023267
0.839602	-2.027984
0.839471	-2.032706
0.83934	-2.037432
0.83921	-2.042162
0.839079	-2.046896
0.838949	-2.051635
0.838817	-2.056378
0.838686	-2.061126
0.838554	-2.065878
0.838423	-2.070634
0.838291	-2.075394
0.838159	-2.080159
0.838028	-2.084928
0.837896	-2.089702
0.837764	-2.09448
0.837632	-2.099262
0.8375	-2.104049
0.837367	-2.10884
0.837235	-2.113635
0.837102	-2.118435
0.83697	-2.123239
0.836838	-2.128049
0.836705	-2.132862
0.836572	-2.13768
0.836439	-2.142502
0.836306	-2.147328
0.836173	-2.152159
0.836039	-2.156995
0.835906	-2.161835
0.835772	-2.166679
0.835638	-2.171528
0.835504	-2.176381
0.83537	-2.18124
0.835236	-2.186102
0.835102	-2.190969
0.834968	-2.195841
0.834834	-2.200717
0.8347	-2.205597
0.834565	-2.210483
0.834431	-2.215372
0.834296	-2.220267
0.834161	-2.225165
0.834026	-2.230068
0.833891	-2.234976
0.833756	-2.239889
0.833621	-2.244806
0.833485	-2.249728
0.833349	-2.254655
0.833214	-2.259586
0.833078	-2.264522
0.832942	-2.269462
0.832807	-2.274407
0.83267	-2.279356
0.832534	-2.28431
0.832398	-2.289269
0.832262	-2.294232
0.832125	-2.2992
0.831988	-2.304174
0.831852	-2.309151
0.831715	-2.314134
0.831578	-2.319121
0.831441	-2.324112
0.831304	-2.329109
0.831167	-2.33411
0.831029	-2.339116
0.830892	-2.344127
0.830754	-2.349143
0.830617	-2.354163
0.830479	-2.359188
0.830341	-2.364217
0.830203	-2.369252
0.830065	-2.374292
0.829927	-2.379336
0.829788	-2.384385
0.829649	-2.389438
0.82951	-2.394497
0.829372	-2.39956
0.829233	-2.404629
0.829095	-2.409702
0.828956	-2.41478
0.828816	-2.419862
0.828677	-2.42495
0.828538	-2.430043
0.828398	-2.43514
0.828258	-2.440243
0.828118	-2.44535
0.827978	-2.450462
0.827838	-2.455579
0.827698	-2.460702
0.827558	-2.465829
0.827418	-2.470961
0.827277	-2.476097
0.827137	-2.481239
0.826996	-2.486386
0.826855	-2.491538
0.826715	-2.496695
0.826574	-2.501857
0.826433	-2.507023
0.826291	-2.512195
0.826149	-2.517372
0.826008	-2.522555
0.825866	-2.527742
0.825724	-2.532934
0.825582	-2.538131
0.825441	-2.543333
0.825298	-2.54854
0.825156	-2.553752
0.825014	-2.55897
0.824871	-2.564192
0.824729	-2.569419
0.824586	-2.574652
0.824443	-2.57989
0.8243	-2.585133
0.824157	-2.590381
0.824014	-2.595635
0.823871	-2.600893
0.823727	-2.606157
0.823584	-2.611425
0.82344	-2.616699
0.823297	-2.621979
0.823153	-2.627263
0.823009	-2.632553
0.822865	-2.637847
0.82272	-2.643147
0.822576	-2.648453
0.822431	-2.653763
0.822286	-2.659079
0.822141	-2.6644
0.821996	-2.669726
0.821852	-2.675058
0.821707	-2.680395
0.821562	-2.685737
0.821416	-2.691085
0.82127	-2.696438
0.821125	-2.701796
0.820979	-2.707159
0.820834	-2.712528
0.820688	-2.717903
0.820541	-2.723282
0.820395	-2.728667
0.820249	-2.734058
0.820102	-2.739453
0.819956	-2.744854
0.819809	-2.750261
0.819662	-2.755673
0.819515	-2.76109
0.819367	-2.766513
0.81922	-2.771942
0.819073	-2.777376
0.818925	-2.782815
0.818778	-2.78826
0.81863	-2.793711
0.818482	-2.799167
0.818334	-2.804628
0.818186	-2.810095
0.818038	-2.815567
0.817889	-2.821045
0.817741	-2.826529
0.817592	-2.832018
0.817443	-2.837512
0.817294	-2.843013
0.817145	-2.848519
0.816996	-2.85403
0.816847	-2.859547
0.816697	-2.865069
0.816548	-2.870597
0.816398	-2.876131
0.816249	-2.881671
0.816099	-2.887216
0.815949	-2.892767
0.815798	-2.898324
0.815647	-2.903887
0.815497	-2.909455
0.815346	-2.915028
0.815196	-2.920607
0.815045	-2.926193
0.814894	-2.931784
0.814743	-2.93738
0.814592	-2.942983
0.81444	-2.948592
0.814288	-2.954206
0.814137	-2.959826
0.813985	-2.965451
0.813833	-2.971083
0.813681	-2.97672
0.813528	-2.982363
0.813376	-2.988012
0.813223	-2.993667
0.813071	-2.999328
0.812918	-3.004995
0.812765	-3.010667
0.812612	-3.016345
0.812459	-3.02203
0.812306	-3.02772
0.812152	-3.033417
0.811999	-3.039119
0.811845	-3.044827
0.811691	-3.050541
0.811537	-3.056261
0.811383	-3.061988
0.811229	-3.06772
0.811075	-3.073459
0.81092	-3.079203
0.810765	-3.084952
0.81061	-3.090709
0.810455	-3.096471
0.8103	-3.10224
0.810145	-3.108015
0.809989	-3.113795
0.809834	-3.119582
0.809678	-3.125374
0.809522	-3.131173
0.809367	-3.136978
0.809211	3.140395
0.809054	3.134578
0.808898	3.128754
0.808741	3.122924
0.808585	3.117088
0.808428	3.111246
0.808271	3.105397
0.808114	3.099543
0.807957	3.093682
0.807799	3.087815
0.807642	3.081941
0.807484	3.076061
0.807326	3.070175
0.807169	3.064283
0.807011	3.058384
0.806853	3.052478
0.806694	3.046567
0.806536	3.040649
0.806377	3.034725
0.806218	3.028794
0.806059	3.022858
0.8059	3.016914
0.805741	3.010965
0.805582	3.005008
0.805422	2.999046
0.805262	2.993076
0.805102	2.987101
0.804942	2.981119
0.804782	2.97513
0.804622	2.969135
0.804462	2.963133
0.804301	2.957125
0.80414	2.95111
0.803979	2.945089
0.803818	2.939061
0.803657	2.933026
0.803496	2.926985
0.803334	2.920937
0.803172	2.914883
0.80301	2.908822
0.802849	2.902755
0.802687	2.896681
0.802525	2.8906
0.802363	2.884512
0.8022	2.878417
0.802037	2.872316
0.801874	2.866208
0.801711	2.860093
0.801548	2.853972
0.801385	2.847844
0.801221	2.841709
0.801057	2.835568
0.800893	2.829419
0.80073	2.823264
0.800566	2.817102
0.800402	2.810933
0.800238	2.804757
0.800073	2.798574
0.799908	2.792384
0.799743	2.786188
0.799578	2.779984
0.799413	2.773773
0.799247	2.767555
0.799082	2.761331
0.798917	2.7551
0.798751	2.748862
0.798585	2.742616
0.798419	2.736364
0.798252	2.730105
0.798086	2.723838
0.797919	2.717564
0.797753	2.711284
0.797586	2.704996
0.797419	2.698701
0.797252	2.692399
0.797085	2.68609
0.796917	2.679773
0.796749	2.67345
0.796581	2.667119
0.796413	2.660781
0.796245	2.654436
0.796077	2.648084
0.795908	2.641724
0.79574	2.635357
0.795571	2.628983
0.795402	2.622601
0.795232	2.616213
0.795063	2.609817
0.794893	2.603414
0.794724	2.597003
0.794554	2.590585
0.794384	2.584159
0.794214	2.577726
0.794044	2.571286
0.793873	2.564838
0.793703	2.558383
0.793532	2.55192
0.793361	2.54545
0.79319	2.538972
0.793018	2.532487
0.792847	2.525995
0.792675	2.519494
0.792503	2.512987
0.792331	2.506471
0.792159	2.499948
0.791987	2.493418
0.791814	2.486879
0.791641	2.480333
0.791468	2.47378
0.791295	2.467218
0.791122	2.460649
0.790949	2.454073
0.790775	2.447489
0.790602	2.440897
0.790428	2.434297
0.790253	2.42769
0.790079	2.421074
0.789905	2.414451
0.789731	2.40782
0.789556	2.401181
0.789381	2.394535
0.789206	2.38788
0.789031	2.381217
0.788855	2.374547
0.788679	2.367869
0.788503	2.361183
0.788327	2.354489
0.788151	2.347787
0.787975	2.341076
0.787799	2.334358
0.787622	2.327632
0.787445	2.320898
0.787268	2.314156
0.78709	2.307405
0.786913	2.300647
0.786735	2.29388
0.786557	2.287106
0.786379	2.280323
0.786201	2.273531
0.786023	2.266732
0.785845	2.259924
0.785666	2.253109
0.785487	2.246285
0.785308	2.239452
0.785129	2.232612
0.784949	2.225763
0.78477	2.218906
0.78459	2.21204
0.78441	2.205166
0.78423	2.198284
0.78405	2.191394
0.783869	2.184494
0.783689	2.177587
0.783507	2.170671
0.783326	2.163747
0.783145	2.156813
0.782963	2.149872
0.782782	2.142922
0.7826	2.135964
0.782418	2.128997
0.782236	2.122021
0.782054	2.115037
0.781871	2.108044
0.781688	2.101043
0.781505	2.094032
0.781322	2.087013
0.781138	2.079985
0.780955	2.072949
0.780771	2.065903
0.780587	2.058849
0.780403	2.051787
0.780219	2.044715
0.780035	2.037635
0.77985	2.030546
0.779665	2.023448
0.779479	2.016341
0.779294	2.009225
0.779108	2.0021
0.778923	1.994966
0.778737	1.987823
0.778551	1.980672
0.778364	1.973511
0.778177	1.966341
0.777991	1.959163
0.777804	1.951975
0.777617	1.944778
0.77743	1.937572
0.777243	1.930356
0.777055	1.923132
0.776867	1.915898
0.776679	1.908655
0.77649	1.901403
0.776302	1.894141
0.776113	1.88687
0.775924	1.87959
0.775735	1.872301
0.775546	1.865002
0.775357	1.857694
0.775167	1.850377
0.774977	1.84305
0.774787	1.835713
0.774596	1.828367
0.774406	1.821012
0.774215	1.813648
0.774024	1.806273
0.773833	1.79889
0.773642	1.791496
0.77345	1.784093
0.773258	1.776681
0.773066	1.769259
0.772874	1.761827
0.772681	1.754386
0.772489	1.746934
0.772296	1.739473
0.772103	1.732002
0.77191	1.724522
0.771716	1.717031
0.771522	1.709531
0.771328	1.702021
0.771134	1.6945
0.77094	1.68697
0.770745	1.67943
0.770551	1.671881
0.770356	1.664321
0.77016	1.656751
0.769965	1.649172
0.769769	1.641582
0.769573	1.633982
0.769377	1.626371
0.769181	1.618751
0.768985	1.61112
0.768788	1.60348
0.768591	1.595829
0.768394	1.588168
0.768196	1.580497
0.767998	1.572816
0.7678	1.565124
0.767602	1.557422
0.767404	1.549709
0.767206	1.541986
0.767007	1.534252
0.766808	1.526509
0.766608	1.518755
0.766409	1.51099
0.766209	1.503214
0.766009	1.495428
0.765809	1.487632
0.765609	1.479824
0.765408	1.472007
0.765208	1.464179
0.765007	1.45634
0.764805	1.44849
0.764603	1.44063
0.764402	1.432758
0.7642	1.424876
0.763998	1.416983
0.763796	1.40908
0.763593	1.401165
0.76339	1.39324
0.763186	1.385303
0.762983	1.377355
0.762779	1.369397
0.762576	1.361428
0.762372	1.353447
0.762168	1.345455
0.761963	1.337452
0.761758	1.329438
0.761553	1.321413
0.761347	1.313377
0.761142	1.30533
0.760936	1.297271
0.760731	1.289201
0.760524	1.28112
0.760317	1.273027
0.76011	1.264923
0.759904	1.256807
0.759697	1.24868
0.759489	1.240542
0.759281	1.232392
0.759073	1.224231
0.758864	1.216058
0.758656	1.207873
0.758448	1.199677
0.758239	1.191469
0.75803	1.18325
0.75782	1.175018
0.757611	1.166775
0.757401	1.15852
0.75719	1.150253
0.75698	1.141975
0.756769	1.133684
0.756557	1.125382
0.756346	1.117068
0.756135	1.108742
0.755923	1.100404
0.755711	1.092053
0.755499	1.08369
0.755286	1.075316
0.755074	1.06693
0.754861	1.058531
0.754648	1.05012
0.754434	1.041696
0.75422	1.033261
0.754006	1.024813
0.753791	1.016352
0.753577	1.00788
0.753362	0.999395
0.753147	0.990898
0.752931	0.982388
0.752716	0.973865
0.752499	0.96533
0.752283	0.956782
0.752067	0.948222
0.75185	0.93965
0.751633	0.931064
0.751416	0.922466
0.751198	0.913855
0.75098	0.90523
0.750762	0.896594
0.750544	0.887944
0.750325	0.879281
0.750106	0.870605
0.749887	0.861917
0.749668	0.853216
0.749448	0.844502
0.749228	0.835774
0.749008	0.827033
0.748787	0.818279
0.748567	0.809512
0.748346	0.800731
0.748124	0.791937
0.747903	0.78313
0.74768	0.77431
0.747458	0.765476
0.747235	0.756628
0.747013	0.747767
0.74679	0.738893
0.746566	0.730005
0.746343	0.721103
0.746118	0.712188
0.745894	0.703259
0.745669	0.694317
0.745444	0.68536
0.74522	0.67639
0.744994	0.667406
0.744769	0.658408
0.744543	0.649396
0.744316	0.640371
0.744089	0.631331
0.743862	0.622277
0.743635	0.613209
0.743408	0.604127
0.74318	0.59503
0.742952	0.58592
0.742724	0.576795
0.742495	0.567655
0.742266	0.558502
0.742036	0.549334
0.741806	0.540152
0.741577	0.530955
0.741347	0.521744
0.741117	0.512518
0.740886	0.503277
0.740655	0.494022
0.740423	0.484752
0.740191	0.475467
0.739959	0.466168
0.739727	0.456853
0.739494	0.447525
0.739261	0.438181
0.739028	0.428822
0.738794	0.419448
0.738561	0.410059
0.738326	0.400654
0.738092	0.391235
0.737857	0.3818
0.737621	0.37235
0.737386	0.362884
0.73715	0.353404
0.736913	0.343908
0.736677	0.334396
0.73644	0.324869
0.736203	0.315327
0.735966	0.305769
0.735728	0.296195
0.73549	0.286606
0.735252	0.277001
0.735013	0.26738
0.734774	0.257743
0.734534	0.24809
0.734294	0.238421
0.734054	0.228737
0.733814	0.219036
0.733573	0.20932
0.733332	0.199587
0.733091	0.189838
0.732849	0.180072
0.732607	0.17029
0.732365	0.160492
0.732122	0.150678
0.731879	0.140847
0.731635	0.131
0.731392	0.121135
0.731147	0.111255
0.730903	0.101357
0.730658	0.091443
0.730412	0.081512
0.730167	0.071565
0.729921	0.0616
0.729675	0.051618
0.729428	0.04162
0.729181	0.031604
0.728934	0.021572
0.728687	0.011522
0.728439	0.001455
0.728191	-0.00863
0.727942	-0.018731
0.727693	-0.028851
0.727443	-0.038987
0.727194	-0.049141
0.726944	-0.059313
0.726693	-0.069503
0.726442	-0.07971
0.72619	-0.089936
0.725939	-0.100178
0.725687	-0.110439
0.725434	-0.120717
0.725182	-0.131014
0.724929	-0.141328
0.724675	-0.151661
0.724421	-0.162012
0.724167	-0.172381
0.723913	-0.182769
0.723658	-0.193175
0.723403	-0.203599
0.723147	-0.214042
0.722891	-0.224503
0.722634	-0.234983
0.722377	-0.245481
0.72212	-0.255999
0.721862	-0.266535
0.721604	-0.277091
0.721346	-0.287665
0.721087	-0.298258
0.720828	-0.308871
0.720568	-0.319502
0.720308	-0.330152
0.720048	-0.340822
0.719787	-0.351511
0.719526	-0.36222
0.719264	-0.372948
0.719003	-0.383696
0.71874	-0.394464
0.718478	-0.405251
0.718214	-0.416058
0.71795	-0.426884
0.717686	-0.43773
0.717422	-0.448597
0.717158	-0.459484
0.716893	-0.470391
0.716627	-0.481318
0.716361	-0.492265
0.716094	-0.503233
0.715827	-0.514221
0.71556	-0.525229
0.715292	-0.536258
0.715024	-0.547308
0.714755	-0.558378
0.714486	-0.569469
0.714217	-0.580582
0.713948	-0.591715
0.713678	-0.602869
0.713407	-0.614044
0.713136	-0.625241
0.712864	-0.636458
0.712592	-0.647697
0.712319	-0.658957
0.712046	-0.670239
0.711773	-0.681543
0.711499	-0.692868
0.711225	-0.704215
0.710951	-0.715583
0.710676	-0.726974
0.7104	-0.738386
0.710124	-0.749821
0.709848	-0.761278
0.709571	-0.772757
0.709294	-0.784258
0.709016	-0.795782
0.708738	-0.807328
0.708459	-0.818897
0.708181	-0.830488
0.707901	-0.842102
0.707621	-0.853739
0.707341	-0.865399
0.70706	-0.877082
0.706778	-0.888788
0.706496	-0.900516
0.706214	-0.912269
0.705931	-0.924044
0.705648	-0.935844
0.705365	-0.947667
0.70508	-0.959514
0.704796	-0.971384
0.70451	-0.983278
0.704225	-0.995196
0.703939	-1.007137
0.703652	-1.019103
0.703365	-1.031093
0.703077	-1.043108
0.702789	-1.055147
0.702501	-1.067211
0.702212	-1.079299
0.701922	-1.091411
0.701632	-1.103549
0.701341	-1.115711
0.70105	-1.127898
0.700758	-1.140111
0.700467	-1.152348
0.700174	-1.164611
0.699881	-1.176899
0.699588	-1.189213
0.699294	-1.201552
0.698999	-1.213917
0.698704	-1.226308
0.698408	-1.238725
0.698111	-1.251168
0.697815	-1.263636
0.697518	-1.276132
0.69722	-1.288653
0.696922	-1.3012
0.696623	-1.313775
0.696323	-1.326376
0.696024	-1.339004
0.695724	-1.351659
0.695423	-1.364341
0.695121	-1.37705
0.694819	-1.389786
0.694517	-1.402549
0.694214	-1.41534
0.69391	-1.428158
0.693606	-1.441004
0.693301	-1.453879
0.692996	-1.466781
0.69269	-1.47971
0.692383	-1.492668
0.692076	-1.505655
0.691769	-1.51867
0.691461	-1.531713
0.691152	-1.544785
0.690843	-1.557885
0.690533	-1.571014
0.690223	-1.584173
0.689912	-1.597361
0.6896	-1.610578
0.689288	-1.623824
0.688975	-1.6371
0.688662	-1.650406
0.688348	-1.663742
0.688033	-1.677107
0.687718	-1.690502
0.687402	-1.703927
0.687086	-1.717383
0.686769	-1.730869
0.686452	-1.744386
0.686135	-1.757934
0.685816	-1.771513
0.685496	-1.785122
0.685176	-1.798763
0.684856	-1.812435
0.684534	-1.826138
0.684212	-1.839872
0.68389	-1.853639
0.683567	-1.867437
0.683244	-1.881267
0.68292	-1.89513
0.682595	-1.909025
0.682269	-1.922952
0.681943	-1.936912
0.681616	-1.950904
0.681288	-1.96493
0.68096	-1.978989
0.680632	-1.993081
0.680302	-2.007205
0.679972	-2.021363
0.679642	-2.035555
0.67931	-2.049781
0.678978	-2.064041
0.678645	-2.078335
0.678312	-2.092664
0.677978	-2.107027
0.677643	-2.121424
0.677308	-2.135857
0.676972	-2.150324
0.676635	-2.164826
0.676297	-2.179363
0.675959	-2.193936
0.67562	-2.208544
0.67528	-2.223189
0.67494	-2.237869
0.674599	-2.252585
0.674257	-2.267338
0.673915	-2.282127
0.673572	-2.296953
0.673228	-2.311816
0.672883	-2.326716
0.672538	-2.341652
0.672192	-2.356626
0.671845	-2.371638
0.671497	-2.386688
0.671149	-2.401776
0.6708	-2.416902
0.670451	-2.432066
0.670101	-2.447268
0.669749	-2.46251
0.669397	-2.47779
0.669044	-2.493109
0.668691	-2.508468
0.668337	-2.523866
0.667982	-2.539303
0.667626	-2.554781
0.66727	-2.570298
0.666912	-2.585856
0.666554	-2.601455
0.666195	-2.617094
0.665835	-2.632775
0.665474	-2.648496
0.665113	-2.664259
0.664751	-2.680063
0.664388	-2.695909
0.664024	-2.711797
0.66366	-2.727727
0.663295	-2.7437
0.662929	-2.759715
0.662562	-2.775774
0.662194	-2.791875
0.661825	-2.808019
0.661455	-2.824208
0.661085	-2.84044
0.660713	-2.856716
0.660341	-2.873036
0.659969	-2.889401
0.659595	-2.905811
0.65922	-2.922266
0.658844	-2.938766
0.658468	-2.955311
0.65809	-2.971902
0.657712	-2.988539
0.657334	-3.005222
0.656954	-3.021952
0.656573	-3.038729
0.656191	-3.055553
0.655809	-3.072424
0.655425	-3.089342
0.65504	-3.106307
0.654655	-3.123321
0.654269	-3.140384
0.653882	3.12569
0.653493	3.10853
0.653104	3.091321
0.652714	3.074063
0.652323	3.056755
0.651931	3.039396
0.651538	3.021988
0.651144	3.004528
0.650749	2.987019
0.650353	2.969458
0.649956	2.951845
0.649558	2.934181
0.64916	2.916464
0.64876	2.898696
0.648359	2.880875
0.647957	2.863
0.647554	2.845073
0.647151	2.827092
0.646746	2.809057
0.646339	2.790968
0.645932	2.772824
0.645524	2.754625
0.645115	2.736372
0.644705	2.718063
0.644294	2.699698
0.643881	2.681276
0.643468	2.662799
0.643054	2.644264
0.642638	2.625672
0.642222	2.607022
0.641804	2.588315
0.641385	2.56955
0.640965	2.550726
0.640544	2.531842
0.640122	2.5129
0.639698	2.493897
0.639274	2.474834
0.638849	2.455711
0.638422	2.436527
0.637994	2.417282
0.637565	2.397976
0.637134	2.378607
0.636703	2.359175
0.63627	2.339681
0.635836	2.320124
0.635401	2.300504
0.634965	2.280819
0.634528	2.261069
0.634089	2.241255
0.633649	2.221376
0.633208	2.20143
0.632766	2.181419
0.632322	2.161341
0.631877	2.141196
0.63143	2.120983
0.630983	2.100703
0.630534	2.080354
0.630084	2.059937
0.629633	2.03945
0.62918	2.018894
0.628726	1.998268
0.62827	1.97757
0.627814	1.956802
0.627356	1.935962
0.626897	1.915049
0.626436	1.894064
0.625974	1.873006
0.62551	1.851874
0.625045	1.830668
0.624579	1.809388
0.624111	1.788032
0.623642	1.766601
0.623171	1.745093
0.622699	1.723509
0.622225	1.701847
0.62175	1.680107
0.621274	1.658289
0.620796	1.636392
0.620317	1.614416
0.619837	1.592359
0.619354	1.570221
0.61887	1.548003
0.618384	1.525702
0.617897	1.503319
0.617409	1.480852
0.616918	1.458302
0.616427	1.435668
0.615933	1.41295
0.615439	1.390145
0.614942	1.367254
0.614445	1.344276
0.613945	1.321211
0.613443	1.298057
0.61294	1.274815
0.612435	1.251483
0.611929	1.228062
0.611421	1.204549
0.610911	1.180945
0.610399	1.157248
0.609885	1.133458
0.609371	1.109575
0.608854	1.085597
0.608336	1.061524
0.607815	1.037355
0.607293	1.01309
0.606769	0.988727
0.606243	0.964265
0.605715	0.939705
0.605186	0.915045
0.604654	0.890284
0.604121	0.865422
0.603586	0.840457
0.603049	0.815389
0.60251	0.790218
0.601969	0.764941
0.601426	0.739559
0.600881	0.714071
0.600333	0.688475
0.599784	0.66277
0.599233	0.636957
0.598681	0.611034
0.598126	0.584999
0.597568	0.558853
0.597009	0.532593
0.596448	0.506219
0.595884	0.47973
0.595318	0.453126
0.59475	0.426404
0.59418	0.399565
0.593607	0.372608
0.593033	0.34553
0.592456	0.31833
0.591877	0.291009
0.591296	0.263564
0.590712	0.235994
0.590126	0.2083
0.589537	0.180479
0.588947	0.152531
0.588354	0.124453
0.587759	0.096246
0.587161	0.067906
0.58656	0.039435
0.585957	0.01083
0.585351	-0.017909
0.584743	-0.046785
0.584133	-0.075799
0.58352	-0.104951
0.582904	-0.134244
0.582286	-0.163678
0.581665	-0.193254
0.581042	-0.222975
0.580415	-0.252841
0.579786	-0.282853
0.579154	-0.313015
0.578519	-0.343326
0.577882	-0.373789
0.577242	-0.404404
0.576599	-0.435174
0.575953	-0.466099
0.575303	-0.497181
0.574651	-0.528423
0.573996	-0.559825
0.573338	-0.59139
0.572677	-0.623118
0.572013	-0.655012
0.571346	-0.687073
0.570676	-0.719303
0.570003	-0.751704
0.569326	-0.784278
0.568646	-0.817026
0.567963	-0.84995
0.567276	-0.883052
0.566586	-0.916334
0.565893	-0.949798
0.565196	-0.983446
0.564496	-1.01728
0.563792	-1.051301
0.563085	-1.085513
0.562374	-1.119917
0.56166	-1.154515
0.560942	-1.189309
0.56022	-1.224302
0.559494	-1.259496
0.558765	-1.294893
0.558032	-1.330495
0.557295	-1.366305
0.556553	-1.402325
0.555808	-1.438558
0.555059	-1.475006
0.554306	-1.511671
0.553549	-1.548556
0.552788	-1.585664
0.552022	-1.622998
0.551251	-1.66056
0.550477	-1.698352
0.549698	-1.736379
0.548915	-1.774641
0.548127	-1.813144
0.547335	-1.851889
0.546539	-1.890879
0.545737	-1.930117
0.544931	-1.969607
0.54412	-2.009351
0.543303	-2.049354
0.542482	-2.089618
0.541657	-2.130146
0.540826	-2.170943
0.539989	-2.212012
0.539148	-2.253355
0.538301	-2.294977
0.537449	-2.336881
0.536591	-2.379071
0.535728	-2.421552
0.53486	-2.464326
0.533985	-2.507399
0.533105	-2.550774
0.532219	-2.594454
0.531327	-2.638446
0.530429	-2.682752
0.529525	-2.727377
0.528614	-2.772326
0.527697	-2.817604
0.526774	-2.863214
0.525845	-2.909163
0.524908	-2.955454
0.523965	-3.002092
0.523015	-3.049084
0.522058	-3.096433
0.521094	3.139039
0.520123	3.090956
0.519145	3.0425
0.518159	2.993662
0.517165	2.944439
0.516165	2.894824
0.515155	2.844811
0.514138	2.794393
0.513113	2.743565
0.512079	2.692318
0.511037	2.640648
0.509987	2.588548
0.508927	2.536009
0.507859	2.483026
0.506782	2.42959
0.505696	2.375693
0.504601	2.32133
0.503495	2.26649
0.502379	2.211167
0.501254	2.155354
0.500118	2.099038
0.498972	2.042214
0.497816	1.984873
0.496648	1.927002
0.49547	1.868597
0.494281	1.809645
0.493078	1.750135
0.491866	1.690062
0.49064	1.629411
0.489402	1.568171
0.488152	1.506335
0.486888	1.443889
0.485611	1.38082
0.484322	1.317121
0.483018	1.252774
0.481699	1.18777
0.480367	1.122098
0.479018	1.055737
0.477655	0.988682
0.476276	0.920916
0.47488	0.85242
0.473469	0.783188
0.47204	0.713198
0.470592	0.642434
0.469129	0.570887
0.467645	0.498532
0.466143	0.425354
0.464624	0.351342
0.46308	0.276468
0.461517	0.200719
0.459934	0.124078
0.458326	0.046516
0.456698	-0.031978
0.455046	-0.111426
0.453367	-0.191859
0.451666	-0.273285
0.449938	-0.355736
0.44818	-0.43924
0.4464	-0.523806
0.444586	-0.609475
0.442742	-0.696269
0.440872	-0.784201
0.438963	-0.873321
0.437023	-0.963642
0.435051	-1.055189
0.433035	-1.148013
0.430988	-1.242124
0.428901	-1.337554
0.426765	-1.434359
0.424595	-1.532541
0.422376	-1.63215
0.420104	-1.733234
0.417793	-1.835795
0.415419	-1.939898
0.412991	-2.045579
0.410515	-2.152845
0.407962	-2.261778
0.405352	-2.372394
0.40268	-2.484712
0.399916	-2.598822
0.39709	-2.714721
0.394181	-2.832443
0.391167	-2.952079
0.388079	-3.073603
0.384878	3.086115
0.381557	2.960633
0.378142	2.833179
0.374575	2.703678
0.370869	2.572097
0.367036	2.4385
0.362995	2.302803
0.358786	2.165033
0.354394	2.02528
0.34972	1.883481
0.344825	1.739762
0.339631	1.594268
0.334039	1.447007
0.328128	1.29826
0.321752	1.148358
0.314787	0.997516
0.307183	0.846187
0.298609	0.694791
0.288972	0.544379
0.278071	0.397238
0.265049	0.255946
0.248427	0.122566
0.226235	-0.002
