0.000572	0.000972
0.137839	0.237842
0.219633	0.331951
0.261347	0.453883
0.278632	0.606443
0.286096	0.781512
0.294101	0.954995
0.30374	1.115724
0.312733	1.270481
0.320223	1.426704
0.326968	1.58408
0.333324	1.739625
0.339183	1.891853
0.344644	2.041349
0.349743	2.18856
0.354588	2.333647
0.359244	2.47642
0.363622	2.616716
0.3678	2.754679
0.371805	2.890303
0.375621	3.023614
0.379318	-3.128474
0.382866	-2.999629
0.386276	-2.872947
0.389591	-2.748365
0.392776	-2.625898
0.39587	-2.505434
0.398877	-2.386952
0.40178	-2.270423
0.404615	-2.155751
0.407368	-2.042937
0.410044	-1.931912
0.412663	-1.822618
0.415206	-1.715047
0.417692	-1.609119
0.420125	-1.504805
0.422493	-1.402079
0.424819	-1.30087
0.427091	-1.201166
0.429312	-1.102919
0.431496	-1.00608
0.433629	-0.910639
0.435724	-0.816539
0.437782	-0.723751
0.439796	-0.632257
0.441779	-0.542002
0.443726	-0.452974
0.445636	-0.365138
0.447519	-0.278455
0.449367	-0.192917
0.451185	-0.108481
0.452977	-0.025124
0.454738	0.05717
0.456474	0.138441
0.458185	0.2187
0.459868	0.297974
0.46153	0.37629
0.463165	0.45366
0.464778	0.530113
0.46637	0.605669
0.467939	0.680339
0.469489	0.754155
0.471019	0.827126
0.472527	0.899271
0.474019	0.970615
0.47549	1.041164
0.476943	1.110941
0.478381	1.179963
0.479799	1.248239
0.481202	1.315791
0.482589	1.382631
0.483959	1.448771
0.485316	1.514229
0.486655	1.579014
0.487981	1.643142
0.489292	1.706626
0.490589	1.769475
0.491873	1.831706
0.493145	1.893327
0.494402	1.954349
0.495648	2.014786
0.49688	2.074645
0.4981	2.13394
0.499309	2.19268
0.500505	2.250873
0.501691	2.308532
0.502866	2.365665
0.504029	2.42228
0.505183	2.478388
0.506325	2.533996
0.507458	2.589113
0.50858	2.643749
0.509692	2.697909
0.510795	2.751604
0.511888	2.804841
0.512972	2.857625
0.514048	2.909966
0.515114	2.96187
0.516171	3.013345
0.51722	3.064398
0.51826	3.115034
0.519292	-3.117924
0.520316	-3.068101
0.521331	-3.018674
0.522339	-2.969637
0.52334	-2.920985
0.524332	-2.872713
0.525318	-2.824812
0.526295	-2.777281
0.527266	-2.73011
0.528229	-2.683297
0.529185	-2.636836
0.530134	-2.59072
0.531077	-2.544946
0.532013	-2.499508
0.532943	-2.454402
0.533866	-2.409624
0.534782	-2.365168
0.535693	-2.321029
0.536597	-2.277204
0.537496	-2.233688
0.538388	-2.190477
0.539274	-2.147567
0.540155	-2.104954
0.54103	-2.062633
0.541899	-2.020601
0.542763	-1.978854
0.543621	-1.937389
0.544473	-1.8962
0.545321	-1.855285
0.546163	-1.814641
0.547001	-1.774263
0.547832	-1.734149
0.548659	-1.694295
0.54948	-1.654698
0.550297	-1.615355
0.55111	-1.576263
0.551917	-1.537417
0.55272	-1.498816
0.553518	-1.460455
0.554312	-1.422333
0.555101	-1.384446
0.555885	-1.346792
0.556665	-1.309368
0.55744	-1.272171
0.558212	-1.235199
0.558979	-1.198448
0.559742	-1.161915
0.560501	-1.1256
0.561256	-1.089499
0.562006	-1.053608
0.562753	-1.017928
0.563495	-0.982454
0.564234	-0.947184
0.564968	-0.912117
0.565699	-0.87725
0.566426	-0.84258
0.56715	-0.808106
0.56787	-0.773825
0.568586	-0.739735
0.569299	-0.705834
0.570008	-0.67212
0.570714	-0.638591
0.571416	-0.605245
0.572114	-0.57208
0.572809	-0.539095
0.573501	-0.506286
0.574189	-0.473654
0.574874	-0.441194
0.575556	-0.408906
0.576234	-0.376788
0.57691	-0.344838
0.577582	-0.313055
0.578252	-0.281437
0.578918	-0.249982
0.57958	-0.218688
0.58024	-0.187554
0.580897	-0.156578
0.581551	-0.125758
0.582202	-0.095094
0.58285	-0.064583
0.583496	-0.034225
0.584138	-0.004017
0.584778	0.026041
0.585414	0.055953
0.586048	0.085718
0.586679	0.115339
0.587308	0.144816
0.587933	0.17415
0.588556	0.203344
0.589177	0.232399
0.589794	0.261315
0.59041	0.290095
0.591022	0.31874
0.591632	0.347249
0.59224	0.375626
0.592845	0.403871
0.593448	0.431986
0.594048	0.459971
0.594645	0.487827
0.595241	0.515557
0.595834	0.54316
0.596425	0.570639
0.597013	0.597994
0.597599	0.625226
0.598182	0.652337
0.598764	0.679327
0.599343	0.706198
0.599919	0.732951
0.600494	0.759586
0.601066	0.786105
0.601636	0.812508
0.602205	0.838797
0.602771	0.864972
0.603334	0.891035
0.603896	0.916987
0.604455	0.942828
0.605012	0.968559
0.605568	0.994182
0.606121	1.019697
0.606673	1.045105
0.607222	1.070406
0.607769	1.095603
0.608314	1.120696
0.608858	1.145685
0.609399	1.170571
0.609938	1.195355
0.610476	1.220039
0.611012	1.244623
0.611546	1.269107
0.612078	1.293492
0.612607	1.317779
0.613135	1.341969
0.613662	1.366064
0.614187	1.390063
0.61471	1.413967
0.615231	1.437777
0.61575	1.461493
0.616267	1.485117
0.616782	1.508649
0.617296	1.53209
0.617808	1.555441
0.618319	1.578701
0.618828	1.601873
0.619335	1.624956
0.61984	1.647952
0.620343	1.670861
0.620845	1.693683
0.621346	1.716419
0.621845	1.739069
0.622342	1.761635
0.622838	1.784117
0.623332	1.806516
0.623825	1.828833
0.624316	1.851067
0.624805	1.87322
0.625293	1.895292
0.625779	1.917283
0.626264	1.939194
0.626747	1.961027
0.627229	1.98278
0.627709	2.004456
0.628188	2.026054
0.628665	2.047575
0.629141	2.06902
0.629615	2.090388
0.630088	2.111681
0.630559	2.132899
0.631029	2.154043
0.631498	2.175114
0.631965	2.196111
0.632431	2.217035
0.632896	2.237887
0.633359	2.258667
0.633821	2.279375
0.634281	2.300013
0.63474	2.32058
0.635197	2.341078
0.635654	2.361506
0.636109	2.381864
0.636562	2.402155
0.637014	2.422377
0.637465	2.442531
0.637915	2.462619
0.638364	2.482639
0.638811	2.502594
0.639257	2.522482
0.639702	2.542305
0.640145	2.562063
0.640587	2.581757
0.641028	2.601386
0.641468	2.620952
0.641907	2.640454
0.642344	2.659893
0.642781	2.679269
0.643215	2.698584
0.643648	2.717837
0.644081	2.737028
0.644512	2.756158
0.644943	2.775228
0.645372	2.794237
0.6458	2.813187
0.646226	2.832076
0.646652	2.850907
0.647076	2.869679
0.6475	2.888393
0.647922	2.907049
0.648343	2.925647
0.648763	2.944188
0.649182	2.962671
0.6496	2.981098
0.650016	2.999468
0.650432	3.017783
0.650846	3.036043
0.65126	3.054246
0.651672	3.072394
0.652084	3.090488
0.652494	3.108528
0.652903	3.126514
0.653311	-3.13874
0.653718	-3.120861
0.654124	-3.103036
0.654529	-3.085263
0.654933	-3.067543
0.655336	-3.049874
0.655738	-3.032258
0.656139	-3.014692
0.656539	-2.997179
0.656938	-2.979717
0.657336	-2.962305
0.657734	-2.944943
0.65813	-2.927632
0.658525	-2.91037
0.658919	-2.893158
0.659312	-2.875995
0.659705	-2.858881
0.660096	-2.841815
0.660486	-2.824798
0.660876	-2.80783
0.661264	-2.790909
0.661652	-2.774035
0.662039	-2.757209
0.662425	-2.740431
0.662809	-2.723699
0.663193	-2.707013
0.663576	-2.690374
0.663958	-2.673781
0.66434	-2.657234
0.66472	-2.640732
0.665099	-2.624276
0.665477	-2.607865
0.665855	-2.591499
0.666232	-2.575178
0.666608	-2.558901
0.666984	-2.542667
0.667358	-2.526477
0.667731	-2.510332
0.668104	-2.494229
0.668475	-2.47817
0.668846	-2.462155
0.669215	-2.446181
0.669584	-2.430251
0.669952	-2.414362
0.67032	-2.398516
0.670687	-2.382711
0.671053	-2.366948
0.671418	-2.351226
0.671783	-2.335546
0.672146	-2.319906
0.672508	-2.304308
0.67287	-2.28875
0.67323	-2.273232
0.67359	-2.257755
0.67395	-2.242318
0.674309	-2.22692
0.674667	-2.211562
0.675024	-2.196243
0.67538	-2.180964
0.675736	-2.165723
0.676091	-2.150521
0.676445	-2.135358
0.676798	-2.120233
0.67715	-2.105146
0.677502	-2.090097
0.677853	-2.075086
0.678203	-2.060113
0.678552	-2.045177
0.678901	-2.030279
0.679249	-2.015418
0.679597	-2.000593
0.679944	-1.985806
0.680289	-1.971054
0.680634	-1.956339
0.680979	-1.94166
0.681322	-1.927017
0.681665	-1.91241
0.682007	-1.897839
0.682349	-1.883304
0.68269	-1.868804
0.683031	-1.854339
0.68337	-1.839909
0.683709	-1.825513
0.684047	-1.811153
0.684384	-1.796826
0.684721	-1.782535
0.685057	-1.768277
0.685392	-1.754054
0.685727	-1.739864
0.686062	-1.725708
0.686395	-1.711585
0.686727	-1.697496
0.687059	-1.68344
0.68739	-1.669418
0.687721	-1.655428
0.688051	-1.641471
0.688381	-1.627547
0.68871	-1.613655
0.689037	-1.599796
0.689365	-1.585968
0.689691	-1.572173
0.690018	-1.558409
0.690344	-1.544677
0.690669	-1.530977
0.690993	-1.517309
0.691317	-1.503671
0.69164	-1.490065
0.691962	-1.47649
0.692284	-1.462947
0.692605	-1.449434
0.692925	-1.435951
0.693245	-1.422498
0.693565	-1.409076
0.693884	-1.395685
0.694202	-1.382323
0.694519	-1.368992
0.694836	-1.35569
0.695152	-1.342418
0.695468	-1.329175
0.695784	-1.315963
0.696098	-1.302779
0.696413	-1.289625
0.696726	-1.276499
0.697038	-1.263403
0.69735	-1.250335
0.697662	-1.237296
0.697973	-1.224285
0.698283	-1.211303
0.698594	-1.19835
0.698903	-1.185424
0.699212	-1.172527
0.69952	-1.159657
0.699827	-1.146816
0.700134	-1.134002
0.700441	-1.121216
0.700747	-1.108457
0.701053	-1.095726
0.701358	-1.083022
0.701662	-1.070345
0.701966	-1.057695
0.702269	-1.045073
0.702572	-1.032477
0.702875	-1.019907
0.703176	-1.007365
0.703477	-0.994848
0.703778	-0.982358
0.704078	-0.969894
0.704377	-0.957456
0.704676	-0.945045
0.704974	-0.93266
0.705272	-0.9203
0.705569	-0.907966
0.705866	-0.895658
0.706162	-0.883375
0.706458	-0.871118
0.706754	-0.858886
0.707049	-0.84668
0.707344	-0.834498
0.707637	-0.822341
0.70793	-0.810209
0.708223	-0.798103
0.708515	-0.78602
0.708807	-0.773963
0.709098	-0.76193
0.709389	-0.749921
0.709679	-0.737937
0.709969	-0.725976
0.710258	-0.71404
0.710547	-0.702128
0.710836	-0.690241
0.711123	-0.678377
0.71141	-0.666536
0.711697	-0.65472
0.711984	-0.642927
0.71227	-0.631158
0.712556	-0.619412
0.712841	-0.607689
0.713125	-0.595989
0.713409	-0.584313
0.713693	-0.57266
0.713976	-0.561029
0.714259	-0.549421
0.714541	-0.537836
0.714822	-0.526274
0.715103	-0.514734
0.715384	-0.503218
0.715664	-0.491723
0.715944	-0.480251
0.716224	-0.468801
0.716503	-0.457373
0.716781	-0.445968
0.717059	-0.434584
0.717336	-0.423222
0.717613	-0.411882
0.71789	-0.400564
0.718166	-0.389268
0.718442	-0.377993
0.718718	-0.36674
0.718993	-0.355508
0.719267	-0.344298
0.719541	-0.333108
0.719814	-0.321941
0.720087	-0.310794
0.72036	-0.299668
0.720632	-0.288563
0.720904	-0.277479
0.721176	-0.266416
0.721447	-0.255374
0.721718	-0.244353
0.721987	-0.233352
0.722257	-0.222371
0.722526	-0.211411
0.722795	-0.200471
0.723064	-0.189552
0.723332	-0.178653
0.7236	-0.167774
0.723867	-0.156915
0.724133	-0.146077
0.724399	-0.135258
0.724665	-0.124459
0.724931	-0.113679
0.725196	-0.102919
0.725461	-0.09218
0.725726	-0.08146
0.725989	-0.070759
0.726253	-0.060078
0.726516	-0.049416
0.726779	-0.038773
0.727041	-0.02815
0.727303	-0.017546
0.727565	-0.006961
0.727826	0.003605
0.728086	0.014152
0.728346	0.02468
0.728606	0.035189
0.728866	0.045679
0.729125	0.056151
0.729384	0.066604
0.729642	0.077038
0.7299	0.087454
0.730158	0.097852
0.730415	0.108231
0.730672	0.118591
0.730928	0.128934
0.731184	0.139258
0.73144	0.149563
0.731695	0.159851
0.73195	0.170122
0.732205	0.180374
0.732459	0.190608
0.732713	0.200824
0.732967	0.211022
0.73322	0.221203
0.733473	0.231366
0.733725	0.241511
0.733977	0.251639
0.734228	0.261749
0.734479	0.271841
0.73473	0.281917
0.734981	0.291975
0.735231	0.302015
0.735481	0.312039
0.735731	0.322046
0.73598	0.332035
0.736228	0.342007
0.736477	0.351962
0.736724	0.361901
0.736972	0.371823
0.737219	0.381728
0.737466	0.391616
0.737713	0.401487
0.73796	0.411342
0.738206	0.42118
0.738451	0.431001
0.738696	0.440805
0.738941	0.450594
0.739185	0.460366
0.73943	0.470122
0.739674	0.479862
0.739917	0.489585
0.74016	0.499292
0.740403	0.508983
0.740645	0.518658
0.740887	0.528316
0.74113	0.537959
0.741371	0.547587
0.741612	0.557198
0.741853	0.566793
0.742093	0.576373
0.742333	0.585936
0.742573	0.595484
0.742813	0.605017
0.743052	0.614534
0.743291	0.624036
0.743529	0.633522
0.743767	0.642992
0.744005	0.652447
0.744242	0.661886
0.74448	0.671311
0.744717	0.68072
0.744954	0.690114
0.74519	0.699493
0.745426	0.708857
0.745661	0.718205
0.745897	0.727539
0.746131	0.736858
0.746366	0.746162
0.7466	0.755451
0.746834	0.764725
0.747067	0.773984
0.747301	0.783229
0.747534	0.792459
0.747767	0.801674
0.747999	0.810875
0.748231	0.820061
0.748463	0.829233
0.748695	0.83839
0.748926	0.847533
0.749157	0.856661
0.749388	0.865775
0.749618	0.874875
0.749848	0.88396
0.750077	0.893032
0.750307	0.902089
0.750536	0.911132
0.750764	0.920161
0.750993	0.929176
0.751221	0.938177
0.751449	0.947164
0.751677	0.956136
0.751904	0.965095
0.752131	0.97404
0.752358	0.982972
0.752584	0.99189
0.752811	1.000795
0.753037	1.009685
0.753262	1.018562
0.753487	1.027425
0.753712	1.036274
0.753937	1.04511
0.754161	1.053933
0.754385	1.062742
0.754609	1.071537
0.754833	1.08032
0.755056	1.089089
0.755278	1.097845
0.755501	1.106587
0.755723	1.115316
0.755946	1.124033
0.756168	1.132736
0.756389	1.141426
0.75661	1.150103
0.756831	1.158766
0.757052	1.167417
0.757272	1.176055
0.757492	1.18468
0.757712	1.193292
0.757932	1.201892
0.758151	1.210478
0.75837	1.219052
0.758589	1.227613
0.758807	1.236161
0.759026	1.244697
0.759244	1.25322
0.759461	1.261731
0.759678	1.270229
0.759895	1.278714
0.760112	1.287187
0.760329	1.295648
0.760546	1.304096
0.760762	1.312531
0.760978	1.320955
0.761193	1.329366
0.761408	1.337764
0.761623	1.346151
0.761838	1.354525
0.762052	1.362887
0.762266	1.371237
0.76248	1.379575
0.762694	1.387901
0.762908	1.396215
0.763121	1.404517
0.763334	1.412807
0.763547	1.421085
0.763759	1.429351
0.763971	1.437605
0.764183	1.445847
0.764394	1.454078
0.764606	1.462296
0.764817	1.470503
0.765028	1.478698
0.765238	1.486882
0.765449	1.495054
0.765659	1.503214
0.765869	1.511363
0.766078	1.5195
0.766288	1.527625
0.766496	1.535739
0.766705	1.543842
0.766914	1.551933
0.767123	1.560013
0.767331	1.568082
0.767538	1.576139
0.767746	1.584184
0.767953	1.592218
0.76816	1.600241
0.768367	1.608253
0.768574	1.616254
0.76878	1.624244
0.768986	1.632223
0.769192	1.64019
0.769398	1.648146
0.769603	1.656091
0.769808	1.664025
0.770013	1.671948
0.770218	1.67986
0.770423	1.687762
0.770627	1.695652
0.770831	1.703532
0.771035	1.711401
0.771238	1.719259
0.771441	1.727106
0.771644	1.734942
0.771847	1.742767
0.772049	1.750582
0.772252	1.758386
0.772454	1.766179
0.772656	1.773962
0.772858	1.781734
0.773059	1.789496
0.77326	1.797247
0.773461	1.804987
0.773661	1.812718
0.773862	1.820437
0.774063	1.828147
0.774263	1.835845
0.774463	1.843534
0.774662	1.851211
0.774861	1.858879
0.77506	1.866536
0.775259	1.874183
0.775458	1.88182
0.775656	1.889447
0.775855	1.897064
0.776053	1.90467
0.776251	1.912265
0.776448	1.919851
0.776645	1.927426
0.776842	1.934992
0.777039	1.942548
0.777236	1.950093
0.777433	1.957629
0.777629	1.965155
0.777825	1.97267
0.77802	1.980176
0.778216	1.987671
0.778411	1.995157
0.778606	2.002633
0.778801	2.0101
0.778995	2.017556
0.77919	2.025003
0.779385	2.03244
0.779579	2.039867
0.779772	2.047284
0.779965	2.054692
0.780159	2.062089
0.780352	2.069478
0.780545	2.076856
0.780738	2.084225
0.780931	2.091585
0.781123	2.098935
0.781315	2.106276
0.781507	2.113606
0.781699	2.120928
0.78189	2.12824
0.782082	2.135543
0.782273	2.142836
0.782463	2.150119
0.782654	2.157393
0.782844	2.164659
0.783034	2.171915
0.783225	2.179161
0.783415	2.186398
0.783605	2.193626
0.783794	2.200845
0.783983	2.208054
0.784171	2.215254
0.78436	2.222445
0.784549	2.229627
0.784738	2.236799
0.784926	2.243963
0.785114	2.251117
0.785302	2.258263
0.785489	2.265399
0.785677	2.272526
0.785864	2.279645
0.786051	2.286754
0.786238	2.293855
0.786424	2.300946
0.78661	2.308029
0.786796	2.315102
0.786983	2.322168
0.787169	2.329224
0.787355	2.336271
0.78754	2.343309
0.787725	2.350338
0.78791	2.357359
0.788094	2.364371
0.788279	2.371374
0.788463	2.378368
0.788648	2.385354
0.788832	2.392332
0.789016	2.3993
0.789199	2.40626
0.789383	2.413211
0.789566	2.420154
0.789749	2.427088
0.789932	2.434013
0.790114	2.44093
0.790297	2.447839
0.79048	2.454739
0.790662	2.46163
0.790844	2.468513
0.791025	2.475387
0.791207	2.482253
0.791388	2.489111
0.791569	2.49596
0.79175	2.502801
0.791931	2.509634
0.792111	2.516458
0.792292	2.523275
0.792473	2.530082
0.792653	2.536881
0.792832	2.543672
0.793011	2.550455
0.793191	2.557229
0.793371	2.563996
0.79355	2.570754
0.793729	2.577505
0.793907	2.584247
0.794086	2.59098
0.794264	2.597706
0.794443	2.604423
0.794621	2.611133
0.794799	2.617835
0.794976	2.624528
0.795154	2.631213
0.795331	2.637891
0.795508	2.64456
0.795685	2.651222
0.795862	2.657876
0.796038	2.664521
0.796215	2.671159
0.796391	2.677788
0.796567	2.68441
0.796743	2.691024
0.796918	2.69763
0.797094	2.704229
0.79727	2.710819
0.797445	2.717402
0.797619	2.723977
0.797794	2.730544
0.797969	2.737103
0.798143	2.743655
0.798318	2.750199
0.798492	2.756735
0.798666	2.763264
0.79884	2.769785
0.799013	2.776298
0.799187	2.782804
0.79936	2.789302
0.799533	2.795792
0.799706	2.802275
0.799879	2.80875
0.800052	2.815218
0.800224	2.821678
0.800396	2.828131
0.800568	2.834576
0.800739	2.841014
0.800911	2.847443
0.801083	2.853866
0.801254	2.860282
0.801426	2.86669
0.801597	2.87309
0.801767	2.879483
0.801938	2.885868
0.802108	2.892247
0.802279	2.898618
0.802449	2.904981
0.802619	2.911338
0.802789	2.917687
0.802959	2.924029
0.803128	2.930363
0.803298	2.93669
0.803467	2.94301
0.803636	2.949322
0.803805	2.955628
0.803973	2.961926
0.804142	2.968217
0.80431	2.974501
0.804479	2.980778
0.804647	2.987048
0.804814	2.99331
0.804982	2.999566
0.805149	3.005814
0.805317	3.012055
0.805484	3.018289
0.805652	3.024517
0.805818	3.030737
0.805985	3.03695
0.806151	3.043156
0.806318	3.049355
0.806484	3.055546
0.80665	3.061732
0.806816	3.06791
0.806982	3.074081
0.807148	3.080245
0.807313	3.086403
0.807478	3.092553
0.807644	3.098697
0.807809	3.104834
0.807974	3.110963
0.808139	3.117086
0.808303	3.123202
0.808467	3.129311
0.808631	3.135414
0.808796	3.14151
0.80896	-3.135586
0.809124	-3.129504
0.809287	-3.123429
0.80945	-3.11736
0.809614	-3.111298
0.809777	-3.105243
0.80994	-3.099194
0.810102	-3.093152
0.810265	-3.087117
0.810428	-3.081089
0.81059	-3.075066
0.810752	-3.069051
0.810914	-3.063042
0.811076	-3.05704
0.811238	-3.051045
0.8114	-3.045056
0.811561	-3.039073
0.811723	-3.033097
0.811884	-3.027128
0.812045	-3.021166
0.812206	-3.01521
0.812366	-3.00926
0.812526	-3.003316
0.812687	-2.99738
0.812847	-2.991449
0.813008	-2.985525
0.813167	-2.979608
0.813327	-2.973696
0.813487	-2.967792
0.813646	-2.961893
0.813806	-2.956002
0.813965	-2.950116
0.814124	-2.944237
0.814283	-2.938365
0.814442	-2.932498
0.814601	-2.926638
0.814759	-2.920784
0.814917	-2.914937
0.815075	-2.909096
0.815233	-2.903261
0.815391	-2.897433
0.815549	-2.891611
0.815706	-2.885794
0.815864	-2.879984
0.816021	-2.87418
0.816179	-2.868383
0.816336	-2.862592
0.816493	-2.856807
0.81665	-2.851028
0.816806	-2.845255
0.816962	-2.839488
0.817119	-2.833728
0.817275	-2.827974
0.817431	-2.822226
0.817587	-2.816484
0.817742	-2.810748
0.817898	-2.805017
0.818053	-2.799293
0.818209	-2.793576
0.818364	-2.787865
0.818519	-2.782159
0.818674	-2.776459
0.818829	-2.770765
0.818984	-2.765078
0.819138	-2.759396
0.819293	-2.75372
0.819447	-2.748051
0.819601	-2.742387
0.819755	-2.736729
0.819909	-2.731077
0.820062	-2.725431
0.820216	-2.719791
0.820369	-2.714157
0.820522	-2.708529
0.820675	-2.702907
0.820828	-2.69729
0.820981	-2.69168
0.821133	-2.686075
0.821286	-2.680475
0.821439	-2.674882
0.821591	-2.669295
0.821744	-2.663713
0.821896	-2.658138
0.822047	-2.652568
0.822199	-2.647004
0.82235	-2.641446
0.822502	-2.635893
0.822653	-2.630346
0.822804	-2.624805
0.822955	-2.619269
0.823106	-2.61374
0.823257	-2.608216
0.823408	-2.602697
0.823558	-2.597185
0.823709	-2.591677
0.823859	-2.586176
0.824009	-2.580681
0.82416	-2.575192
0.824309	-2.569707
0.824459	-2.564228
0.824608	-2.558755
0.824758	-2.553287
0.824908	-2.547825
0.825057	-2.542369
0.825205	-2.536919
0.825354	-2.531474
0.825503	-2.526034
0.825652	-2.5206
0.825801	-2.515171
0.825949	-2.509748
0.826097	-2.50433
0.826246	-2.498918
0.826394	-2.493512
0.826542	-2.488111
0.82669	-2.482715
0.826837	-2.477325
0.826985	-2.47194
0.827132	-2.466561
0.827279	-2.461187
0.827427	-2.455819
0.827574	-2.450456
0.82772	-2.445099
0.827867	-2.439746
0.828014	-2.434399
0.82816	-2.429058
0.828306	-2.423722
0.828452	-2.418392
0.828599	-2.413066
0.828745	-2.407746
0.828891	-2.402432
0.829037	-2.397122
0.829182	-2.391818
0.829328	-2.38652
0.829473	-2.381226
0.829619	-2.375938
0.829764	-2.370655
0.829908	-2.365378
0.830053	-2.360106
0.830198	-2.354839
0.830342	-2.349577
0.830487	-2.34432
0.830631	-2.339069
0.830776	-2.333823
0.83092	-2.328582
0.831064	-2.323347
0.831208	-2.318116
0.831351	-2.312891
0.831495	-2.307671
0.831638	-2.302456
0.831782	-2.297246
0.831925	-2.292041
0.832068	-2.286842
0.832211	-2.281647
0.832355	-2.276458
0.832497	-2.271273
0.83264	-2.266094
0.832782	-2.26092
0.832925	-2.255752
0.833067	-2.250588
0.833209	-2.245429
0.833351	-2.240275
0.833493	-2.235126
0.833635	-2.229983
0.833777	-2.224844
0.833919	-2.219711
0.83406	-2.214582
0.834201	-2.209459
0.834342	-2.20434
0.834483	-2.199227
0.834624	-2.194118
0.834765	-2.189015
0.834907	-2.183916
0.835047	-2.178822
0.835188	-2.173733
0.835328	-2.16865
0.835468	-2.163571
0.835608	-2.158497
0.835748	-2.153428
0.835888	-2.148364
0.836028	-2.143305
0.836168	-2.138251
0.836307	-2.133201
0.836447	-2.128157
0.836586	-2.123117
0.836725	-2.118082
0.836864	-2.113053
0.837003	-2.108028
0.837142	-2.103007
0.837281	-2.097992
0.837419	-2.092981
0.837558	-2.087975
0.837697	-2.082974
0.837835	-2.077978
0.837973	-2.072987
0.838112	-2.068
0.83825	-2.063019
0.838387	-2.058042
0.838525	-2.05307
0.838663	-2.048102
0.8388	-2.043139
0.838937	-2.038181
0.839075	-2.033228
0.839212	-2.028279
0.839349	-2.023335
0.839486	-2.018396
0.839623	-2.013462
0.839759	-2.008532
0.839896	-2.003606
0.840032	-1.998686
0.840169	-1.99377
0.840305	-1.98886
0.840441	-1.983954
0.840577	-1.979052
0.840713	-1.974155
0.840849	-1.969262
0.840984	-1.964374
0.84112	-1.959491
0.841256	-1.954612
0.841391	-1.949738
0.841527	-1.944869
0.841662	-1.940004
0.841797	-1.935143
0.841932	-1.930288
0.842067	-1.925436
0.842202	-1.92059
0.842336	-1.915748
0.84247	-1.910911
0.842605	-1.906078
0.842739	-1.90125
0.842873	-1.896426
0.843008	-1.891606
0.843141	-1.886791
0.843275	-1.881981
0.843408	-1.877175
0.843542	-1.872374
0.843675	-1.867577
0.843809	-1.862784
0.843943	-1.857996
0.844076	-1.853213
0.844209	-1.848434
0.844342	-1.84366
0.844475	-1.838889
0.844607	-1.834124
0.84474	-1.829363
0.844873	-1.824606
0.845005	-1.819854
0.845138	-1.815106
0.84527	-1.810362
0.845402	-1.805623
0.845534	-1.800889
0.845666	-1.796158
0.845797	-1.791432
0.845929	-1.78671
0.846061	-1.781992
0.846192	-1.777279
0.846324	-1.772571
0.846455	-1.767867
0.846586	-1.763167
0.846717	-1.758472
0.846848	-1.75378
0.846979	-1.749093
0.84711	-1.74441
0.84724	-1.739732
0.847371	-1.735057
0.847501	-1.730388
0.847632	-1.725722
0.847762	-1.721061
0.847892	-1.716404
0.848022	-1.711752
0.848152	-1.707103
0.848282	-1.702459
0.848411	-1.697819
0.848541	-1.693183
0.848671	-1.688552
0.8488	-1.683924
0.848929	-1.679301
0.849058	-1.674682
0.849187	-1.670068
0.849316	-1.665458
0.849445	-1.660852
0.849574	-1.65625
0.849702	-1.651652
0.849831	-1.647058
0.84996	-1.642468
0.850088	-1.637883
0.850217	-1.633301
0.850345	-1.628725
0.850473	-1.624152
0.850601	-1.619583
0.850729	-1.615018
0.850857	-1.610458
0.850984	-1.605901
0.851112	-1.601349
0.851239	-1.596801
0.851367	-1.592257
0.851494	-1.587717
0.851621	-1.583181
0.851749	-1.578649
0.851875	-1.574121
0.852002	-1.569598
0.852129	-1.565079
0.852256	-1.560563
0.852383	-1.556051
0.852509	-1.551544
0.852635	-1.547041
0.852761	-1.542542
0.852887	-1.538046
0.853013	-1.533555
0.853139	-1.529068
0.853265	-1.524584
0.853391	-1.520105
0.853517	-1.51563
0.853643	-1.511159
0.853769	-1.506691
0.853894	-1.502228
0.854019	-1.497769
0.854145	-1.493313
0.85427	-1.488862
0.854395	-1.484414
0.854519	-1.479971
0.854644	-1.475532
0.854768	-1.471096
0.854893	-1.466665
0.855017	-1.462237
0.855142	-1.457813
0.855267	-1.453393
0.855391	-1.448977
0.855515	-1.444565
0.855639	-1.440157
0.855763	-1.435753
0.855887	-1.431353
0.856011	-1.426956
0.856134	-1.422563
0.856258	-1.418175
0.856381	-1.41379
0.856505	-1.409409
0.856628	-1.405032
0.856752	-1.400659
0.856875	-1.396289
0.856997	-1.391924
0.85712	-1.387562
0.857243	-1.383204
0.857366	-1.37885
0.857489	-1.3745
0.857611	-1.370154
0.857733	-1.365811
0.857856	-1.361473
0.857978	-1.357138
0.8581	-1.352806
0.858222	-1.348479
0.858344	-1.344155
0.858466	-1.339835
0.858588	-1.335519
0.858709	-1.331207
0.858831	-1.326898
0.858952	-1.322594
0.859074	-1.318293
0.859195	-1.313996
0.859316	-1.309703
0.859437	-1.305413
0.859558	-1.301127
0.85968	-1.296844
0.859801	-1.292566
0.859922	-1.288291
0.860042	-1.28402
0.860163	-1.279753
0.860283	-1.275489
0.860403	-1.271228
0.860524	-1.266972
0.860644	-1.26272
0.860764	-1.258471
0.860884	-1.254226
0.861004	-1.249984
0.861124	-1.245746
0.861243	-1.241512
0.861363	-1.237281
0.861483	-1.233054
0.861602	-1.228831
0.861722	-1.224612
0.861841	-1.220396
0.86196	-1.216183
0.862079	-1.211974
0.862198	-1.207769
0.862317	-1.203567
0.862436	-1.199369
0.862555	-1.195175
0.862674	-1.190984
0.862793	-1.186797
0.862911	-1.182614
0.863029	-1.178433
0.863147	-1.174257
0.863266	-1.170084
0.863384	-1.165915
0.863502	-1.16175
0.86362	-1.157588
0.863738	-1.153429
0.863856	-1.149274
0.863973	-1.145123
0.864091	-1.140976
0.864208	-1.136832
0.864325	-1.132691
0.864443	-1.128553
0.86456	-1.124419
0.864677	-1.120289
0.864794	-1.116162
0.864911	-1.112039
0.865028	-1.10792
0.865145	-1.103803
0.865262	-1.099691
0.865379	-1.095582
0.865495	-1.091476
0.865612	-1.087374
0.865728	-1.083275
0.865844	-1.07918
0.865961	-1.075088
0.866077	-1.071
0.866193	-1.066916
0.866309	-1.062834
0.866425	-1.058757
0.866541	-1.054682
0.866657	-1.050611
0.866772	-1.046543
0.866887	-1.042479
0.867002	-1.038419
0.867118	-1.034362
0.867234	-1.030308
0.867349	-1.026258
0.867464	-1.022211
0.867579	-1.018167
0.867693	-1.014126
0.867808	-1.010089
0.867923	-1.006056
0.868038	-1.002026
0.868153	-0.998
0.868267	-0.993977
0.868382	-0.989957
0.868496	-0.98594
0.86861	-0.981927
0.868725	-0.977917
0.868839	-0.973911
0.868952	-0.969908
0.869066	-0.965909
0.86918	-0.961913
0.869293	-0.957919
0.869407	-0.953929
0.869521	-0.949943
0.869634	-0.94596
0.869748	-0.941981
0.869862	-0.938005
0.869975	-0.934032
0.870088	-0.930062
0.870201	-0.926096
0.870314	-0.922133
0.870427	-0.918173
0.87054	-0.914216
0.870653	-0.910263
0.870765	-0.906313
0.870878	-0.902367
0.87099	-0.898423
0.871103	-0.894483
0.871215	-0.890546
0.871327	-0.886613
0.871439	-0.882683
0.871551	-0.878756
0.871663	-0.874832
0.871775	-0.870912
0.871887	-0.866994
0.871999	-0.86308
0.872111	-0.859169
0.872222	-0.855262
0.872334	-0.851358
0.872445	-0.847457
0.872556	-0.84356
0.872667	-0.839665
0.872778	-0.835773
0.872889	-0.831885
0.873	-0.828
0.873112	-0.824118
0.873223	-0.82024
0.873334	-0.816365
0.873445	-0.812493
0.873555	-0.808623
0.873666	-0.804757
0.873776	-0.800894
0.873887	-0.797035
0.873997	-0.793179
0.874107	-0.789326
0.874217	-0.785476
0.874326	-0.78163
0.874436	-0.777786
0.874546	-0.773946
0.874656	-0.770108
0.874766	-0.766274
0.874876	-0.762443
0.874986	-0.758615
0.875095	-0.75479
0.875205	-0.750969
0.875314	-0.74715
0.875423	-0.743335
0.875532	-0.739523
0.875641	-0.735713
0.87575	-0.731907
0.875859	-0.728104
0.875968	-0.724304
0.876077	-0.720508
0.876186	-0.716714
0.876295	-0.712924
0.876403	-0.709136
0.876511	-0.705352
0.87662	-0.701571
0.876728	-0.697793
0.876837	-0.694018
0.876945	-0.690246
0.877053	-0.686477
0.877161	-0.682711
0.877269	-0.678948
0.877377	-0.675188
0.877484	-0.671431
0.877592	-0.667678
0.8777	-0.663927
0.877807	-0.66018
0.877914	-0.656435
0.878022	-0.652693
0.878129	-0.648954
0.878236	-0.645219
0.878344	-0.641486
0.878451	-0.637757
0.878558	-0.634031
0.878665	-0.630307
0.878772	-0.626587
0.878878	-0.622869
0.878985	-0.619155
0.879092	-0.615444
0.879198	-0.611735
0.879305	-0.60803
0.879411	-0.604327
0.879518	-0.600628
0.879624	-0.596931
0.87973	-0.593238
0.879836	-0.589548
0.879942	-0.58586
0.880048	-0.582176
0.880153	-0.578494
0.880259	-0.574815
0.880365	-0.571139
0.880471	-0.567466
0.880577	-0.563796
0.880682	-0.56013
0.880788	-0.556466
0.880893	-0.552805
0.880998	-0.549147
0.881103	-0.545492
0.881208	-0.54184
0.881314	-0.538191
0.881419	-0.534544
0.881523	-0.530901
0.881628	-0.527261
0.881733	-0.523623
0.881838	-0.519988
0.881942	-0.516356
0.882047	-0.512727
0.882151	-0.509101
0.882255	-0.505478
0.88236	-0.501858
0.882464	-0.498241
0.882568	-0.494626
0.882672	-0.491015
0.882776	-0.487406
0.88288	-0.4838
0.882984	-0.480197
0.883088	-0.476596
0.883192	-0.472999
0.883296	-0.469405
0.883399	-0.465814
0.883502	-0.462225
0.883605	-0.458639
0.883709	-0.455056
0.883812	-0.451477
0.883915	-0.4479
0.884018	-0.444325
0.884121	-0.440753
0.884225	-0.437184
0.884327	-0.433618
0.88443	-0.430055
0.884533	-0.426495
0.884636	-0.422938
0.884739	-0.419384
0.884841	-0.415832
0.884944	-0.412283
0.885046	-0.408736
0.885148	-0.405193
0.88525	-0.401652
0.885353	-0.398114
0.885455	-0.394579
0.885557	-0.391047
0.885659	-0.387518
0.88576	-0.383991
0.885862	-0.380468
0.885964	-0.376947
0.886065	-0.373428
0.886167	-0.369913
0.886269	-0.3664
0.886371	-0.36289
0.886472	-0.359383
0.886573	-0.355878
0.886675	-0.352376
0.886776	-0.348877
0.886877	-0.345381
0.886978	-0.341888
0.887079	-0.338397
0.88718	-0.334909
0.88728	-0.331424
0.887381	-0.327941
0.887481	-0.324461
0.887582	-0.320984
0.887683	-0.31751
0.887783	-0.314038
0.887884	-0.31057
0.887984	-0.307104
0.888085	-0.30364
0.888185	-0.30018
0.888285	-0.296722
0.888385	-0.293266
0.888485	-0.289813
0.888585	-0.286364
0.888685	-0.282917
0.888784	-0.279472
0.888884	-0.27603
0.888984	-0.272591
0.889083	-0.269154
0.889182	-0.26572
0.889282	-0.262289
0.889381	-0.258861
0.889481	-0.255435
0.88958	-0.252013
0.88968	-0.248592
0.889779	-0.245175
0.889878	-0.241759
0.889977	-0.238347
0.890075	-0.234937
0.890174	-0.23153
0.890273	-0.228125
0.890371	-0.224724
0.89047	-0.221324
0.890568	-0.217928
0.890667	-0.214534
0.890765	-0.211143
0.890863	-0.207754
0.890962	-0.204368
0.89106	-0.200985
0.891158	-0.197604
0.891257	-0.194226
0.891355	-0.190851
0.891452	-0.187478
0.89155	-0.184107
0.891648	-0.180739
0.891745	-0.177374
0.891843	-0.174012
0.89194	-0.170652
0.892038	-0.167295
0.892136	-0.16394
0.892233	-0.160588
0.892331	-0.157239
0.892428	-0.153892
0.892525	-0.150548
0.892622	-0.147206
0.892719	-0.143868
0.892816	-0.140531
0.892912	-0.137197
0.893009	-0.133865
0.893106	-0.130536
0.893203	-0.12721
0.8933	-0.123887
0.893396	-0.120566
0.893493	-0.117247
0.893589	-0.113931
0.893686	-0.110617
0.893782	-0.107307
0.893878	-0.103998
0.893974	-0.100693
0.894071	-0.097389
0.894167	-0.094089
0.894263	-0.09079
0.894359	-0.087495
0.894454	-0.084201
0.89455	-0.080911
0.894646	-0.077623
0.894742	-0.074338
0.894837	-0.071055
0.894933	-0.067774
0.895028	-0.064496
0.895123	-0.061221
0.895219	-0.057947
0.895314	-0.054677
0.895409	-0.051409
0.895504	-0.048143
0.895599	-0.04488
0.895694	-0.04162
0.895789	-0.038363
0.895884	-0.035107
0.895979	-0.031854
0.896073	-0.028603
0.896168	-0.025355
0.896262	-0.02211
0.896357	-0.018867
0.896452	-0.015627
0.896546	-0.012389
0.896641	-0.009153
0.896735	-0.00592
0.896829	-0.00269
0.896923	0.000539
0.897017	0.003765
0.897111	0.006988
0.897205	0.010209
0.897299	0.013427
0.897392	0.016643
0.897486	0.019856
0.89758	0.023068
0.897674	0.026276
0.897767	0.029482
0.897861	0.032685
0.897954	0.035886
0.898048	0.039085
0.898141	0.042282
0.898234	0.045475
0.898327	0.048667
0.89842	0.051856
0.898514	0.055043
0.898607	0.058227
0.898699	0.061409
0.898792	0.064589
0.898885	0.067765
0.898978	0.07094
0.89907	0.074112
0.899163	0.077282
0.899256	0.080449
0.899349	0.083614
0.899441	0.086777
0.899533	0.089937
0.899626	0.093094
0.899718	0.09625
0.89981	0.099403
0.899901	0.102554
0.899993	0.105701
0.900085	0.108847
0.900178	0.111991
0.90027	0.115132
0.900361	0.118271
0.900453	0.121407
0.900545	0.124541
0.900636	0.127672
0.900728	0.130802
0.900819	0.133929
0.900911	0.137053
0.901002	0.140175
0.901093	0.143294
0.901185	0.146412
0.901276	0.149527
0.901367	0.15264
0.901458	0.15575
0.901548	0.158858
0.901639	0.161964
0.90173	0.165067
0.901821	0.168168
0.901912	0.171267
0.902003	0.174363
0.902094	0.177457
0.902184	0.180548
0.902274	0.183637
0.902365	0.186725
0.902456	0.18981
0.902546	0.192892
0.902636	0.195972
0.902726	0.199049
0.902816	0.202125
0.902906	0.205198
0.902997	0.208268
0.903086	0.211337
0.903176	0.214403
0.903266	0.217467
0.903356	0.220529
0.903445	0.223588
0.903535	0.226645
0.903624	0.2297
0.903714	0.232752
0.903803	0.235802
0.903892	0.23885
0.903982	0.241895
0.904071	0.244939
0.904161	0.24798
0.90425	0.251018
0.904339	0.254055
0.904428	0.257089
0.904517	0.260121
0.904606	0.26315
0.904695	0.266177
0.904783	0.269202
0.904872	0.272225
0.90496	0.275245
0.905049	0.278264
0.905138	0.28128
0.905226	0.284293
0.905314	0.287305
0.905403	0.290314
0.905491	0.293321
0.905579	0.296326
0.905667	0.299328
0.905756	0.302329
0.905844	0.305327
0.905932	0.308323
0.90602	0.311316
0.906108	0.314308
0.906195	0.317297
0.906283	0.320284
0.906371	0.323268
0.906459	0.32625
0.906546	0.32923
0.906634	0.332208
0.906721	0.335184
0.906808	0.338158
0.906896	0.341129
0.906983	0.344098
0.90707	0.347065
0.907158	0.350029
0.907245	0.352992
0.907332	0.355952
0.907419	0.35891
0.907505	0.361866
0.907592	0.36482
0.907679	0.367771
0.907766	0.37072
0.907853	0.373667
0.907939	0.376612
0.908026	0.379555
0.908113	0.382495
0.9082	0.385433
0.908286	0.388369
0.908372	0.391303
0.908458	0.394235
0.908544	0.397165
0.908631	0.400092
0.908717	0.403018
0.908803	0.405941
0.908889	0.408862
0.908975	0.41178
0.909061	0.414697
0.909147	0.417611
0.909232	0.420523
0.909318	0.423433
0.909403	0.426341
0.909489	0.429247
0.909575	0.43215
0.90966	0.435051
0.909745	0.437951
0.909831	0.440848
0.909916	0.443743
0.910002	0.446636
0.910087	0.449527
0.910172	0.452415
0.910257	0.455301
0.910342	0.458186
0.910427	0.461068
0.910511	0.463949
0.910596	0.466827
0.910681	0.469703
0.910766	0.472576
0.910851	0.475447
0.910936	0.478316
0.911021	0.481184
0.911105	0.484049
0.911189	0.486912
0.911273	0.489773
0.911358	0.492632
0.911442	0.495488
0.911527	0.498343
0.911611	0.501196
0.911695	0.504047
0.911779	0.506895
0.911862	0.509741
0.911947	0.512585
0.912031	0.515427
0.912115	0.518266
0.912199	0.521104
0.912282	0.52394
0.912366	0.526773
0.912449	0.529605
0.912532	0.532435
0.912616	0.535262
0.912699	0.538087
0.912783	0.54091
0.912866	0.543731
0.912949	0.54655
0.913033	0.549367
0.913116	0.552182
0.9132	0.554995
0.913283	0.557806
0.913366	0.560614
0.913448	0.563421
0.913531	0.566225
0.913614	0.569028
0.913696	0.571828
0.913779	0.574626
0.913862	0.577423
0.913944	0.580217
0.914027	0.583009
0.914109	0.585799
0.914192	0.588588
0.914275	0.591374
0.914357	0.594157
0.914439	0.596939
0.914522	0.599719
0.914603	0.602497
0.914685	0.605273
0.914767	0.608047
0.914849	0.610818
0.914931	0.613588
0.915013	0.616356
0.915095	0.619121
0.915177	0.621885
0.915259	0.624647
0.915341	0.627406
0.915422	0.630164
0.915504	0.632919
0.915585	0.635672
0.915666	0.638424
0.915748	0.641174
0.915829	0.643921
0.91591	0.646666
0.915992	0.649409
0.916073	0.652151
0.916155	0.65489
0.916236	0.657628
0.916316	0.660363
0.916397	0.663097
0.916478	0.665828
0.916559	0.668557
0.916639	0.671285
0.91672	0.67401
0.916801	0.676733
0.916882	0.679454
0.916962	0.682174
0.917043	0.684891
0.917123	0.687606
0.917203	0.69032
0.917284	0.693031
0.917364	0.69574
0.917445	0.698448
0.917525	0.701153
0.917605	0.703857
0.917685	0.706559
0.917765	0.709258
0.917845	0.711956
0.917925	0.714652
0.918005	0.717345
0.918085	0.720037
0.918164	0.722726
0.918244	0.725414
0.918324	0.7281
0.918403	0.730784
0.918483	0.733466
0.918563	0.736146
0.918642	0.738823
0.918722	0.741499
0.918801	0.744173
0.91888	0.746845
0.918959	0.749515
0.919039	0.752184
0.919118	0.75485
0.919196	0.757514
0.919275	0.760176
0.919355	0.762836
0.919434	0.765495
0.919513	0.768152
0.919591	0.770806
0.91967	0.773459
0.919749	0.77611
0.919828	0.778758
0.919907	0.781405
0.919985	0.78405
0.920064	0.786693
0.920142	0.789334
0.92022	0.791973
0.920298	0.79461
0.920376	0.797245
0.920454	0.799879
0.920533	0.80251
0.920611	0.80514
0.920689	0.807767
0.920767	0.810393
0.920845	0.813017
0.920923	0.815638
0.921001	0.818259
0.921079	0.820877
0.921157	0.823493
0.921235	0.826107
0.921312	0.828719
0.92139	0.831329
0.921467	0.833938
0.921545	0.836545
0.921622	0.83915
0.921699	0.841752
0.921777	0.844353
0.921854	0.846952
0.921932	0.849549
0.922009	0.852144
0.922086	0.854737
0.922163	0.857329
0.92224	0.859919
0.922317	0.862507
0.922394	0.865092
0.922471	0.867676
0.922547	0.870258
0.922624	0.872838
0.922701	0.875417
0.922778	0.877993
0.922855	0.880568
0.922931	0.883141
0.923007	0.885711
0.923084	0.88828
0.923161	0.890847
0.923237	0.893412
0.923313	0.895975
0.92339	0.898537
0.923466	0.901096
0.923542	0.903654
0.923618	0.90621
0.923694	0.908764
0.92377	0.911316
0.923846	0.913867
0.923922	0.916415
0.923998	0.918961
0.924074	0.921506
0.92415	0.92405
0.924226	0.926591
0.924301	0.92913
0.924377	0.931668
0.924452	0.934203
0.924528	0.936736
0.924603	0.939268
0.924679	0.941798
0.924754	0.944326
0.924829	0.946853
0.924904	0.949378
0.924979	0.951901
0.925054	0.954421
0.92513	0.95694
0.925205	0.959457
0.92528	0.961972
0.925355	0.964486
0.92543	0.966997
0.925505	0.969508
0.92558	0.972016
0.925655	0.974522
0.925729	0.977027
0.925804	0.979529
0.925879	0.98203
0.925953	0.984528
0.926027	0.987026
0.926102	0.989521
0.926176	0.992015
0.926251	0.994507
0.926325	0.996997
0.9264	0.999484
0.926474	1.001971
0.926548	1.004456
0.926622	1.006938
0.926696	1.009419
0.92677	1.011898
0.926844	1.014375
0.926918	1.016851
0.926992	1.019325
0.927066	1.021797
0.927139	1.024267
0.927213	1.026735
0.927287	1.029201
0.92736	1.031666
0.927434	1.034129
0.927507	1.036591
0.927581	1.03905
0.927654	1.041508
0.927727	1.043963
0.9278	1.046417
0.927874	1.048869
0.927947	1.05132
0.92802	1.053769
0.928094	1.056215
0.928167	1.058661
0.92824	1.061104
0.928313	1.063546
0.928386	1.065986
0.928459	1.068424
0.928532	1.07086
0.928604	1.073295
0.928677	1.075727
0.92875	1.078158
0.928822	1.080588
0.928895	1.083015
0.928967	1.085441
0.92904	1.087865
0.929112	1.090287
0.929185	1.092708
0.929257	1.095127
0.929329	1.097544
0.929401	1.099959
0.929473	1.102373
0.929546	1.104784
0.929618	1.107194
0.92969	1.109602
0.929762	1.112008
0.929834	1.114414
0.929906	1.116817
0.929977	1.119218
0.930049	1.121617
0.930121	1.124015
0.930193	1.126411
0.930265	1.128805
0.930336	1.131198
0.930408	1.133588
0.930479	1.135978
0.93055	1.138365
0.930622	1.140751
0.930693	1.143135
0.930765	1.145517
0.930836	1.147898
0.930908	1.150276
0.930979	1.152654
0.93105	1.155029
0.931121	1.157402
0.931192	1.159774
0.931263	1.162144
0.931334	1.164512
0.931405	1.166879
0.931476	1.169244
0.931547	1.171607
0.931617	1.173969
0.931688	1.176329
0.931759	1.178687
0.931829	1.181044
0.9319	1.183398
0.931971	1.185752
0.932041	1.188103
0.932112	1.190453
0.932182	1.1928
0.932252	1.195146
0.932322	1.197491
0.932393	1.199834
0.932463	1.202175
0.932533	1.204514
0.932604	1.206852
0.932674	1.209188
0.932743	1.211522
0.932813	1.213855
0.932883	1.216186
0.932953	1.218515
0.933023	1.220843
0.933092	1.223169
0.933162	1.225493
0.933231	1.227816
0.933301	1.230137
0.933371	1.232456
0.93344	1.234773
0.93351	1.237088
0.933579	1.239403
0.933649	1.241715
0.933718	1.244026
0.933788	1.246335
0.933857	1.248643
0.933926	1.250948
0.933995	1.253252
0.934064	1.255554
0.934133	1.257855
0.934203	1.260154
0.934272	1.262452
0.934341	1.264747
0.934409	1.267042
0.934478	1.269334
0.934547	1.271625
0.934616	1.273914
0.934684	1.276201
0.934753	1.278487
0.934821	1.280771
0.93489	1.283054
0.934959	1.285335
0.935028	1.287614
0.935096	1.289891
0.935164	1.292167
0.935232	1.294441
0.935301	1.296714
0.935369	1.298985
0.935437	1.301254
0.935505	1.303522
0.935573	1.305787
0.935641	1.308052
0.935709	1.310314
0.935777	1.312575
0.935845	1.314835
0.935913	1.317093
0.935981	1.319349
0.936048	1.321603
0.936116	1.323856
0.936184	1.326107
0.936251	1.328356
0.936319	1.330604
0.936387	1.332851
0.936455	1.335096
0.936522	1.337339
0.936589	1.339581
0.936656	1.34182
0.936724	1.344059
0.936791	1.346295
0.936858	1.34853
0.936926	1.350763
0.936993	1.352994
0.93706	1.355224
0.937127	1.357453
0.937194	1.35968
0.937261	1.361905
0.937328	1.364128
0.937394	1.36635
0.937461	1.368571
0.937528	1.37079
0.937594	1.373007
0.937661	1.375223
0.937728	1.377437
0.937795	1.379649
0.937861	1.381859
0.937928	1.384068
0.937995	1.386276
0.938061	1.388482
0.938127	1.390686
0.938193	1.392888
0.93826	1.395089
0.938326	1.397289
0.938392	1.399487
0.938458	1.401684
0.938524	1.403878
0.938591	1.406071
0.938656	1.408263
0.938722	1.410452
0.938788	1.412641
0.938854	1.414828
0.93892	1.417013
0.938986	1.419197
0.939051	1.421379
0.939117	1.423559
0.939183	1.425738
0.939248	1.427915
0.939314	1.43009
0.939379	1.432264
0.939445	1.434437
0.939511	1.436607
0.939576	1.438777
0.939641	1.440945
0.939706	1.443111
0.939772	1.445276
0.939837	1.447439
0.939902	1.4496
0.939967	1.45176
0.940032	1.453918
0.940097	1.456074
0.940162	1.45823
0.940227	1.460383
0.940292	1.462535
0.940356	1.464686
0.940421	1.466835
0.940487	1.468982
0.940552	1.471128
0.940616	1.473272
0.940681	1.475414
0.940745	1.477555
0.94081	1.479695
0.940874	1.481833
0.940938	1.483969
0.941002	1.486104
0.941067	1.488237
0.941131	1.490369
0.941195	1.492499
0.94126	1.494628
0.941324	1.496755
0.941388	1.49888
0.941452	1.501004
0.941516	1.503126
0.94158	1.505247
0.941644	1.507367
0.941708	1.509485
0.941772	1.511601
0.941836	1.513715
0.9419	1.515828
0.941964	1.517939
0.942028	1.520049
0.942092	1.522158
0.942155	1.524265
0.942219	1.526371
0.942282	1.528475
0.942345	1.530577
0.942408	1.532678
0.942472	1.534777
0.942536	1.536875
0.942599	1.538971
0.942662	1.541065
0.942725	1.543158
0.942789	1.54525
0.942852	1.54734
0.942915	1.549429
0.942978	1.551516
0.943041	1.553601
0.943104	1.555685
0.943167	1.557767
0.94323	1.559848
0.943293	1.561928
0.943356	1.564006
0.943418	1.566083
0.943481	1.568158
0.943543	1.570231
0.943606	1.572302
0.943668	1.574372
0.943731	1.576441
0.943793	1.578508
0.943856	1.580574
0.943918	1.582639
0.943981	1.584702
0.944043	1.586763
0.944105	1.588822
0.944168	1.590881
0.94423	1.592937
0.944293	1.594992
0.944355	1.597046
0.944417	1.599098
0.944478	1.601149
0.94454	1.603198
0.944602	1.605246
0.944664	1.607292
0.944726	1.609337
0.944788	1.61138
0.94485	1.613422
0.944911	1.615462
0.944973	1.6175
0.945035	1.619537
0.945096	1.621573
0.945158	1.623607
0.945219	1.62564
0.94528	1.627671
0.945342	1.629701
0.945404	1.631729
0.945465	1.633756
0.945527	1.635781
0.945588	1.637805
0.945649	1.639827
0.94571	1.641848
0.945771	1.643867
0.945832	1.645885
0.945894	1.647901
0.945955	1.649916
0.946016	1.65193
0.946076	1.653942
0.946137	1.655952
0.946197	1.657961
0.946258	1.659969
0.946319	1.661974
0.94638	1.663979
0.946441	1.665982
0.946501	1.667983
0.946562	1.669984
0.946623	1.671983
0.946683	1.67398
0.946743	1.675975
0.946804	1.677969
0.946864	1.679962
0.946924	1.681953
0.946985	1.683943
0.947046	1.685932
0.947106	1.687919
0.947166	1.689904
0.947226	1.691888
0.947286	1.69387
0.947346	1.695851
0.947406	1.697831
0.947466	1.699809
0.947526	1.701786
0.947586	1.703761
0.947646	1.705735
0.947705	1.707707
0.947765	1.709678
0.947824	1.711647
0.947884	1.713615
0.947944	1.715581
0.948004	1.717546
0.948063	1.71951
0.948123	1.721472
0.948182	1.723433
0.948242	1.725392
0.948301	1.72735
0.94836	1.729306
0.948419	1.73126
0.948478	1.733214
0.948538	1.735166
0.948597	1.737117
0.948657	1.739066
0.948716	1.741014
0.948775	1.74296
0.948833	1.744904
0.948892	1.746847
0.948951	1.748789
0.94901	1.75073
0.949069	1.752669
0.949128	1.754607
0.949187	1.756543
0.949245	1.758477
0.949304	1.760411
0.949363	1.762342
0.949422	1.764273
0.94948	1.766202
0.949538	1.76813
0.949596	1.770056
0.949655	1.77198
0.949713	1.773903
0.949772	1.775825
0.94983	1.777745
0.949888	1.779664
0.949947	1.781582
0.950005	1.783498
0.950063	1.785413
0.950121	1.787326
0.950179	1.789238
0.950237	1.791149
0.950295	1.793058
0.950353	1.794965
0.950411	1.796871
0.950469	1.798776
0.950527	1.800679
0.950585	1.802581
0.950643	1.804482
0.9507	1.806381
0.950758	1.808278
0.950816	1.810175
0.950873	1.81207
0.950931	1.813964
0.950988	1.815856
0.951045	1.817746
0.951103	1.819635
0.95116	1.821523
0.951217	1.82341
0.951274	1.825295
0.951331	1.827178
0.951389	1.82906
0.951446	1.830941
0.951503	1.83282
0.95156	1.834698
0.951618	1.836575
0.951675	1.83845
0.951732	1.840324
0.951789	1.842196
0.951846	1.844067
0.951902	1.845937
0.951959	1.847805
0.952016	1.849672
0.952073	1.851537
0.952129	1.853401
0.952186	1.855264
0.952242	1.857125
0.952299	1.858985
0.952356	1.860843
0.952413	1.8627
0.952469	1.864556
0.952525	1.86641
0.952581	1.868264
0.952637	1.870115
0.952694	1.871965
0.95275	1.873814
0.952807	1.875661
0.952863	1.877507
0.952919	1.879351
0.952975	1.881195
0.953031	1.883037
0.953087	1.884877
0.953143	1.886717
0.953199	1.888554
0.953254	1.890391
0.95331	1.892225
0.953367	1.894058
0.953423	1.89589
0.953478	1.897721
0.953534	1.899551
0.953589	1.901379
0.953645	1.903206
0.9537	1.905031
0.953756	1.906855
0.953812	1.908678
0.953867	1.910499
0.953922	1.912318
0.953978	1.914136
0.954033	1.915954
0.954088	1.917769
0.954144	1.919584
0.954199	1.921397
0.954254	1.923208
0.954309	1.925019
0.954364	1.926827
0.954419	1.928635
0.954475	1.930441
0.95453	1.932246
0.954584	1.93405
0.954639	1.935852
0.954693	1.937653
0.954748	1.939452
0.954803	1.94125
0.954858	1.943047
0.954913	1.944842
0.954968	1.946636
0.955022	1.948428
0.955077	1.950219
0.955131	1.952009
0.955186	1.953797
0.955241	1.955584
0.955295	1.95737
0.955349	1.959155
0.955404	1.960938
0.955458	1.96272
0.955512	1.9645
0.955566	1.966279
0.955621	1.968056
0.955675	1.969833
0.955729	1.971608
0.955783	1.973382
0.955837	1.975154
0.955891	1.976925
0.955945	1.978695
0.955999	1.980463
0.956053	1.98223
0.956106	1.983996
0.95616	1.98576
0.956213	1.987523
0.956267	1.989284
0.956321	1.991044
0.956375	1.992803
0.956429	1.994561
0.956483	1.996318
0.956536	1.998072
0.95659	1.999826
0.956643	2.001578
0.956696	2.003329
0.956749	2.005078
0.956803	2.006827
0.956856	2.008574
0.956909	2.01032
0.956963	2.012063
0.957016	2.013806
0.957069	2.015548
0.957122	2.017288
0.957175	2.019027
0.957228	2.020765
0.957281	2.022501
0.957334	2.024236
0.957387	2.025969
0.95744	2.027702
0.957493	2.029432
0.957546	2.031162
0.957599	2.032891
0.957651	2.034618
0.957704	2.036344
0.957757	2.038068
0.957809	2.039791
0.957861	2.041513
0.957914	2.043233
0.957967	2.044952
0.958019	2.04667
0.958072	2.048387
0.958124	2.050102
0.958176	2.051815
0.958229	2.053528
0.958281	2.055239
0.958333	2.056949
0.958385	2.058658
0.958437	2.060365
0.958489	2.062071
0.958541	2.063776
0.958593	2.065479
0.958645	2.067181
0.958697	2.068882
0.958749	2.070582
0.958801	2.072279
0.958853	2.073976
0.958905	2.075671
0.958957	2.077366
0.959009	2.079059
0.959061	2.08075
0.959112	2.082441
0.959164	2.08413
0.959215	2.085818
0.959267	2.087504
0.959318	2.089189
0.959369	2.090873
0.959421	2.092555
0.959472	2.094237
0.959524	2.095917
0.959575	2.097595
0.959627	2.099272
0.959678	2.100948
0.959729	2.102623
0.95978	2.104296
0.959831	2.105969
0.959882	2.107639
0.959933	2.109309
0.959984	2.110977
0.960035	2.112644
0.960086	2.11431
0.960137	2.115974
0.960187	2.117637
0.960238	2.119298
0.960289	2.120959
0.96034	2.122619
0.960391	2.124277
0.960442	2.125933
0.960493	2.127588
0.960543	2.129242
0.960594	2.130895
0.960644	2.132547
0.960694	2.134197
0.960745	2.135846
0.960795	2.137494
0.960846	2.13914
0.960896	2.140785
0.960947	2.142429
0.960997	2.144072
0.961047	2.145713
0.961097	2.147353
0.961147	2.148992
0.961197	2.150629
0.961247	2.152265
0.961297	2.1539
0.961347	2.155534
0.961398	2.157166
0.961448	2.158798
0.961497	2.160427
0.961547	2.162056
0.961597	2.163683
0.961646	2.165309
0.961696	2.166934
0.961746	2.168557
0.961796	2.170179
0.961845	2.1718
0.961895	2.17342
0.961944	2.175038
0.961994	2.176655
0.962043	2.178271
0.962093	2.179886
0.962143	2.181499
0.962192	2.183111
0.962241	2.184722
0.96229	2.186331
0.962339	2.187939
0.962388	2.189546
0.962438	2.191152
0.962487	2.192757
0.962536	2.19436
0.962585	2.195962
0.962634	2.197563
0.962683	2.199162
0.962732	2.200761
0.962781	2.202357
0.96283	2.203953
0.962879	2.205547
0.962928	2.20714
0.962976	2.208732
0.963025	2.210323
0.963074	2.211912
0.963122	2.2135
0.963171	2.215087
0.963219	2.216673
0.963268	2.218257
0.963317	2.219841
0.963365	2.221422
0.963414	2.223003
0.963462	2.224582
0.96351	2.226161
0.963559	2.227737
0.963607	2.229313
0.963655	2.230887
0.963703	2.232461
0.963752	2.234032
0.9638	2.235603
0.963848	2.237172
0.963896	2.23874
0.963944	2.240307
0.963992	2.241873
0.96404	2.243437
0.964088	2.245
0.964136	2.246562
0.964184	2.248123
0.964232	2.249683
0.964279	2.251241
0.964327	2.252798
0.964375	2.254354
0.964423	2.255908
0.964471	2.257461
0.964518	2.259013
0.964566	2.260564
0.964613	2.262113
0.964661	2.263662
0.964708	2.265209
0.964756	2.266755
0.964803	2.2683
0.96485	2.269843
0.964897	2.271385
0.964945	2.272926
0.964992	2.274466
0.96504	2.276005
0.965087	2.277542
0.965134	2.279078
0.965181	2.280613
0.965228	2.282146
0.965275	2.283679
0.965321	2.28521
0.965369	2.28674
0.965416	2.288268
0.965463	2.289795
0.96551	2.291321
0.965556	2.292846
0.965603	2.29437
0.96565	2.295892
0.965696	2.297414
0.965743	2.298934
0.96579	2.300453
0.965837	2.30197
0.965883	2.303487
0.965929	2.305003
0.965976	2.306517
0.966022	2.308029
0.966068	2.30954
0.966115	2.311051
0.966161	2.31256
0.966208	2.314068
0.966254	2.315574
0.9663	2.31708
0.966346	2.318584
0.966392	2.320087
0.966438	2.321589
0.966484	2.32309
0.96653	2.324589
0.966576	2.326088
0.966622	2.327584
0.966668	2.32908
0.966714	2.330575
0.966761	2.332068
0.966806	2.333561
0.966852	2.335051
0.966898	2.336541
0.966943	2.338029
0.966989	2.339516
0.967035	2.341003
0.967081	2.342488
0.967126	2.343971
0.967171	2.345453
0.967217	2.346934
0.967263	2.348415
0.967308	2.349894
0.967353	2.351372
0.967399	2.352848
0.967444	2.354323
0.96749	2.355797
0.967535	2.35727
0.96758	2.358741
0.967625	2.360212
0.96767	2.361682
0.967715	2.36315
0.967761	2.364616
0.967806	2.366081
0.967851	2.367546
0.967895	2.369009
0.967941	2.370471
0.967986	2.371932
0.968031	2.373392
0.968076	2.374851
0.96812	2.376308
0.968165	2.377764
0.96821	2.379219
0.968254	2.380672
0.968299	2.382125
0.968344	2.383576
0.968388	2.385026
0.968433	2.386475
0.968477	2.387923
0.968522	2.38937
0.968566	2.390816
0.968611	2.39226
0.968655	2.393703
0.9687	2.395144
0.968744	2.396585
0.968788	2.398024
0.968832	2.399462
0.968876	2.400899
0.96892	2.402335
0.968965	2.40377
0.969009	2.405203
0.969053	2.406635
0.969097	2.408066
0.969141	2.409497
0.969185	2.410926
0.969229	2.412353
0.969273	2.41378
0.969317	2.415205
0.96936	2.416629
0.969404	2.418051
0.969448	2.419473
0.969492	2.420893
0.969535	2.422312
0.969579	2.423731
0.969623	2.425148
0.969667	2.426563
0.96971	2.427978
0.969754	2.429391
0.969797	2.430803
0.96984	2.432214
0.969884	2.433624
0.969927	2.435033
0.969971	2.436441
0.970014	2.437848
0.970057	2.439253
0.9701	2.440657
0.970143	2.442059
0.970186	2.443461
0.97023	2.444862
0.970273	2.446261
0.970316	2.447659
0.970359	2.449056
0.970402	2.450452
0.970445	2.451846
0.970488	2.45324
0.970531	2.454632
0.970573	2.456024
0.970616	2.457414
0.970659	2.458802
0.970702	2.46019
0.970745	2.461576
0.970788	2.462962
0.97083	2.464346
0.970873	2.465729
0.970915	2.467111
0.970958	2.468492
0.971	2.469871
0.971042	2.471249
0.971085	2.472626
0.971128	2.474002
0.97117	2.475377
0.971213	2.476751
0.971255	2.478124
0.971297	2.479495
0.971339	2.480865
0.971381	2.482234
0.971424	2.483602
0.971465	2.484968
0.971507	2.486334
0.971549	2.487698
0.971591	2.489062
0.971633	2.490424
0.971675	2.491785
0.971718	2.493145
0.971759	2.494504
0.971801	2.495861
0.971842	2.497217
0.971884	2.498573
0.971926	2.499927
0.971968	2.50128
0.97201	2.502631
0.972052	2.503982
0.972093	2.505331
0.972135	2.506679
0.972176	2.508027
0.972218	2.509373
0.97226	2.510718
0.972301	2.512062
0.972342	2.513404
0.972383	2.514745
0.972424	2.516086
0.972466	2.517425
0.972507	2.518763
0.972549	2.520099
0.97259	2.521435
0.972631	2.52277
0.972672	2.524103
0.972713	2.525436
0.972754	2.526767
0.972795	2.528096
0.972836	2.529425
0.972877	2.530752
0.972918	2.532079
0.972959	2.533404
0.973	2.534729
0.97304	2.536052
0.973081	2.537374
0.973122	2.538695
0.973163	2.540015
0.973204	2.541333
0.973244	2.54265
0.973285	2.543966
0.973325	2.545281
0.973366	2.546595
0.973406	2.547908
0.973446	2.54922
0.973487	2.550531
0.973527	2.55184
0.973568	2.553148
0.973608	2.554455
0.973649	2.555762
0.973689	2.557067
0.973729	2.558371
0.973769	2.559673
0.973809	2.560975
0.973849	2.562275
0.97389	2.563574
0.97393	2.564872
0.97397	2.566169
0.97401	2.567465
0.97405	2.568759
0.97409	2.570053
0.974129	2.571345
0.974169	2.572637
0.974209	2.573927
0.974249	2.575216
0.974289	2.576504
0.974328	2.577791
0.974368	2.579077
0.974408	2.580361
0.974447	2.581645
0.974487	2.582927
0.974527	2.584208
0.974566	2.585489
0.974606	2.586768
0.974646	2.588046
0.974685	2.589322
0.974724	2.590597
0.974764	2.591872
0.974803	2.593145
0.974842	2.594417
0.974881	2.595688
0.974921	2.596959
0.97496	2.598227
0.974999	2.599495
0.975038	2.600762
0.975077	2.602028
0.975116	2.603292
0.975155	2.604555
0.975194	2.605817
0.975233	2.607078
0.975272	2.608338
0.975311	2.609597
0.97535	2.610855
0.975389	2.612111
0.975428	2.613366
0.975466	2.61462
0.975505	2.615873
0.975543	2.617125
0.975582	2.618377
0.975621	2.619627
0.97566	2.620875
0.975698	2.622123
0.975737	2.62337
0.975775	2.624615
0.975814	2.625859
0.975852	2.627103
0.97589	2.628345
0.975928	2.629586
0.975967	2.630826
0.976005	2.632064
0.976044	2.633302
0.976082	2.634538
0.97612	2.635774
0.976158	2.637008
0.976196	2.638241
0.976234	2.639473
0.976273	2.640704
0.976311	2.641934
0.976349	2.643163
0.976386	2.644391
0.976424	2.645618
0.976462	2.646843
0.9765	2.648067
0.976538	2.64929
0.976576	2.650513
0.976614	2.651734
0.976651	2.652954
0.976689	2.654173
0.976726	2.655391
0.976764	2.656607
0.976802	2.657823
0.976839	2.659037
0.976877	2.66025
0.976914	2.661462
0.976952	2.662674
0.976989	2.663884
0.977026	2.665093
0.977064	2.6663
0.977101	2.667507
0.977139	2.668713
0.977176	2.669917
0.977213	2.671121
0.977251	2.672324
0.977288	2.673525
0.977325	2.674725
0.977362	2.675924
0.977399	2.677122
0.977436	2.678319
0.977473	2.679515
0.97751	2.680709
0.977547	2.681903
0.977584	2.683096
0.977621	2.684287
0.977658	2.685477
0.977694	2.686666
0.977731	2.687854
0.977767	2.689042
0.977804	2.690228
0.977841	2.691413
0.977877	2.692596
0.977914	2.693779
0.977951	2.69496
0.977987	2.696141
0.978024	2.69732
0.97806	2.698499
0.978096	2.699676
0.978133	2.700852
0.97817	2.702027
0.978206	2.703201
0.978243	2.704374
0.978279	2.705546
0.978315	2.706717
0.978351	2.707887
0.978387	2.709055
0.978423	2.710223
0.978459	2.711389
0.978495	2.712554
0.978532	2.713719
0.978567	2.714882
0.978603	2.716043
0.978639	2.717204
0.978675	2.718364
0.978711	2.719523
0.978747	2.72068
0.978783	2.721837
0.978819	2.722993
0.978855	2.724147
0.97889	2.725301
0.978926	2.726453
0.978961	2.727604
0.978997	2.728754
0.979032	2.729903
0.979068	2.731052
0.979104	2.732199
0.979139	2.733344
0.979175	2.734489
0.97921	2.735633
0.979246	2.736775
0.979281	2.737917
0.979316	2.739058
0.979351	2.740197
0.979387	2.741336
0.979422	2.742473
0.979458	2.743609
0.979493	2.744744
0.979528	2.745878
0.979563	2.747011
0.979598	2.748143
0.979633	2.749273
0.979668	2.750403
0.979703	2.751532
0.979738	2.752659
0.979773	2.753786
0.979808	2.754911
0.979842	2.756036
0.979877	2.757159
0.979912	2.758282
0.979947	2.759403
0.979981	2.760522
0.980016	2.761641
0.980051	2.762759
0.980086	2.763877
0.98012	2.764993
0.980155	2.766107
0.980189	2.76722
0.980224	2.768333
0.980258	2.769445
0.980292	2.770555
0.980327	2.771664
0.980361	2.772773
0.980396	2.77388
0.98043	2.774986
0.980465	2.776092
0.980499	2.777196
0.980533	2.778299
0.980567	2.779401
0.980601	2.780502
0.980635	2.781602
0.980669	2.782701
0.980703	2.783798
0.980737	2.784895
0.980771	2.785991
0.980805	2.787085
0.980839	2.788178
0.980873	2.789271
0.980906	2.790362
0.98094	2.791453
0.980974	2.792542
0.981008	2.79363
0.981042	2.794717
0.981076	2.795803
0.981109	2.796888
0.981143	2.797971
0.981177	2.799054
0.98121	2.800136
0.981243	2.801217
0.981277	2.802297
0.98131	2.803376
0.981344	2.804454
0.981377	2.80553
0.981411	2.806605
0.981444	2.80768
0.981477	2.808753
0.981511	2.809825
0.981544	2.810897
0.981577	2.811967
0.98161	2.813036
0.981643	2.814104
0.981676	2.815171
0.981709	2.816237
0.981743	2.817302
0.981776	2.818366
0.981808	2.819429
0.981841	2.820491
0.981874	2.821551
0.981907	2.822611
0.98194	2.82367
0.981973	2.824727
0.982006	2.825784
0.982038	2.826839
0.982071	2.827894
0.982103	2.828947
0.982136	2.83
0.982169	2.831051
0.982202	2.832101
0.982234	2.833151
0.982267	2.834199
0.9823	2.835246
0.982332	2.836292
0.982364	2.837337
0.982396	2.838381
0.982429	2.839424
0.982461	2.840466
0.982494	2.841506
0.982526	2.842546
0.982558	2.843585
0.982591	2.844623
0.982623	2.845659
0.982655	2.846695
0.982687	2.847729
0.982719	2.848763
0.982751	2.849795
0.982783	2.850827
0.982815	2.851858
0.982847	2.852887
0.982879	2.853916
0.982911	2.854943
0.982942	2.855969
0.982974	2.856994
0.983006	2.858019
0.983038	2.859042
0.983069	2.860064
0.983101	2.861085
0.983133	2.862105
0.983165	2.863123
0.983197	2.864141
0.983228	2.865158
0.98326	2.866174
0.983291	2.86719
0.983322	2.868203
0.983354	2.869216
0.983385	2.870228
0.983417	2.871238
0.983448	2.872248
0.983479	2.873256
0.983511	2.874264
0.983542	2.87527
0.983573	2.876276
0.983604	2.877281
0.983635	2.878284
0.983667	2.879286
0.983698	2.880288
0.98373	2.881288
0.983761	2.882287
0.983792	2.883286
0.983822	2.884283
0.983853	2.885279
0.983884	2.886275
0.983915	2.887269
0.983946	2.888262
0.983977	2.889254
0.984007	2.890245
0.984038	2.891235
0.984068	2.892224
0.984099	2.893212
0.98413	2.894198
0.984161	2.895184
0.984191	2.896169
0.984222	2.897153
0.984252	2.898136
0.984283	2.899118
0.984314	2.900099
0.984345	2.901078
0.984375	2.902057
0.984405	2.903034
0.984436	2.904011
0.984466	2.904987
0.984496	2.905962
0.984526	2.906935
0.984557	2.907908
0.984587	2.908879
0.984617	2.909849
0.984647	2.910819
0.984677	2.911787
0.984707	2.912755
0.984737	2.913722
0.984767	2.914687
0.984797	2.915651
0.984828	2.916614
0.984858	2.917577
0.984887	2.918538
0.984917	2.919499
0.984946	2.920458
0.984976	2.921416
0.985006	2.922373
0.985036	2.923329
0.985066	2.924285
0.985096	2.925239
0.985125	2.926192
0.985155	2.927144
0.985184	2.928095
0.985214	2.929045
0.985244	2.929994
0.985273	2.930943
0.985303	2.93189
0.985332	2.932836
0.985361	2.933781
0.98539	2.934724
0.985419	2.935667
0.985449	2.936609
0.985478	2.93755
0.985507	2.93849
0.985537	2.939429
0.985566	2.940367
0.985595	2.941303
0.985624	2.942239
0.985653	2.943174
0.985682	2.944108
0.985711	2.945041
0.985741	2.945973
0.98577	2.946904
0.985799	2.947833
0.985828	2.948762
0.985856	2.949689
0.985885	2.950616
0.985914	2.951542
0.985943	2.952467
0.985972	2.95339
0.986	2.954313
0.986029	2.955234
0.986057	2.956155
0.986086	2.957074
0.986114	2.957993
0.986142	2.958911
0.986171	2.959827
0.9862	2.960743
0.986229	2.961658
0.986257	2.962571
0.986285	2.963484
0.986313	2.964395
0.986341	2.965306
0.98637	2.966216
0.986398	2.967124
0.986427	2.968032
0.986455	2.968939
0.986484	2.969844
0.986512	2.970748
0.98654	2.971651
0.986568	2.972554
0.986596	2.973455
0.986624	2.974356
0.986652	2.975255
0.98668	2.976154
0.986708	2.977051
0.986736	2.977948
0.986763	2.978843
0.986791	2.979738
0.986819	2.980631
0.986847	2.981524
0.986875	2.982415
0.986903	2.983306
0.98693	2.984195
0.986958	2.985083
0.986986	2.98597
0.987013	2.986857
0.98704	2.987742
0.987068	2.988627
0.987095	2.98951
0.987123	2.990393
0.987151	2.991274
0.987178	2.992154
0.987205	2.993033
0.987233	2.993912
0.98726	2.994789
0.987287	2.995666
0.987315	2.996541
0.987342	2.997415
0.987369	2.998289
0.987396	2.999161
0.987423	3.000033
0.98745	3.000903
0.987477	3.001773
0.987505	3.002641
0.987532	3.003509
0.987559	3.004375
0.987585	3.00524
0.987612	3.006105
0.987639	3.006969
0.987666	3.007831
0.987693	3.008693
0.98772	3.009553
0.987747	3.010412
0.987773	3.01127
0.9878	3.012128
0.987826	3.012984
0.987853	3.01384
0.98788	3.014694
0.987907	3.015548
0.987934	3.0164
0.98796	3.017252
0.987986	3.018103
0.988012	3.018952
0.988039	3.0198
0.988065	3.020647
0.988092	3.021494
0.988118	3.02234
0.988144	3.023184
0.988171	3.024028
0.988197	3.02487
0.988224	3.025711
0.98825	3.026552
0.988276	3.027392
0.988302	3.028231
0.988328	3.029068
0.988354	3.029905
0.98838	3.03074
0.988406	3.031575
0.988432	3.032408
0.988458	3.033241
0.988484	3.034072
0.98851	3.034903
0.988535	3.035732
0.988561	3.036561
0.988587	3.037389
0.988613	3.038216
0.988639	3.039042
0.988664	3.039867
0.98869	3.04069
0.988716	3.041512
0.988741	3.042334
0.988767	3.043155
0.988792	3.043975
0.988818	3.044794
0.988844	3.045612
0.98887	3.046429
0.988895	3.047244
0.98892	3.048059
0.988946	3.048873
0.988971	3.049686
0.988997	3.050498
0.989022	3.051309
0.989047	3.052118
0.989072	3.052927
0.989097	3.053736
0.989122	3.054543
0.989147	3.055349
0.989173	3.056154
0.989198	3.056958
0.989223	3.057761
0.989248	3.058563
0.989273	3.059364
0.989297	3.060164
0.989322	3.060963
0.989347	3.061762
0.989372	3.062559
0.989397	3.063355
0.989422	3.06415
0.989446	3.064944
0.989471	3.065737
0.989496	3.06653
0.989521	3.067321
0.989545	3.068111
0.98957	3.0689
0.989595	3.069689
0.989619	3.070476
0.989644	3.071263
0.989668	3.072048
0.989693	3.072832
0.989717	3.073616
0.989741	3.074398
0.989766	3.07518
0.98979	3.075961
0.989814	3.07674
0.989838	3.077518
0.989863	3.078296
0.989887	3.079072
0.989911	3.079848
0.989936	3.080623
0.98996	3.081397
0.989984	3.08217
0.990008	3.082941
0.990032	3.083712
0.990056	3.084481
0.99008	3.08525
0.990104	3.086018
0.990128	3.086785
0.990152	3.087551
0.990176	3.088316
0.9902	3.08908
0.990224	3.089842
0.990247	3.090604
0.990271	3.091366
0.990294	3.092126
0.990318	3.092885
0.990342	3.093643
0.990366	3.0944
0.99039	3.095156
0.990413	3.095912
0.990437	3.096666
0.99046	3.097419
0.990484	3.098171
0.990507	3.098923
0.99053	3.099673
0.990553	3.100422
0.990577	3.101171
0.990601	3.101918
0.990624	3.102665
0.990647	3.10341
0.99067	3.104154
0.990693	3.104898
0.990717	3.10564
0.99074	3.106382
0.990763	3.107123
0.990786	3.107862
0.990809	3.108601
0.990832	3.109338
0.990855	3.110075
0.990878	3.110811
0.990901	3.111546
0.990924	3.11228
0.990947	3.113013
0.99097	3.113744
0.990993	3.114475
0.991015	3.115205
0.991038	3.115934
0.991061	3.116662
0.991084	3.117389
0.991107	3.118115
0.991129	3.11884
0.991151	3.119565
0.991174	3.120288
0.991196	3.12101
0.991219	3.121732
0.991242	3.122452
0.991264	3.123171
0.991287	3.123889
0.991309	3.124606
0.991331	3.125323
0.991353	3.126038
0.991376	3.126753
0.991398	3.127467
0.991421	3.12818
0.991443	3.128891
0.991465	3.129602
0.991488	3.130311
0.99151	3.13102
0.991532	3.131727
0.991554	3.132434
0.991576	3.13314
0.991598	3.133845
0.99162	3.134549
0.991642	3.135252
0.991663	3.135954
0.991685	3.136655
0.991707	3.137355
0.991729	3.138055
0.991751	3.138753
0.991773	3.13945
0.991795	3.140146
0.991816	3.140842
0.991838	3.141536
0.99186	-3.140957
0.991881	-3.140264
0.991902	-3.139572
0.991924	-3.138882
0.991945	-3.138192
0.991967	-3.137504
0.991989	-3.136816
0.99201	-3.13613
0.992031	-3.135445
0.992053	-3.13476
0.992074	-3.134076
0.992095	-3.133393
0.992117	-3.132711
0.992138	-3.13203
0.992159	-3.13135
0.992181	-3.130671
0.992202	-3.129993
0.992223	-3.129316
0.992245	-3.12864
0.992266	-3.127965
0.992287	-3.127291
0.992308	-3.126618
0.992329	-3.125945
0.99235	-3.125274
0.992371	-3.124603
0.992392	-3.123934
0.992413	-3.123265
0.992434	-3.122597
0.992454	-3.121931
0.992475	-3.121266
0.992495	-3.120601
0.992516	-3.119938
0.992537	-3.119275
0.992558	-3.118613
0.992579	-3.117952
0.992599	-3.117293
0.99262	-3.116633
0.99264	-3.115975
0.992661	-3.115318
0.992681	-3.114662
0.992702	-3.114007
0.992722	-3.113353
0.992742	-3.1127
0.992763	-3.112048
0.992783	-3.111396
0.992804	-3.110746
0.992824	-3.110096
0.992845	-3.109448
0.992865	-3.108801
0.992885	-3.108154
0.992905	-3.107508
0.992925	-3.106863
0.992946	-3.106219
0.992966	-3.105577
0.992986	-3.104935
0.993006	-3.104294
0.993025	-3.103654
0.993045	-3.103015
0.993066	-3.102377
0.993086	-3.10174
0.993106	-3.101104
0.993126	-3.100469
0.993145	-3.099835
0.993165	-3.099202
0.993185	-3.09857
0.993205	-3.097938
0.993224	-3.097308
0.993244	-3.096678
0.993263	-3.09605
0.993283	-3.095422
0.993303	-3.094795
0.993322	-3.09417
0.993342	-3.093545
0.993361	-3.092921
0.993381	-3.092299
0.9934	-3.091677
0.99342	-3.091056
0.993439	-3.090436
0.993458	-3.089816
0.993478	-3.089198
0.993497	-3.088581
0.993517	-3.087965
0.993536	-3.087349
0.993555	-3.086735
0.993574	-3.086122
0.993593	-3.085509
0.993612	-3.084898
0.993631	-3.084288
0.99365	-3.083678
0.993669	-3.08307
0.993688	-3.082462
0.993707	-3.081855
0.993727	-3.081249
0.993746	-3.080644
0.993765	-3.08004
0.993783	-3.079437
0.993802	-3.078835
0.993821	-3.078234
0.993839	-3.077634
0.993858	-3.077035
0.993877	-3.076436
0.993896	-3.075839
0.993914	-3.075242
0.993933	-3.074647
0.993952	-3.074052
0.99397	-3.073459
0.993989	-3.072866
0.994007	-3.072275
0.994025	-3.071684
0.994044	-3.071094
0.994063	-3.070505
0.994081	-3.069917
0.9941	-3.069331
0.994118	-3.068745
0.994136	-3.068159
0.994154	-3.067575
0.994173	-3.066991
0.994191	-3.066409
0.994209	-3.065828
0.994228	-3.065248
0.994245	-3.064668
0.994263	-3.064089
0.994281	-3.063512
0.994299	-3.062935
0.994317	-3.06236
0.994336	-3.061785
0.994354	-3.061211
0.994372	-3.060639
0.994389	-3.060067
0.994407	-3.059496
0.994425	-3.058926
0.994443	-3.058357
0.994461	-3.057788
0.994479	-3.057221
0.994497	-3.056655
0.994514	-3.056089
0.994532	-3.055525
0.994549	-3.054961
0.994567	-3.054398
0.994585	-3.053837
0.994602	-3.053276
0.99462	-3.052716
0.994637	-3.052157
0.994655	-3.051599
0.994672	-3.051043
0.994689	-3.050487
0.994707	-3.049932
0.994724	-3.049377
0.994742	-3.048824
0.994759	-3.048272
0.994776	-3.04772
0.994793	-3.04717
0.99481	-3.046621
0.994828	-3.046072
0.994845	-3.045524
0.994862	-3.044977
0.994879	-3.044432
0.994896	-3.043887
0.994913	-3.043344
0.99493	-3.042801
0.994947	-3.042258
0.994964	-3.041717
0.994981	-3.041177
0.994998	-3.040638
0.995015	-3.0401
0.995031	-3.039563
0.995048	-3.039026
0.995065	-3.038491
0.995082	-3.037956
0.995099	-3.037423
0.995115	-3.03689
0.995132	-3.036358
0.995148	-3.035827
0.995165	-3.035297
0.995182	-3.034768
0.995199	-3.03424
0.995215	-3.033713
0.995231	-3.033187
0.995248	-3.032662
0.995264	-3.032137
0.995281	-3.031614
0.995297	-3.031091
0.995314	-3.03057
0.99533	-3.03005
0.995346	-3.02953
0.995362	-3.029011
0.995378	-3.028493
0.995394	-3.027976
0.99541	-3.02746
0.995427	-3.026945
0.995443	-3.026431
0.995459	-3.025918
0.995475	-3.025406
0.995491	-3.024895
0.995507	-3.024385
0.995523	-3.023875
0.995539	-3.023367
0.995555	-3.022859
0.995571	-3.022352
0.995587	-3.021847
0.995603	-3.021342
0.995618	-3.020839
0.995634	-3.020336
0.99565	-3.019833
0.995665	-3.019332
0.995681	-3.018832
0.995697	-3.018333
0.995713	-3.017835
0.995728	-3.017337
0.995744	-3.016841
0.995759	-3.016345
0.995775	-3.01585
0.99579	-3.015357
0.995805	-3.014864
0.995821	-3.014373
0.995836	-3.013882
0.995851	-3.013392
0.995867	-3.012903
0.995882	-3.012415
0.995897	-3.011928
0.995913	-3.011442
0.995928	-3.010956
0.995943	-3.010472
0.995958	-3.009988
0.995973	-3.009505
0.995988	-3.009024
0.996004	-3.008543
0.996019	-3.008064
0.996034	-3.007585
0.996049	-3.007107
0.996064	-3.006629
0.996079	-3.006153
0.996093	-3.005678
0.996108	-3.005204
0.996123	-3.004731
0.996138	-3.004259
0.996153	-3.003787
0.996167	-3.003317
0.996182	-3.002847
0.996197	-3.002378
0.996212	-3.00191
0.996227	-3.001444
0.996241	-3.000978
0.996256	-3.000513
0.99627	-3.000049
0.996285	-2.999586
0.996299	-2.999124
0.996313	-2.998662
0.996328	-2.998202
0.996342	-2.997742
0.996357	-2.997284
0.996371	-2.996827
0.996385	-2.99637
0.9964	-2.995914
0.996414	-2.995459
0.996429	-2.995005
0.996443	-2.994552
0.996457	-2.9941
0.996471	-2.993649
0.996485	-2.993199
0.996499	-2.99275
0.996513	-2.992301
0.996527	-2.991853
0.996541	-2.991407
0.996555	-2.990962
0.996569	-2.990517
0.996583	-2.990073
0.996596	-2.98963
0.99661	-2.989188
0.996624	-2.988747
0.996638	-2.988307
0.996652	-2.987868
0.996666	-2.987429
0.99668	-2.986992
0.996693	-2.986555
0.996707	-2.98612
0.996721	-2.985686
0.996735	-2.985252
0.996748	-2.984819
0.996761	-2.984387
0.996775	-2.983957
0.996788	-2.983527
0.996802	-2.983098
0.996815	-2.98267
0.996829	-2.982242
0.996842	-2.981815
0.996856	-2.98139
0.996869	-2.980965
0.996882	-2.980542
0.996895	-2.98012
0.996908	-2.979698
0.996922	-2.979277
0.996935	-2.978857
0.996949	-2.978438
0.996962	-2.97802
0.996975	-2.977603
0.996988	-2.977187
0.997001	-2.976771
0.997014	-2.976357
0.997026	-2.975943
0.997039	-2.97553
0.997052	-2.975119
0.997065	-2.974709
0.997078	-2.974299
0.997091	-2.97389
0.997104	-2.973482
0.997116	-2.973074
0.997129	-2.972668
0.997142	-2.972263
0.997154	-2.971859
0.997167	-2.971455
0.99718	-2.971053
0.997193	-2.970651
0.997205	-2.97025
0.997218	-2.969851
0.99723	-2.969452
0.997242	-2.969054
0.997255	-2.968657
0.997268	-2.968261
0.997281	-2.967865
0.997293	-2.967471
0.997305	-2.967078
0.997317	-2.966686
0.997329	-2.966294
0.997341	-2.965904
0.997353	-2.965514
0.997366	-2.965126
0.997378	-2.964738
0.997391	-2.96435
0.997403	-2.963964
0.997415	-2.963579
0.997427	-2.963195
0.997439	-2.962812
0.997451	-2.962429
0.997463	-2.962048
0.997475	-2.961668
0.997487	-2.961288
0.997499	-2.960909
0.997511	-2.960531
0.997522	-2.960154
0.997534	-2.959778
0.997546	-2.959403
0.997558	-2.959028
0.99757	-2.958655
0.997581	-2.958283
0.997593	-2.957912
0.997604	-2.957541
0.997616	-2.957171
0.997627	-2.956803
0.997639	-2.956435
0.997651	-2.956068
0.997662	-2.955702
0.997674	-2.955337
0.997685	-2.954973
0.997697	-2.95461
0.997708	-2.954248
0.997719	-2.953886
0.99773	-2.953526
0.997742	-2.953166
0.997753	-2.952807
0.997764	-2.95245
0.997775	-2.952093
0.997786	-2.951737
0.997798	-2.951382
0.997809	-2.951028
0.99782	-2.950674
0.997831	-2.950322
0.997843	-2.949971
0.997853	-2.94962
0.997864	-2.949271
0.997875	-2.948922
0.997886	-2.948574
0.997897	-2.948228
0.997908	-2.947882
0.997918	-2.947536
0.997929	-2.947192
0.99794	-2.946849
0.997951	-2.946507
0.997962	-2.946166
0.997973	-2.945825
0.997984	-2.945485
0.997994	-2.945147
0.998005	-2.944809
0.998015	-2.944472
0.998025	-2.944136
0.998036	-2.943801
0.998046	-2.943467
0.998057	-2.943134
0.998067	-2.942802
0.998078	-2.94247
0.998088	-2.94214
0.998099	-2.94181
0.998109	-2.941481
0.99812	-2.941154
0.99813	-2.940827
0.99814	-2.940501
0.99815	-2.940176
0.99816	-2.939852
0.99817	-2.939528
0.99818	-2.939206
0.998191	-2.938885
0.998201	-2.938564
0.998211	-2.938245
0.998221	-2.937926
0.998231	-2.937608
0.998241	-2.937291
0.99825	-2.936975
0.99826	-2.93666
0.99827	-2.936346
0.99828	-2.936032
0.99829	-2.93572
0.9983	-2.935408
0.99831	-2.935098
0.998319	-2.934788
0.998329	-2.93448
0.998339	-2.934172
0.998349	-2.933865
0.998358	-2.933559
0.998368	-2.933254
0.998377	-2.93295
0.998387	-2.932647
0.998396	-2.932344
0.998406	-2.932043
0.998416	-2.931742
0.998425	-2.931442
0.998434	-2.931143
0.998444	-2.930845
0.998453	-2.930548
0.998463	-2.930252
0.998472	-2.929958
0.99848	-2.929663
0.998489	-2.92937
0.998499	-2.929078
0.998508	-2.928787
0.998517	-2.928496
0.998526	-2.928206
0.998535	-2.927917
0.998544	-2.927629
0.998553	-2.927342
0.998562	-2.927056
0.998571	-2.926771
0.99858	-2.926486
0.998589	-2.926203
0.998598	-2.925921
0.998607	-2.925639
0.998616	-2.925358
0.998625	-2.925078
0.998634	-2.9248
0.998643	-2.924522
0.998651	-2.924245
0.99866	-2.923969
0.998668	-2.923693
0.998677	-2.923419
0.998686	-2.923145
0.998694	-2.922873
0.998703	-2.922602
0.998712	-2.922331
0.99872	-2.922061
0.998729	-2.921792
0.998737	-2.921524
0.998745	-2.921256
0.998753	-2.92099
0.998762	-2.920725
0.998771	-2.92046
0.998779	-2.920197
0.998787	-2.919935
0.998795	-2.919673
0.998804	-2.919412
0.998812	-2.919153
0.99882	-2.918893
0.998828	-2.918635
0.998836	-2.918378
0.998844	-2.918122
0.998852	-2.917866
0.99886	-2.917612
0.998868	-2.917358
0.998876	-2.917105
0.998884	-2.916854
0.998892	-2.916603
0.998899	-2.916353
0.998907	-2.916104
0.998915	-2.915856
0.998923	-2.915608
0.998931	-2.915362
0.998939	-2.915116
0.998946	-2.914871
0.998954	-2.914628
0.998961	-2.914385
0.998969	-2.914143
0.998977	-2.913902
0.998985	-2.913662
0.998992	-2.913423
0.999	-2.913185
0.999007	-2.912948
0.999015	-2.912711
0.999022	-2.912475
0.99903	-2.912241
0.999037	-2.912007
0.999044	-2.911774
0.999052	-2.911542
0.999059	-2.911311
0.999066	-2.911081
0.999073	-2.910852
0.99908	-2.910624
0.999087	-2.910396
0.999094	-2.91017
0.999101	-2.909944
0.999108	-2.909719
0.999115	-2.909495
0.999123	-2.909272
0.99913	-2.909049
0.999137	-2.908828
0.999144	-2.908608
0.999151	-2.908389
0.999158	-2.908171
0.999165	-2.907953
0.999172	-2.907736
0.999178	-2.90752
0.999185	-2.907306
0.999192	-2.907092
0.999199	-2.906879
0.999205	-2.906666
0.999212	-2.906455
0.999218	-2.906244
0.999225	-2.906035
0.999231	-2.905826
0.999238	-2.905619
0.999245	-2.905412
0.999251	-2.905206
0.999257	-2.905001
0.999264	-2.904797
0.99927	-2.904594
0.999276	-2.904391
0.999283	-2.90419
0.999289	-2.90399
0.999295	-2.90379
0.999302	-2.903591
0.999308	-2.903393
0.999315	-2.903197
0.999321	-2.903001
0.999326	-2.902806
0.999333	-2.902612
0.999339	-2.902418
0.999345	-2.902226
0.999352	-2.902034
0.999357	-2.901844
0.999363	-2.901654
0.999369	-2.901465
0.999375	-2.901277
0.999381	-2.90109
0.999387	-2.900904
0.999392	-2.900719
0.999398	-2.900535
0.999404	-2.900352
0.99941	-2.900169
0.999416	-2.899987
0.999422	-2.899807
0.999427	-2.899627
0.999433	-2.899447
0.999438	-2.899269
0.999444	-2.899092
0.999449	-2.898916
0.999455	-2.89874
0.999461	-2.898566
0.999466	-2.898393
0.999472	-2.89822
0.999477	-2.898049
0.999482	-2.897878
0.999487	-2.897708
0.999493	-2.897539
0.999498	-2.89737
0.999504	-2.897203
0.999509	-2.897036
0.999515	-2.89687
0.99952	-2.896706
0.999524	-2.896542
0.999529	-2.896379
0.999535	-2.896218
0.99954	-2.896057
0.999545	-2.895897
0.99955	-2.895738
0.999556	-2.895579
0.99956	-2.895422
0.999565	-2.895265
0.99957	-2.89511
0.999575	-2.894955
0.99958	-2.894801
0.999585	-2.894648
0.99959	-2.894496
0.999594	-2.894345
0.999599	-2.894194
0.999603	-2.894045
0.999608	-2.893896
0.999613	-2.893749
0.999618	-2.893602
0.999622	-2.893457
0.999627	-2.893312
0.999631	-2.893168
0.999636	-2.893025
0.99964	-2.892882
0.999645	-2.892741
0.999649	-2.892601
0.999654	-2.892462
0.999658	-2.892323
0.999663	-2.892185
0.999667	-2.892048
0.999671	-2.891912
0.999675	-2.891777
0.999679	-2.891643
0.999684	-2.89151
0.999688	-2.891377
0.999693	-2.891246
0.999697	-2.891116
0.999701	-2.890986
0.999705	-2.890857
0.999709	-2.890729
0.999713	-2.890602
0.999717	-2.890476
0.99972	-2.890351
0.999724	-2.890227
0.999729	-2.890104
0.999733	-2.889981
0.999737	-2.88986
0.99974	-2.889739
0.999744	-2.889619
0.999748	-2.8895
0.999751	-2.889382
0.999755	-2.889265
0.999759	-2.889149
0.999763	-2.889033
0.999766	-2.888919
0.999769	-2.888805
0.999773	-2.888692
0.999777	-2.88858
0.99978	-2.88847
0.999784	-2.88836
0.999787	-2.888251
0.99979	-2.888143
0.999794	-2.888036
0.999797	-2.887929
0.999801	-2.887823
0.999804	-2.887718
0.999807	-2.887615
0.999811	-2.887512
0.999814	-2.88741
0.999817	-2.887309
0.99982	-2.887209
0.999823	-2.88711
0.999826	-2.887012
0.99983	-2.886914
0.999833	-2.886818
0.999836	-2.886722
0.999839	-2.886627
0.999842	-2.886534
0.999845	-2.886441
0.999847	-2.886348
0.99985	-2.886257
0.999853	-2.886167
0.999856	-2.886077
0.999859	-2.885988
0.999862	-2.885901
0.999865	-2.885814
0.999868	-2.885729
0.99987	-2.885644
0.999873	-2.88556
0.999876	-2.885477
0.999878	-2.885394
0.999881	-2.885313
0.999884	-2.885232
0.999886	-2.885153
0.999888	-2.885074
0.999891	-2.884997
0.999893	-2.88492
0.999896	-2.884844
0.999898	-2.884768
0.999901	-2.884694
0.999903	-2.884621
0.999905	-2.884549
0.999907	-2.884477
0.99991	-2.884406
0.999912	-2.884336
0.999914	-2.884267
0.999916	-2.8842
0.999919	-2.884133
0.999921	-2.884067
0.999923	-2.884002
0.999925	-2.883937
0.999927	-2.883873
0.999929	-2.883811
0.99993	-2.883749
0.999932	-2.883689
0.999934	-2.883629
0.999937	-2.88357
0.999939	-2.883511
0.999941	-2.883454
0.999942	-2.883398
0.999943	-2.883342
0.999945	-2.883288
0.999947	-2.883234
0.999949	-2.883181
0.99995	-2.883129
0.999952	-2.883078
0.999954	-2.883028
0.999956	-2.882979
0.999957	-2.882931
0.999959	-2.882884
0.99996	-2.882837
0.999962	-2.882792
0.999963	-2.882747
0.999965	-2.882703
0.999966	-2.88266
0.999967	-2.882618
0.999968	-2.882577
0.99997	-2.882536
0.999971	-2.882497
0.999973	-2.882458
0.999974	-2.882421
0.999975	-2.882384
0.999976	-2.882348
0.999977	-2.882314
0.999978	-2.88228
0.999979	-2.882247
0.99998	-2.882215
0.999982	-2.882183
0.999983	-2.882153
0.999984	-2.882123
0.999985	-2.882094
0.999985	-2.882066
0.999986	-2.882039
0.999987	-2.882013
0.999988	-2.881988
0.999988	-2.881964
0.999989	-2.881941
0.99999	-2.881919
0.999991	-2.881897
0.999991	-2.881877
0.999992	-2.881857
0.999993	-2.881838
0.999994	-2.88182
0.999994	-2.881803
0.999994	-2.881787
0.999995	-2.881772
0.999996	-2.881758
0.999996	-2.881744
0.999997	-2.881731
0.999997	-2.88172
0.999998	-2.881709
0.999998	-2.881699
0.999999	-2.88169
0.999999	-2.881682
0.999999	-2.881675
0.999999	-2.881669
0.999999	-2.881663
0.999999	-2.881658
1	-2.881654
1	-2.881652
1	-2.88165
1	-2.881649
1	-2.881649
1	-2.88165
1	-2.881651
1	-2.881654
1	-2.881657
1	-2.881661
1	-2.881666
1	-2.881673
1	-2.88168
0.999999	-2.881688
0.999999	-2.881697
0.999998	-2.881707
0.999998	-2.881717
0.999998	-2.881729
0.999997	-2.881741
0.999997	-2.881755
0.999997	-2.881769
0.999996	-2.881784
0.999996	-2.8818
0.999996	-2.881817
0.999995	-2.881835
0.999995	-2.881853
0.999994	-2.881873
0.999993	-2.881893
0.999993	-2.881915
0.999992	-2.881937
0.999992	-2.88196
0.999991	-2.881984
0.99999	-2.882009
0.999989	-2.882035
0.999988	-2.882061
0.999987	-2.882089
0.999986	-2.882117
0.999986	-2.882147
0.999985	-2.882177
0.999984	-2.882208
0.999983	-2.88224
0.999983	-2.882273
0.999981	-2.882307
0.99998	-2.882342
0.999979	-2.882378
0.999978	-2.882415
0.999977	-2.882452
0.999976	-2.88249
0.999975	-2.882529
0.999973	-2.882569
0.999972	-2.88261
0.99997	-2.882652
0.999969	-2.882695
0.999968	-2.882739
0.999967	-2.882783
0.999965	-2.882829
0.999964	-2.882875
0.999962	-2.882922
0.999961	-2.88297
0.999959	-2.883019
0.999958	-2.883069
0.999956	-2.88312
0.999955	-2.883171
0.999953	-2.883224
0.999952	-2.883278
0.99995	-2.883332
0.999948	-2.883388
0.999947	-2.883444
0.999945	-2.883501
0.999943	-2.883558
0.999941	-2.883617
0.999939	-2.883677
0.999937	-2.883738
0.999935	-2.883799
0.999933	-2.883862
0.999932	-2.883925
0.99993	-2.883989
0.999928	-2.884054
0.999926	-2.884121
0.999924	-2.884188
0.999921	-2.884255
0.999919	-2.884324
0.999917	-2.884393
0.999916	-2.884464
0.999914	-2.884535
0.999911	-2.884608
0.999909	-2.884681
0.999907	-2.884755
0.999905	-2.88483
0.999902	-2.884906
0.9999	-2.884983
0.999897	-2.88506
0.999895	-2.885139
0.999892	-2.885218
0.99989	-2.885298
0.999888	-2.885379
0.999885	-2.885461
0.999882	-2.885545
0.99988	-2.885628
0.999877	-2.885713
0.999874	-2.885798
0.999872	-2.885885
0.999869	-2.885972
0.999867	-2.886061
0.999864	-2.88615
0.999861	-2.88624
0.999858	-2.886332
0.999855	-2.886424
0.999852	-2.886516
0.999849	-2.88661
0.999846	-2.886704
0.999843	-2.8868
0.99984	-2.886896
0.999837	-2.886994
0.999834	-2.887092
0.999831	-2.887191
0.999828	-2.887291
0.999825	-2.887392
0.999822	-2.887493
0.999819	-2.887596
0.999816	-2.8877
0.999812	-2.887804
0.999809	-2.887909
0.999806	-2.888015
0.999803	-2.888123
0.9998	-2.888231
0.999797	-2.88834
0.999793	-2.88845
0.999789	-2.88856
0.999785	-2.888672
0.999782	-2.888784
0.999779	-2.888897
0.999775	-2.889012
0.999772	-2.889127
0.999769	-2.889243
0.999765	-2.88936
0.999761	-2.889478
0.999757	-2.889596
0.999754	-2.889716
0.99975	-2.889837
0.999746	-2.889958
0.999743	-2.890081
0.999739	-2.890204
0.999735	-2.890328
0.99973	-2.890453
0.999726	-2.890579
0.999723	-2.890705
0.999719	-2.890833
0.999715	-2.890962
0.999711	-2.891091
0.999707	-2.891222
0.999703	-2.891353
0.999699	-2.891485
0.999695	-2.891619
0.99969	-2.891753
0.999686	-2.891887
0.999682	-2.892023
0.999678	-2.892159
0.999674	-2.892297
0.99967	-2.892435
0.999665	-2.892575
0.999661	-2.892715
0.999656	-2.892856
0.999652	-2.892998
0.999647	-2.893141
0.999643	-2.893285
0.999638	-2.89343
0.999634	-2.893576
0.999629	-2.893722
0.999625	-2.893869
0.99962	-2.894017
0.999616	-2.894166
0.999611	-2.894316
0.999606	-2.894468
0.999601	-2.89462
0.999597	-2.894772
0.999592	-2.894926
0.999588	-2.89508
0.999583	-2.895236
0.999578	-2.895392
0.999573	-2.89555
0.999568	-2.895708
0.999563	-2.895867
0.999557	-2.896027
0.999553	-2.896187
0.999548	-2.896349
0.999543	-2.896511
0.999538	-2.896675
0.999533	-2.89684
0.999528	-2.897005
0.999523	-2.897172
0.999517	-2.897339
0.999512	-2.897507
0.999507	-2.897675
0.999502	-2.897845
0.999497	-2.898016
0.999491	-2.898187
0.999486	-2.89836
0.99948	-2.898534
0.999475	-2.898708
0.999469	-2.898883
0.999464	-2.899059
0.999459	-2.899236
0.999453	-2.899414
0.999447	-2.899593
0.999442	-2.899772
0.999436	-2.899953
0.99943	-2.900134
0.999425	-2.900317
0.999419	-2.9005
0.999414	-2.900684
0.999408	-2.900869
0.999402	-2.901056
0.999396	-2.901242
0.99939	-2.90143
0.999384	-2.901619
0.999378	-2.901808
0.999372	-2.901998
0.999366	-2.90219
0.99936	-2.902382
0.999354	-2.902575
0.999348	-2.902769
0.999342	-2.902964
0.999337	-2.90316
0.999331	-2.903357
0.999325	-2.903554
0.999318	-2.903753
0.999312	-2.903952
0.999305	-2.904152
0.999299	-2.904353
0.999293	-2.904555
0.999286	-2.904758
0.99928	-2.904962
0.999274	-2.905167
0.999267	-2.905373
0.999261	-2.90558
0.999255	-2.905788
0.999248	-2.905996
0.999242	-2.906205
0.999235	-2.906416
0.999229	-2.906627
0.999222	-2.906839
0.999215	-2.907051
0.999209	-2.907265
0.999203	-2.907479
0.999196	-2.907695
0.999189	-2.907912
0.999182	-2.90813
0.999175	-2.908348
0.999168	-2.908567
0.999161	-2.908787
0.999155	-2.909008
0.999148	-2.90923
0.999141	-2.909452
0.999134	-2.909676
0.999127	-2.9099
0.99912	-2.910126
0.999113	-2.910352
0.999106	-2.91058
0.999099	-2.910808
0.999092	-2.911037
0.999084	-2.911267
0.999077	-2.911498
0.99907	-2.91173
0.999062	-2.911962
0.999055	-2.912196
0.999048	-2.91243
0.999041	-2.912666
0.999034	-2.912903
0.999027	-2.91314
0.999019	-2.913378
0.999012	-2.913617
0.999004	-2.913856
0.998997	-2.914097
0.998989	-2.914339
0.998982	-2.914581
0.998974	-2.914825
0.998966	-2.915069
0.998958	-2.915314
0.998951	-2.915561
0.998943	-2.915808
0.998936	-2.916056
0.998928	-2.916305
0.99892	-2.916554
0.998912	-2.916805
0.998904	-2.917057
0.998897	-2.91731
0.998889	-2.917563
0.998881	-2.917817
0.998873	-2.918072
0.998865	-2.918329
0.998857	-2.918586
0.998849	-2.918844
0.998841	-2.919103
0.998833	-2.919363
0.998825	-2.919623
0.998817	-2.919884
0.998808	-2.920147
0.9988	-2.92041
0.998792	-2.920674
0.998784	-2.920939
0.998776	-2.921205
0.998767	-2.921472
0.998759	-2.92174
0.99875	-2.922009
0.998742	-2.922278
0.998733	-2.922549
0.998725	-2.92282
0.998717	-2.923093
0.998708	-2.923366
0.9987	-2.92364
0.998691	-2.923915
0.998682	-2.924191
0.998674	-2.924468
0.998665	-2.924746
0.998657	-2.925025
0.998648	-2.925304
0.998639	-2.925585
0.99863	-2.925866
0.998621	-2.926149
0.998613	-2.926432
0.998604	-2.926716
0.998595	-2.927001
0.998586	-2.927287
0.998577	-2.927574
0.998568	-2.927862
0.998559	-2.92815
0.99855	-2.928439
0.998541	-2.92873
0.998531	-2.929021
0.998522	-2.929313
0.998513	-2.929606
0.998504	-2.9299
0.998495	-2.930195
0.998486	-2.930491
0.998477	-2.930788
0.998468	-2.931086
0.998459	-2.931385
0.99845	-2.931684
0.99844	-2.931985
0.998431	-2.932286
0.998421	-2.932588
0.998411	-2.932891
0.998402	-2.933195
0.998392	-2.9335
0.998383	-2.933806
0.998373	-2.934113
0.998364	-2.93442
0.998354	-2.934729
0.998344	-2.935038
0.998334	-2.935349
0.998325	-2.93566
0.998315	-2.935972
0.998305	-2.936285
0.998296	-2.936599
0.998286	-2.936914
0.998276	-2.93723
0.998266	-2.937547
0.998257	-2.937864
0.998247	-2.938183
0.998237	-2.938502
0.998227	-2.938822
0.998217	-2.939143
0.998207	-2.939465
0.998196	-2.939788
0.998186	-2.940112
0.998176	-2.940437
0.998166	-2.940763
0.998156	-2.94109
0.998146	-2.941417
0.998136	-2.941746
0.998125	-2.942075
0.998115	-2.942406
0.998105	-2.942737
0.998094	-2.943069
0.998084	-2.943402
0.998074	-2.943736
0.998063	-2.944071
0.998053	-2.944407
0.998043	-2.944743
0.998032	-2.945081
0.998021	-2.945419
0.99801	-2.945758
0.998	-2.946098
0.997989	-2.94644
0.997979	-2.946782
0.997968	-2.947125
0.997957	-2.947469
0.997946	-2.947814
0.997935	-2.94816
0.997925	-2.948506
0.997914	-2.948854
0.997903	-2.949202
0.997892	-2.949552
0.997881	-2.949902
0.99787	-2.950254
0.997859	-2.950606
0.997849	-2.950958
0.997838	-2.951312
0.997827	-2.951667
0.997816	-2.952022
0.997805	-2.952379
0.997793	-2.952737
0.997782	-2.953095
0.997771	-2.953455
0.99776	-2.953815
0.997748	-2.954176
0.997737	-2.954538
0.997726	-2.954902
0.997715	-2.955266
0.997703	-2.955631
0.997692	-2.955996
0.99768	-2.956363
0.997669	-2.95673
0.997657	-2.957098
0.997645	-2.957468
0.997634	-2.957838
0.997622	-2.95821
0.997611	-2.958582
0.997599	-2.958955
0.997587	-2.959329
0.997576	-2.959703
0.997564	-2.960079
0.997553	-2.960456
0.997541	-2.960833
0.99753	-2.961212
0.997518	-2.961592
0.997506	-2.961973
0.997494	-2.962354
0.997482	-2.962736
0.99747	-2.963119
0.997458	-2.963503
0.997446	-2.963888
0.997434	-2.964274
0.997422	-2.964661
0.99741	-2.965048
0.997397	-2.965436
0.997385	-2.965826
0.997373	-2.966216
0.997361	-2.966608
0.997349	-2.967
0.997337	-2.967393
0.997324	-2.967787
0.997312	-2.968182
0.997299	-2.968578
0.997287	-2.968975
0.997275	-2.969372
0.997262	-2.969771
0.99725	-2.970171
0.997238	-2.970571
0.997225	-2.970973
0.997213	-2.971375
0.9972	-2.971778
0.997187	-2.972182
0.997174	-2.972588
0.997162	-2.972994
0.997149	-2.973401
0.997136	-2.973808
0.997124	-2.974217
0.997111	-2.974626
0.997098	-2.975036
0.997086	-2.975448
0.997073	-2.975861
0.99706	-2.976274
0.997047	-2.976688
0.997034	-2.977103
0.997021	-2.977519
0.997008	-2.977936
0.996995	-2.978354
0.996982	-2.978773
0.996968	-2.979193
0.996955	-2.979613
0.996942	-2.980035
0.996929	-2.980457
0.996916	-2.98088
0.996903	-2.981304
0.99689	-2.981729
0.996877	-2.982156
0.996863	-2.982583
0.99685	-2.983011
0.996836	-2.98344
0.996823	-2.983869
0.996809	-2.9843
0.996796	-2.984732
0.996782	-2.985165
0.996769	-2.985598
0.996755	-2.986032
0.996742	-2.986467
0.996729	-2.986904
0.996715	-2.987341
0.996702	-2.987779
0.996688	-2.988218
0.996674	-2.988657
0.99666	-2.989098
0.996646	-2.98954
0.996632	-2.989983
0.996619	-2.990426
0.996605	-2.990871
0.996591	-2.991316
0.996577	-2.991763
0.996563	-2.99221
0.996549	-2.992658
0.996536	-2.993107
0.996522	-2.993557
0.996508	-2.994008
0.996493	-2.99446
0.996479	-2.994913
0.996465	-2.995366
0.996451	-2.995821
0.996436	-2.996277
0.996422	-2.996733
0.996408	-2.997191
0.996394	-2.997649
0.99638	-2.998108
0.996365	-2.998568
0.996351	-2.99903
0.996336	-2.999492
0.996322	-2.999955
0.996308	-3.000418
0.996293	-3.000883
0.996279	-3.001349
0.996264	-3.001815
0.99625	-3.002283
0.996235	-3.002751
0.996221	-3.00322
0.996206	-3.00369
0.996191	-3.004162
0.996176	-3.004634
0.996161	-3.005107
0.996147	-3.005581
0.996132	-3.006056
0.996117	-3.006532
0.996102	-3.007008
0.996087	-3.007486
0.996072	-3.007965
0.996057	-3.008444
0.996042	-3.008925
0.996027	-3.009406
0.996012	-3.009889
0.995997	-3.010372
0.995983	-3.010856
0.995967	-3.011341
0.995952	-3.011827
0.995937	-3.012314
0.995922	-3.012802
0.995907	-3.013291
0.995892	-3.01378
0.995876	-3.014271
0.995861	-3.014763
0.995846	-3.015255
0.99583	-3.015749
0.995815	-3.016243
0.995799	-3.016739
0.995784	-3.017235
0.995768	-3.017732
0.995753	-3.01823
0.995737	-3.018729
0.995722	-3.019229
0.995706	-3.019729
0.99569	-3.020231
0.995675	-3.020733
0.995659	-3.021237
0.995643	-3.021741
0.995628	-3.022247
0.995612	-3.022753
0.995596	-3.023261
0.99558	-3.023769
0.995564	-3.024279
0.995548	-3.024789
0.995532	-3.0253
0.995517	-3.025812
0.995501	-3.026325
0.995485	-3.026838
0.995468	-3.027353
0.995452	-3.027869
0.995436	-3.028386
0.99542	-3.028903
0.995404	-3.029422
0.995388	-3.029941
0.995372	-3.030461
0.995355	-3.030982
0.995339	-3.031504
0.995323	-3.032028
0.995307	-3.032552
0.99529	-3.033077
0.995274	-3.033603
0.995257	-3.034129
0.995241	-3.034657
0.995224	-3.035186
0.995208	-3.035716
0.995192	-3.036246
0.995175	-3.036778
0.995159	-3.03731
0.995142	-3.037843
0.995125	-3.038378
0.995108	-3.038913
0.995092	-3.039449
0.995075	-3.039987
0.995059	-3.040525
0.995042	-3.041063
0.995025	-3.041603
0.995008	-3.042144
0.994991	-3.042686
0.994974	-3.043228
0.994957	-3.043772
0.99494	-3.044316
0.994923	-3.044862
0.994906	-3.045409
0.994889	-3.045956
0.994872	-3.046505
0.994855	-3.047054
0.994837	-3.047604
0.99482	-3.048155
0.994803	-3.048707
0.994786	-3.04926
0.994769	-3.049814
0.994751	-3.050369
0.994734	-3.050925
0.994717	-3.051481
0.9947	-3.052039
0.994682	-3.052597
0.994664	-3.053156
0.994647	-3.053717
0.99463	-3.054279
0.994613	-3.054841
0.994595	-3.055405
0.994577	-3.055969
0.99456	-3.056534
0.994542	-3.0571
0.994525	-3.057667
0.994507	-3.058235
0.994489	-3.058804
0.994471	-3.059373
0.994453	-3.059944
0.994436	-3.060516
0.994418	-3.061088
0.9944	-3.061662
0.994382	-3.062236
0.994364	-3.062812
0.994346	-3.063389
0.994328	-3.063966
0.99431	-3.064544
0.994292	-3.065123
0.994274	-3.065703
0.994256	-3.066284
0.994237	-3.066866
0.994219	-3.067449
0.994202	-3.068033
0.994184	-3.068618
0.994165	-3.069204
0.994147	-3.06979
0.994128	-3.070378
0.99411	-3.070966
0.994092	-3.071556
0.994074	-3.072146
0.994055	-3.072738
0.994037	-3.07333
0.994018	-3.073924
0.993999	-3.074518
0.993981	-3.075113
0.993963	-3.075709
0.993944	-3.076306
0.993926	-3.076904
0.993907	-3.077503
0.993888	-3.078103
0.993869	-3.078704
0.993851	-3.079306
0.993832	-3.079909
0.993813	-3.080513
0.993795	-3.081117
0.993776	-3.081723
0.993757	-3.082329
0.993737	-3.082936
0.993718	-3.083545
0.993699	-3.084154
0.99368	-3.084764
0.993661	-3.085376
0.993642	-3.085988
0.993623	-3.086601
0.993604	-3.087215
0.993585	-3.087831
0.993566	-3.088446
0.993547	-3.089063
0.993528	-3.089681
0.993509	-3.0903
0.993489	-3.090919
0.99347	-3.09154
0.993451	-3.092162
0.993431	-3.092784
0.993412	-3.093408
0.993392	-3.094033
0.993373	-3.094658
0.993353	-3.095284
0.993334	-3.095911
0.993314	-3.096539
0.993294	-3.097168
0.993275	-3.097799
0.993255	-3.09843
0.993236	-3.099062
0.993216	-3.099695
0.993196	-3.100329
0.993176	-3.100964
0.993157	-3.1016
0.993137	-3.102237
0.993117	-3.102875
0.993097	-3.103513
0.993077	-3.104153
0.993057	-3.104793
0.993037	-3.105435
0.993017	-3.106077
0.992997	-3.106721
0.992977	-3.107365
0.992957	-3.10801
0.992937	-3.108657
0.992917	-3.109304
0.992897	-3.109952
0.992876	-3.110601
0.992856	-3.111251
0.992836	-3.111902
0.992816	-3.112554
0.992796	-3.113207
0.992775	-3.113861
0.992754	-3.114515
0.992734	-3.115171
0.992714	-3.115828
0.992694	-3.116486
0.992673	-3.117144
0.992653	-3.117804
0.992632	-3.118465
0.992612	-3.119127
0.992591	-3.119789
0.99257	-3.120453
0.992549	-3.121117
0.992528	-3.121782
0.992508	-3.122448
0.992487	-3.123115
0.992467	-3.123784
0.992446	-3.124453
0.992425	-3.125123
0.992404	-3.125794
0.992383	-3.126466
0.992362	-3.127139
0.992341	-3.127813
0.99232	-3.128487
0.992299	-3.129163
0.992278	-3.12984
0.992257	-3.130518
0.992236	-3.131197
0.992215	-3.131876
0.992193	-3.132557
0.992172	-3.133238
0.992151	-3.133921
0.992129	-3.134604
0.992108	-3.135289
0.992087	-3.135974
0.992065	-3.13666
0.992044	-3.137348
0.992023	-3.138036
0.992001	-3.138725
0.99198	-3.139416
0.991959	-3.140107
0.991937	-3.140799
0.991915	-3.141492
0.991894	3.141
0.991872	3.140304
0.99185	3.139608
0.991829	3.138911
0.991807	3.138213
0.991785	3.137515
0.991764	3.136815
0.991742	3.136114
0.99172	3.135413
0.991698	3.13471
0.991676	3.134006
0.991654	3.133302
0.991632	3.132596
0.991611	3.13189
0.991589	3.131182
0.991567	3.130474
0.991545	3.129764
0.991523	3.129054
0.9915	3.128342
0.991478	3.12763
0.991456	3.126917
0.991433	3.126203
0.991411	3.125488
0.991389	3.124771
0.991367	3.124054
0.991345	3.123336
0.991322	3.122617
0.9913	3.121897
0.991277	3.121177
0.991255	3.120455
0.991232	3.119732
0.99121	3.119008
0.991187	3.118283
0.991164	3.117557
0.991142	3.116831
0.991119	3.116103
0.991097	3.115374
0.991074	3.114645
0.991051	3.113914
0.991029	3.113182
0.991006	3.11245
0.990983	3.111716
0.99096	3.110982
0.990937	3.110246
0.990915	3.109509
0.990892	3.108772
0.990869	3.108034
0.990845	3.107295
0.990822	3.106555
0.990799	3.105813
0.990777	3.105071
0.990754	3.104327
0.99073	3.103584
0.990707	3.102839
0.990684	3.102092
0.990661	3.101345
0.990638	3.100597
0.990614	3.099848
0.99059	3.099098
0.990567	3.098347
0.990544	3.097595
0.990521	3.096843
0.990497	3.096088
0.990474	3.095333
0.99045	3.094577
0.990426	3.09382
0.990403	3.093063
0.990379	3.092304
0.990356	3.091545
0.990332	3.090784
0.990309	3.090022
0.990285	3.08926
0.990262	3.088496
0.990238	3.087732
0.990214	3.086966
0.99019	3.086199
0.990166	3.085432
0.990142	3.084664
0.990118	3.083894
0.990094	3.083124
0.99007	3.082352
0.990046	3.08158
0.990022	3.080807
0.989998	3.080032
0.989974	3.079257
0.98995	3.078481
0.989926	3.077703
0.989902	3.076925
0.989877	3.076146
0.989853	3.075366
0.989829	3.074584
0.989805	3.073802
0.98978	3.073019
0.989756	3.072235
0.989732	3.07145
0.989707	3.070664
0.989683	3.069877
0.989658	3.069089
0.989634	3.0683
0.989609	3.067511
0.989584	3.06672
0.98956	3.065928
0.989535	3.065135
0.98951	3.064341
0.989485	3.063546
0.989461	3.06275
0.989436	3.061953
0.989411	3.061155
0.989387	3.060356
0.989362	3.059557
0.989337	3.058756
0.989312	3.057954
0.989287	3.057151
0.989262	3.056348
0.989237	3.055543
0.989212	3.054737
0.989187	3.053931
0.989162	3.053123
0.989137	3.052314
0.989112	3.051505
0.989087	3.050694
0.989062	3.049883
0.989036	3.04907
0.989011	3.048257
0.988986	3.047442
0.98896	3.046627
0.988935	3.04581
0.988909	3.044993
0.988884	3.044175
0.988859	3.043355
0.988833	3.042534
0.988808	3.041712
0.988782	3.04089
0.988757	3.040067
0.988731	3.039243
0.988705	3.038418
0.98868	3.037591
0.988654	3.036764
0.988628	3.035935
0.988602	3.035106
0.988576	3.034275
0.988551	3.033444
0.988525	3.032612
0.988499	3.031779
0.988473	3.030945
0.988447	3.03011
0.988422	3.029273
0.988396	3.028436
0.98837	3.027597
0.988343	3.026758
0.988317	3.025918
0.988291	3.025077
0.988265	3.024235
0.988239	3.023392
0.988212	3.022548
0.988186	3.021703
0.98816	3.020856
0.988134	3.020009
0.988107	3.019161
0.988081	3.018312
0.988054	3.017462
0.988028	3.016611
0.988002	3.015759
0.987976	3.014906
0.987949	3.014051
0.987923	3.013196
0.987896	3.01234
0.987869	3.011483
0.987842	3.010625
0.987815	3.009766
0.987789	3.008906
0.987762	3.008045
0.987735	3.007183
0.987708	3.00632
0.987682	3.005456
0.987655	3.00459
0.987628	3.003724
0.987602	3.002857
0.987575	3.001989
0.987548	3.00112
0.98752	3.00025
0.987493	2.999379
0.987466	2.998507
0.987439	2.997634
0.987412	2.99676
0.987385	2.995885
0.987358	2.995009
0.98733	2.994132
0.987303	2.993254
0.987276	2.992376
0.987248	2.991495
0.987221	2.990614
0.987194	2.989732
0.987166	2.988849
0.987139	2.987965
0.987112	2.98708
0.987084	2.986194
0.987056	2.985307
0.987029	2.984418
0.987001	2.983529
0.986973	2.982639
0.986946	2.981748
0.986918	2.980856
0.98689	2.979964
0.986863	2.97907
0.986835	2.978175
0.986807	2.977279
0.98678	2.976382
0.986752	2.975483
0.986724	2.974584
0.986696	2.973684
0.986668	2.972783
0.98664	2.971881
0.986612	2.970978
0.986584	2.970074
0.986556	2.969169
0.986528	2.968262
0.9865	2.967355
0.986472	2.966447
0.986443	2.965538
0.986415	2.964628
0.986387	2.963717
0.986358	2.962804
0.98633	2.961892
0.986302	2.960978
0.986274	2.960063
0.986246	2.959147
0.986217	2.958229
0.986188	2.957311
0.986159	2.956391
0.986131	2.955471
0.986102	2.95455
0.986074	2.953628
0.986045	2.952704
0.986017	2.95178
0.985988	2.950854
0.985959	2.949928
0.98593	2.949001
0.985901	2.948072
0.985872	2.947143
0.985844	2.946213
0.985815	2.945282
0.985786	2.944349
0.985757	2.943416
0.985728	2.942481
0.985699	2.941546
0.98567	2.940609
0.985641	2.939672
0.985612	2.938733
0.985583	2.937794
0.985554	2.936853
0.985525	2.935912
0.985496	2.93497
0.985467	2.934026
0.985437	2.933082
0.985408	2.932136
0.985378	2.931189
0.985349	2.930241
0.985319	2.929293
0.98529	2.928343
0.98526	2.927393
0.985231	2.926441
0.985202	2.925488
0.985172	2.924534
0.985142	2.92358
0.985112	2.922624
0.985083	2.921667
0.985053	2.920709
0.985024	2.91975
0.984994	2.91879
0.984964	2.91783
0.984935	2.916868
0.984905	2.915905
0.984875	2.914941
0.984845	2.913976
0.984815	2.91301
0.984785	2.912043
0.984755	2.911075
0.984725	2.910106
0.984695	2.909136
0.984664	2.908164
0.984634	2.907192
0.984604	2.906219
0.984574	2.905244
0.984544	2.904269
0.984514	2.903293
0.984484	2.902316
0.984453	2.901338
0.984423	2.900358
0.984393	2.899378
0.984362	2.898397
0.984331	2.897414
0.984301	2.896431
0.984271	2.895446
0.98424	2.894461
0.98421	2.893475
0.984179	2.892487
0.984148	2.891499
0.984117	2.890509
0.984087	2.889518
0.984056	2.888527
0.984026	2.887534
0.983995	2.88654
0.983964	2.885545
0.983933	2.884549
0.983902	2.883552
0.983871	2.882554
0.983841	2.881556
0.98381	2.880556
0.983778	2.879555
0.983747	2.878553
0.983716	2.87755
0.983685	2.876546
0.983654	2.875541
0.983623	2.874535
0.983591	2.873527
0.98356	2.872519
0.983529	2.87151
0.983498	2.8705
0.983467	2.869489
0.983435	2.868477
0.983404	2.867463
0.983372	2.866449
0.983341	2.865434
0.98331	2.864417
0.983278	2.863399
0.983247	2.862381
0.983215	2.861361
0.983183	2.860341
0.983151	2.859319
0.98312	2.858296
0.983089	2.857272
0.983057	2.856247
0.983025	2.855222
0.982993	2.854195
0.982962	2.853167
0.98293	2.852138
0.982898	2.851108
0.982866	2.850077
0.982833	2.849045
0.982802	2.848012
0.98277	2.846978
0.982738	2.845943
0.982706	2.844907
0.982674	2.843869
0.982642	2.842831
0.982609	2.841792
0.982577	2.840752
0.982545	2.83971
0.982512	2.838667
0.98248	2.837624
0.982447	2.836579
0.982415	2.835534
0.982383	2.834487
0.982351	2.833439
0.982318	2.83239
0.982285	2.83134
0.982253	2.83029
0.98222	2.829238
0.982188	2.828185
0.982155	2.827131
0.982123	2.826076
0.98209	2.82502
0.982058	2.823963
0.982025	2.822905
0.981992	2.821846
0.981959	2.820785
0.981926	2.819724
0.981893	2.818662
0.98186	2.817598
0.981827	2.816533
0.981794	2.815468
0.981762	2.814401
0.981729	2.813334
0.981696	2.812265
0.981663	2.811195
0.981629	2.810124
0.981596	2.809052
0.981563	2.807979
0.981529	2.806905
0.981496	2.80583
0.981463	2.804754
0.981429	2.803677
0.981396	2.802599
0.981363	2.80152
0.98133	2.80044
0.981296	2.799358
0.981263	2.798276
0.98123	2.797192
0.981196	2.796108
0.981162	2.795022
0.981129	2.793936
0.981095	2.792848
0.981061	2.791759
0.981028	2.790669
0.980994	2.789578
0.98096	2.788486
0.980927	2.787393
0.980893	2.786299
0.980859	2.785205
0.980825	2.784109
0.980791	2.783012
0.980757	2.781913
0.980723	2.780813
0.980689	2.779713
0.980655	2.778611
0.980621	2.777509
0.980587	2.776405
0.980553	2.775301
0.980518	2.774195
0.980484	2.773088
0.98045	2.771981
0.980415	2.770871
0.980381	2.769761
0.980347	2.76865
0.980313	2.767538
0.980279	2.766425
0.980244	2.765311
0.980209	2.764196
0.980174	2.763079
0.98014	2.761962
0.980106	2.760843
0.980071	2.759723
0.980037	2.758603
0.980002	2.757481
0.979967	2.756358
0.979932	2.755234
0.979897	2.754109
0.979863	2.752983
0.979828	2.751857
0.979793	2.750729
0.979758	2.749599
0.979723	2.748468
0.979689	2.747337
0.979653	2.746204
0.979618	2.745071
0.979583	2.743936
0.979548	2.742801
0.979513	2.741664
0.979478	2.740527
0.979442	2.739388
0.979407	2.738248
0.979372	2.737107
0.979337	2.735965
0.979302	2.734821
0.979266	2.733677
0.979231	2.732531
0.979195	2.731385
0.97916	2.730238
0.979125	2.729089
0.97909	2.72794
0.979054	2.726789
0.979018	2.725637
0.978982	2.724484
0.978946	2.72333
0.978911	2.722175
0.978875	2.721019
0.97884	2.719862
0.978804	2.718704
0.978768	2.717544
0.978732	2.716384
0.978696	2.715223
0.97866	2.71406
0.978624	2.712896
0.978588	2.711731
0.978553	2.710565
0.978517	2.709398
0.978481	2.70823
0.978445	2.707061
0.978408	2.705891
0.978372	2.70472
0.978336	2.703548
0.9783	2.702374
0.978263	2.7012
0.978227	2.700024
0.978191	2.698847
0.978154	2.697669
0.978118	2.69649
0.978082	2.69531
0.978045	2.694129
0.978009	2.692947
0.977972	2.691764
0.977935	2.690579
0.977899	2.689394
0.977862	2.688207
0.977825	2.687019
0.977789	2.685831
0.977752	2.684641
0.977715	2.683451
0.977679	2.682259
0.977642	2.681066
0.977606	2.679871
0.977569	2.678676
0.977532	2.677479
0.977495	2.676282
0.977458	2.675084
0.977421	2.673884
0.977384	2.672683
0.977347	2.671482
0.97731	2.670279
0.977272	2.669075
0.977235	2.667869
0.977198	2.666663
0.97716	2.665456
0.977123	2.664248
0.977085	2.663038
0.977048	2.661828
0.977012	2.660616
0.976974	2.659403
0.976936	2.658189
0.976899	2.656974
0.976861	2.655758
0.976824	2.654541
0.976786	2.653323
0.976749	2.652103
0.976711	2.650882
0.976673	2.64966
0.976635	2.648438
0.976597	2.647214
0.97656	2.645989
0.976522	2.644764
0.976484	2.643537
0.976446	2.642309
0.976409	2.641079
0.976371	2.639848
0.976332	2.638617
0.976294	2.637384
0.976256	2.63615
0.976219	2.634916
0.976181	2.63368
0.976143	2.632443
0.976105	2.631204
0.976066	2.629965
0.976028	2.628725
0.975989	2.627483
0.975951	2.626241
0.975913	2.624997
0.975875	2.623751
0.975836	2.622506
0.975798	2.621259
0.975759	2.620011
0.975721	2.618761
0.975682	2.617511
0.975644	2.61626
0.975605	2.615007
0.975567	2.613753
0.975528	2.612498
0.975489	2.611242
0.97545	2.609985
0.975411	2.608726
0.975372	2.607467
0.975333	2.606207
0.975294	2.604945
0.975255	2.603683
0.975217	2.602419
0.975178	2.601154
0.975139	2.599888
0.9751	2.598621
0.975061	2.597353
0.975022	2.596084
0.974983	2.594813
0.974943	2.593542
0.974904	2.592269
0.974865	2.590995
0.974826	2.58972
0.974786	2.588444
0.974747	2.587166
0.974708	2.585888
0.974669	2.584608
0.974629	2.583328
0.97459	2.582046
0.97455	2.580763
0.97451	2.579479
0.974471	2.578195
0.974431	2.576908
0.974391	2.575621
0.974352	2.574332
0.974312	2.573042
0.974273	2.571752
0.974233	2.57046
0.974193	2.569167
0.974153	2.567873
0.974113	2.566577
0.974073	2.565281
0.974033	2.563984
0.973993	2.562685
0.973953	2.561386
0.973913	2.560084
0.973873	2.558782
0.973833	2.557479
0.973793	2.556174
0.973753	2.554869
0.973713	2.553563
0.973672	2.552256
0.973632	2.550947
0.973591	2.549637
0.973551	2.548326
0.97351	2.547014
0.97347	2.5457
0.97343	2.544386
0.973389	2.54307
0.973349	2.541752
0.973308	2.540434
0.973267	2.539116
0.973227	2.537796
0.973186	2.536475
0.973146	2.535152
0.973105	2.533829
0.973064	2.532504
0.973023	2.531178
0.972982	2.52985
0.972941	2.528522
0.972901	2.527193
0.97286	2.525862
0.972819	2.524531
0.972778	2.523198
0.972737	2.521864
0.972696	2.520529
0.972655	2.519193
0.972614	2.517856
0.972573	2.516518
0.972531	2.515178
0.97249	2.513837
0.972449	2.512495
0.972408	2.511152
0.972366	2.509808
0.972324	2.508463
0.972283	2.507116
0.972241	2.505769
0.9722	2.50442
0.972158	2.50307
0.972117	2.501719
0.972075	2.500366
0.972034	2.499013
0.971992	2.497658
0.971951	2.496303
0.971909	2.494946
0.971867	2.493588
0.971826	2.492229
0.971784	2.490868
0.971742	2.489507
0.9717	2.488144
0.971658	2.486781
0.971616	2.485415
0.971574	2.484049
0.971532	2.482682
0.97149	2.481314
0.971448	2.479944
0.971406	2.478574
0.971364	2.477202
0.971322	2.475828
0.97128	2.474454
0.971237	2.473078
0.971194	2.471702
0.971152	2.470324
0.971109	2.468946
0.971067	2.467566
0.971025	2.466184
0.970982	2.464802
0.97094	2.463419
0.970897	2.462034
0.970854	2.460648
0.970812	2.459262
0.970769	2.457873
0.970727	2.456484
0.970684	2.455093
0.970641	2.453702
0.970599	2.452309
0.970556	2.450915
0.970513	2.44952
0.97047	2.448123
0.970427	2.446726
0.970384	2.445327
0.970341	2.443927
0.970298	2.442526
0.970255	2.441124
0.970212	2.439721
0.970169	2.438316
0.970125	2.43691
0.970082	2.435503
0.970039	2.434095
0.969996	2.432686
0.969953	2.431276
0.969909	2.429864
0.969866	2.428452
0.969823	2.427038
0.969779	2.425622
0.969736	2.424206
0.969692	2.422789
0.969648	2.42137
0.969604	2.419951
0.969561	2.41853
0.969517	2.417108
0.969474	2.415684
0.96943	2.414259
0.969387	2.412833
0.969343	2.411407
0.969298	2.409979
0.969254	2.40855
0.969211	2.407119
0.969167	2.405688
0.969123	2.404255
0.969079	2.402821
0.969035	2.401386
0.96899	2.39995
0.968946	2.398512
0.968902	2.397073
0.968858	2.395633
0.968814	2.394192
0.96877	2.39275
0.968726	2.391306
0.968682	2.389861
0.968637	2.388416
0.968593	2.386969
0.968548	2.385521
0.968503	2.384071
0.968459	2.382621
0.968415	2.381169
0.96837	2.379716
0.968325	2.378262
0.968281	2.376807
0.968236	2.37535
0.968191	2.373892
0.968146	2.372434
0.968102	2.370974
0.968057	2.369512
0.968013	2.368049
0.967967	2.366585
0.967922	2.36512
0.967877	2.363654
0.967832	2.362187
0.967787	2.360719
0.967742	2.359249
0.967697	2.357778
0.967652	2.356306
0.967606	2.354832
0.967561	2.353358
0.967516	2.351882
0.967471	2.350406
0.967425	2.348927
0.96738	2.347448
0.967335	2.345967
0.96729	2.344485
0.967244	2.343002
0.967199	2.341518
0.967153	2.340033
0.967107	2.338546
0.967062	2.337058
0.967016	2.335569
0.966971	2.334079
0.966925	2.332588
0.966879	2.331096
0.966833	2.329602
0.966787	2.328107
0.966741	2.32661
0.966695	2.325113
0.966649	2.323614
0.966603	2.322114
0.966557	2.320613
0.966511	2.319111
0.966465	2.317608
0.966419	2.316103
0.966373	2.314597
0.966327	2.31309
0.966281	2.311581
0.966235	2.310072
0.966189	2.308561
0.966142	2.307049
0.966096	2.305536
0.96605	2.304022
0.966003	2.302506
0.965956	2.300989
0.96591	2.299471
0.965863	2.297952
0.965817	2.296431
0.96577	2.294909
0.965724	2.293386
0.965677	2.291862
0.96563	2.290337
0.965583	2.28881
0.965537	2.287282
0.96549	2.285753
0.965443	2.284223
0.965396	2.282691
0.965349	2.281158
0.965302	2.279624
0.965255	2.278088
0.965208	2.276552
0.965161	2.275015
0.965114	2.273476
0.965067	2.271936
0.96502	2.270394
0.964972	2.268852
0.964925	2.267308
0.964878	2.265763
0.964831	2.264216
0.964783	2.262669
0.964736	2.26112
0.964688	2.25957
0.964641	2.258019
0.964593	2.256467
0.964546	2.254913
0.964498	2.253357
0.964451	2.251801
0.964403	2.250244
0.964355	2.248685
0.964308	2.247126
0.96426	2.245564
0.964212	2.244002
0.964164	2.242438
0.964116	2.240874
0.964068	2.239307
0.96402	2.23774
0.963973	2.236171
0.963925	2.234601
0.963877	2.23303
0.963829	2.231458
0.96378	2.229884
0.963732	2.228309
0.963684	2.226733
0.963636	2.225155
0.963587	2.223577
0.963539	2.221997
0.963491	2.220416
0.963442	2.218834
0.963394	2.217251
0.963345	2.215666
0.963296	2.21408
0.963248	2.212492
0.963199	2.210904
0.963151	2.209314
0.963102	2.207723
0.963053	2.20613
0.963005	2.204537
0.962956	2.202942
0.962908	2.201345
0.962859	2.199748
0.96281	2.19815
0.962761	2.19655
0.962712	2.194949
0.962663	2.193347
0.962614	2.191743
0.962565	2.190138
0.962516	2.188532
0.962466	2.186924
0.962417	2.185315
0.962368	2.183705
0.962319	2.182095
0.96227	2.180482
0.962221	2.178869
0.962171	2.177254
0.962122	2.175637
0.962073	2.174019
0.962023	2.172401
0.961973	2.170781
0.961923	2.16916
0.961874	2.167537
0.961825	2.165913
0.961775	2.164287
0.961726	2.162661
0.961676	2.161034
0.961626	2.159405
0.961576	2.157775
0.961527	2.156143
0.961477	2.15451
0.961426	2.152876
0.961376	2.151241
0.961327	2.149604
0.961277	2.147966
0.961227	2.146327
0.961177	2.144686
0.961127	2.143045
0.961076	2.141402
0.961026	2.139758
0.960975	2.138112
0.960925	2.136465
0.960875	2.134817
0.960825	2.133167
0.960775	2.131517
0.960724	2.129865
0.960673	2.128212
0.960623	2.126557
0.960573	2.124901
0.960522	2.123244
0.960472	2.121586
0.960421	2.119926
0.96037	2.118265
0.960319	2.116603
0.960268	2.11494
0.960217	2.113275
0.960167	2.111609
0.960116	2.109942
0.960065	2.108273
0.960014	2.106603
0.959963	2.104932
0.959912	2.103259
0.959861	2.101585
0.95981	2.09991
0.959759	2.098234
0.959707	2.096556
0.959656	2.094877
0.959605	2.093197
0.959554	2.091515
0.959503	2.089832
0.959451	2.088148
0.959399	2.086462
0.959348	2.084775
0.959297	2.083087
0.959245	2.081398
0.959194	2.079707
0.959143	2.078015
0.959091	2.076322
0.959039	2.074628
0.958987	2.072932
0.958935	2.071234
0.958883	2.069536
0.958832	2.067836
0.95878	2.066135
0.958728	2.064432
0.958676	2.062728
0.958624	2.061023
0.958572	2.059317
0.95852	2.05761
0.958468	2.055901
0.958415	2.05419
0.958363	2.052479
0.958311	2.050766
0.958259	2.049051
0.958207	2.047336
0.958155	2.045619
0.958102	2.0439
0.95805	2.042181
0.957998	2.04046
0.957945	2.038738
0.957893	2.037015
0.95784	2.03529
0.957787	2.033564
0.957734	2.031836
0.957682	2.030108
0.957629	2.028378
0.957576	2.026646
0.957523	2.024913
0.957471	2.023179
0.957418	2.021444
0.957365	2.019707
0.957312	2.017969
0.957259	2.01623
0.957206	2.014489
0.957153	2.012747
0.957101	2.011004
0.957047	2.009259
0.956993	2.007513
0.95694	2.005766
0.956887	2.004018
0.956834	2.002268
0.956781	2.000516
0.956727	1.998764
0.956674	1.997009
0.95662	1.995254
0.956567	1.993498
0.956513	1.99174
0.95646	1.98998
0.956406	1.988219
0.956353	1.986458
0.956299	1.984694
0.956246	1.98293
0.956192	1.981164
0.956138	1.979396
0.956084	1.977628
0.95603	1.975858
0.955977	1.974087
0.955922	1.972314
0.955868	1.97054
0.955814	1.968765
0.95576	1.966988
0.955706	1.965209
0.955652	1.96343
0.955598	1.961649
0.955544	1.959867
0.95549	1.958084
0.955435	1.956299
0.955381	1.954513
0.955326	1.952725
0.955272	1.950936
0.955217	1.949146
0.955163	1.947354
0.955109	1.945562
0.955055	1.943767
0.955	1.941972
0.954945	1.940175
0.95489	1.938376
0.954835	1.936576
0.95478	1.934775
0.954726	1.932973
0.954671	1.931169
0.954617	1.929364
0.954561	1.927558
0.954506	1.92575
0.954452	1.923941
0.954397	1.92213
0.954341	1.920318
0.954286	1.918504
0.954231	1.916689
0.954176	1.914873
0.954121	1.913056
0.954066	1.911237
0.954011	1.909418
0.953955	1.907596
0.9539	1.905773
0.953844	1.903948
0.953788	1.902122
0.953733	1.900295
0.953677	1.898467
0.953622	1.896638
0.953566	1.894807
0.95351	1.892974
0.953455	1.89114
0.953399	1.889304
0.953343	1.887467
0.953287	1.885629
0.953231	1.88379
0.953175	1.881949
0.953119	1.880107
0.953064	1.878264
0.953008	1.876419
0.952952	1.874573
0.952896	1.872725
0.952839	1.870876
0.952783	1.869025
0.952726	1.867173
0.95267	1.86532
0.952614	1.863465
0.952558	1.861609
0.952502	1.859752
0.952445	1.857893
0.952389	1.856033
0.952332	1.854171
0.952276	1.852308
0.952219	1.850444
0.952163	1.848578
0.952106	1.846711
0.952049	1.844842
0.951992	1.842973
0.951936	1.841101
0.951879	1.839229
0.951822	1.837354
0.951765	1.835479
0.951708	1.833601
0.951651	1.831723
0.951594	1.829843
0.951537	1.827962
0.95148	1.826079
0.951422	1.824196
0.951365	1.822311
0.951308	1.820424
0.951251	1.818536
0.951194	1.816646
0.951136	1.814755
0.951079	1.812863
0.951022	1.810969
0.950964	1.809074
0.950907	1.807177
0.950849	1.805279
0.950791	1.803379
0.950734	1.801479
0.950676	1.799577
0.950619	1.797673
0.950561	1.795768
0.950503	1.793861
0.950445	1.791953
0.950387	1.790043
0.950329	1.788133
0.950271	1.786221
0.950213	1.784307
0.950155	1.782392
0.950097	1.780475
0.950039	1.778557
0.949981	1.776638
0.949923	1.774717
0.949865	1.772795
0.949806	1.770871
0.949748	1.768946
0.94969	1.76702
0.949631	1.765092
0.949572	1.763163
0.949514	1.761232
0.949455	1.7593
0.949397	1.757366
0.949338	1.755431
0.94928	1.753495
0.949221	1.751557
0.949162	1.749617
0.949104	1.747677
0.949045	1.745734
0.948986	1.743791
0.948927	1.741846
0.948868	1.7399
0.948809	1.737952
0.948749	1.736002
0.94869	1.734051
0.948631	1.732099
0.948572	1.730145
0.948513	1.72819
0.948454	1.726233
0.948395	1.724275
0.948336	1.722315
0.948276	1.720355
0.948217	1.718392
0.948157	1.716428
0.948098	1.714462
0.948038	1.712496
0.947979	1.710528
0.947919	1.708558
0.947859	1.706587
0.947799	1.704614
0.94774	1.70264
0.947681	1.700665
0.947621	1.698688
0.947561	1.69671
0.947501	1.69473
0.947441	1.692748
0.947381	1.690765
0.947321	1.688781
0.947261	1.686796
0.947201	1.684808
0.947141	1.682819
0.94708	1.680829
0.94702	1.678838
0.94696	1.676845
0.9469	1.67485
0.94684	1.672854
0.946779	1.670856
0.946719	1.668857
0.946658	1.666857
0.946597	1.664855
0.946537	1.662852
0.946476	1.660848
0.946416	1.658841
0.946355	1.656833
0.946294	1.654824
0.946233	1.652813
0.946172	1.6508
0.946111	1.648787
0.94605	1.646772
0.94599	1.644755
0.945929	1.642737
0.945868	1.640718
0.945807	1.638697
0.945746	1.636674
0.945685	1.63465
0.945624	1.632625
0.945562	1.630597
0.945501	1.628568
0.94544	1.626538
0.945378	1.624507
0.945317	1.622474
0.945255	1.62044
0.945193	1.618404
0.945132	1.616366
0.945071	1.614327
0.945009	1.612287
0.944948	1.610245
0.944886	1.608202
0.944824	1.606157
0.944763	1.60411
0.944701	1.602062
0.944639	1.600012
0.944577	1.597962
0.944515	1.595909
0.944453	1.593855
0.94439	1.591799
0.944328	1.589742
0.944266	1.587684
0.944204	1.585624
0.944142	1.583563
0.94408	1.5815
0.944017	1.579435
0.943955	1.577369
0.943892	1.575301
0.94383	1.573232
0.943767	1.571161
0.943705	1.569089
0.943642	1.567016
0.94358	1.564941
0.943517	1.562864
0.943455	1.560786
0.943392	1.558706
0.943329	1.556625
0.943266	1.554542
0.943203	1.552458
0.943141	1.550372
0.943078	1.548285
0.943015	1.546196
0.942952	1.544106
0.942889	1.542014
0.942825	1.53992
0.942762	1.537825
0.942699	1.535728
0.942636	1.53363
0.942573	1.531531
0.942509	1.52943
0.942446	1.527328
0.942382	1.525223
0.942319	1.523117
0.942255	1.52101
0.942192	1.518901
0.942128	1.516791
0.942064	1.514679
0.942001	1.512566
0.941937	1.510451
0.941874	1.508335
0.94181	1.506216
0.941746	1.504097
0.941682	1.501975
0.941618	1.499853
0.941554	1.497728
0.94149	1.495603
0.941426	1.493475
0.941362	1.491347
0.941297	1.489217
0.941233	1.487085
0.941169	1.484951
0.941104	1.482816
0.94104	1.480679
0.940976	1.478541
0.940912	1.476401
0.940847	1.47426
0.940783	1.472117
0.940718	1.469973
0.940653	1.467827
0.940589	1.465679
0.940524	1.46353
0.940459	1.461379
0.940395	1.459227
0.94033	1.457073
0.940265	1.454917
0.9402	1.45276
0.940135	1.450602
0.94007	1.448442
0.940005	1.44628
0.93994	1.444117
0.939875	1.441952
0.93981	1.439786
0.939745	1.437618
0.939679	1.435448
0.939614	1.433278
0.939548	1.431105
0.939483	1.42893
0.939417	1.426754
0.939352	1.424576
0.939287	1.422398
0.939221	1.420217
0.939155	1.418035
0.93909	1.415851
0.939024	1.413666
0.938958	1.411479
0.938892	1.40929
0.938826	1.4071
0.93876	1.404908
0.938695	1.402714
0.938629	1.400519
0.938563	1.398323
0.938497	1.396125
0.938431	1.393925
0.938365	1.391724
0.938298	1.389521
0.938232	1.387316
0.938166	1.38511
0.9381	1.382903
0.938033	1.380693
0.937966	1.378483
0.9379	1.37627
0.937833	1.374056
0.937767	1.37184
0.9377	1.369623
0.937633	1.367404
0.937567	1.365183
0.9375	1.362961
0.937434	1.360737
0.937367	1.358511
0.9373	1.356285
0.937233	1.354056
0.937166	1.351826
0.937099	1.349594
0.937032	1.34736
0.936964	1.345124
0.936897	1.342888
0.93683	1.340649
0.936763	1.338409
0.936696	1.336168
0.936629	1.333924
0.936562	1.331679
0.936494	1.329433
0.936426	1.327185
0.936358	1.324935
0.936291	1.322684
0.936223	1.320431
0.936155	1.318176
0.936088	1.315919
0.93602	1.313661
0.935952	1.311402
0.935885	1.309141
0.935817	1.306878
0.935749	1.304613
0.935681	1.302347
0.935613	1.300078
0.935545	1.297809
0.935477	1.295538
0.935409	1.293265
0.935341	1.290991
0.935272	1.288715
0.935204	1.286438
0.935135	1.284158
0.935067	1.281877
0.934999	1.279594
0.93493	1.27731
0.934862	1.275024
0.934793	1.272737
0.934725	1.270447
0.934656	1.268156
0.934587	1.265863
0.934518	1.263569
0.934449	1.261272
0.934381	1.258975
0.934312	1.256676
0.934243	1.254375
0.934174	1.252073
0.934105	1.249769
0.934036	1.247463
0.933967	1.245155
0.933898	1.242846
0.933828	1.240535
0.933759	1.238222
0.933689	1.235907
0.93362	1.233591
0.933551	1.231274
0.933481	1.228954
0.933412	1.226633
0.933343	1.22431
0.933273	1.221986
0.933203	1.21966
0.933133	1.217332
0.933063	1.215003
0.932994	1.212672
0.932924	1.210339
0.932855	1.208004
0.932785	1.205668
0.932715	1.20333
0.932644	1.20099
0.932574	1.198649
0.932504	1.196305
0.932433	1.193961
0.932363	1.191614
0.932293	1.189267
0.932222	1.186917
0.932152	1.184566
0.932082	1.182212
0.932012	1.179857
0.931941	1.1775
0.931871	1.175142
0.9318	1.172782
0.931729	1.17042
0.931658	1.168057
0.931588	1.165691
0.931517	1.163325
0.931447	1.160956
0.931376	1.158586
0.931305	1.156214
0.931234	1.15384
0.931163	1.151464
0.931092	1.149087
0.931021	1.146708
0.930949	1.144328
0.930878	1.141945
0.930806	1.139561
0.930735	1.137175
0.930664	1.134787
0.930593	1.132398
0.930522	1.130007
0.93045	1.127614
0.930379	1.12522
0.930307	1.122824
0.930235	1.120426
0.930163	1.118026
0.930091	1.115625
0.93002	1.113221
0.929948	1.110817
0.929876	1.10841
0.929804	1.106002
0.929732	1.103591
0.929661	1.101179
0.929588	1.098766
0.929516	1.09635
0.929444	1.093933
0.929372	1.091514
0.9293	1.089094
0.929227	1.086671
0.929155	1.084247
0.929082	1.08182
0.92901	1.079393
0.928937	1.076963
0.928865	1.074532
0.928792	1.072099
0.928719	1.069665
0.928647	1.067228
0.928574	1.06479
0.928501	1.06235
0.928428	1.059908
0.928355	1.057464
0.928282	1.055019
0.928209	1.052572
0.928136	1.050123
0.928063	1.047673
0.92799	1.04522
0.927916	1.042765
0.927843	1.040309
0.927771	1.037851
0.927698	1.035392
0.927624	1.032931
0.92755	1.030468
0.927476	1.028003
0.927403	1.025536
0.927329	1.023067
0.927255	1.020597
0.927182	1.018125
0.927108	1.015651
0.927034	1.013176
0.926961	1.010698
0.926887	1.008219
0.926813	1.005738
0.926739	1.003255
0.926665	1.00077
0.926591	0.998283
0.926517	0.995795
0.926443	0.993305
0.926369	0.990814
0.926294	0.98832
0.92622	0.985825
0.926145	0.983327
0.926071	0.980828
0.925997	0.978327
0.925922	0.975824
0.925847	0.973319
0.925773	0.970813
0.925698	0.968305
0.925623	0.965795
0.925548	0.963283
0.925473	0.960769
0.925399	0.958253
0.925324	0.955736
0.925249	0.953217
0.925174	0.950696
0.925099	0.948174
0.925024	0.945649
0.924949	0.943122
0.924873	0.940594
0.924798	0.938064
0.924722	0.935532
0.924647	0.932998
0.924572	0.930462
0.924497	0.927925
0.924421	0.925385
0.924346	0.922844
0.92427	0.920301
0.924194	0.917756
0.924118	0.915209
0.924042	0.912661
0.923966	0.91011
0.92389	0.907558
0.923814	0.905003
0.923738	0.902447
0.923663	0.89989
0.923587	0.89733
0.923511	0.894768
0.923434	0.892205
0.923358	0.889639
0.923282	0.887072
0.923206	0.884503
0.923129	0.881932
0.923053	0.879359
0.922976	0.876785
0.922899	0.874208
0.922823	0.87163
0.922746	0.869049
0.922669	0.866467
0.922593	0.863883
0.922516	0.861297
0.922439	0.858709
0.922362	0.85612
0.922285	0.853529
0.922208	0.850935
0.922131	0.84834
0.922054	0.845743
0.921977	0.843143
0.9219	0.840542
0.921823	0.837939
0.921745	0.835334
0.921668	0.832728
0.92159	0.830119
0.921513	0.827508
0.921435	0.824896
0.921358	0.822282
0.92128	0.819666
0.921202	0.817048
0.921124	0.814428
0.921046	0.811806
0.920969	0.809181
0.920891	0.806556
0.920813	0.803928
0.920735	0.801298
0.920657	0.798667
0.920578	0.796034
0.9205	0.793398
0.920422	0.790761
0.920344	0.788122
0.920266	0.785481
0.920188	0.782837
0.920109	0.780192
0.92003	0.777545
0.919952	0.774896
0.919874	0.772246
0.919795	0.769593
0.919716	0.766938
0.919637	0.764281
0.919558	0.761623
0.91948	0.758962
0.919401	0.7563
0.919322	0.753635
0.919243	0.750969
0.919164	0.748301
0.919085	0.745631
0.919006	0.742959
0.918927	0.740284
0.918848	0.737608
0.918768	0.73493
0.918689	0.73225
0.918609	0.729568
0.918529	0.726884
0.91845	0.724199
0.91837	0.721512
0.91829	0.718822
0.918211	0.71613
0.918131	0.713436
0.918052	0.71074
0.917972	0.708042
0.917892	0.705343
0.917812	0.702641
0.917732	0.699938
0.917652	0.697232
0.917572	0.694525
0.917491	0.691815
0.917411	0.689104
0.917331	0.68639
0.917251	0.683675
0.917171	0.680957
0.91709	0.678237
0.91701	0.675516
0.916929	0.672793
0.916848	0.670067
0.916767	0.66734
0.916687	0.664611
0.916606	0.661879
0.916525	0.659146
0.916444	0.65641
0.916364	0.653673
0.916282	0.650933
0.916201	0.648192
0.91612	0.645448
0.916039	0.642703
0.915958	0.639956
0.915877	0.637206
0.915796	0.634454
0.915714	0.631701
0.915633	0.628945
0.915551	0.626188
0.91547	0.623428
0.915388	0.620666
0.915307	0.617903
0.915225	0.615137
0.915143	0.612369
0.915061	0.6096
0.914979	0.606828
0.914897	0.604054
0.914815	0.601278
0.914734	0.5985
0.914652	0.59572
0.914569	0.592939
0.914487	0.590155
0.914405	0.587368
0.914323	0.58458
0.91424	0.58179
0.914158	0.578997
0.914075	0.576203
0.913993	0.573407
0.91391	0.570609
0.913827	0.567808
0.913745	0.565006
0.913662	0.562201
0.913579	0.559394
0.913497	0.556585
0.913414	0.553774
0.91333	0.550961
0.913247	0.548147
0.913164	0.54533
0.913081	0.542511
0.912998	0.53969
0.912915	0.536867
0.912832	0.534041
0.912749	0.531214
0.912665	0.528385
0.912582	0.525553
0.912498	0.522719
0.912414	0.519884
0.91233	0.517046
0.912247	0.514206
0.912163	0.511364
0.912079	0.50852
0.911995	0.505673
0.911912	0.502825
0.911828	0.499975
0.911744	0.497122
0.91166	0.494268
0.911576	0.491411
0.911491	0.488552
0.911407	0.485691
0.911322	0.482828
0.911238	0.479963
0.911154	0.477095
0.91107	0.474225
0.910985	0.471354
0.9109	0.468481
0.910815	0.465605
0.910731	0.462727
0.910646	0.459847
0.910562	0.456964
0.910477	0.45408
0.910392	0.451193
0.910307	0.448305
0.910222	0.445414
0.910137	0.442521
0.910052	0.439626
0.909967	0.436729
0.909881	0.433829
0.909795	0.430928
0.90971	0.428024
0.909624	0.425119
0.909539	0.422211
0.909454	0.419301
0.909368	0.416388
0.909283	0.413474
0.909197	0.410557
0.909111	0.407639
0.909025	0.404718
0.908939	0.401795
0.908853	0.39887
0.908767	0.395943
0.908681	0.393013
0.908595	0.390081
0.908508	0.387147
0.908422	0.384211
0.908336	0.381273
0.908249	0.378333
0.908163	0.37539
0.908076	0.372445
0.90799	0.369498
0.907904	0.366548
0.907817	0.363597
0.90773	0.360643
0.907644	0.357687
0.907556	0.354729
0.907469	0.351769
0.907382	0.348807
0.907296	0.345842
0.907209	0.342875
0.907122	0.339906
0.907034	0.336935
0.906947	0.333961
0.906859	0.330986
0.906772	0.328008
0.906685	0.325027
0.906598	0.322045
0.90651	0.31906
0.906422	0.316073
0.906334	0.313084
0.906247	0.310093
0.906159	0.3071
0.906071	0.304104
0.905983	0.301106
0.905895	0.298106
0.905807	0.295104
0.905719	0.292099
0.905631	0.289092
0.905543	0.286082
0.905454	0.283071
0.905366	0.280057
0.905278	0.277041
0.905189	0.274023
0.905101	0.271003
0.905012	0.26798
0.904923	0.264955
0.904835	0.261928
0.904746	0.258898
0.904657	0.255866
0.904569	0.252832
0.90448	0.249796
0.904391	0.246757
0.904302	0.243717
0.904213	0.240674
0.904124	0.237628
0.904034	0.23458
0.903945	0.23153
0.903856	0.228477
0.903766	0.225422
0.903677	0.222365
0.903587	0.219306
0.903498	0.216245
0.903408	0.213181
0.903318	0.210115
0.903228	0.207047
0.903139	0.203976
0.903048	0.200903
0.902958	0.197827
0.902868	0.19475
0.902779	0.19167
0.902689	0.188588
0.902599	0.185503
0.902508	0.182416
0.902417	0.179326
0.902327	0.176235
0.902236	0.173142
0.902146	0.170046
0.902056	0.166947
0.901965	0.163846
0.901874	0.160742
0.901783	0.157637
0.901692	0.154529
0.901602	0.151419
0.901511	0.148306
0.90142	0.145191
0.901329	0.142074
0.901238	0.138954
0.901147	0.135832
0.901056	0.132708
0.900964	0.129581
0.900873	0.126452
0.900781	0.12332
0.90069	0.120186
0.900598	0.117049
0.900506	0.113911
0.900415	0.11077
0.900323	0.107627
0.900231	0.104481
0.90014	0.101333
0.900048	0.098182
0.899956	0.095029
0.899864	0.091874
0.899772	0.088717
0.899679	0.085557
0.899587	0.082395
0.899495	0.07923
0.899402	0.076062
0.89931	0.072893
0.899217	0.06972
0.899125	0.066546
0.899032	0.063368
0.898939	0.060189
0.898846	0.057008
0.898754	0.053824
0.898661	0.050637
0.898568	0.047448
0.898475	0.044257
0.898382	0.041063
0.898289	0.037867
0.898196	0.034668
0.898102	0.031466
0.898009	0.028263
0.897915	0.025057
0.897822	0.021848
0.897728	0.018637
0.897635	0.015424
0.897541	0.012209
0.897448	0.00899
0.897354	0.00577
0.89726	0.002547
0.897166	-0.000679
0.897072	-0.003907
0.896978	-0.007138
0.896884	-0.010371
0.89679	-0.013606
0.896695	-0.016844
0.896601	-0.020085
0.896507	-0.023328
0.896412	-0.026573
0.896318	-0.029821
0.896223	-0.033072
0.896129	-0.036324
0.896034	-0.039579
0.895939	-0.042837
0.895844	-0.046097
0.895749	-0.04936
0.895654	-0.052626
0.895559	-0.055894
0.895464	-0.059164
0.895369	-0.062437
0.895274	-0.065712
0.895179	-0.06899
0.895084	-0.07227
0.894988	-0.075553
0.894893	-0.078839
0.894797	-0.082127
0.894701	-0.085417
0.894605	-0.08871
0.89451	-0.092005
0.894414	-0.095304
0.894318	-0.098604
0.894222	-0.101908
0.894126	-0.105213
0.89403	-0.108521
0.893934	-0.111832
0.893838	-0.115145
0.893742	-0.118461
0.893646	-0.12178
0.893549	-0.125101
0.893453	-0.128424
0.893356	-0.13175
0.89326	-0.135079
0.893163	-0.13841
0.893066	-0.141744
0.89297	-0.145081
0.892873	-0.14842
0.892776	-0.151761
0.892679	-0.155105
0.892582	-0.158452
0.892485	-0.161801
0.892387	-0.165153
0.89229	-0.168508
0.892193	-0.171865
0.892096	-0.175224
0.891998	-0.178587
0.8919	-0.181952
0.891803	-0.185319
0.891705	-0.18869
0.891607	-0.192063
0.89151	-0.195438
0.891412	-0.198816
0.891314	-0.202196
0.891216	-0.20558
0.891118	-0.208965
0.891019	-0.212354
0.890921	-0.215744
0.890823	-0.219138
0.890724	-0.222534
0.890626	-0.225934
0.890527	-0.229336
0.890429	-0.23274
0.89033	-0.236147
0.890231	-0.239557
0.890132	-0.242969
0.890034	-0.246383
0.889935	-0.249801
0.889836	-0.253222
0.889738	-0.256645
0.889639	-0.26007
0.889539	-0.263498
0.88944	-0.266929
0.88934	-0.270362
0.889241	-0.273799
0.889142	-0.277238
0.889042	-0.28068
0.888942	-0.284124
0.888843	-0.287571
0.888743	-0.291021
0.888643	-0.294473
0.888543	-0.297929
0.888443	-0.301387
0.888343	-0.304847
0.888244	-0.30831
0.888143	-0.311775
0.888043	-0.315244
0.887942	-0.318716
0.887842	-0.32219
0.887742	-0.325667
0.887641	-0.329146
0.887541	-0.332629
0.88744	-0.336114
0.88734	-0.339602
0.887239	-0.343093
0.887138	-0.346586
0.887037	-0.350082
0.886936	-0.35358
0.886835	-0.357082
0.886733	-0.360586
0.886632	-0.364093
0.886531	-0.367603
0.886429	-0.371115
0.886328	-0.374631
0.886227	-0.378149
0.886125	-0.38167
0.886024	-0.385193
0.885922	-0.38872
0.88582	-0.392249
0.885718	-0.395781
0.885616	-0.399316
0.885514	-0.402853
0.885413	-0.406394
0.88531	-0.409937
0.885208	-0.413483
0.885106	-0.417032
0.885003	-0.420584
0.884901	-0.424138
0.884798	-0.427695
0.884696	-0.431256
0.884593	-0.434819
0.88449	-0.438384
0.884388	-0.441953
0.884285	-0.445524
0.884182	-0.449098
0.884079	-0.452675
0.883976	-0.456255
0.883873	-0.459837
0.883769	-0.463423
0.883666	-0.467011
0.883563	-0.470602
0.883459	-0.474197
0.883356	-0.477794
0.883252	-0.481394
0.883149	-0.484997
0.883045	-0.488602
0.882941	-0.492211
0.882837	-0.495822
0.882733	-0.499436
0.882629	-0.503053
0.882525	-0.506673
0.88242	-0.510296
0.882316	-0.513922
0.882212	-0.51755
0.882107	-0.521182
0.882003	-0.524816
0.881899	-0.528453
0.881794	-0.532094
0.881689	-0.535737
0.881585	-0.539384
0.88148	-0.543033
0.881375	-0.546685
0.88127	-0.550339
0.881165	-0.553997
0.881059	-0.557658
0.880954	-0.561321
0.880849	-0.564988
0.880744	-0.568658
0.880639	-0.57233
0.880533	-0.576005
0.880427	-0.579684
0.880322	-0.583366
0.880216	-0.58705
0.88011	-0.590737
0.880004	-0.594427
0.879898	-0.59812
0.879792	-0.601817
0.879686	-0.605516
0.87958	-0.609218
0.879473	-0.612923
0.879367	-0.616631
0.879261	-0.620343
0.879154	-0.624057
0.879047	-0.627774
0.878941	-0.631495
0.878834	-0.635218
0.878728	-0.638944
0.878621	-0.642673
0.878514	-0.646405
0.878406	-0.65014
0.878299	-0.653878
0.878192	-0.657619
0.878084	-0.661363
0.877977	-0.665111
0.87787	-0.668861
0.877763	-0.672615
0.877655	-0.676372
0.877548	-0.680131
0.87744	-0.683893
0.877332	-0.687659
0.877224	-0.691428
0.877116	-0.6952
0.877008	-0.698975
0.8769	-0.702753
0.876792	-0.706533
0.876683	-0.710317
0.876575	-0.714104
0.876467	-0.717894
0.876358	-0.721688
0.87625	-0.725485
0.876141	-0.729284
0.876032	-0.733087
0.875923	-0.736892
0.875814	-0.740701
0.875705	-0.744513
0.875596	-0.748328
0.875487	-0.752146
0.875377	-0.755967
0.875268	-0.759792
0.875159	-0.76362
0.87505	-0.76745
0.87494	-0.771284
0.87483	-0.775121
0.87472	-0.778961
0.874611	-0.782805
0.874501	-0.786651
0.874392	-0.7905
0.874281	-0.794353
0.874171	-0.798209
0.874061	-0.802068
0.873951	-0.80593
0.873841	-0.809796
0.87373	-0.813665
0.87362	-0.817537
0.873509	-0.821412
0.873398	-0.82529
0.873287	-0.829171
0.873177	-0.833056
0.873065	-0.836944
0.872954	-0.840835
0.872843	-0.844729
0.872732	-0.848627
0.872621	-0.852527
0.87251	-0.856431
0.872399	-0.860338
0.872288	-0.864248
0.872176	-0.868162
0.872064	-0.872079
0.871952	-0.875999
0.87184	-0.879923
0.871728	-0.883849
0.871617	-0.887779
0.871505	-0.891712
0.871393	-0.895649
0.871281	-0.899588
0.871168	-0.903531
0.871056	-0.907477
0.870943	-0.911427
0.870831	-0.915379
0.870718	-0.919335
0.870606	-0.923295
0.870493	-0.927257
0.87038	-0.931224
0.870267	-0.935193
0.870154	-0.939166
0.87004	-0.943142
0.869927	-0.947121
0.869814	-0.951103
0.8697	-0.955089
0.869587	-0.959079
0.869474	-0.963071
0.869361	-0.967067
0.869247	-0.971066
0.869133	-0.975068
0.869019	-0.979075
0.868905	-0.983084
0.868791	-0.987097
0.868677	-0.991113
0.868563	-0.995133
0.868448	-0.999155
0.868334	-1.003181
0.868219	-1.007211
0.868105	-1.011244
0.86799	-1.015281
0.867875	-1.019321
0.867761	-1.023364
0.867646	-1.02741
0.867531	-1.03146
0.867416	-1.035514
0.867301	-1.039571
0.867185	-1.043631
0.86707	-1.047695
0.866955	-1.051762
0.86684	-1.055832
0.866724	-1.059906
0.866609	-1.063984
0.866493	-1.068065
0.866377	-1.072149
0.866261	-1.076236
0.866145	-1.080328
0.866029	-1.084423
0.865913	-1.088521
0.865797	-1.092623
0.86568	-1.096728
0.865564	-1.100837
0.865447	-1.104949
0.86533	-1.109065
0.865214	-1.113184
0.865097	-1.117306
0.86498	-1.121432
0.864863	-1.125562
0.864746	-1.129695
0.864629	-1.133832
0.864512	-1.137973
0.864395	-1.142117
0.864277	-1.146264
0.864159	-1.150415
0.864042	-1.15457
0.863924	-1.158727
0.863807	-1.162889
0.863689	-1.167054
0.863571	-1.171223
0.863453	-1.175395
0.863334	-1.179571
0.863216	-1.183751
0.863098	-1.187933
0.86298	-1.19212
0.862862	-1.19631
0.862743	-1.200504
0.862625	-1.204702
0.862506	-1.208903
0.862387	-1.213107
0.862268	-1.217315
0.862149	-1.221527
0.86203	-1.225743
0.861911	-1.229962
0.861791	-1.234185
0.861672	-1.238412
0.861553	-1.242642
0.861433	-1.246876
0.861313	-1.251114
0.861194	-1.255355
0.861074	-1.2596
0.860955	-1.263848
0.860834	-1.2681
0.860714	-1.272356
0.860593	-1.276615
0.860473	-1.280878
0.860353	-1.285145
0.860233	-1.289416
0.860113	-1.29369
0.859992	-1.297968
0.859871	-1.30225
0.85975	-1.306535
0.859629	-1.310825
0.859508	-1.315118
0.859387	-1.319415
0.859266	-1.323715
0.859145	-1.328019
0.859023	-1.332327
0.858902	-1.336639
0.858781	-1.340954
0.858659	-1.345274
0.858537	-1.349597
0.858415	-1.353924
0.858293	-1.358254
0.858171	-1.362589
0.858049	-1.366927
0.857927	-1.371269
0.857805	-1.375615
0.857683	-1.379965
0.85756	-1.384318
0.857437	-1.388676
0.857315	-1.393037
0.857192	-1.397401
0.85707	-1.40177
0.856946	-1.406142
0.856823	-1.410519
0.8567	-1.414899
0.856576	-1.419284
0.856454	-1.423672
0.85633	-1.428064
0.856207	-1.43246
0.856083	-1.43686
0.855959	-1.441264
0.855835	-1.445671
0.855711	-1.450082
0.855587	-1.454498
0.855463	-1.458917
0.855339	-1.46334
0.855215	-1.467767
0.855091	-1.472199
0.854966	-1.476634
0.854842	-1.481072
0.854717	-1.485515
0.854592	-1.489962
0.854468	-1.494413
0.854343	-1.498868
0.854217	-1.503326
0.854092	-1.507789
0.853967	-1.512256
0.853841	-1.516726
0.853716	-1.521201
0.853591	-1.52568
0.853465	-1.530162
0.853339	-1.534649
0.853213	-1.53914
0.853087	-1.543634
0.852961	-1.548133
0.852835	-1.552636
0.852709	-1.557143
0.852583	-1.561654
0.852456	-1.566169
0.85233	-1.570688
0.852203	-1.575211
0.852076	-1.579738
0.851949	-1.584269
0.851822	-1.588805
0.851695	-1.593344
0.851568	-1.597887
0.851441	-1.602435
0.851314	-1.606987
0.851186	-1.611542
0.851059	-1.616102
0.850931	-1.620666
0.850804	-1.625235
0.850676	-1.629807
0.850548	-1.634383
0.85042	-1.638964
0.850291	-1.643549
0.850163	-1.648137
0.850035	-1.65273
0.849907	-1.657327
0.849778	-1.661929
0.849649	-1.666535
0.849521	-1.671145
0.849392	-1.675758
0.849263	-1.680376
0.849134	-1.684999
0.849005	-1.689626
0.848876	-1.694257
0.848747	-1.698892
0.848617	-1.703531
0.848488	-1.708175
0.848358	-1.712823
0.848228	-1.717475
0.848098	-1.722131
0.847968	-1.726791
0.847838	-1.731456
0.847708	-1.736125
0.847577	-1.740798
0.847447	-1.745476
0.847317	-1.750158
0.847186	-1.754844
0.847055	-1.759535
0.846924	-1.76423
0.846793	-1.768929
0.846662	-1.773633
0.846532	-1.778341
0.8464	-1.783053
0.846269	-1.78777
0.846138	-1.79249
0.846006	-1.797216
0.845875	-1.801945
0.845743	-1.80668
0.845611	-1.811419
0.845479	-1.816162
0.845347	-1.820909
0.845215	-1.82566
0.845083	-1.830416
0.84495	-1.835177
0.844817	-1.839942
0.844685	-1.844711
0.844552	-1.849485
0.844419	-1.854263
0.844286	-1.859046
0.844154	-1.863833
0.844021	-1.868625
0.843887	-1.873421
0.843754	-1.878222
0.84362	-1.883027
0.843487	-1.887836
0.843353	-1.89265
0.84322	-1.897469
0.843086	-1.902292
0.842952	-1.907119
0.842818	-1.911952
0.842683	-1.916788
0.842549	-1.92163
0.842414	-1.926475
0.84228	-1.931326
0.842145	-1.936181
0.842011	-1.941041
0.841876	-1.945905
0.841741	-1.950774
0.841605	-1.955647
0.84147	-1.960524
0.841334	-1.965407
0.841199	-1.970294
0.841064	-1.975186
0.840929	-1.980082
0.840793	-1.984983
0.840657	-1.989889
0.840521	-1.994799
0.840385	-1.999714
0.840249	-2.004633
0.840113	-2.009558
0.839976	-2.014486
0.839839	-2.01942
0.839702	-2.024359
0.839565	-2.029302
0.839428	-2.03425
0.839292	-2.039202
0.839155	-2.044159
0.839018	-2.049121
0.838881	-2.054088
0.838743	-2.05906
0.838605	-2.064036
0.838467	-2.069017
0.838329	-2.074003
0.838191	-2.078993
0.838053	-2.083988
0.837915	-2.088989
0.837777	-2.093994
0.837639	-2.099004
0.837501	-2.104018
0.837362	-2.109037
0.837223	-2.114061
0.837084	-2.11909
0.836946	-2.124124
0.836807	-2.129163
0.836668	-2.134207
0.836528	-2.139256
0.836389	-2.144309
0.836249	-2.149367
0.83611	-2.154431
0.83597	-2.159499
0.83583	-2.164571
0.83569	-2.169649
0.83555	-2.174732
0.835409	-2.17982
0.835269	-2.184913
0.835129	-2.190011
0.834988	-2.195114
0.834847	-2.200221
0.834707	-2.205334
0.834566	-2.210452
0.834425	-2.215575
0.834284	-2.220702
0.834143	-2.225835
0.834001	-2.230972
0.83386	-2.236115
0.833718	-2.241262
0.833576	-2.246415
0.833434	-2.251573
0.833292	-2.256737
0.83315	-2.261905
0.833008	-2.267078
0.832866	-2.272256
0.832723	-2.277439
0.832581	-2.282628
0.832438	-2.287821
0.832295	-2.293019
0.832152	-2.298223
0.832009	-2.303432
0.831865	-2.308646
0.831722	-2.313865
0.831579	-2.31909
0.831436	-2.324319
0.831292	-2.329554
0.831148	-2.334794
0.831004	-2.340039
0.83086	-2.34529
0.830716	-2.350546
0.830572	-2.355806
0.830427	-2.361072
0.830283	-2.366344
0.830138	-2.37162
0.829994	-2.376902
0.829849	-2.382189
0.829703	-2.387482
0.829558	-2.392779
0.829412	-2.398082
0.829267	-2.403391
0.829122	-2.408704
0.828977	-2.414023
0.828831	-2.419347
0.828685	-2.424677
0.828538	-2.430012
0.828392	-2.435352
0.828246	-2.440698
0.828099	-2.446049
0.827952	-2.451405
0.827806	-2.456768
0.827659	-2.462135
0.827513	-2.467508
0.827365	-2.472886
0.827218	-2.478269
0.82707	-2.483658
0.826923	-2.489053
0.826776	-2.494453
0.826628	-2.499859
0.826481	-2.50527
0.826332	-2.510686
0.826184	-2.516108
0.826036	-2.521536
0.825887	-2.526969
0.825739	-2.532408
0.82559	-2.537852
0.825441	-2.543302
0.825293	-2.548757
0.825144	-2.554218
0.824994	-2.559684
0.824845	-2.565156
0.824696	-2.570633
0.824546	-2.576117
0.824397	-2.581606
0.824247	-2.587101
0.824097	-2.592601
0.823947	-2.598107
0.823796	-2.603619
0.823646	-2.609135
0.823496	-2.614658
0.823345	-2.620187
0.823195	-2.625722
0.823044	-2.631262
0.822893	-2.636807
0.822742	-2.642359
0.82259	-2.647916
0.822439	-2.653479
0.822287	-2.659048
0.822135	-2.664622
0.821983	-2.670202
0.821832	-2.675789
0.82168	-2.681381
0.821528	-2.686979
0.821375	-2.692583
0.821223	-2.698192
0.82107	-2.703807
0.820918	-2.709429
0.820765	-2.715056
0.820612	-2.720689
0.820459	-2.726328
0.820305	-2.731972
0.820152	-2.737623
0.819999	-2.743279
0.819845	-2.748942
0.819691	-2.754611
0.819537	-2.760285
0.819382	-2.765966
0.819228	-2.771652
0.819073	-2.777345
0.818919	-2.783044
0.818765	-2.788748
0.81861	-2.794459
0.818455	-2.800175
0.818299	-2.805898
0.818144	-2.811627
0.817989	-2.817361
0.817834	-2.823102
0.817678	-2.828849
0.817522	-2.834602
0.817366	-2.840362
0.81721	-2.846127
0.817054	-2.851899
0.816898	-2.857676
0.816741	-2.86346
0.816584	-2.86925
0.816427	-2.875046
0.816271	-2.880848
0.816114	-2.886657
0.815957	-2.892472
0.815799	-2.898293
0.815641	-2.90412
0.815483	-2.909954
0.815326	-2.915794
0.815168	-2.92164
0.81501	-2.927492
0.814852	-2.933351
0.814693	-2.939216
0.814535	-2.945088
0.814376	-2.950966
0.814217	-2.95685
0.814058	-2.962741
0.813899	-2.968637
0.813739	-2.97454
0.81358	-2.98045
0.81342	-2.986367
0.813261	-2.992289
0.813101	-2.998218
0.812941	-3.004154
0.81278	-3.010095
0.81262	-3.016044
0.81246	-3.021999
0.812299	-3.02796
0.812138	-3.033929
0.811978	-3.039903
0.811816	-3.045884
0.811655	-3.051872
0.811494	-3.057866
0.811333	-3.063867
0.811171	-3.069874
0.811009	-3.075888
0.810847	-3.081909
0.810685	-3.087936
0.810522	-3.093969
0.81036	-3.10001
0.810198	-3.106058
0.810035	-3.112112
0.809872	-3.118172
0.809709	-3.124239
0.809546	-3.130313
0.809383	-3.136394
0.809219	3.140704
0.809055	3.134609
0.808891	3.128508
0.808727	3.1224
0.808563	3.116285
0.808399	3.110164
0.808234	3.104035
0.80807	3.0979
0.807905	3.091758
0.80774	3.085609
0.807575	3.079453
0.80741	3.07329
0.807245	3.067121
0.807079	3.060944
0.806914	3.05476
0.806748	3.048569
0.806582	3.042371
0.806415	3.036167
0.806249	3.029956
0.806082	3.023737
0.805916	3.017512
0.80575	3.011279
0.805583	3.00504
0.805415	2.998793
0.805248	2.992539
0.80508	2.986278
0.804913	2.98001
0.804745	2.973734
0.804577	2.967452
0.804409	2.961162
0.80424	2.954865
0.804072	2.948562
0.803903	2.94225
0.803734	2.935932
0.803566	2.929606
0.803396	2.923273
0.803227	2.916933
0.803057	2.910585
0.802888	2.904231
0.802719	2.897869
0.802549	2.8915
0.802379	2.885123
0.802209	2.878738
0.802038	2.872347
0.801867	2.865948
0.801696	2.859542
0.801525	2.853128
0.801354	2.846707
0.801183	2.840279
0.801011	2.833843
0.80084	2.827399
0.800668	2.820949
0.800496	2.81449
0.800325	2.808024
0.800152	2.80155
0.79998	2.795069
0.799807	2.78858
0.799634	2.782084
0.799461	2.775579
0.799288	2.769068
0.799115	2.762548
0.798941	2.756022
0.798768	2.749487
0.798594	2.742945
0.798419	2.736396
0.798245	2.729838
0.798071	2.723272
0.797896	2.716699
0.797722	2.710118
0.797547	2.703529
0.797372	2.696932
0.797197	2.690328
0.797022	2.683716
0.796846	2.677095
0.79667	2.670467
0.796494	2.663831
0.796318	2.657187
0.796142	2.650536
0.795965	2.643876
0.795789	2.637208
0.795612	2.630532
0.795435	2.623849
0.795257	2.617157
0.79508	2.610458
0.794902	2.60375
0.794725	2.597034
0.794547	2.59031
0.794369	2.583578
0.79419	2.576837
0.794012	2.570089
0.793834	2.563333
0.793655	2.556569
0.793476	2.549796
0.793296	2.543015
0.793117	2.536225
0.792938	2.529428
0.792758	2.522622
0.792578	2.515808
0.792397	2.508986
0.792217	2.502155
0.792037	2.495316
0.791856	2.488468
0.791675	2.481612
0.791494	2.474748
0.791312	2.467875
0.791131	2.460994
0.79095	2.454104
0.790768	2.447206
0.790586	2.4403
0.790403	2.433385
0.790221	2.426462
0.790039	2.419529
0.789856	2.412589
0.789673	2.405639
0.78949	2.398682
0.789307	2.391715
0.789123	2.38474
0.78894	2.377756
0.788755	2.370764
0.788571	2.363763
0.788387	2.356753
0.788202	2.349734
0.788018	2.342706
0.787833	2.33567
0.787648	2.328625
0.787463	2.321571
0.787277	2.314508
0.787091	2.307437
0.786905	2.300356
0.786719	2.293267
0.786533	2.286168
0.786346	2.279061
0.78616	2.271945
0.785973	2.264819
0.785786	2.257685
0.785598	2.250541
0.785411	2.243389
0.785223	2.236227
0.785035	2.229057
0.784848	2.221877
0.78466	2.214688
0.784471	2.20749
0.784283	2.200283
0.784094	2.193066
0.783905	2.185841
0.783715	2.178606
0.783526	2.171362
0.783336	2.164108
0.783146	2.156845
0.782956	2.149573
0.782766	2.142291
0.782575	2.135
0.782385	2.1277
0.782194	2.120391
0.782002	2.113071
0.781811	2.105743
0.781619	2.098404
0.781427	2.091057
0.781235	2.083699
0.781043	2.076332
0.780851	2.068955
0.780658	2.061569
0.780465	2.054173
0.780273	2.046768
0.780079	2.039353
0.779886	2.031928
0.779692	2.024494
0.779498	2.017049
0.779304	2.009595
0.779109	2.002131
0.778915	1.994657
0.77872	1.987174
0.778525	1.979681
0.778329	1.972177
0.778134	1.964664
0.777938	1.957141
0.777743	1.949608
0.777547	1.942065
0.777351	1.934512
0.777154	1.926949
0.776957	1.919375
0.77676	1.911792
0.776563	1.904198
0.776365	1.896594
0.776168	1.88898
0.77597	1.881356
0.775772	1.873722
0.775574	1.866077
0.775376	1.858422
0.775177	1.850757
0.774978	1.843081
0.774778	1.835395
0.774579	1.827699
0.774379	1.819992
0.77418	1.812275
0.77398	1.804548
0.773779	1.79681
0.773579	1.789061
0.773378	1.781302
0.773177	1.773532
0.772975	1.765752
0.772774	1.757962
0.772572	1.75016
0.77237	1.742348
0.772168	1.734525
0.771966	1.726691
0.771763	1.718847
0.77156	1.710992
0.771357	1.703126
0.771153	1.695248
0.77095	1.68736
0.770746	1.679462
0.770542	1.671552
0.770338	1.663632
0.770133	1.655701
0.769928	1.647758
0.769723	1.639805
0.769518	1.63184
0.769313	1.623864
0.769107	1.615877
0.768901	1.607878
0.768695	1.599869
0.768488	1.591849
0.768282	1.583817
0.768075	1.575774
0.767867	1.56772
0.76766	1.559655
0.767452	1.551578
0.767244	1.543489
0.767036	1.535389
0.766828	1.527278
0.766619	1.519156
0.766409	1.511021
0.7662	1.502875
0.765991	1.494718
0.765781	1.486548
0.765571	1.478368
0.765362	1.470176
0.765151	1.461972
0.76494	1.453756
0.764729	1.445529
0.764518	1.437289
0.764307	1.429038
0.764095	1.420774
0.763883	1.4125
0.763671	1.404213
0.763458	1.395914
0.763245	1.387603
0.763032	1.37928
0.762819	1.370945
0.762606	1.362598
0.762392	1.354239
0.762178	1.345868
0.761964	1.337484
0.761749	1.329088
0.761534	1.32068
0.761319	1.31226
0.761104	1.303827
0.760888	1.295382
0.760672	1.286925
0.760456	1.278455
0.760239	1.269973
0.760023	1.261478
0.759806	1.25297
0.759589	1.24445
0.759371	1.235918
0.759153	1.227373
0.758935	1.218815
0.758716	1.210244
0.758498	1.201661
0.758279	1.193065
0.75806	1.184456
0.757841	1.175834
0.757621	1.167199
0.757401	1.158551
0.757181	1.149891
0.75696	1.141217
0.756739	1.132531
0.756518	1.123831
0.756297	1.115118
0.756075	1.106392
0.755853	1.097653
0.755631	1.0889
0.755409	1.080134
0.755186	1.071356
0.754963	1.062563
0.75474	1.053758
0.754516	1.044938
0.754292	1.036105
0.754068	1.027259
0.753843	1.018399
0.753618	1.009526
0.753393	1.00064
0.753168	0.991739
0.752943	0.982825
0.752716	0.973897
0.75249	0.964955
0.752263	0.955999
0.752037	0.94703
0.75181	0.938047
0.751583	0.929049
0.751355	0.920038
0.751126	0.911013
0.750898	0.901973
0.750669	0.89292
0.750441	0.883852
0.750211	0.87477
0.749982	0.865674
0.749752	0.856564
0.749522	0.847439
0.749292	0.838301
0.749061	0.829147
0.74883	0.819979
0.748599	0.810796
0.748368	0.801599
0.748136	0.792388
0.747903	0.783161
0.747671	0.773921
0.747438	0.764665
0.747204	0.755395
0.746971	0.746109
0.746737	0.736809
0.746503	0.727494
0.746269	0.718164
0.746034	0.70882
0.745798	0.69946
0.745563	0.690085
0.745327	0.680695
0.745092	0.67129
0.744856	0.661869
0.744619	0.652433
0.744382	0.642982
0.744144	0.633516
0.743906	0.624034
0.743668	0.614537
0.74343	0.605024
0.743192	0.595495
0.742953	0.585951
0.742714	0.576391
0.742474	0.566816
0.742234	0.557225
0.741993	0.547618
0.741753	0.537995
0.741512	0.528356
0.741271	0.518702
0.74103	0.509031
0.740788	0.499344
0.740545	0.489641
0.740303	0.479922
0.740059	0.470186
0.739816	0.460435
0.739572	0.450667
0.739328	0.440883
0.739084	0.431083
0.73884	0.421266
0.738595	0.411432
0.738349	0.401582
0.738104	0.391715
0.737858	0.381831
0.737611	0.371931
0.737364	0.362014
0.737117	0.35208
0.736869	0.342129
0.736621	0.332161
0.736373	0.322176
0.736125	0.312174
0.735876	0.302155
0.735627	0.292119
0.735378	0.282066
0.735127	0.271995
0.734877	0.261907
0.734626	0.251801
0.734375	0.241678
0.734124	0.231537
0.733872	0.221379
0.73362	0.211203
0.733367	0.20101
0.733114	0.190798
0.732861	0.180569
0.732608	0.170321
0.732354	0.160056
0.7321	0.149773
0.731845	0.139473
0.73159	0.129153
0.731334	0.118816
0.731078	0.10846
0.730822	0.098086
0.730565	0.087694
0.730308	0.077283
0.730051	0.066853
0.729793	0.056405
0.729535	0.045938
0.729276	0.035453
0.729017	0.024949
0.728759	0.014426
0.728499	0.003885
0.728239	-0.006676
0.727978	-0.017256
0.727717	-0.027855
0.727456	-0.038473
0.727195	-0.04911
0.726932	-0.059767
0.72667	-0.070443
0.726406	-0.081139
0.726143	-0.091854
0.725879	-0.102588
0.725615	-0.113342
0.725351	-0.124116
0.725086	-0.134909
0.724821	-0.145722
0.724555	-0.156556
0.724289	-0.167409
0.724022	-0.178283
0.723756	-0.189177
0.723489	-0.200091
0.723221	-0.211025
0.722953	-0.221979
0.722684	-0.232954
0.722415	-0.243949
0.722145	-0.254965
0.721875	-0.266002
0.721605	-0.277059
0.721334	-0.288138
0.721063	-0.299237
0.720792	-0.310357
0.720519	-0.321498
0.720247	-0.33266
0.719974	-0.343843
0.719701	-0.355047
0.719427	-0.366273
0.719153	-0.377521
0.718879	-0.38879
0.718604	-0.40008
0.718328	-0.411392
0.718052	-0.422726
0.717775	-0.434081
0.717498	-0.445459
0.717221	-0.456859
0.716944	-0.46828
0.716666	-0.479724
0.716387	-0.49119
0.716108	-0.502679
0.715828	-0.51419
0.715548	-0.525723
0.715268	-0.537278
0.714986	-0.548857
0.714705	-0.560458
0.714423	-0.572082
0.714141	-0.583729
0.713859	-0.595399
0.713575	-0.607092
0.713292	-0.618809
0.713007	-0.630548
0.712722	-0.642311
0.712437	-0.654097
0.712151	-0.665907
0.711865	-0.677741
0.711578	-0.689598
0.711292	-0.70148
0.711004	-0.713385
0.710716	-0.725314
0.710427	-0.737267
0.710138	-0.749245
0.709849	-0.761246
0.709559	-0.773273
0.709268	-0.785323
0.708977	-0.797398
0.708686	-0.809498
0.708394	-0.821623
0.708102	-0.833773
0.707809	-0.845947
0.707515	-0.858147
0.707221	-0.870372
0.706927	-0.882622
0.706631	-0.894897
0.706336	-0.907198
0.70604	-0.919524
0.705743	-0.931877
0.705446	-0.944255
0.705149	-0.956659
0.704851	-0.96909
0.704552	-0.981546
0.704253	-0.994028
0.703953	-1.006537
0.703653	-1.019072
0.703352	-1.031634
0.70305	-1.044222
0.702749	-1.056838
0.702446	-1.06948
0.702143	-1.082149
0.70184	-1.094845
0.701535	-1.107569
0.701231	-1.120319
0.700926	-1.133098
0.70062	-1.145903
0.700314	-1.158737
0.700007	-1.171598
0.6997	-1.184487
0.699392	-1.197405
0.699084	-1.210351
0.698775	-1.223324
0.698465	-1.236327
0.698155	-1.249357
0.697844	-1.262416
0.697533	-1.275505
0.697221	-1.288621
0.696908	-1.301767
0.696595	-1.314942
0.696281	-1.328147
0.695967	-1.341381
0.695653	-1.354645
0.695338	-1.367938
0.695022	-1.381261
0.694705	-1.394613
0.694388	-1.407996
0.69407	-1.421409
0.693752	-1.434852
0.693433	-1.448326
0.693113	-1.461831
0.692792	-1.475366
0.692471	-1.488932
0.69215	-1.502529
0.691828	-1.516157
0.691506	-1.529817
0.691182	-1.543507
0.690858	-1.557229
0.690534	-1.570983
0.690208	-1.584769
0.689883	-1.598587
0.689556	-1.612437
0.689229	-1.62632
0.688902	-1.640235
0.688573	-1.654182
0.688244	-1.668162
0.687914	-1.682175
0.687583	-1.696221
0.687252	-1.7103
0.686921	-1.724412
0.686589	-1.738558
0.686256	-1.752738
0.685923	-1.766952
0.685589	-1.781199
0.685253	-1.795481
0.684917	-1.809797
0.684581	-1.824147
0.684244	-1.838532
0.683906	-1.852951
0.683568	-1.867406
0.683229	-1.881896
0.682889	-1.896421
0.682549	-1.910981
0.682208	-1.925577
0.681866	-1.940209
0.681523	-1.954877
0.681179	-1.969581
0.680836	-1.984322
0.680491	-1.999099
0.680146	-2.013912
0.6798	-2.028762
0.679453	-2.043649
0.679105	-2.058573
0.678757	-2.073536
0.678408	-2.088535
0.678058	-2.103573
0.677708	-2.118648
0.677356	-2.133761
0.677004	-2.148913
0.676652	-2.164103
0.676298	-2.179332
0.675943	-2.194599
0.675588	-2.209906
0.675233	-2.225252
0.674876	-2.240638
0.674518	-2.256063
0.67416	-2.271528
0.673801	-2.287034
0.673442	-2.30258
0.673081	-2.318166
0.67272	-2.333793
0.672358	-2.34946
0.671995	-2.365169
0.671631	-2.380919
0.671266	-2.396711
0.670901	-2.412545
0.670535	-2.42842
0.670168	-2.444338
0.6698	-2.460299
0.669431	-2.476302
0.669062	-2.492348
0.668691	-2.508437
0.66832	-2.524569
0.667949	-2.540745
0.667576	-2.556964
0.667202	-2.573228
0.666828	-2.589535
0.666452	-2.605888
0.666076	-2.622285
0.665698	-2.638728
0.66532	-2.655216
0.664941	-2.671749
0.664562	-2.688327
0.664181	-2.704952
0.6638	-2.721623
0.663417	-2.73834
0.663034	-2.755104
0.66265	-2.771915
0.662265	-2.788773
0.661878	-2.805679
0.661491	-2.822633
0.661103	-2.839635
0.660714	-2.856685
0.660324	-2.873784
0.659934	-2.890931
0.659542	-2.908128
0.659149	-2.925374
0.658756	-2.94267
0.658361	-2.960016
0.657965	-2.977411
0.657569	-2.994858
0.657172	-3.012356
0.656774	-3.029904
0.656374	-3.047505
0.655973	-3.065156
0.655572	-3.08286
0.655169	-3.100616
0.654766	-3.118424
0.654362	-3.136286
0.653956	3.128984
0.65355	3.111015
0.653142	3.092993
0.652733	3.074917
0.652323	3.056786
0.651913	3.038599
0.651501	3.020358
0.651088	3.002061
0.650674	2.983708
0.650259	2.9653
0.649843	2.946834
0.649426	2.928312
0.649008	2.909732
0.648589	2.891095
0.648168	2.872401
0.647747	2.853648
0.647325	2.834836
0.646901	2.815965
0.646475	2.797034
0.646049	2.778044
0.645622	2.758994
0.645194	2.739884
0.644764	2.720713
0.644334	2.70148
0.643902	2.682186
0.643469	2.662829
0.643035	2.643411
0.642599	2.623929
0.642163	2.604384
0.641725	2.584776
0.641286	2.565104
0.640846	2.545367
0.640404	2.525565
0.639961	2.505698
0.639517	2.485765
0.639072	2.465766
0.638626	2.445701
0.638178	2.425568
0.637729	2.405369
0.637278	2.385101
0.636827	2.364764
0.636374	2.344359
0.63592	2.323885
0.635464	2.303341
0.635007	2.282727
0.634549	2.262042
0.634089	2.241286
0.633629	2.220458
0.633167	2.199558
0.632703	2.178585
0.632238	2.15754
0.631771	2.13642
0.631303	2.115227
0.630834	2.093958
0.630364	2.072615
0.629892	2.051196
0.629418	2.029701
0.628943	2.008129
0.628466	1.98648
0.627988	1.964753
0.627509	1.942947
0.627029	1.921062
0.626546	1.899098
0.626063	1.877053
0.625577	1.854928
0.62509	1.832721
0.624601	1.810433
0.624112	1.788063
0.62362	1.765609
0.623127	1.743071
0.622632	1.720449
0.622136	1.697743
0.621638	1.67495
0.621138	1.652071
0.620638	1.629106
0.620135	1.606053
0.619631	1.582912
0.619125	1.559682
0.618617	1.536362
0.618107	1.512952
0.617596	1.489451
0.617083	1.465859
0.616568	1.442174
0.616052	1.418397
0.615534	1.394526
0.615014	1.37056
0.614493	1.346499
0.613969	1.322341
0.613444	1.298087
0.612916	1.273736
0.612388	1.249287
0.611857	1.224739
0.611325	1.20009
0.61079	1.175341
0.610253	1.15049
0.609715	1.125538
0.609175	1.100482
0.608633	1.075322
0.608089	1.050058
0.607543	1.024687
0.606994	0.99921
0.606444	0.973626
0.605892	0.947933
0.605338	0.922131
0.604782	0.896219
0.604223	0.870195
0.603663	0.84406
0.603101	0.817811
0.602536	0.791449
0.60197	0.764971
0.601401	0.738378
0.600829	0.711668
0.600256	0.684839
0.59968	0.657892
0.599103	0.630825
0.598523	0.603637
0.597941	0.576326
0.597356	0.548892
0.596769	0.521334
0.59618	0.49365
0.595588	0.465839
0.594994	0.437901
0.594398	0.409834
0.593799	0.381637
0.593198	0.353308
0.592594	0.324847
0.591988	0.296252
0.59138	0.267522
0.590768	0.238655
0.590154	0.209651
0.589538	0.180509
0.58892	0.151227
0.588298	0.121802
0.587674	0.092235
0.587047	0.062523
0.586417	0.032666
0.585785	0.002663
0.585149	-0.027489
0.584511	-0.057792
0.583871	-0.088246
0.583228	-0.118853
0.582581	-0.149614
0.581932	-0.180531
0.58128	-0.211606
0.580625	-0.242839
0.579967	-0.274234
0.579305	-0.305791
0.578641	-0.337512
0.577973	-0.369398
0.577303	-0.401452
0.57663	-0.433675
0.575953	-0.466069
0.575273	-0.498636
0.57459	-0.531377
0.573903	-0.564295
0.573213	-0.597391
0.57252	-0.630668
0.571824	-0.664126
0.571124	-0.697768
0.57042	-0.731597
0.569714	-0.765614
0.569003	-0.799821
0.568289	-0.83422
0.567571	-0.868814
0.56685	-0.903604
0.566125	-0.938594
0.565396	-0.973784
0.564664	-1.009178
0.563927	-1.044777
0.563187	-1.080585
0.562442	-1.116603
0.561694	-1.152834
0.560943	-1.18928
0.560186	-1.225944
0.559426	-1.262829
0.558661	-1.299937
0.557892	-1.337271
0.557119	-1.374833
0.556342	-1.412627
0.55556	-1.450654
0.554774	-1.488919
0.553983	-1.527423
0.553188	-1.56617
0.552388	-1.605163
0.551583	-1.644405
0.550773	-1.683899
0.549959	-1.723648
0.54914	-1.763656
0.548316	-1.803926
0.547487	-1.844461
0.546653	-1.885265
0.545814	-1.926341
0.54497	-1.967692
0.54412	-2.009323
0.543265	-2.051237
0.542405	-2.093438
0.541539	-2.135929
0.540667	-2.178716
0.53979	-2.221802
0.538907	-2.26519
0.538018	-2.308885
0.537124	-2.352891
0.536223	-2.397213
0.535316	-2.441856
0.534403	-2.486823
0.533483	-2.532119
0.532558	-2.57775
0.531625	-2.623719
0.530686	-2.670033
0.529741	-2.716695
0.528789	-2.763711
0.527829	-2.811088
0.526863	-2.858828
0.525889	-2.906939
0.524909	-2.955426
0.523921	-3.004294
0.522925	-3.05355
0.521922	-3.103199
0.52091	3.129937
0.519891	3.079481
0.518864	3.028613
0.517829	2.977325
0.516786	2.925612
0.515734	2.873466
0.514672	2.82088
0.513603	2.767848
0.512524	2.71436
0.511436	2.660409
0.510339	2.60599
0.509232	2.551092
0.508115	2.495708
0.506989	2.43983
0.505852	2.383448
0.504706	2.326554
0.503548	2.269139
0.50238	2.211194
0.501201	2.15271
0.50001	2.093675
0.498808	2.03408
0.497595	1.973917
0.496369	1.913171
0.495132	1.851836
0.493882	1.789897
0.492618	1.727343
0.491343	1.664166
0.490052	1.600348
0.488749	1.535882
0.487432	1.470753
0.4861	1.404945
0.484754	1.33845
0.483392	1.271251
0.482015	1.203332
0.480623	1.134684
0.479212	1.065285
0.477786	0.995123
0.476343	0.924185
0.47488	0.852445
0.473402	0.779897
0.471903	0.706516
0.470385	0.632285
0.468849	0.557192
0.46729	0.481207
0.465711	0.404318
0.464112	0.326505
0.462487	0.247738
0.460842	0.168007
0.459172	0.087283
0.457476	0.00554
0.455758	-0.077234
0.454009	-0.161078
0.452236	-0.246009
0.450436	-0.332049
0.448601	-0.41924
0.446741	-0.507593
0.444848	-0.597146
0.442919	-0.687932
0.440962	-0.779966
0.438963	-0.873299
0.43693	-0.967952
0.434861	-1.063953
0.432745	-1.161358
0.430594	-1.260177
0.428396	-1.360458
0.426149	-1.46225
0.423863	-1.565562
0.421515	-1.670466
0.419119	-1.776986
0.416672	-1.885151
0.414153	-1.99504
0.411584	-2.106658
0.408944	-2.220062
0.406228	-2.335318
0.403452	-2.452424
0.400581	-2.571473
0.397633	-2.69249
0.394605	-2.815493
0.391457	-2.940588
0.388228	-3.067758
0.384879	3.08613
0.381397	2.954623
0.377811	2.82095
0.374053	2.685019
0.370151	2.546818
0.366095	2.406398
0.361807	2.263657
0.357349	2.118681
0.352644	1.971512
0.347649	1.822119
0.342402	1.67071
0.336744	1.517349
0.330704	1.362172
0.324254	1.205596
0.317172	1.047883
0.309436	0.88945
0.300753	0.73082
0.29089	0.572859
0.279731	0.41796
0.266417	0.269088
0.249327	0.12872
0.226235	-0.002
