97,114,1
99,115,2
97,117,3
98,118,4
97,119,5
97,120,6
95,121,7
94,122,8
94,123,9
93,123,10
93,124,11
90,123,12
87,122,13
87,123,14
85,121,15
84,120,16
82,119,17
83,123,18
80,116,19
79,115,20
79,117,21
78,112,22
77,111,23
76,109,24
77,104,25
75,106,26
77,99,27
77,97,28
78,95,29
78,93,30
78,92,31
83,86,32
83,85,33
82,85,34
87,81,35
88,80,36
92,78,37
94,77,38
97,76,39
101,75,40
105,75,41
108,76,42
109,75,43
114,77,44
116,77,45
118,78,46
125,84,47
123,81,48
130,89,49
133,94,50
133,92,51
133,91,52
137,103,53
138,104,54
139,104,55
140,115,56
141,119,57
141,120,58
140,130,59
141,128,60
140,134,61
137,143,62
135,148,63
133,152,64
132,154,65
123,164,66
124,164,67
122,166,68
118,169,69
111,173,70
109,175,71
100,177,72
98,178,73
86,178,74
88,179,75
79,178,76
71,175,77
72,176,78
63,172,79
61,171,80
54,165,81
54,166,82
44,154,83
43,154,84
41,152,85
35,139,86
32,132,87
32,133,88
29,121,89
28,114,90
27,107,91
27,103,92
28,92,93
28,89,94
31,76,95
35,66,96
39,58,97
40,56,98
46,47,99
52,41,100
58,35,101
57,35,102
65,29,103
74,24,104
86,20,105
84,20,106
98,18,107
98,17,108
107,17,109
116,18,110
121,19,111
128,21,112
141,27,113
146,30,114
151,34,115
165,48,116
157,38,117
167,49,118
176,64,119
180,72,120
183,79,121
183,77,122
189,103,123
190,107,124
191,114,125
191,122,126
191,128,127
95,112,128
94,113,129
93,111,130
92,109,131
92,108,132
91,108,133
93,105,134
94,103,135
94,102,136
94,101,137
93,101,138
95,99,139
97,98,140
98,98,141
99,97,142
100,96,143
103,96,144
100,94,145
107,97,146
108,97,147
108,96,148
111,98,149
113,100,150
115,102,151
116,102,152
118,106,153
118,104,154
119,107,155
120,109,156
121,112,157
122,113,158
122,119,159
121,126,160
123,122,161
122,127,162
122,129,163
119,136,164
119,137,165
118,139,166
113,145,167
114,145,168
112,147,169
112,148,170
102,153,171
104,153,172
99,155,173
95,156,174
94,157,175
86,156,176
82,155,177
84,157,178
82,157,179
71,151,180
71,152,181
68,150,182
65,148,183
58,139,184
61,145,185
55,135,186
52,130,187
50,125,188
49,123,189
48,121,190
47,111,191
46,111,192
47,98,193
47,93,194
47,91,195
48,87,196
51,79,197
51,76,198
57,67,199
57,66,200
66,56,201
64,57,202
71,51,203
72,50,204
83,44,205
88,42,206
92,41,207
99,40,208
98,39,209
114,41,210
116,41,211
116,40,212
126,44,213
134,48,214
132,46,215
141,53,216
150,62,217
153,65,218
152,62,219
162,80,220
163,82,221
166,88,222
168,94,223
170,108,224
171,111,225
172,115,226
170,136,227
171,134,228
170,141,229
167,152,230
166,156,231
160,169,232
158,173,233
151,182,234
150,185,235
146,190,236
139,196,237
132,201,238
126,205,239
117,209,240
112,211,241
98,214,242
96,215,243
76,213,244
76,214,245
65,211,246
60,209,247
51,205,248
44,201,249
36,194,250
32,192,251
24,183,252
22,181,253
14,169,254
97,112,255
99,111,256
100,111,257
101,111,258
102,112,259
103,113,260
104,114,261
103,118,262
105,117,263
105,118,264
106,118,265
105,121,266
105,122,267
104,125,268
103,127,269
102,128,270
101,129,271
101,130,272
101,131,273
97,133,274
98,134,275
93,134,276
92,135,277
92,136,278
86,134,279
86,135,280
85,135,281
82,134,282
80,133,283
77,130,284
77,132,285
73,126,286
74,130,287
71,125,288
69,121,289
68,119,290
67,117,291
66,113,292
65,109,293
65,103,294
66,97,295
66,96,296
64,101,297
68,89,298
67,89,299
70,83,300
70,82,301
74,77,302
80,72,303
77,72,304
84,68,305
86,66,306
93,64,307
94,63,308
96,62,309
99,61,310
110,63,311
104,60,312
114,63,313
117,63,314
122,66,315
123,66,316
128,69,317
138,80,318
134,73,319
139,80,320
144,88,321
145,89,322
148,96,323
150,101,324
151,106,325
152,113,326
153,116,327
151,133,328
153,126,329
151,138,330
149,145,331
147,150,332
147,151,333
141,162,334
137,167,335
140,165,336
127,178,337
126,179,338
121,183,339
113,187,340
108,189,341
102,191,342
96,192,343
91,192,344
85,192,345
84,193,346
69,189,347
66,188,348
62,187,349
56,183,350
45,174,351
41,171,352
38,168,353
33,161,354
28,152,355
25,147,356
24,146,357
20,134,358
17,120,359
16,116,360
17,92,361
15,101,362
15,100,363
17,83,364
21,69,365
21,68,366
25,58,367
31,47,368
41,34,369
35,40,370
51,24,371
52,22,372
60,17,373
69,12,374
78,8,375
80,7,376
94,4,377
108,4,378
103,3,379
117,4,380
121,5,381
96,114,382
97,116,383
94,116,384
94,118,385
91,116,386
92,118,387
89,115,388
89,117,389
88,117,390
87,114,391
86,115,392
85,112,393
85,109,394
84,110,395
83,109,396
83,106,397
84,102,398
82,104,399
84,99,400
84,98,401
85,96,402
84,96,403
86,93,404
88,91,405
90,89,406
90,88,407
92,87,408
95,85,409
99,85,410
100,84,411
99,83,412
107,84,413
107,83,414
109,84,415
113,85,416
114,85,417
117,87,418
120,90,419
121,89,420
125,95,421
125,94,422
129,103,423
130,102,424
131,104,425
132,110,426
133,112,427
133,119,428
134,122,429
133,127,430
133,131,431
132,134,432
131,139,433
127,146,434
127,147,435
126,149,436
123,153,437
117,159,438
118,159,439
114,162,440
111,164,441
105,167,442
103,168,443
97,170,444
88,170,445
90,171,446
79,169,447
75,168,448
70,166,449
73,168,450
63,162,451
59,159,452
55,156,453
53,154,454
47,146,455
44,141,456
42,138,457
39,130,458
38,128,459
36,117,460
35,113,461
35,103,462
34,107,463
36,89,464
36,88,465
37,81,466
41,71,467
43,66,468
47,59,469
53,51,470
53,50,471
59,44,472
63,41,473
68,37,474
73,34,475
81,30,476
92,27,477
97,26,478
102,26,479
104,25,480
116,27,481
122,28,482
132,32,483
133,32,484
140,36,485
150,44,486
151,44,487
158,51,488
163,57,489
167,63,490
173,74,491
177,83,492
179,90,493
182,104,494
183,110,495
183,119,496
184,120,497
182,138,498
180,150,499
180,151,500
176,163,501
172,172,502
170,177,503
162,189,504
161,191,505
148,205,506
139,212,507
135,215,508
96,111,509
95,109,510
95,108,511
96,107,512
97,106,513
96,105,514
99,104,515
101,104,516
101,103,517
102,103,518
102,102,519
104,103,520
106,104,521
107,104,522
110,108,523
110,107,524
112,111,525
111,105,526
113,111,527
114,113,528
115,113,529
115,117,530
116,117,531
116,120,532
114,127,533
116,124,534
115,127,535
113,132,536
112,134,537
112,135,538
110,138,539
107,141,540
104,143,541
106,143,542
99,146,543
101,146,544
95,147,545
94,148,546
91,149,547
85,148,548
82,147,549
81,147,550
79,147,551
73,143,552
74,145,553
70,142,554
64,134,555
66,139,556
59,125,557
59,127,558
58,126,559
57,125,560
55,113,561
54,111,562
54,106,563
53,104,564
54,97,565
54,94,566
55,90,567
57,83,568
56,84,569
60,76,570
64,70,571
66,67,572
68,64,573
76,58,574
78,56,575
83,53,576
87,51,577
91,50,578
93,49,579
101,48,580
108,48,581
113,49,582
115,49,583
122,51,584
131,56,585
129,54,586
136,59,587
141,63,588
146,69,589
148,70,590
154,81,591
156,84,592
159,90,593
162,102,594
163,107,595
163,104,596
164,124,597
164,129,598
164,130,599
162,142,600
160,150,601
159,154,602
156,160,603
152,168,604
147,175,605
145,178,606
138,186,607
127,194,608
124,196,609
117,200,610
118,200,611
107,204,612
98,205,613
94,206,614
78,205,615
79,206,616
70,204,617
67,203,618
57,199,619
48,194,620
42,189,621
37,185,622
31,179,623
24,170,624
15,153,625
18,162,626
12,147,627
7,130,628
7,132,629
5,124,630
4,109,631
3,104,632
5,86,633
5,84,634
6,77,635
98,114,636
100,113,637
100,115,638
100,117,639
100,118,640
100,119,641
99,121,642
98,122,643
99,123,644
98,124,645
98,125,646
95,126,647
93,126,648
93,127,649
92,128,650
89,127,651
88,127,652
89,129,653
85,127,654
83,125,655
83,127,656
80,123,657
78,121,658
77,120,659
76,120,660
75,117,661
74,114,662
73,112,663
73,107,664
72,108,665
71,108,666
72,102,667
75,93,668
71,99,669
75,91,670
75,89,671
78,85,672
77,85,673
81,81,674
85,77,675
86,76,676
90,74,677
85,75,678
96,72,679
96,71,680
99,70,681
105,70,682
108,70,683
116,73,684
117,73,685
117,72,686
120,73,687
128,81,688
128,80,689
129,80,690
132,83,691
138,93,692
137,89,693
141,98,694
142,101,695
144,108,696
145,112,697
145,119,698
145,127,699
146,122,700
142,140,701
143,139,702
142,144,703
140,148,704
135,157,705
137,156,706
128,166,707
128,167,708
120,173,709
118,175,710
117,176,711
109,180,712
102,182,713
98,183,714
92,184,715
81,183,716
82,184,717
68,179,718
71,181,719
69,181,720
56,173,721
51,169,722
50,169,723
41,159,724
37,153,725
34,148,726
36,154,727
27,130,728
26,128,729
25,125,730
24,120,731
23,107,732
23,96,733
23,95,734
27,77,735
26,78,736
28,70,737
31,63,738
34,57,739
41,46,740
42,44,741
57,30,742
55,30,743
59,27,744
68,21,745
77,17,746
83,15,747
92,13,748
100,12,749
105,12,750
112,12,751
127,16,752
130,16,753
142,22,754
149,26,755
155,31,756
158,33,757
169,45,758
169,44,759
176,54,760
180,60,761
188,79,762
95,113,763
94,115,764
92,112,765
92,114,766
91,111,767
90,112,768
91,107,769
90,107,770
89,106,771
89,105,772
87,107,773
89,102,774
91,100,775
90,100,776
92,97,777
93,96,778
96,95,779
93,94,780
96,93,781
98,92,782
100,92,783
101,91,784
104,91,785
105,91,786
110,93,787
109,92,788
111,92,789
114,95,790
117,97,791
118,98,792
118,97,793
122,105,794
121,100,795
124,107,796
125,110,797
126,112,798
126,118,799
127,118,800
127,121,801
125,130,802
125,132,803
125,133,804
125,135,805
122,140,806
120,144,807
118,147,808
117,149,809
114,152,810
107,156,811
109,156,812
105,158,813
101,160,814
94,161,815
93,162,816
90,162,817
85,162,818
77,159,819
81,162,820
69,156,821
69,157,822
63,152,823
61,151,824
58,148,825
53,140,826
54,144,827
49,134,828
46,128,829
44,120,830
43,117,831
43,106,832
42,111,833
42,98,834
42,96,835
46,82,836
43,88,837
45,81,838
49,71,839
53,64,840
55,61,841
60,55,842
65,50,843
62,51,844
71,45,845
77,41,846
83,38,847
91,36,848
96,35,849
99,34,850
104,34,851
113,35,852
124,38,853
122,36,854
135,43,855
139,45,856
140,45,857
149,53,858
157,63,859
157,62,860
163,71,861
165,75,862
171,91,863
171,89,864
173,95,865
175,106,866
176,117,867
176,127,868
174,139,869
176,134,870
173,149,871
170,159,872
163,173,873
163,174,874
158,182,875
151,190,876
147,195,877
141,201,878
133,206,879
126,211,880
116,215,881
109,217,882
100,219,883
97,220,884
79,219,885
77,219,886
70,218,887
66,217,888
55,213,889
97,111,890
98,109,891
99,109,892
100,109,893
102,109,894
103,109,895
104,110,896
105,112,897
106,112,898
106,111,899
107,112,900
108,114,901
108,118,902
109,117,903
109,118,904
109,121,905
108,124,906
109,124,907
108,127,908
106,129,909
106,131,910
104,133,911
104,134,912
103,135,913
99,137,914
98,138,915
97,139,916
93,139,917
92,140,918
90,140,919
88,141,920
84,139,921
84,140,922
81,139,923
77,137,924
75,135,925
72,133,926
70,131,927
68,128,928
65,122,929
65,123,930
63,117,931
62,116,932
62,106,933
61,111,934
60,107,935
61,98,936
61,97,937
66,84,938
62,91,939
65,83,940
67,79,941
69,76,942
72,72,943
76,68,944
74,69,945
82,63,946
81,63,947
88,60,948
92,58,949
96,57,950
99,56,951
105,56,952
114,58,953
114,57,954
119,59,955
124,61,956
129,64,957
131,65,958
139,73,959
138,71,960
144,79,961
147,83,962
149,87,963
152,94,964
154,99,965
155,104,966
156,108,967
157,115,968
157,124,969
154,141,970
157,133,971
153,146,972
152,150,973
149,158,974
146,163,975
143,168,976
139,173,977
135,178,978
133,180,979
124,187,980
117,191,981
112,193,982
103,196,983
104,196,984
93,198,985
83,197,986
75,196,987
76,197,988
61,191,989
58,190,990
50,185,991
52,187,992
39,176,993
34,170,994
31,167,995
26,159,996
21,150,997
19,145,998
15,134,999
14,131,1000
12,118,1001
11,111,1002
11,102,1003
13,84,1004
11,92,1005
16,70,1006
19,61,1007
21,56,1008
27,45,1009
29,41,1010
34,34,1011
45,22,1012
46,21,1013
55,14,1014
61,10,1015
73,4,1016
97,115,1017
98,115,1018
95,117,1019
97,118,1020
95,119,1021
94,120,1022
93,120,1023
92,120,1024
91,121,1025
89,120,1026
90,122,1027
87,119,1028
86,119,1029
85,119,1030
83,116,1031
82,114,1032
81,113,1033
81,117,1034
80,111,1035
80,107,1036
79,106,1037
79,105,1038
78,104,1039
79,101,1040
81,96,1041
80,96,1042
81,93,1043
82,91,1044
84,89,1045
86,86,1046
86,85,1047
92,82,1048
91,82,1049
91,81,1050
96,79,1051
100,79,1052
103,78,1053
105,78,1054
108,78,1055
113,80,1056
115,81,1057
119,83,1058
116,80,1059
123,86,1060
125,87,1061
126,88,1062
131,96,1063
131,93,1064
135,106,1065
135,104,1066
136,106,1067
137,108,1068
138,119,1069
138,124,1070
138,126,1071
138,128,1072
135,138,1073
136,139,1074
133,145,1075
132,148,1076
132,149,1077
125,158,1078
121,162,1079
122,162,1080
119,165,1081
107,171,1082
105,172,1083
104,173,1084
102,174,1085
90,175,1086
88,176,1087
81,175,1088
76,174,1089
70,171,1090
66,170,1091
62,168,1092
55,162,1093
54,162,1094
47,154,1095
44,150,1096
42,147,1097
40,144,1098
35,131,1099
34,129,1100
34,132,1101
31,112,1102
30,108,1103
30,102,1104
31,92,1105
31,89,1106
32,83,1107
37,69,1108
38,66,1109
42,58,1110
45,53,1111
51,46,1112
59,38,1113
57,39,1114
68,31,1115
79,26,1116
83,24,1117
86,23,1118
94,21,1119
107,21,1120
112,21,1121
108,20,1122
126,24,1123
130,25,1124
138,29,1125
142,31,1126
145,33,1127
155,41,1128
159,45,1129
168,56,1130
173,64,1131
175,67,1132
182,86,1133
181,79,1134
186,102,1135
187,109,1136
188,117,1137
188,120,1138
187,137,1139
186,145,1140
183,157,1141
179,168,1142
178,171,1143
95,111,1144
94,111,1145
94,109,1146
93,108,1147
94,106,1148
93,106,1149
95,104,1150
96,103,1151
97,102,1152
97,101,1153
96,100,1154
98,99,1155
102,100,1156
102,99,1157
103,98,1158
106,100,1159
108,101,1160
107,98,1161
109,100,1162
112,103,1163
112,101,1164
114,104,1165
116,108,1166
117,109,1167
117,107,1168
118,113,1169
119,113,1170
119,118,1171
119,121,1172
120,123,1173
120,125,1174
119,128,1175
115,136,1176
119,132,1177
116,137,1178
115,139,1179
111,143,1180
110,145,1181
109,146,1182
103,149,1183
100,151,1184
101,151,1185
101,152,1186
92,153,1187
92,154,1188
89,154,1189
81,152,1190
81,153,1191
75,150,1192
70,147,1193
70,148,1194
68,147,1195
60,136,1196
61,139,1197
58,136,1198
56,132,1199
53,124,1200
53,127,1201
51,120,1202
50,113,1203
49,110,1204
49,102,1205
49,100,1206
50,91,1207
50,90,1208
56,76,1209
54,78,1210
56,73,1211
58,70,1212
65,61,1213
63,62,1214
73,54,1215
74,52,1216
83,48,1217
86,46,1218
88,45,1219
92,44,1220
101,43,1221
105,42,1222
111,43,1223
119,45,1224
119,44,1225
133,52,1226
133,51,1227
133,50,1228
144,60,1229
148,64,1230
150,65,1231
157,76,1232
161,85,1233
164,92,1234
162,84,1235
167,106,1236
168,110,1237
169,113,1238
168,132,1239
168,134,1240
168,136,1241
165,149,1242
159,163,1243
157,168,1244
160,164,1245
151,178,1246
148,182,1247
137,193,1248
140,191,1249
125,201,1250
127,201,1251
117,206,1252
115,207,1253
104,210,1254
96,211,1255
89,212,1256
80,211,1257
67,208,1258
65,208,1259
48,199,1260
51,202,1261
40,194,1262
32,187,1263
30,185,1264
23,177,1265
16,166,1266
14,163,1267
8,151,1268
5,143,1269
3,134,1270
98,112,1271
100,112,1272
101,113,1273
101,115,1274
102,114,1275
103,115,1276
102,118,1277
101,121,1278
104,119,1279
103,121,1280
104,121,1281
102,124,1282
101,126,1283
101,127,1284
99,128,1285
97,129,1286
96,130,1287
96,131,1288
95,132,1289
92,132,1290
91,133,1291
88,132,1292
86,132,1293
84,131,1294
83,131,1295
81,130,1296
79,129,1297
77,127,1298
76,127,1299
73,121,1300
72,122,1301
70,115,1302
70,119,1303
69,115,1304
68,110,1305
68,106,1306
68,102,1307
67,103,1308
68,98,1309
71,89,1310
71,88,1311
72,86,1312
71,86,1313
78,78,1314
77,77,1315
82,73,1316
83,72,1317
84,71,1318
92,68,1319
90,67,1320
97,66,1321
98,65,1322
104,65,1323
108,65,1324
107,64,1325
114,66,1326
125,72,1327
120,67,1328
129,74,1329
130,74,1330
135,80,1331
138,83,1332
139,84,1333
143,93,1334
143,90,1335
146,99,1336
148,106,1337
149,112,1338
150,115,1339
149,127,1340
151,122,1341
149,134,1342
147,142,1343
142,153,1344
144,151,1345
141,157,1346
138,162,1347
131,170,1348
130,172,1349
122,178,1350
117,181,1351
119,181,1352
107,186,1353
105,187,1354
101,188,1355
92,189,1356
86,189,1357
81,189,1358
74,187,1359
70,186,1360
58,180,1361
62,184,1362
48,173,1363
45,171,1364
42,168,1365
38,163,1366
30,150,1367
29,149,1368
28,148,1369
22,130,1370
20,120,1371
19,117,1372
18,112,1373
18,103,1374
19,90,1375
20,84,1376
24,71,1377
23,70,1378
27,60,1379
31,52,1380
35,46,1381
40,39,1382
48,30,1383
54,25,1384
61,20,1385
60,20,1386
77,12,1387
80,10,1388
93,8,1389
100,7,1390
110,7,1391
115,7,1392
129,11,1393
133,12,1394
136,13,1395
141,15,1396
155,24,1397
95,114,1398
95,116,1399
93,114,1400
93,116,1401
91,114,1402
90,116,1403
89,112,1404
88,112,1405
88,114,1406
87,111,1407
86,112,1408
86,108,1409
86,105,1410
85,105,1411
85,104,1412
85,103,1413
87,99,1414
86,98,1415
87,97,1416
89,94,1417
90,93,1418
90,92,1419
92,90,1420
95,89,1421
97,88,1422
98,87,1423
101,87,1424
103,86,1425
106,87,1426
106,86,1427
106,85,1428
114,90,1429
114,88,1430
118,92,1431
118,91,1432
120,93,1433
124,98,1434
125,100,1435
126,101,1436
128,106,1437
129,108,1438
130,114,1439
131,112,1440
130,125,1441
131,125,1442
131,127,1443
130,132,1444
129,135,1445
125,143,1446
126,143,1447
125,145,1448
122,150,1449
117,155,1450
114,158,1451
111,160,1452
112,160,1453
104,164,1454
103,165,1455
96,166,1456
95,167,1457
90,167,1458
85,167,1459
83,167,1460
74,164,1461
72,164,1462
64,159,1463
61,157,1464
58,154,1465
57,154,1466
50,145,1467
47,141,1468
44,134,1469
45,138,1470
40,123,1471
39,119,1472
38,115,1473
37,109,1474
37,103,1475
38,93,1476
39,87,1477
43,75,1478
39,83,1479
45,69,1480
47,65,1481
51,58,1482
55,53,1483
62,46,1484
64,44,1485
69,40,1486
72,38,1487
82,33,1488
88,31,1489
95,30,1490
100,29,1491
109,29,1492
110,29,1493
125,33,1494
131,35,1495
132,35,1496
143,42,1497
145,43,1498
154,52,1499
154,51,1500
162,61,1501
169,73,1502
167,68,1503
173,81,1504
176,90,1505
177,93,1506
180,108,1507
180,125,1508
181,119,1509
180,134,1510
179,141,1511
174,159,1512
176,156,1513
167,175,1514
167,176,1515
163,183,1516
154,194,1517
146,202,1518
146,203,1519
137,210,1520
134,212,1521
121,219,1522
111,222,1523
104,224,1524
96,110,1525
96,109,1526
97,108,1527
98,107,1528
99,106,1529
100,106,1530
101,106,1531
102,105,1532
104,106,1533
105,106,1534
105,105,1535
107,107,1536
108,108,1537
109,109,1538
110,111,1539
111,112,1540
111,116,1541
112,115,1542
113,116,1543
112,122,1544
113,121,1545
113,123,1546
113,125,1547
113,126,1548
110,132,1549
110,133,1550
109,134,1551
106,137,1552
106,138,1553
106,139,1554
103,141,1555
97,143,1556
97,144,1557
96,145,1558
92,145,1559
88,145,1560
85,145,1561
83,145,1562
80,144,1563
77,142,1564
75,141,1565
71,138,1566
70,138,1567
65,131,1568
65,133,1569
63,129,1570
61,125,1571
60,125,1572
58,112,1573
57,112,1574
57,106,1575
56,106,1576
56,103,1577
57,94,1578
58,89,1579
58,88,1580
62,79,1581
62,78,1582
65,73,1583
69,68,1584
68,68,1585
75,62,1586
81,58,1587
80,58,1588
85,55,1589
94,53,1590
96,52,1591
99,51,1592
103,51,1593
113,52,1594
117,53,1595
119,53,1596
127,57,1597
130,59,1598
131,59,1599
137,63,1600
142,69,1601
148,76,1602
150,79,1603
153,84,1604
155,89,1605
158,96,1606
160,108,1607
161,111,1608
161,125,1609
162,123,1610
161,130,1611
161,133,1612
158,146,1613
157,151,1614
153,160,1615
149,167,1616
148,169,1617
143,176,1618
134,185,1619
132,187,1620
125,192,1621
124,193,1622
119,196,1623
106,200,1624
99,202,1625
94,203,1626
90,203,1627
78,202,1628
72,201,1629
68,200,1630
57,195,1631
54,194,1632
44,187,1633
40,184,1634
36,180,1635
26,168,1636
24,165,1637
17,152,1638
16,150,1639
11,136,1640
8,119,1641
8,127,1642
7,111,1643
7,94,1644
7,92,1645
8,84,1646
11,70,1647
13,63,1648
18,51,1649
25,39,1650
22,43,1651
97,113,1652
99,114,1653
98,117,1654
99,118,1655
98,119,1656
98,120,1657
97,121,1658
95,122,1659
96,123,1660
95,124,1661
95,125,1662
91,124,1663
90,124,1664
89,125,1665
88,125,1666
85,123,1667
84,122,1668
86,126,1669
81,120,1670
81,121,1671
80,122,1672
78,115,1673
77,115,1674
76,112,1675
76,106,1676
75,110,1677
74,108,1678
75,102,1679
75,101,1680
75,98,1681
75,96,1682
78,91,1683
80,87,1684
76,91,1685
81,85,1686
83,82,1687
86,80,1688
86,79,1689
90,77,1690
95,75,1691
97,74,1692
102,74,1693
102,73,1694
105,73,1695
108,73,1696
110,73,1697
119,78,1698
117,75,1699
123,80,1700
127,83,1701
128,83,1702
135,95,1703
129,83,1704
137,97,1705
136,93,1706
139,101,1707
141,111,1708
141,105,1709
142,120,1710
143,118,1711
143,123,1712
142,130,1713
141,136,1714
140,141,1715
138,146,1716
131,157,1717
131,158,1718
130,160,1719
127,164,1720
120,169,1721
121,170,1722
109,176,1723
108,177,1724
99,179,1725
99,180,1726
94,181,1727
89,181,1728
81,180,1729
79,180,1730
74,179,1731
65,175,1732
64,175,1733
52,165,1734
51,165,1735
46,161,1736
39,150,1737
38,149,1738
35,145,1739
31,135,1740
29,128,1741
28,124,1742
27,124,1743
26,107,1744
25,105,1745
25,103,1746
28,83,1747
29,78,1748
31,71,1749
32,68,1750
41,52,1751
41,51,1752
44,46,1753
51,38,1754
58,32,1755
64,28,1756
69,24,1757
83,19,1758
80,19,1759
92,16,1760
90,16,1761
105,15,1762
110,15,1763
117,16,1764
125,18,1765
137,23,1766
140,24,1767
155,35,1768
154,33,1769
165,45,1770
171,52,1771
174,57,1772
179,64,1773
184,77,1774
186,81,1775
188,87,1776
191,101,1777
192,112,1778
94,112,1779
94,114,1780
93,112,1781
92,110,1782
91,109,1783
90,110,1784
92,105,1785
92,104,1786
92,103,1787
92,102,1788
91,102,1789
92,100,1790
95,98,1791
94,98,1792
97,97,1793
98,96,1794
101,96,1795
97,94,1796
102,94,1797
104,94,1798
106,94,1799
107,94,1800
110,96,1801
112,97,1802
113,97,1803
115,99,1804
116,99,1805
119,104,1806
120,105,1807
121,108,1808
122,109,1809
123,114,1810
123,119,1811
124,116,1812
124,122,1813
124,124,1814
123,129,1815
123,130,1816
123,132,1817
119,139,1818
119,140,1819
117,144,1820
117,145,1821
112,149,1822
110,151,1823
106,154,1824
101,156,1825
100,157,1826
94,158,1827
89,158,1828
91,159,1829
86,159,1830
78,156,1831
78,157,1832
75,156,1833
72,155,1834
65,149,1835
67,153,1836
59,144,1837
57,142,1838
55,139,1839
53,136,1840
51,133,1841
47,120,1842
47,123,1843
45,111,1844
45,107,1845
44,105,1846
44,103,1847
47,87,1848
45,91,1849
48,81,1850
49,78,1851
56,66,1852
56,64,1853
59,60,1854
62,56,1855
67,52,1856
72,48,1857
77,45,1858
86,41,1859
83,41,1860
97,38,1861
106,38,1862
102,37,1863
111,38,1864
121,40,1865
123,40,1866
134,46,1867
137,48,1868
139,49,1869
141,49,1870
154,64,1871
158,69,1872
156,65,1873
162,75,1874
167,88,1875
170,96,1876
171,98,1877
172,107,1878
173,116,1879
174,120,1880
173,130,1881
171,144,1882
170,148,1883
168,155,1884
160,171,1885
163,168,1886
158,177,1887
156,180,1888
141,196,1889
144,194,1890
134,202,1891
126,207,1892
117,211,1893
119,211,1894
97,216,1895
101,216,1896
90,217,1897
80,216,1898
68,214,1899
67,214,1900
52,207,1901
45,204,1902
42,202,1903
40,201,1904
27,189,1905
98,111,1906
99,110,1907
100,110,1908
101,110,1909
102,111,1910
103,111,1911
104,113,1912
104,116,1913
105,115,1914
106,115,1915
107,116,1916
107,118,1917
106,121,1918
107,121,1919
106,124,1920
105,126,1921
104,128,1922
105,128,1923
104,130,1924
99,133,1925
102,133,1926
99,134,1927
98,135,1928
96,136,1929
92,137,1930
91,137,1931
88,137,1932
87,137,1933
85,137,1934
81,135,1935
82,137,1936
76,131,1937
78,135,1938
73,130,1939
72,129,1940
69,125,1941
67,121,1942
66,119,1943
65,115,1944
64,112,1945
64,107,1946
63,107,1947
63,105,1948
65,95,1949
63,97,1950
65,91,1951
66,87,1952
68,83,1953
74,76,1954
71,77,1955
75,73,1956
79,69,1957
82,67,1958
85,65,1959
88,63,1960
89,62,1961
102,61,1962
96,60,1963
107,60,1964
104,59,1965
111,60,1966
118,62,1967
117,61,1968
128,68,1969
130,68,1970
134,72,1971
137,75,1972
139,77,1973
143,82,1974
146,87,1975
148,91,1976
151,101,1977
152,103,1978
153,119,1979
154,114,1980
155,119,1981
154,128,1982
152,140,1983
153,138,1984
150,147,1985
146,156,1986
147,156,1987
142,164,1988
136,172,1989
130,178,1990
129,179,1991
121,185,1992
118,187,1993
108,191,1994
106,192,1995
102,193,1996
97,194,1997
84,194,1998
81,194,1999
78,194,2000
68,191,2001
58,186,2002
53,183,2003
49,181,2004
39,171,2005
37,169,2006
31,161,2007
29,159,2008
24,149,2009
20,139,2010
18,134,2011
17,130,2012
15,120,2013
14,113,2014
13,107,2015
15,88,2016
14,91,2017
16,80,2018
20,66,2019
26,53,2020
24,55,2021
36,37,2022
33,40,2023
44,27,2024
54,19,2025
59,15,2026
64,12,2027
72,8,2028
79,5,2029
88,3,2030
95,2,2031
103,1,2032
96,115,2033
98,116,2034
94,117,2035
95,118,2036
93,118,2037
92,119,2038
90,117,2039
90,118,2040
89,118,2041
87,116,2042
87,117,2043
85,114,2044
84,113,2045
84,114,2046
83,112,2047
82,110,2048
82,106,2049
81,108,2050
81,105,2051
82,101,2052
83,98,2053
82,98,2054
83,96,2055
84,94,2056
85,92,2057
85,91,2058
88,88,2059
90,86,2060
92,85,2061
93,84,2062
94,83,2063
100,82,2064
100,81,2065
104,81,2066
105,81,2067
107,81,2068
111,82,2069
115,84,2070
115,83,2071
121,88,2072
122,88,2073
125,92,2074
126,92,2075
129,97,2076
131,102,2077
132,104,2078
134,110,2079
134,107,2080
135,118,2081
135,124,2082
135,126,2083
135,129,2084
134,134,2085
133,138,2086
132,141,2087
130,145,2088
125,153,2089
126,153,2090
121,158,2091
118,161,2092
119,161,2093
113,165,2094
108,168,2095
104,170,2096
100,171,2097
92,172,2098
87,172,2099
83,172,2100
81,172,2101
75,170,2102
69,168,2103
67,167,2104
62,164,2105
55,158,2106
53,157,2107
49,152,2108
46,148,2109
41,140,2110
38,132,2111
36,126,2112
35,123,2113
34,118,2114
33,107,2115
33,102,2116
33,96,2117
34,89,2118
35,84,2119
37,76,2120
41,67,2121
41,65,2122
46,57,2123
53,48,2124
58,43,2125
62,39,2126
66,36,2127
73,32,2128
79,29,2129
86,26,2130
91,25,2131
101,24,2132
109,24,2133
112,24,2134
118,25,2135
125,27,2136
137,32,2137
141,34,2138
145,37,2139
152,42,2140
161,52,2141
162,53,2142
168,61,2143
171,66,2144
177,79,2145
180,87,2146
183,99,2147
183,98,2148
185,117,2149
185,123,2150
185,129,2151
184,139,2152
179,159,2153
181,154,2154
172,176,2155
169,182,2156
170,181,2157
163,191,2158
156,200,2159
96,112,2160
95,110,2161
94,108,2162
95,107,2163
96,106,2164
95,105,2165
98,104,2166
99,103,2167
100,103,2168
100,102,2169
100,101,2170
104,102,2171
106,103,2172
105,101,2173
108,104,2174
109,104,2175
111,106,2176
110,102,2177
113,108,2178
114,110,2179
114,108,2180
115,111,2181
116,114,2182
117,115,2183
116,122,2184
118,119,2185
117,124,2186
116,128,2187
115,131,2188
116,131,2189
115,133,2190
112,137,2191
110,140,2192
113,139,2193
106,144,2194
106,145,2195
102,147,2196
100,148,2197
97,149,2198
94,150,2199
90,150,2200
86,150,2201
84,150,2202
79,148,2203
80,150,2204
76,148,2205
69,142,2206
71,145,2207
66,140,2208
61,133,2209
61,135,2210
61,136,2211
55,120,2212
55,122,2213
54,121,2214
53,116,2215
52,108,2216
51,109,2217
52,100,2218
52,96,2219
52,94,2220
54,86,2221
57,79,2222
59,74,2223
60,72,2224
68,63,2225
67,63,2226
69,60,2227
76,55,2228
81,52,2229
79,52,2230
91,48,2231
93,47,2232
102,46,2233
106,46,2234
110,46,2235
117,48,2236
122,49,2237
125,50,2238
131,53,2239
138,59,2240
135,55,2241
147,68,2242
151,72,2243
150,70,2244
158,85,2245
159,87,2246
160,88,2247
164,102,2248
165,110,2249
166,115,2250
166,120,2251
165,135,2252
165,138,2253
164,142,2254
160,155,2255
157,162,2256
155,166,2257
153,170,2258
142,184,2259
140,186,2260
141,186,2261
134,192,2262
122,200,2263
117,202,2264
110,205,2265
98,207,2266
98,208,2267
84,208,2268
82,208,2269
75,207,2270
64,204,2271
59,202,2272
53,199,2273
44,193,2274
37,188,2275
26,175,2276
27,178,2277
17,162,2278
12,151,2279
11,150,2280
8,143,2281
4,124,2282
3,120,2283
3,122,2284
2,101,2285
2,93,2286
98,113,2287
99,112,2288
100,114,2289
101,116,2290
101,117,2291
102,117,2292
101,119,2293
100,121,2294
101,122,2295
100,123,2296
101,124,2297
98,126,2298
96,127,2299
95,127,2300
95,128,2301
93,129,2302
92,129,2303
92,130,2304
89,130,2305
86,129,2306
86,130,2307
82,126,2308
81,126,2309
78,123,2310
78,125,2311
76,122,2312
75,121,2313
74,119,2314
73,118,2315
72,113,2316
71,112,2317
71,106,2318
71,103,2319
69,107,2320
71,97,2321
71,95,2322
73,91,2323
72,91,2324
75,86,2325
79,81,2326
78,81,2327
84,76,2328
79,78,2329
88,73,2330
88,72,2331
90,71,2332
96,69,2333
98,68,2334
107,69,2335
109,69,2336
109,68,2337
112,68,2338
121,73,2339
121,72,2340
122,72,2341
126,75,2342
133,83,2343
133,81,2344
137,87,2345
140,92,2346
141,94,2347
144,101,2348
145,103,2349
146,112,2350
147,112,2351
146,128,2352
147,125,2353
146,134,2354
146,135,2355
143,144,2356
144,145,2357
139,154,2358
137,158,2359
130,166,2360
130,167,2361
125,172,2362
120,176,2363
113,180,2364
109,182,2365
106,183,2366
97,185,2367
98,186,2368
84,185,2369
80,185,2370
80,186,2371
71,183,2372
62,179,2373
59,178,2374
54,174,2375
48,169,2376
43,164,2377
46,169,2378
33,149,2379
32,148,2380
30,145,2381
25,132,2382
23,120,2383
22,117,2384
21,113,2385
22,95,2386
21,99,2387
23,83,2388
25,75,2389
28,66,2390
30,62,2391
33,55,2392
45,39,2393
38,46,2394
44,38,2395
48,34,2396
59,25,2397
63,22,2398
75,16,2399
80,14,2400
88,12,2401
89,11,2402
114,11,2403
112,10,2404
121,12,2405
126,13,2406
139,18,2407
145,21,2408
159,32,2409
159,31,2410
165,37,2411
169,41,2412
178,54,2413
96,113,2414
95,115,2415
93,113,2416
92,115,2417
91,112,2418
90,113,2419
89,110,2420
89,108,2421
88,108,2422
88,107,2423
86,109,2424
88,103,2425
88,102,2426
88,101,2427
89,99,2428
90,97,2429
93,95,2430
90,96,2431
92,94,2432
95,92,2433
96,91,2434
97,90,2435
100,90,2436
101,89,2437
103,89,2438
104,89,2439
109,90,2440
111,91,2441
113,92,2442
115,93,2443
115,92,2444
119,97,2445
118,94,2446
122,100,2447
124,103,2448
125,104,2449
126,107,2450
127,112,2451
128,113,2452
128,122,2453
128,123,2454
128,126,2455
129,124,2456
125,137,2457
125,138,2458
124,141,2459
124,142,2460
122,145,2461
115,152,2462
116,153,2463
110,157,2464
111,157,2465
101,161,2466
103,161,2467
98,163,2468
95,164,2469
87,163,2470
90,165,2471
78,162,2472
82,164,2473
70,159,2474
69,159,2475
66,157,2476
57,148,2477
60,153,2478
55,147,2479
51,141,2480
49,138,2481
45,130,2482
45,131,2483
42,121,2484
41,114,2485
40,112,2486
41,99,2487
40,98,2488
41,90,2489
42,86,2490
45,76,2491
46,74,2492
51,64,2493
56,57,2494
55,57,2495
60,52,2496
64,48,2497
67,45,2498
77,39,2499
84,36,2500
83,36,2501
90,34,2502
99,32,2503
111,33,2504
111,32,2505
122,35,2506
123,35,2507
125,35,2508
138,42,2509
146,49,2510
147,49,2511
152,53,2512
159,62,2513
164,70,2514
167,75,2515
167,74,2516
174,93,2517
176,103,2518
177,107,2519
177,120,2520
178,117,2521
178,127,2522
177,138,2523
175,147,2524
173,155,2525
171,161,2526
164,175,2527
155,188,2528
159,184,2529
149,195,2530
149,196,2531
134,208,2532
127,212,2533
123,214,2534
117,217,2535
100,221,2536
103,221,2537
92,222,2538
82,222,2539
70,220,2540
97,110,2541
98,109,2542
99,108,2543
100,108,2544
101,108,2545
102,108,2546
103,108,2547
104,108,2548
105,109,2549
106,109,2550
107,110,2551
108,111,2552
109,113,2553
109,115,2554
110,116,2555
110,119,2556
110,121,2557
111,121,2558
110,124,2559
109,127,2560
110,126,2561
108,130,2562
108,131,2563
107,133,2564
103,136,2565
104,136,2566
102,138,2567
98,140,2568
99,140,2569
94,141,2570
94,142,2571
89,142,2572
89,143,2573
85,142,2574
84,142,2575
81,141,2576
77,139,2577
74,137,2578
72,135,2579
70,133,2580
68,131,2581
65,126,2582
63,123,2583
62,121,2584
61,118,2585
60,114,2586
59,110,2587
59,105,2588
60,97,2589
59,99,2590
61,90,2591
61,89,2592
63,84,2593
64,81,2594
66,77,2595
67,75,2596
73,68,2597
73,67,2598
77,64,2599
83,60,2600
87,58,2601
89,57,2602
92,56,2603
103,55,2604
101,54,2605
110,55,2606
116,56,2607
119,57,2608
123,58,2609
128,61,2610
132,64,2611
135,66,2612
139,69,2613
142,73,2614
148,82,2615
149,83,2616
153,92,2617
154,94,2618
156,100,2619
158,110,2620
158,123,2621
159,116,2622
158,131,2623
158,133,2624
157,140,2625
155,147,2626
152,155,2627
150,160,2628
144,169,2629
144,170,2630
138,177,2631
133,182,2632
124,189,2633
123,190,2634
115,194,2635
107,197,2636
103,198,2637
93,199,2638
91,200,2639
76,198,2640
74,198,2641
67,196,2642
64,195,2643
52,189,2644
47,185,2645
44,183,2646
33,172,2647
35,175,2648
25,161,2649
23,158,2650
20,152,2651
14,136,2652
12,128,2653
11,124,2654
10,107,2655
9,108,2656
10,93,2657
10,89,2658
14,70,2659
16,64,2660
17,61,2661
21,51,2662
27,41,2663
31,35,2664
39,25,2665
48,17,2666
49,16,2667
97,114,2668
99,115,2669
96,117,2670
98,118,2671
96,119,2672
96,120,2673
94,121,2674
93,121,2675
93,122,2676
91,122,2677
92,124,2678
88,121,2679
88,122,2680
86,122,2681
84,119,2682
83,118,2683
82,118,2684
82,121,2685
80,114,2686
79,113,2687
79,109,2688
78,109,2689
77,109,2690
77,105,2691
78,101,2692
77,100,2693
78,98,2694
79,94,2695
80,92,2696
81,90,2697
81,89,2698
86,84,2699
85,84,2700
85,83,2701
91,80,2702
91,79,2703
98,78,2704
98,77,2705
100,76,2706
108,77,2707
106,76,2708
112,78,2709
113,77,2710
118,80,2711
119,80,2712
122,82,2713
127,88,2714
128,87,2715
132,95,2716
134,97,2717
134,96,2718
136,99,2719
138,111,2720
139,112,2721
140,113,2722
140,120,2723
139,128,2724
140,127,2725
137,139,2726
138,138,2727
137,142,2728
132,151,2729
130,154,2730
129,156,2731
127,159,2732
119,166,2733
116,169,2734
114,170,2735
110,173,2736
103,175,2737
103,176,2738
93,177,2739
92,178,2740
79,176,2741
81,177,2742
76,176,2743
65,171,2744
65,172,2745
59,168,2746
54,164,2747
50,160,2748
48,159,2749
41,148,2750
36,139,2751
36,141,2752
31,123,2753
31,124,2754
30,122,2755
29,100,2756
28,106,2757
29,92,2758
30,86,2759
32,78,2760
32,76,2761
36,66,2762
38,62,2763
42,55,2764
45,50,2765
51,43,2766
64,32,2767
62,33,2768
71,27,2769
74,25,2770
85,21,2771
92,20,2772
95,19,2773
110,19,2774
107,18,2775
115,19,2776
124,21,2777
130,23,2778
137,26,2779
147,32,2780
154,38,2781
164,48,2782
162,45,2783
175,65,2784
174,61,2785
182,80,2786
185,89,2787
187,97,2788
187,93,2789
189,114,2790
190,118,2791
189,135,2792
188,143,2793
188,144,2794
95,112,2795
94,111,2796
93,110,2797
93,109,2798
93,107,2799
91,108,2800
94,104,2801
95,103,2802
95,102,2803
95,101,2804
94,100,2805
96,99,2806
99,99,2807
100,98,2808
101,97,2809
103,97,2810
105,98,2811
102,95,2812
106,97,2813
110,100,2814
110,98,2815
112,100,2816
115,104,2817
115,103,2818
117,105,2819
118,109,2820
119,109,2821
120,112,2822
120,118,2823
121,115,2824
122,116,2825
121,123,2826
119,130,2827
122,125,2828
120,131,2829
120,132,2830
117,138,2831
115,141,2832
114,143,2833
108,148,2834
109,148,2835
108,149,2836
107,151,2837
98,153,2838
98,154,2839
95,155,2840
90,155,2841
88,156,2842
81,154,2843
78,153,2844
78,154,2845
77,154,2846
66,146,2847
66,147,2848
64,145,2849
63,145,2850
57,136,2851
56,137,2852
54,132,2853
50,121,2854
50,122,2855
48,114,2856
48,107,2857
47,105,2858
47,101,2859
50,87,2860
49,88,2861
49,87,2862
53,77,2863
54,74,2864
53,74,2865
63,61,2866
62,61,2867
70,54,2868
70,53,2869
79,47,2870
83,45,2871
86,44,2872
93,42,2873
99,41,2874
106,41,2875
105,40,2876
123,45,2877
125,45,2878
125,44,2879
135,50,2880
140,54,2881
140,53,2882
149,62,2883
154,69,2884
156,71,2885
156,69,2886
163,85,2887
167,96,2888
168,98,2889
169,102,2890
170,116,2891
171,120,2892
170,132,2893
166,149,2894
168,144,2895
166,153,2896
164,158,2897
161,165,2898
153,178,2899
152,180,2900
138,194,2901
142,192,2902
135,198,2903
132,200,2904
119,207,2905
114,209,2906
103,212,2907
97,213,2908
84,213,2909
89,214,2910
65,209,2911
68,211,2912
58,207,2913
47,201,2914
42,198,2915
37,194,2916
26,183,2917
27,185,2918
16,170,2919
16,171,2920
9,157,2921
98,112,2922
99,111,2923
101,112,2924
101,114,2925
102,113,2926
103,114,2927
104,115,2928
103,119,2929
104,118,2930
105,119,2931
106,119,2932
104,122,2933
104,124,2934
103,126,2935
101,128,2936
100,129,2937
99,130,2938
99,131,2939
98,132,2940
95,133,2941
95,134,2942
91,134,2943
90,134,2944
88,134,2945
85,133,2946
83,133,2947
84,134,2948
79,131,2949
78,130,2950
75,127,2951
74,127,2952
71,121,2953
71,124,2954
69,119,2955
68,115,2956
67,114,2957
67,107,2958
66,109,2959
66,104,2960
67,97,2961
67,96,2962
68,92,2963
66,95,2964
72,83,2965
71,83,2966
74,79,2967
74,78,2968
79,73,2969
86,69,2970
80,71,2971
90,66,2972
91,65,2973
97,64,2974
99,63,2975
101,62,2976
109,63,2977
117,66,2978
109,62,2979
119,66,2980
121,66,2981
128,71,2982
130,72,2983
139,83,2984
134,75,2985
137,78,2986
144,90,2987
146,94,2988
148,100,2989
150,107,2990
150,105,2991
151,112,2992
152,120,2993
152,122,2994
148,141,2995
150,138,2996
150,139,2997
146,150,2998
143,156,2999
142,159,3000
135,168,3001
127,176,3002
133,172,3003
121,181,3004
118,183,3005
113,186,3006
107,188,3007
99,190,3008
97,191,3009
90,191,3010
84,191,3011
71,188,3012
73,190,3013
63,185,3014
60,184,3015
54,181,3016
46,174,3017
37,164,3018
38,166,3019
34,161,3020
27,149,3021
23,138,3022
21,134,3023
21,135,3024
18,120,3025
17,111,3026
16,107,3027
16,98,3028
20,80,3029
19,79,3030
19,78,3031
27,57,3032
29,52,3033
34,44,3034
38,39,3035
45,31,3036
44,31,3037
61,18,3038
58,19,3039
74,11,3040
83,8,3041
86,7,3042
88,6,3043
107,5,3044
110,5,3045
115,5,3046
125,7,3047
137,11,3048
95,114,3049
96,116,3050
93,115,3051
93,117,3052
91,116,3053
91,117,3054
89,114,3055
89,116,3056
88,115,3057
87,113,3058
86,114,3059
85,111,3060
85,108,3061
84,108,3062
83,108,3063
84,105,3064
85,101,3065
83,103,3066
85,98,3067
86,96,3068
87,94,3069
87,93,3070
89,91,3071
90,90,3072
93,88,3073
94,87,3074
96,86,3075
97,85,3076
101,85,3077
103,85,3078
102,83,3079
110,86,3080
110,85,3081
114,87,3082
113,86,3083
117,88,3084
119,90,3085
122,93,3086
123,93,3087
127,100,3088
127,99,3089
130,107,3090
130,104,3091
131,117,3092
132,114,3093
133,117,3094
133,122,3095
132,129,3096
130,136,3097
132,132,3098
129,140,3099
129,141,3100
125,148,3101
123,151,3102
121,154,3103
119,156,3104
113,161,3105
114,161,3106
103,166,3107
102,167,3108
99,168,3109
95,169,3110
87,169,3111
82,168,3112
82,169,3113
75,167,3114
71,165,3115
65,162,3116
67,164,3117
57,156,3118
56,155,3119
52,151,3120
48,146,3121
44,139,3122
42,134,3123
41,133,3124
38,123,3125
37,120,3126
36,111,3127
36,99,3128
37,93,3129
35,98,3130
39,81,3131
41,74,3132
41,73,3133
46,63,3134
47,61,3135
53,53,3136
56,49,3137
62,43,3138
63,42,3139
72,36,3140
80,32,3141
85,30,3142
92,28,3143
98,27,3144
104,27,3145
114,28,3146
112,27,3147
129,32,3148
132,33,3149
142,39,3150
143,39,3151
151,46,3152
155,50,3153
156,50,3154
167,65,3155
170,70,3156
174,79,3157
175,81,3158
177,86,3159
181,104,3160
182,112,3161
182,126,3162
181,137,3163
182,135,3164
179,149,3165
176,160,3166
175,163,3167
167,179,3168
162,187,3169
162,188,3170
156,195,3171
151,201,3172
139,211,3173
131,216,3174
125,219,3175
96,110,3176
95,109,3177
96,108,3178
97,107,3179
97,106,3180
98,105,3181
100,105,3182
101,105,3183
102,104,3184
103,104,3185
103,103,3186
106,105,3187
107,105,3188
108,105,3189
110,109,3190
111,110,3191
112,112,3192
112,108,3193
113,113,3194
114,115,3195
114,117,3196
114,120,3197
115,121,3198
115,122,3199
113,128,3200
113,129,3201
113,130,3202
111,134,3203
109,137,3204
109,138,3205
107,140,3206
103,142,3207
101,144,3208
103,144,3209
100,145,3210
96,147,3211
91,147,3212
87,147,3213
89,148,3214
84,147,3215
78,144,3216
75,143,3217
75,144,3218
70,139,3219
70,141,3220
67,138,3221
62,130,3222
64,135,3223
58,119,3224
58,122,3225
57,121,3226
56,118,3227
55,108,3228
54,107,3229
55,98,3230
55,95,3231
57,88,3232
56,89,3233
60,79,3234
61,77,3235
62,74,3236
65,70,3237
70,64,3238
72,62,3239
71,62,3240
85,54,3241
84,54,3242
92,51,3243
94,50,3244
101,50,3245
103,49,3246
107,49,3247
114,50,3248
122,53,3249
125,54,3250
127,54,3251
136,61,3252
137,61,3253
143,67,3254
145,69,3255
152,79,3256
153,80,3257
157,91,3258
158,92,3259
159,93,3260
162,109,3261
163,114,3262
163,126,3263
163,127,3264
162,137,3265
162,138,3266
158,152,3267
156,158,3268
153,164,3269
152,166,3270
146,175,3271
139,183,3272
135,187,3273
133,189,3274
121,196,3275
113,200,3276
109,202,3277
106,203,3278
101,204,3279
90,205,3280
83,205,3281
74,203,3282
70,203,3283
61,199,3284
57,198,3285
46,191,3286
41,187,3287
32,178,3288
29,175,3289
22,165,3290
19,160,3291
13,146,3292
14,152,3293
7,125,3294
6,118,3295
5,114,3296
5,101,3297
5,94,3298
6,84,3299
8,75,3300
11,64,3301
11,63,3302
97,113,3303
99,113,3304
99,116,3305
100,117,3306
99,119,3307
99,120,3308
98,121,3309
97,122,3310
98,123,3311
96,124,3312
97,125,3313
93,125,3314
92,126,3315
91,126,3316
91,127,3317
87,125,3318
86,125,3319
86,127,3320
84,126,3321
82,123,3322
82,125,3323
79,120,3324
78,120,3325
76,116,3326
76,118,3327
75,114,3328
74,112,3329
73,110,3330
74,102,3331
73,102,3332
72,104,3333
74,96,3334
77,90,3335
73,95,3336
77,88,3337
77,87,3338
81,83,3339
81,82,3340
84,79,3341
87,77,3342
89,75,3343
95,73,3344
90,73,3345
100,72,3346
100,71,3347
106,71,3348
109,72,3349
109,71,3350
118,75,3351
119,75,3352
122,76,3353
124,77,3354
132,87,3355
133,87,3356
131,83,3357
136,91,3358
139,98,3359
139,95,3360
142,103,3361
143,110,3362
144,114,3363
144,120,3364
144,127,3365
144,130,3366
143,136,3367
139,145,3368
140,145,3369
139,148,3370
136,154,3371
129,163,3372
132,161,3373
122,170,3374
122,171,3375
111,177,3376
110,178,3377
106,180,3378
102,181,3379
94,182,3380
91,183,3381
87,183,3382
73,180,3383
77,182,3384
64,176,3385
61,175,3386
61,176,3387
49,166,3388
48,165,3389
42,159,3390
37,151,3391
33,144,3392
31,139,3393
31,142,3394
26,122,3395
25,118,3396
24,114,3397
24,104,3398
24,97,3399
25,87,3400
27,78,3401
31,68,3402
33,62,3403
32,63,3404
40,49,3405
43,45,3406
52,35,3407
50,36,3408
64,26,3409
65,24,3410
73,20,3411
72,20,3412
87,15,3413
95,14,3414
102,13,3415
107,13,3416
124,16,3417
126,16,3418
137,21,3419
137,20,3420
148,27,3421
157,34,3422
164,41,3423
164,40,3424
173,52,3425
179,61,3426
184,71,3427
185,73,3428
191,94,3429
94,112,3430
94,115,3431
92,112,3432
92,111,3433
91,110,3434
90,111,3435
91,106,3436
90,106,3437
90,105,3438
90,104,3439
89,104,3440
89,103,3441
92,99,3442
91,99,3443
93,97,3444
95,96,3445
98,95,3446
94,94,3447
98,93,3448
101,93,3449
102,92,3450
104,92,3451
105,92,3452
108,93,3453
111,94,3454
112,94,3455
113,95,3456
116,98,3457
117,98,3458
119,101,3459
120,101,3460
122,107,3461
123,105,3462
124,111,3463
125,113,3464
126,115,3465
125,124,3466
125,126,3467
126,125,3468
123,134,3469
123,135,3470
122,138,3471
122,139,3472
117,146,3473
116,148,3474
113,151,3475
111,153,3476
108,155,3477
102,157,3478
103,158,3479
99,159,3480
97,160,3481
88,160,3482
89,161,3483
86,161,3484
81,160,3485
69,154,3486
75,159,3487
65,152,3488
66,154,3489
57,144,3490
57,145,3491
55,143,3492
50,133,3493
51,137,3494
46,124,3495
45,121,3496
44,115,3497
43,112,3498
44,97,3499
42,104,3500
43,95,3501
44,89,3502
50,74,3503
47,78,3504
50,71,3505
51,69,3506
59,58,3507
62,54,3508
69,48,3509
72,46,3510
72,45,3511
80,41,3512
84,39,3513
90,37,3514
99,36,3515
103,35,3516
106,35,3517
118,37,3518
124,39,3519
134,44,3520
127,39,3521
142,49,3522
146,52,3523
148,53,3524
153,59,3525
161,71,3526
163,74,3527
167,81,3528
169,87,3529
173,103,3530
173,101,3531
175,112,3532
175,124,3533
175,128,3534
174,137,3535
168,158,3536
172,149,3537
169,158,3538
166,166,3539
157,181,3540
158,180,3541
149,191,3542
143,197,3543
131,206,3544
135,204,3545
122,211,3546
119,213,3547
104,217,3548
96,218,3549
90,219,3550
86,219,3551
70,216,3552
68,216,3553
56,212,3554
53,211,3555
40,203,3556
98,111,3557
98,110,3558
99,109,3559
101,109,3560
102,110,3561
103,110,3562
104,111,3563
105,113,3564
105,111,3565
106,113,3566
107,114,3567
108,115,3568
107,119,3569
108,120,3570
108,121,3571
108,122,3572
107,125,3573
107,127,3574
107,128,3575
104,131,3576
105,131,3577
102,134,3578
103,134,3579
99,136,3580
96,137,3581
96,138,3582
95,139,3583
90,139,3584
89,139,3585
86,139,3586
87,140,3587
80,136,3588
81,138,3589
77,136,3590
75,134,3591
71,130,3592
70,129,3593
69,128,3594
67,124,3595
66,123,3596
64,117,3597
63,113,3598
62,113,3599
63,99,3600
61,107,3601
61,103,3602
62,96,3603
64,89,3604
70,79,3605
64,87,3606
69,78,3607
70,76,3608
74,72,3609
75,70,3610
80,66,3611
79,66,3612
86,62,3613
89,60,3614
95,59,3615
97,58,3616
106,58,3617
104,57,3618
112,58,3619
120,61,3620
117,59,3621
128,65,3622
130,66,3623
134,69,3624
135,70,3625
142,78,3626
143,79,3627
148,88,3628
150,91,3629
152,97,3630
154,104,3631
155,108,3632
156,114,3633
156,121,3634
156,128,3635
155,134,3636
152,145,3637
155,139,3638
150,152,3639
148,157,3640
143,166,3641
140,170,3642
136,175,3643
133,178,3644
126,184,3645
120,188,3646
114,191,3647
112,192,3648
100,195,3649
97,196,3650
92,197,3651
80,196,3652
73,194,3653
69,193,3654
64,192,3655
51,184,3656
49,183,3657
42,177,3658
40,176,3659
33,167,3660
30,163,3661
25,156,3662
21,147,3663
19,142,3664
16,133,3665
14,126,3666
13,119,3667
12,108,3668
12,98,3669
14,82,3670
17,72,3671
15,75,3672
23,55,3673
25,50,3674
28,45,3675
36,34,3676
41,28,3677
43,25,3678
50,19,3679
57,14,3680
67,8,3681
80,3,3682
83,2,3683
96,115,3684
98,115,3685
95,117,3686
96,118,3687
94,119,3688
94,120,3689
91,119,3690
91,120,3691
90,120,3692
88,119,3693
88,120,3694
86,118,3695
85,118,3696
84,117,3697
83,115,3698
82,113,3699
81,111,3700
81,115,3701
80,109,3702
80,105,3703
80,104,3704
79,104,3705
80,100,3706
80,99,3707
82,95,3708
81,95,3709
84,91,3710
85,89,3711
88,86,3712
89,85,3713
89,84,3714
95,82,3715
95,81,3716
96,80,3717
100,80,3718
103,79,3719
108,80,3720
110,80,3721
109,79,3722
115,82,3723
119,84,3724
122,87,3725
121,84,3726
125,89,3727
127,91,3728
129,94,3729
133,102,3730
133,99,3731
135,110,3732
136,111,3733
137,113,3734
137,118,3735
137,123,3736
137,127,3737
136,133,3738
135,137,3739
132,144,3740
132,146,3741
130,149,3742
127,154,3743
126,156,3744
122,160,3745
117,164,3746
112,168,3747
111,169,3748
101,172,3749
98,173,3750
96,174,3751
93,175,3752
86,174,3753
82,174,3754
76,173,3755
71,171,3756
60,164,3757
60,165,3758
57,163,3759
52,158,3760
49,155,3761
44,148,3762
42,145,3763
38,137,3764
37,135,3765
33,119,3766
33,121,3767
32,120,3768
31,102,3769
31,100,3770
32,90,3771
34,82,3772
33,83,3773
37,71,3774
42,61,3775
46,54,3776
45,55,3777
53,45,3778
57,41,3779
66,34,3780
70,31,3781
76,28,3782
89,24,3783
87,24,3784
96,22,3785
108,22,3786
109,22,3787
117,23,3788
123,24,3789
133,28,3790
141,32,3791
147,36,3792
150,38,3793
157,44,3794
162,50,3795
168,58,3796
175,70,3797
177,74,3798
178,76,3799
184,98,3800
184,92,3801
186,112,3802
187,119,3803
186,134,3804
186,137,3805
183,152,3806
181,160,3807
179,166,3808
173,178,3809
170,184,3810
96,112,3811
94,110,3812
94,109,3813
94,107,3814
95,106,3815
94,105,3816
96,104,3817
97,103,3818
98,102,3819
98,101,3820
97,100,3821
101,100,3822
104,101,3823
104,100,3824
105,100,3825
107,101,3826
109,103,3827
107,99,3828
111,103,3829
112,104,3830
113,103,3831
115,108,3832
116,110,3833
117,111,3834
117,118,3835
118,115,3836
119,116,3837
118,123,3838
118,125,3839
119,125,3840
119,126,3841
117,131,3842
113,138,3843
117,134,3844
112,140,3845
112,141,3846
109,144,3847
107,146,3848
104,148,3849
102,149,3850
97,151,3851
95,152,3852
91,152,3853
88,152,3854
88,153,3855
82,152,3856
76,149,3857
76,150,3858
70,146,3859
67,143,3860
66,143,3861
65,143,3862
57,129,3863
58,133,3864
57,132,3865
54,125,3866
52,116,3867
52,121,3868
51,106,3869
50,108,3870
50,101,3871
50,99,3872
52,88,3873
52,87,3874
53,83,3875
61,69,3876
60,69,3877
61,67,3878
66,61,3879
72,56,3880
68,58,3881
80,51,3882
81,49,3883
92,46,3884
90,46,3885
96,44,3886
105,44,3887
108,44,3888
112,44,3889
116,45,3890
130,51,3891
130,50,3892
140,58,3893
141,58,3894
142,58,3895
152,71,3896
153,72,3897
155,74,3898
159,82,3899
163,93,3900
165,99,3901
166,99,3902
167,116,3903
168,118,3904
168,125,3905
166,139,3906
164,148,3907
164,149,3908
162,155,3909
153,172,3910
150,177,3911
151,177,3912
143,186,3913
138,191,3914
131,196,3915
129,198,3916
114,205,3917
119,204,3918
107,208,3919
104,209,3920
87,210,3921
89,211,3922
74,209,3923
67,207,3924
55,202,3925
56,203,3926
44,195,3927
45,197,3928
31,184,3929
25,177,3930
21,172,3931
18,168,3932
9,149,3933
7,145,3934
5,139,3935
2,126,3936
1,117,3937
98,113,3938
99,112,3939
101,113,3940
101,115,3941
102,115,3942
103,116,3943
102,119,3944
101,120,3945
102,121,3946
102,122,3947
103,122,3948
101,125,3949
100,126,3950
100,127,3951
97,128,3952
95,129,3953
94,130,3954
95,131,3955
92,131,3956
90,131,3957
89,132,3958
85,130,3959
84,130,3960
81,128,3961
81,129,3962
79,128,3963
78,127,3964
75,123,3965
75,124,3966
72,117,3967
71,117,3968
70,112,3969
70,107,3970
69,112,3971
69,105,3972
69,100,3973
70,96,3974
69,97,3975
71,91,3976
73,87,3977
73,86,3978
76,81,3979
74,82,3980
81,76,3981
82,74,3982
87,71,3983
89,70,3984
89,69,3985
98,67,3986
100,67,3987
101,66,3988
103,65,3989
114,68,3990
113,67,3991
112,66,3992
119,69,3993
127,75,3994
125,71,3995
133,79,3996
134,80,3997
139,87,3998
141,90,3999
142,91,4000
146,104,4001
146,100,4002
148,112,4003
148,116,4004
149,118,4005
149,123,4006
146,139,4007
149,131,4008
146,142,4009
144,148,4010
136,161,4011
139,158,4012
138,160,4013
132,168,4014
125,174,4015
126,174,4016
115,181,4017
108,184,4018
113,183,4019
102,186,4020
93,187,4021
93,188,4022
86,188,4023
78,187,4024
72,186,4025
62,181,4026
58,179,4027
51,174,4028
54,178,4029
41,164,4030
38,161,4031
39,163,4032
33,154,4033
27,141,4034
24,133,4035
23,132,4036
21,119,4037
20,112,4038
19,108,4039
19,103,4040
21,85,4041
21,84,4042
25,69,4043
30,59,4044
29,58,4045
30,56,4046
35,47,4047
45,35,4048
51,29,4049
60,22,4050
66,18,4051
78,13,4052
71,15,4053
88,10,4054
89,9,4055
102,8,4056
109,8,4057
121,10,4058
120,9,4059
140,17,4060
140,16,4061
144,18,4062
152,23,4063
165,34,4064
96,113,4065
95,116,4066
92,113,4067
92,116,4068
91,114,4069
90,115,4070
89,111,4071
88,111,4072
88,110,4073
87,110,4074
86,111,4075
87,106,4076
87,103,4077
86,104,4078
86,102,4079
87,100,4080
89,97,4081
87,98,4082
89,95,4083
91,93,4084
92,92,4085
92,91,4086
95,90,4087
97,89,4088
99,88,4089
100,87,4090
105,88,4091
104,87,4092
110,89,4093
110,88,4094
110,87,4095
117,93,4096
114,89,4097
120,95,4098
122,97,4099
123,98,4100
125,101,4101
127,107,4102
127,105,4103
129,113,4104
129,116,4105
130,117,4106
131,116,4107
129,127,4108
130,127,4109
129,131,4110
128,136,4111
126,141,4112
121,148,4113
124,145,4114
119,151,4115
118,153,4116
113,157,4117
109,160,4118
106,162,4119
104,163,4120
93,164,4121
98,165,4122
91,166,4123
87,166,4124
81,165,4125
80,165,4126
75,164,4127
67,159,4128
67,160,4129
61,155,4130
57,152,4131
53,147,4132
53,148,4133
49,142,4134
46,137,4135
42,126,4136
42,128,4137
40,118,4138
39,112,4139
38,109,4140
39,95,4141
39,94,4142
40,87,4143
42,80,4144
47,68,4145
45,70,4146
52,59,4147
54,56,4148
57,52,4149
60,49,4150
70,41,4151
71,40,4152
79,36,4153
83,34,4154
85,33,4155
94,31,4156
103,30,4157
105,30,4158
111,30,4159
123,33,4160
134,38,4161
136,39,4162
143,43,4163
149,48,4164
153,52,4165
158,58,4166
163,64,4167
167,71,4168
171,80,4169
172,81,4170
175,90,4171
178,103,4172
179,110,4173
180,115,4174
179,130,4175
180,127,4176
178,142,4177
174,157,4178
170,166,4179
172,164,4180
161,183,4181
161,184,4182
153,194,4183
142,204,4184
137,208,4185
138,208,4186
124,216,4187
118,219,4188
111,221,4189
101,223,4190
94,224,4191
97,110,4192
97,109,4193
98,108,4194
99,107,4195
100,107,4196
100,106,4197
102,106,4198
103,106,4199
104,107,4200
105,107,4201
106,107,4202
107,108,4203
108,109,4204
109,110,4205
110,113,4206
111,114,4207
111,118,4208
112,117,4209
112,119,4210
111,124,4211
112,123,4212
111,126,4213
111,128,4214
110,130,4215
108,133,4216
108,134,4217
107,136,4218
103,139,4219
104,139,4220
101,141,4221
99,142,4222
94,143,4223
94,144,4224
91,144,4225
87,144,4226
86,144,4227
82,143,4228
81,143,4229
77,141,4230
73,138,4231
71,137,4232
69,135,4233
67,133,4234
64,128,4235
63,128,4236
61,123,4237
59,116,4238
59,120,4239
58,108,4240
57,108,4241
57,103,4242
57,101,4243
58,94,4244
59,90,4245
60,86,4246
62,81,4247
65,76,4248
65,75,4249
70,69,4250
76,63,4251
75,63,4252
81,59,4253
83,58,4254
86,56,4255
91,54,4256
99,53,4257
102,52,4258
105,52,4259
113,53,4260
116,54,4261
120,55,4262
127,58,4263
130,60,4264
136,65,4265
139,67,4266
142,70,4267
149,80,4268
151,83,4269
154,89,4270
155,92,4271
158,101,4272
159,105,4273
160,116,4274
160,126,4275
160,130,4276
160,133,4277
159,138,4278
158,144,4279
152,159,4280
153,158,4281
149,165,4282
143,174,4283
139,179,4284
136,182,4285
126,190,4286
121,193,4287
115,196,4288
113,197,4289
108,199,4290
93,201,4291
90,202,4292
89,202,4293
79,201,4294
70,199,4295
61,196,4296
59,195,4297
45,186,4298
48,189,4299
39,181,4300
32,174,4301
28,169,4302
24,163,4303
16,147,4304
14,142,4305
12,135,4306
10,128,4307
8,111,4308
8,98,4309
7,103,4310
9,85,4311
10,79,4312
14,64,4313
15,61,4314
22,46,4315
24,42,4316
31,32,4317
33,29,4318
97,114,4319
99,114,4320
97,117,4321
99,117,4322
97,119,4323
97,120,4324
96,121,4325
94,122,4326
95,123,4327
93,123,4328
94,125,4329
90,123,4330
88,123,4331
88,124,4332
86,123,4333
84,121,4334
83,120,4335
84,124,4336
80,117,4337
80,118,4338
79,118,4339
78,113,4340
77,113,4341
76,110,4342
77,102,4343
75,107,4344
76,101,4345
76,99,4346
77,96,4347
77,94,4348
76,95,4349
81,88,4350
81,87,4351
79,87,4352
84,83,4353
87,80,4354
89,79,4355
92,77,4356
94,76,4357
99,75,4358
100,74,4359
106,75,4360
106,74,4361
110,75,4362
112,75,4363
116,76,4364
123,82,4365
120,78,4366
128,86,4367
129,87,4368
130,87,4369
131,87,4370
137,102,4371
138,102,4372
139,102,4373
140,108,4374
141,116,4375
142,115,4376
141,126,4377
142,124,4378
141,132,4379
140,136,4380
136,147,4381
137,146,4382
135,150,4383
128,159,4384
126,162,4385
123,166,4386
122,167,4387
114,172,4388
118,171,4389
103,177,4390
105,177,4391
93,179,4392
92,180,4393
89,180,4394
78,178,4395
76,178,4396
72,177,4397
67,175,4398
55,167,4399
54,167,4400
48,160,4401
47,160,4402
46,160,4403
36,143,4404
34,139,4405
32,135,4406
30,128,4407
28,119,4408
27,112,4409
27,100,4410
27,96,4411
27,92,4412
29,81,4413
32,72,4414
33,69,4415
36,62,4416
39,56,4417
49,43,4418
51,40,4419
54,37,4420
57,34,4421
69,26,4422
73,24,4423
79,21,4424
92,18,4425
92,17,4426
100,16,4427
104,16,4428
120,18,4429
124,19,4430
133,22,4431
139,25,4432
148,31,4433
153,34,4434
165,47,4435
161,41,4436
172,56,4437
179,68,4438
180,70,4439
183,75,4440
187,90,4441
189,97,4442
191,109,4443
191,118,4444
192,123,4445
95,112,4446
94,113,4447
93,111,4448
92,109,4449
92,108,4450
90,109,4451
92,106,4452
93,104,4453
93,103,4454
93,102,4455
92,101,4456
93,100,4457
96,98,4458
96,97,4459
98,97,4460
99,96,4461
102,96,4462
99,94,4463
104,95,4464
107,96,4465
107,95,4466
109,96,4467
112,98,4468
113,99,4469
115,100,4470
117,104,4471
117,102,4472
119,106,4473
120,108,4474
121,111,4475
122,112,4476
122,118,4477
122,123,4478
124,119,4479
123,124,4480
123,126,4481
121,132,4482
120,136,4483
120,137,4484
115,143,4485
116,143,4486
113,147,4487
114,147,4488
106,152,4489
105,153,4490
104,154,4491
98,156,4492
97,157,4493
88,157,4494
83,156,4495
87,158,4496
84,158,4497
73,153,4498
73,154,4499
71,153,4500
69,152,4501
61,144,4502
63,148,4503
57,140,4504
54,136,4505
51,129,4506
50,127,4507
48,123,4508
47,114,4509
46,114,4510
46,103,4511
46,98,4512
46,94,4513
47,89,4514
50,80,4515
48,83,4516
53,72,4517
55,68,4518
62,60,4519
61,59,4520
65,55,4521
67,53,4522
74,48,4523
81,44,4524
89,41,4525
94,40,4526
93,39,4527
105,39,4528
108,39,4529
108,38,4530
120,41,4531
126,43,4532
130,44,4533
142,53,4534
145,56,4535
147,57,4536
146,55,4537
160,75,4538
162,78,4539
162,77,4540
167,89,4541
170,103,4542
171,106,4543
172,110,4544
172,122,4545
172,129,4546
172,131,4547
170,143,4548
169,148,4549
164,162,4550
161,169,4551
150,184,4552
156,178,4553
151,185,4554
141,195,4555
136,199,4556
129,204,4557
119,209,4558
114,211,4559
102,214,4560
100,215,4561
90,215,4562
90,216,4563
73,214,4564
63,211,4565
62,211,4566
51,206,4567
36,195,4568
41,200,4569
31,192,4570
30,191,4571
17,175,4572
97,112,4573
99,110,4574
100,111,4575
101,110,4576
102,112,4577
103,112,4578
104,114,4579
104,117,4580
105,116,4581
106,116,4582
106,117,4583
106,120,4584
105,123,4585
105,124,4586
104,126,4587
104,127,4588
102,129,4589
102,130,4590
102,131,4591
98,133,4592
100,133,4593
94,134,4594
94,135,4595
93,136,4596
90,136,4597
89,136,4598
86,136,4599
84,135,4600
82,135,4601
78,132,4602
79,134,4603
73,127,4604
75,132,4605
71,126,4606
70,124,4607
68,121,4608
67,119,4609
66,115,4610
65,112,4611
65,105,4612
65,100,4613
65,98,4614
63,103,4615
68,88,4616
65,93,4617
68,86,4618
68,85,4619
71,80,4620
78,73,4621
74,75,4622
80,70,4623
83,67,4624
91,64,4625
92,63,4626
94,62,4627
96,61,4628
107,62,4629
101,60,4630
113,62,4631
112,61,4632
119,64,4633
123,65,4634
125,66,4635
133,73,4636
131,70,4637
136,75,4638
143,85,4639
144,86,4640
147,92,4641
147,91,4642
151,103,4643
152,109,4644
153,112,4645
152,129,4646
154,121,4647
153,129,4648
151,140,4649
149,147,4650
150,145,4651
144,158,4652
140,164,4653
140,166,4654
135,171,4655
128,178,4656
129,178,4657
120,184,4658
115,187,4659
111,189,4660
104,191,4661
102,192,4662
88,193,4663
90,194,4664
78,192,4665
69,190,4666
67,190,4667
58,185,4668
51,180,4669
48,178,4670
45,176,4671
36,166,4672
33,162,4673
28,154,4674
26,152,4675
21,139,4676
17,123,4677
17,126,4678
16,101,4679
15,111,4680
15,95,4681
15,92,4682
17,82,4683
20,69,4684
21,66,4685
25,57,4686
34,42,4687
31,45,4688
48,26,4689
44,28,4690
53,21,4691
60,16,4692
67,12,4693
75,8,4694
82,6,4695
87,4,4696
99,3,4697
103,2,4698
120,4,4699
96,114,4700
97,116,4701
94,116,4702
94,118,4703
92,117,4704
92,118,4705
89,115,4706
89,117,4707
88,117,4708
87,115,4709
86,116,4710
85,113,4711
84,112,4712
84,111,4713
83,110,4714
83,107,4715
83,104,4716
82,105,4717
83,101,4718
83,100,4719
84,97,4720
83,97,4721
85,94,4722
86,92,4723
89,89,4724
88,89,4725
91,87,4726
92,86,4727
94,85,4728
98,84,4729
97,83,4730
105,83,4731
103,82,4732
108,83,4733
109,83,4734
113,84,4735
115,85,4736
119,88,4737
119,87,4738
124,93,4739
124,92,4740
128,99,4741
128,97,4742
131,103,4743
132,108,4744
133,110,4745
134,114,4746
134,119,4747
134,124,4748
134,128,4749
133,133,4750
133,134,4751
130,142,4752
130,143,4753
128,147,4754
126,150,4755
122,155,4756
121,157,4757
115,162,4758
114,163,4759
109,166,4760
107,167,4761
102,169,4762
92,170,4763
94,171,4764
88,171,4765
80,170,4766
79,170,4767
74,169,4768
68,166,4769
63,163,4770
59,160,4771
56,158,4772
50,151,4773
46,146,4774
43,141,4775
42,139,4776
40,135,4777
36,121,4778
36,122,4779
35,101,4780
34,111,4781
34,101,4782
35,91,4783
35,87,4784
38,77,4785
40,71,4786
44,63,4787
46,60,4788
50,53,4789
53,49,4790
62,41,4791
63,40,4792
71,34,4793
77,31,4794
82,29,4795
89,27,4796
93,26,4797
100,25,4798
106,25,4799
116,26,4800
121,27,4801
132,31,4802
135,32,4803
144,38,4804
150,42,4805
157,49,4806
160,52,4807
165,59,4808
168,63,4809
172,70,4810
178,84,4811
179,88,4812
182,99,4813
183,107,4814
184,113,4815
183,135,4816
183,137,4817
181,149,4818
180,153,4819
174,169,4820
176,166,4821
165,186,4822
161,192,4823
159,195,4824
153,201,4825
147,207,4826
96,111,4827
95,110,4828
95,108,4829
96,107,4830
97,105,4831
96,105,4832
98,104,4833
100,104,4834
101,103,4835
101,102,4836
101,101,4837
103,102,4838
105,103,4839
107,103,4840
109,106,4841
110,106,4842
111,107,4843
111,104,4844
113,110,4845
114,112,4846
115,112,4847
115,115,4848
116,116,4849
116,119,4850
115,125,4851
116,125,4852
116,126,4853
114,131,4854
113,133,4855
114,133,4856
112,136,4857
109,139,4858
108,141,4859
109,141,4860
103,145,4861
104,145,4862
99,147,4863
96,148,4864
93,149,4865
88,149,4866
87,149,4867
82,148,4868
80,148,4869
75,145,4870
78,148,4871
72,144,4872
67,139,4873
67,141,4874
61,130,4875
60,130,4876
59,130,4877
58,129,4878
55,116,4879
54,114,4880
53,113,4881
53,107,4882
53,101,4883
53,97,4884
54,92,4885
55,87,4886
55,86,4887
58,78,4888
60,75,4889
63,70,4890
63,69,4891
75,58,4892
75,57,4893
78,55,4894
81,53,4895
88,50,4896
89,49,4897
97,48,4898
100,47,4899
111,48,4900
114,48,4901
115,48,4902
125,52,4903
130,54,4904
129,53,4905
137,59,4906
145,67,4907
144,64,4908
151,75,4909
154,79,4910
155,80,4911
160,93,4912
162,99,4913
163,101,4914
164,108,4915
165,118,4916
165,124,4917
164,136,4918
162,145,4919
163,143,4920
159,155,4921
156,162,4922
152,169,4923
145,179,4924
148,176,4925
137,187,4926
127,195,4927
128,195,4928
125,197,4929
115,202,4930
104,205,4931
99,206,4932
89,207,4933
83,207,4934
82,207,4935
71,205,4936
60,201,4937
57,200,4938
47,194,4939
43,191,4940
36,185,4941
30,179,4942
23,169,4943
23,171,4944
15,156,4945
10,143,4946
8,138,4947
7,136,4948
4,115,4949
3,111,4950
3,102,4951
4,87,4952
4,84,4953
98,114,4954
100,113,4955
100,115,4956
100,116,4957
101,117,4958
101,118,4959
100,120,4960
99,122,4961
100,122,4962
98,124,4963
99,125,4964
96,126,4965
94,126,4966
94,127,4967
93,128,4968
90,128,4969
89,128,4970
90,129,4971
86,128,4972
85,128,4973
84,128,4974
80,124,4975
79,123,4976
78,122,4977
77,122,4978
75,118,4979
74,116,4980
73,114,4981
73,109,4982
72,110,4983
71,110,4984
72,101,4985
73,97,4986
70,104,4987
73,94,4988
73,93,4989
76,87,4990
75,87,4991
79,82,4992
83,78,4993
81,79,4994
85,76,4995
84,75,4996
93,72,4997
93,71,4998
97,70,4999
101,69,5000
103,69,5001
112,71,5002
113,71,5003
114,70,5004
117,71,5005
125,77,5006
126,77,5007
127,77,5008
132,82,5009
135,87,5010
135,85,5011
140,94,5012
141,97,5013
144,106,5014
144,105,5015
145,108,5016
146,118,5017
147,118,5018
144,135,5019
145,133,5020
143,142,5021
142,145,5022
138,153,5023
140,152,5024
132,162,5025
132,163,5026
121,173,5027
126,170,5028
118,176,5029
115,178,5030
108,181,5031
102,183,5032
97,184,5033
85,184,5034
86,185,5035
75,182,5036
72,182,5037
73,183,5038
59,176,5039
56,174,5040
55,174,5041
46,166,5042
42,161,5043
36,153,5044
41,162,5045
29,138,5046
29,139,5047
27,135,5048
24,124,5049
23,112,5050
22,108,5051
22,102,5052
25,82,5053
24,83,5054
25,78,5055
29,66,5056
34,56,5057
35,54,5058
43,42,5059
51,34,5060
47,37,5061
54,30,5062
59,26,5063
73,18,5064
75,17,5065
84,14,5066
93,12,5067
103,11,5068
107,11,5069
123,14,5070
126,14,5071
131,16,5072
142,21,5073
150,26,5074
152,27,5075
162,36,5076
163,36,5077
172,47,5078
178,55,5079
183,65,5080
95,113,5081
94,115,5082
93,113,5083
92,114,5084
91,112,5085
90,113,5086
90,108,5087
90,107,5088
89,107,5089
88,106,5090
87,107,5091
88,104,5092
90,101,5093
90,99,5094
91,98,5095
91,97,5096
95,95,5097
91,95,5098
95,93,5099
97,92,5100
98,91,5101
100,91,5102
103,91,5103
104,90,5104
107,91,5105
108,91,5106
109,91,5107
113,93,5108
115,95,5109
117,96,5110
118,96,5111
121,102,5112
121,99,5113
124,106,5114
125,108,5115
126,110,5116
126,116,5117
127,116,5118
128,117,5119
127,123,5120
126,130,5121
126,131,5122
127,130,5123
123,139,5124
123,140,5125
121,144,5126
120,146,5127
117,150,5128
111,154,5129
113,154,5130
106,158,5131
103,160,5132
97,161,5133
96,162,5134
93,163,5135
88,163,5136
78,160,5137
83,163,5138
73,159,5139
73,160,5140
66,155,5141
65,155,5142
61,152,5143
53,141,5144
58,150,5145
51,139,5146
48,134,5147
46,129,5148
45,127,5149
43,121,5150
42,114,5151
41,108,5152
41,102,5153
44,86,5154
42,89,5155
44,82,5156
45,79,5157
50,68,5158
51,66,5159
56,59,5160
60,54,5161
59,54,5162
70,45,5163
74,42,5164
77,40,5165
85,37,5166
88,36,5167
94,34,5168
108,34,5169
111,34,5170
116,35,5171
117,34,5172
129,39,5173
132,40,5174
133,40,5175
144,48,5176
152,56,5177
152,55,5178
160,65,5179
162,68,5180
170,86,5181
171,87,5182
172,89,5183
174,97,5184
176,111,5185
177,115,5186
175,136,5187
177,129,5188
175,143,5189
174,148,5190
169,162,5191
167,168,5192
163,175,5193
153,189,5194
151,191,5195
150,193,5196
136,205,5197
137,205,5198
125,212,5199
117,215,5200
104,219,5201
101,220,5202
84,220,5203
79,220,5204
76,220,5205
75,220,5206
63,217,5207
97,111,5208
98,109,5209
99,108,5210
100,108,5211
102,109,5212
103,109,5213
104,110,5214
104,109,5215
105,110,5216
106,110,5217
107,112,5218
108,113,5219
108,117,5220
109,116,5221
109,120,5222
110,117,5223
109,122,5224
110,122,5225
109,125,5226
107,129,5227
108,129,5228
106,132,5229
105,133,5230
104,135,5231
100,137,5232
100,138,5233
99,139,5234
96,140,5235
93,140,5236
91,141,5237
91,142,5238
85,140,5239
85,141,5240
82,140,5241
79,139,5242
76,137,5243
74,135,5244
72,134,5245
70,132,5246
68,129,5247
66,126,5248
64,121,5249
63,121,5250
62,117,5251
61,114,5252
60,110,5253
60,104,5254
60,101,5255
63,90,5256
61,92,5257
63,86,5258
64,83,5259
67,78,5260
69,75,5261
71,72,5262
72,70,5263
77,66,5264
77,65,5265
86,60,5266
88,59,5267
90,58,5268
96,56,5269
101,56,5270
107,56,5271
107,55,5272
115,57,5273
123,60,5274
127,62,5275
128,62,5276
133,66,5277
138,70,5278
142,75,5279
143,76,5280
147,82,5281
151,90,5282
152,91,5283
155,101,5284
156,104,5285
157,111,5286
158,117,5287
156,134,5288
159,122,5289
155,142,5290
153,149,5291
154,147,5292
151,155,5293
148,161,5294
144,168,5295
139,174,5296
134,180,5297
128,185,5298
125,187,5299
118,191,5300
112,194,5301
110,195,5302
103,197,5303
90,198,5304
83,198,5305
78,198,5306
66,194,5307
67,195,5308
57,190,5309
51,187,5310
45,182,5311
39,177,5312
35,173,5313
27,162,5314
28,164,5315
20,149,5316
18,145,5317
16,140,5318
13,128,5319
11,117,5320
10,109,5321
11,95,5322
10,97,5323
14,75,5324
16,67,5325
17,64,5326
24,49,5327
27,43,5328
30,38,5329
33,34,5330
44,22,5331
51,16,5332
55,13,5333
63,8,5334
97,115,5335
98,115,5336
96,117,5337
97,118,5338
95,119,5339
95,120,5340
93,120,5341
92,121,5342
92,122,5343
90,121,5344
91,123,5345
87,120,5346
86,120,5347
85,120,5348
84,118,5349
82,115,5350
81,114,5351
81,118,5352
80,112,5353
79,111,5354
79,107,5355
78,107,5356
78,106,5357
78,103,5358
79,99,5359
78,99,5360
80,95,5361
80,93,5362
83,89,5363
84,87,5364
85,86,5365
89,83,5366
90,82,5367
88,82,5368
95,79,5369
97,78,5370
101,78,5371
101,77,5372
105,77,5373
110,78,5374
112,79,5375
118,82,5376
115,79,5377
122,84,5378
123,85,5379
125,86,5380
129,92,5381
130,91,5382
134,101,5383
135,102,5384
136,103,5385
137,105,5386
138,116,5387
139,116,5388
139,121,5389
139,124,5390
137,134,5391
138,133,5392
134,144,5393
135,143,5394
134,146,5395
128,155,5396
125,159,5397
123,162,5398
121,164,5399
111,170,5400
110,171,5401
108,172,5402
104,174,5403
95,176,5404
93,176,5405
84,176,5406
82,176,5407
72,173,5408
71,173,5409
68,172,5410
59,166,5411
58,166,5412
52,161,5413
51,160,5414
44,151,5415
42,149,5416
37,138,5417
35,134,5418
35,136,5419
31,117,5420
30,113,5421
29,110,5422
30,96,5423
30,91,5424
31,86,5425
34,75,5426
36,69,5427
37,66,5428
39,62,5429
46,51,5430
52,44,5431
53,42,5432
61,35,5433
69,30,5434
74,27,5435
78,25,5436
82,23,5437
96,20,5438
102,20,5439
105,19,5440
117,21,5441
119,21,5442
126,23,5443
134,26,5444
140,29,5445
149,35,5446
157,42,5447
160,45,5448
166,52,5449
173,62,5450
180,78,5451
177,68,5452
184,90,5453
186,98,5454
188,110,5455
188,106,5456
188,132,5457
188,136,5458
186,148,5459
183,159,5460
182,163,5461
95,111,5462
94,111,5463
93,110,5464
93,108,5465
94,106,5466
92,107,5467
94,104,5468
96,103,5469
96,102,5470
96,101,5471
95,100,5472
98,99,5473
101,99,5474
101,98,5475
102,98,5476
105,99,5477
107,100,5478
105,97,5479
111,102,5480
109,99,5481
111,100,5482
113,102,5483
115,105,5484
116,107,5485
117,106,5486
118,111,5487
119,111,5488
120,115,5489
119,123,5490
121,118,5491
121,122,5492
119,129,5493
117,133,5494
120,130,5495
117,136,5496
117,137,5497
113,142,5498
112,143,5499
110,146,5500
106,148,5501
104,150,5502
102,151,5503
105,151,5504
94,153,5505
94,154,5506
91,155,5507
86,154,5508
83,154,5509
78,152,5510
74,150,5511
72,150,5512
71,150,5513
62,140,5514
61,140,5515
62,142,5516
57,135,5517
54,128,5518
54,131,5519
52,125,5520
50,117,5521
49,113,5522
48,109,5523
48,103,5524
49,94,5525
49,92,5526
54,79,5527
52,81,5528
53,78,5529
58,69,5530
61,65,5531
59,66,5532
72,54,5533
67,57,5534
78,50,5535
80,48,5536
81,47,5537
90,44,5538
95,43,5539
100,42,5540
108,42,5541
113,43,5542
114,42,5543
128,48,5544
131,49,5545
129,47,5546
142,57,5547
147,62,5548
149,63,5549
154,70,5550
159,79,5551
162,85,5552
160,78,5553
167,102,5554
168,105,5555
169,109,5556
169,124,5557
169,130,5558
169,133,5559
167,144,5560
162,158,5561
162,159,5562
161,163,5563
157,170,5564
153,177,5565
145,186,5566
144,188,5567
134,196,5568
133,198,5569
123,204,5570
117,207,5571
111,209,5572
102,211,5573
93,212,5574
83,212,5575
76,211,5576
69,210,5577
58,205,5578
55,205,5579
49,201,5580
38,193,5581
30,186,5582
28,184,5583
17,169,5584
19,173,5585
13,163,5586
8,153,5587
3,137,5588
98,112,5589
100,112,5590
101,112,5591
101,114,5592
102,114,5593
103,115,5594
103,117,5595
102,120,5596
104,119,5597
103,121,5598
105,120,5599
103,123,5600
102,125,5601
102,126,5602
100,128,5603
98,129,5604
97,130,5605
98,131,5606
96,132,5607
93,132,5608
92,133,5609
89,133,5610
87,133,5611
85,132,5612
84,132,5613
82,132,5614
80,131,5615
77,128,5616
75,126,5617
74,124,5618
74,126,5619
70,116,5620
70,120,5621
69,117,5622
68,112,5623
67,110,5624
67,104,5625
66,106,5626
67,101,5627
69,93,5628
69,91,5629
71,87,5630
69,89,5631
75,80,5632
74,80,5633
78,76,5634
79,74,5635
83,71,5636
90,68,5637
86,68,5638
94,66,5639
95,65,5640
102,64,5641
105,64,5642
104,63,5643
113,65,5644
121,69,5645
117,65,5646
126,71,5647
126,70,5648
132,76,5649
133,76,5650
137,80,5651
144,94,5652
142,87,5653
146,98,5654
148,103,5655
149,108,5656
150,111,5657
150,122,5658
151,118,5659
150,131,5660
149,137,5661
144,150,5662
148,142,5663
146,148,5664
141,158,5665
136,165,5666
135,167,5667
128,174,5668
120,180,5669
125,178,5670
114,184,5671
112,185,5672
104,188,5673
97,189,5674
92,190,5675
85,190,5676
79,189,5677
74,188,5678
64,184,5679
70,188,5680
56,180,5681
50,176,5682
47,174,5683
39,165,5684
32,155,5685
30,152,5686
29,151,5687
23,136,5688
21,128,5689
19,120,5690
19,122,5691
18,106,5692
17,103,5693
18,93,5694
22,76,5695
20,78,5696
24,66,5697
24,65,5698
33,48,5699
36,43,5700
41,37,5701
47,30,5702
57,22,5703
53,24,5704
70,14,5705
73,12,5706
87,8,5707
93,7,5708
100,6,5709
110,6,5710
116,7,5711
123,8,5712
133,11,5713
136,12,5714
144,16,5715
95,114,5716
96,116,5717
93,114,5718
93,116,5719
91,115,5720
90,116,5721
89,113,5722
88,113,5723
88,114,5724
87,112,5725
86,113,5726
86,108,5727
86,106,5728
85,106,5729
84,106,5730
85,102,5731
86,100,5732
85,100,5733
86,97,5734
88,95,5735
88,94,5736
89,92,5737
90,91,5738
93,89,5739
95,88,5740
96,87,5741
99,86,5742
101,86,5743
104,86,5744
104,85,5745
104,84,5746
112,88,5747
116,90,5748
113,87,5749
117,89,5750
120,92,5751
121,93,5752
124,97,5753
126,99,5754
127,102,5755
129,106,5756
130,111,5757
131,110,5758
131,121,5759
132,119,5760
132,121,5761
131,130,5762
130,134,5763
127,140,5764
129,138,5765
125,146,5766
126,145,5767
120,153,5768
119,154,5769
115,158,5770
114,159,5771
108,163,5772
107,164,5773
99,166,5774
98,167,5775
93,168,5776
90,168,5777
85,168,5778
75,165,5779
75,166,5780
69,163,5781
66,161,5782
61,158,5783
59,157,5784
53,150,5785
51,148,5786
46,140,5787
45,139,5788
42,131,5789
39,122,5790
39,123,5791
37,113,5792
37,101,5793
36,104,5794
37,96,5795
40,82,5796
37,90,5797
44,70,5798
45,67,5799
46,65,5800
49,60,5801
55,52,5802
63,44,5803
65,42,5804
69,39,5805
72,37,5806
78,34,5807
90,30,5808
94,29,5809
98,28,5810
105,28,5811
118,30,5812
122,31,5813
127,32,5814
138,38,5815
137,37,5816
148,45,5817
150,46,5818
158,55,5819
164,63,5820
166,65,5821
171,75,5822
173,79,5823
178,95,5824
179,98,5825
180,102,5826
181,113,5827
181,129,5828
180,139,5829
177,151,5830
179,147,5831
173,164,5832
172,167,5833
169,174,5834
162,185,5835
154,195,5836
148,202,5837
147,203,5838
141,208,5839
134,213,5840
117,221,5841
115,222,5842
96,110,5843
96,109,5844
97,108,5845
97,107,5846
98,106,5847
99,105,5848
101,106,5849
102,105,5850
104,106,5851
104,105,5852
104,104,5853
106,106,5854
108,107,5855
109,108,5856
110,110,5857
111,111,5858
112,114,5859
112,110,5860
113,115,5861
113,119,5862
114,119,5863
113,124,5864
114,122,5865
113,127,5866
111,130,5867
112,130,5868
111,133,5869
108,136,5870
107,138,5871
105,140,5872
104,141,5873
99,143,5874
99,144,5875
98,145,5876
94,146,5877
90,146,5878
88,146,5879
85,146,5880
84,146,5881
79,144,5882
74,141,5883
73,141,5884
72,141,5885
68,136,5886
66,135,5887
63,130,5888
62,128,5889
61,129,5890
58,115,5891
57,115,5892
56,112,5893
56,108,5894
56,100,5895
56,97,5896
56,96,5897
57,90,5898
59,85,5899
59,83,5900
62,77,5901
66,71,5902
65,71,5903
73,63,5904
77,60,5905
76,60,5906
78,58,5907
88,54,5908
93,52,5909
96,51,5910
99,50,5911
110,51,5912
112,51,5913
114,51,5914
120,53,5915
126,56,5916
132,59,5917
133,59,5918
140,66,5919
145,71,5920
146,72,5921
149,76,5922
153,83,5923
156,89,5924
160,105,5925
160,103,5926
161,104,5927
162,116,5928
162,126,5929
162,129,5930
160,140,5931
160,142,5932
156,155,5933
152,163,5934
150,167,5935
147,172,5936
142,178,5937
138,183,5938
133,187,5939
128,191,5940
122,195,5941
108,200,5942
103,202,5943
99,203,5944
95,204,5945
81,203,5946
79,203,5947
73,202,5948
64,199,5949
60,198,5950
47,190,5951
45,189,5952
38,183,5953
34,179,5954
26,169,5955
22,163,5956
19,158,5957
13,144,5958
10,133,5959
10,138,5960
7,117,5961
6,108,5962
6,99,5963
7,87,5964
8,79,5965
10,71,5966
12,64,5967
17,52,5968
18,49,5969
97,113,5970
99,113,5971
98,117,5972
99,118,5973
99,119,5974
99,120,5975
97,121,5976
96,122,5977
97,123,5978
95,124,5979
96,125,5980
92,125,5981
89,124,5982
90,126,5983
89,126,5984
86,124,5985
84,123,5986
85,126,5987
83,124,5988
80,120,5989
81,123,5990
78,117,5991
77,116,5992
76,114,5993
76,108,5994
75,112,5995
74,109,5996
74,105,5997
75,99,5998
74,100,5999
74,98,6000
76,93,6001
79,88,6002
74,94,6003
80,85,6004
80,84,6005
84,81,6006
85,79,6007
89,77,6008
93,75,6009
94,74,6010
99,73,6011
100,73,6012
107,73,6013
105,72,6014
107,72,6015
115,75,6016
116,74,6017
123,79,6018
124,80,6019
125,80,6020
126,80,6021
135,94,6022
134,90,6023
135,90,6024
138,97,6025
141,108,6026
141,103,6027
142,117,6028
143,115,6029
144,119,6030
143,127,6031
142,134,6032
142,135,6033
141,140,6034
134,153,6035
135,153,6036
133,157,6037
130,161,6038
125,166,6039
123,169,6040
116,173,6041
114,175,6042
105,178,6043
101,180,6044
102,180,6045
91,181,6046
83,181,6047
80,181,6048
75,180,6049
66,176,6050
69,178,6051
58,171,6052
55,170,6053
54,170,6054
43,157,6055
39,152,6056
41,156,6057
34,144,6058
32,139,6059
28,127,6060
29,134,6061
26,114,6062
25,110,6063
25,98,6064
26,91,6065
27,83,6066
28,78,6067
31,69,6068
38,56,6069
39,53,6070
39,52,6071
46,43,6072
51,37,6073
61,29,6074
59,30,6075
76,21,6076
73,21,6077
81,18,6078
87,16,6079
108,15,6080
106,14,6081
115,15,6082
124,17,6083
132,20,6084
133,20,6085
151,31,6086
147,27,6087
161,39,6088
168,47,6089
170,50,6090
173,53,6091
180,66,6092
184,74,6093
188,85,6094
190,93,6095
192,105,6096
94,112,6097
94,114,6098
93,112,6099
92,110,6100
91,109,6101
90,110,6102
92,105,6103
91,105,6104
91,104,6105
91,103,6106
90,103,6107
91,101,6108
94,99,6109
93,98,6110
95,97,6111
97,96,6112
99,95,6113
96,94,6114
101,94,6115
103,94,6116
104,93,6117
105,93,6118
109,95,6119
111,96,6120
112,96,6121
114,97,6122
115,97,6123
117,100,6124
118,101,6125
121,106,6126
121,105,6127
123,112,6128
123,117,6129
124,114,6130
125,117,6131
125,120,6132
124,127,6133
124,128,6134
124,131,6135
121,137,6136
120,139,6137
120,140,6138
119,143,6139
113,149,6140
112,150,6141
109,153,6142
107,154,6143
106,155,6144
97,158,6145
92,158,6146
94,159,6147
92,160,6148
82,158,6149
83,159,6150
81,159,6151
75,157,6152
66,151,6153
71,156,6154
62,148,6155
60,147,6156
55,140,6157
54,139,6158
52,136,6159
48,125,6160
48,129,6161
45,114,6162
45,115,6163
44,109,6164
44,100,6165
46,89,6166
44,93,6167
46,85,6168
47,82,6169
53,70,6170
51,71,6171
56,63,6172
58,60,6173
63,55,6174
67,51,6175
72,47,6176
82,42,6177
79,42,6178
90,39,6179
92,38,6180
97,37,6181
109,37,6182
111,37,6183
114,37,6184
128,42,6185
132,44,6186
137,47,6187
133,43,6188
149,57,6189
152,60,6190
152,59,6191
161,72,6192
165,81,6193
167,85,6194
170,92,6195
172,102,6196
173,111,6197
174,115,6198
174,123,6199
174,128,6200
173,137,6201
171,147,6202
164,165,6203
166,163,6204
161,173,6205
160,175,6206
150,188,6207
147,192,6208
138,200,6209
129,206,6210
125,208,6211
123,210,6212
107,215,6213
110,215,6214
94,217,6215
83,217,6216
80,217,6217
71,216,6218
57,210,6219
57,211,6220
45,205,6221
43,204,6222
32,195,6223
98,111,6224
98,110,6225
100,110,6226
101,109,6227
102,111,6228
103,111,6229
104,112,6230
104,116,6231
105,114,6232
106,115,6233
107,115,6234
107,117,6235
106,122,6236
107,122,6237
107,123,6238
106,125,6239
105,127,6240
106,127,6241
105,129,6242
102,132,6243
103,132,6244
100,134,6245
99,135,6246
97,136,6247
94,137,6248
93,138,6249
91,138,6250
89,138,6251
84,137,6252
83,137,6253
84,138,6254
77,133,6255
80,137,6256
74,132,6257
73,131,6258
71,129,6259
68,124,6260
67,123,6261
65,117,6262
64,114,6263
64,110,6264
63,109,6265
62,109,6266
64,97,6267
62,101,6268
63,96,6269
64,92,6270
66,86,6271
72,77,6272
68,81,6273
72,75,6274
75,72,6275
77,70,6276
82,66,6277
85,64,6278
85,63,6279
92,61,6280
93,60,6281
100,59,6282
107,59,6283
109,59,6284
111,59,6285
115,60,6286
124,64,6287
125,64,6288
128,66,6289
137,74,6290
138,75,6291
138,74,6292
146,86,6293
147,87,6294
151,98,6295
152,100,6296
153,105,6297
154,110,6298
155,115,6299
155,121,6300
154,132,6301
154,136,6302
152,143,6303
148,153,6304
150,151,6305
144,162,6306
142,165,6307
138,171,6308
131,178,6309
125,183,6310
127,182,6311
115,189,6312
116,189,6313
109,192,6314
102,194,6315
92,195,6316
85,195,6317
80,195,6318
75,194,6319
65,190,6320
58,187,6321
57,187,6322
46,179,6323
42,176,6324
38,171,6325
33,166,6326
28,158,6327
23,148,6328
21,145,6329
19,139,6330
15,124,6331
14,119,6332
13,113,6333
14,92,6334
13,96,6335
14,88,6336
16,77,6337
24,56,6338
21,60,6339
29,46,6340
29,45,6341
38,33,6342
46,25,6343
50,21,6344
56,16,6345
64,11,6346
72,7,6347
78,5,6348
84,3,6349
96,1,6350
96,115,6351
98,116,6352
94,117,6353
95,118,6354
93,118,6355
93,119,6356
91,118,6357
90,119,6358
89,119,6359
88,118,6360
87,118,6361
85,115,6362
85,116,6363
84,115,6364
83,113,6365
82,111,6366
82,107,6367
81,109,6368
81,106,6369
81,104,6370
82,100,6371
80,102,6372
81,99,6373
82,96,6374
84,93,6375
84,92,6376
87,89,6377
88,87,6378
89,86,6379
90,85,6380
92,83,6381
98,82,6382
98,81,6383
102,81,6384
103,80,6385
104,80,6386
109,81,6387
113,82,6388
112,81,6389
119,86,6390
120,86,6391
124,90,6392
124,88,6393
127,93,6394
130,98,6395
131,99,6396
133,105,6397
134,104,6398
135,115,6399
136,116,6400
136,121,6401
136,126,6402
135,132,6403
135,133,6404
134,137,6405
131,144,6406
127,151,6407
129,149,6408
124,156,6409
120,160,6410
122,159,6411
114,165,6412
109,168,6413
108,169,6414
103,171,6415
95,172,6416
92,173,6417
87,173,6418
83,173,6419
76,171,6420
75,171,6421
69,169,6422
64,166,6423
61,164,6424
56,160,6425
53,158,6426
46,149,6427
45,148,6428
40,139,6429
38,134,6430
36,129,6431
35,126,6432
33,112,6433
32,109,6434
32,105,6435
33,91,6436
34,86,6437
35,80,6438
39,70,6439
37,73,6440
43,61,6441
49,52,6442
52,48,6443
55,44,6444
61,39,6445
68,34,6446
73,31,6447
76,29,6448
84,26,6449
96,24,6450
100,23,6451
107,23,6452
110,23,6453
124,26,6454
127,27,6455
133,29,6456
140,33,6457
148,38,6458
155,44,6459
156,45,6460
164,54,6461
168,60,6462
176,75,6463
179,82,6464
181,88,6465
182,91,6466
185,111,6467
185,103,6468
186,123,6469
185,136,6470
183,147,6471
182,153,6472
177,167,6473
175,172,6474
173,177,6475
166,188,6476
162,194,6477
96,112,6478
95,110,6479
94,108,6480
94,107,6481
96,106,6482
94,105,6483
97,104,6484
98,103,6485
99,102,6486
99,101,6487
99,100,6488
102,101,6489
105,102,6490
103,100,6491
107,102,6492
108,103,6493
110,105,6494
109,101,6495
112,105,6496
113,107,6497
114,106,6498
115,110,6499
116,112,6500
117,114,6501
117,120,6502
118,118,6503
118,120,6504
117,125,6505
117,127,6506
117,129,6507
117,130,6508
114,135,6509
112,138,6510
116,135,6511
109,142,6512
108,144,6513
103,147,6514
102,148,6515
99,149,6516
96,150,6517
93,151,6518
90,151,6519
87,151,6520
83,150,6521
82,151,6522
79,150,6523
72,145,6524
71,146,6525
67,142,6526
64,138,6527
65,141,6528
61,137,6529
57,127,6530
55,124,6531
54,123,6532
53,119,6533
52,111,6534
51,112,6535
52,97,6536
51,99,6537
51,98,6538
52,91,6539
56,80,6540
54,83,6541
57,76,6542
65,65,6543
64,65,6544
66,63,6545
71,58,6546
78,53,6547
78,52,6548
86,49,6549
90,47,6550
98,46,6551
99,45,6552
103,45,6553
112,46,6554
114,46,6555
119,47,6556
127,50,6557
134,55,6558
137,56,6559
147,67,6560
147,66,6561
148,66,6562
154,76,6563
158,83,6564
160,86,6565
163,96,6566
165,105,6567
166,110,6568
166,105,6569
167,122,6570
167,125,6571
166,136,6572
164,144,6573
161,154,6574
158,161,6575
156,166,6576
146,180,6577
143,184,6578
144,184,6579
134,193,6580
131,195,6581
121,201,6582
115,204,6583
103,207,6584
102,208,6585
96,209,6586
87,209,6587
76,208,6588
71,207,6589
64,205,6590
57,202,6591
49,197,6592
45,195,6593
32,183,6594
33,186,6595
24,174,6596
16,161,6597
15,160,6598
13,157,6599
6,136,6600
4,130,6601
3,125,6602
2,118,6603
1,106,6604
98,113,6605
99,112,6606
100,114,6607
101,116,6608
102,116,6609
102,117,6610
101,119,6611
100,121,6612
101,122,6613
100,123,6614
101,124,6615
98,126,6616
97,127,6617
98,127,6618
96,128,6619
94,129,6620
93,130,6621
93,131,6622
90,130,6623
88,130,6624
88,131,6625
83,128,6626
82,128,6627
80,126,6628
79,126,6629
77,124,6630
76,123,6631
74,120,6632
73,119,6633
72,114,6634
71,114,6635
70,109,6636
71,101,6637
69,109,6638
70,100,6639
70,98,6640
72,92,6641
71,92,6642
73,88,6643
76,84,6644
75,84,6645
80,78,6646
77,80,6647
85,74,6648
85,73,6649
89,71,6650
94,69,6651
95,68,6652
105,68,6653
107,68,6654
106,67,6655
116,70,6656
110,67,6657
118,70,6658
120,70,6659
126,74,6660
133,82,6661
128,75,6662
135,83,6663
138,87,6664
140,91,6665
143,97,6666
143,96,6667
146,109,6668
147,109,6669
147,123,6670
148,122,6671
148,123,6672
148,127,6673
144,143,6674
146,140,6675
141,151,6676
140,154,6677
132,165,6678
134,164,6679
130,168,6680
124,174,6681
118,178,6682
117,179,6683
110,182,6684
101,185,6685
101,186,6686
90,186,6687
82,186,6688
83,187,6689
72,184,6690
71,184,6691
67,183,6692
56,176,6693
50,172,6694
47,169,6695
48,172,6696
34,152,6697
34,153,6698
32,150,6699
27,140,6700
23,124,6701
22,121,6702
22,123,6703
21,105,6704
20,104,6705
21,91,6706
22,84,6707
24,76,6708
27,67,6709
28,64,6710
41,43,6711
36,48,6712
40,42,6713
45,36,6714
54,28,6715
59,24,6716
69,18,6717
73,16,6718
90,11,6719
86,11,6720
107,10,6721
107,9,6722
115,10,6723
121,11,6724
134,15,6725
133,14,6726
151,25,6727
151,24,6728
159,30,6729
167,38,6730
175,48,6731
96,113,6732
95,115,6733
92,113,6734
92,115,6735
91,113,6736
90,114,6737
89,110,6738
89,109,6739
88,108,6740
87,109,6741
86,109,6742
87,105,6743
88,102,6744
87,102,6745
88,100,6746
88,99,6747
92,96,6748
88,97,6749
91,94,6750
94,92,6751
95,91,6752
94,91,6753
99,90,6754
100,89,6755
101,88,6756
105,89,6757
107,89,6758
108,89,6759
111,90,6760
113,91,6761
113,90,6762
119,96,6763
117,92,6764
122,99,6765
123,100,6766
124,101,6767
125,103,6768
127,110,6769
128,111,6770
128,119,6771
129,120,6772
129,121,6773
130,122,6774
127,132,6775
127,135,6776
126,137,6777
126,139,6778
123,144,6779
117,151,6780
119,150,6781
115,154,6782
112,157,6783
105,160,6784
105,161,6785
100,163,6786
101,163,6787
89,164,6788
93,165,6789
84,164,6790
85,165,6791
73,161,6792
74,162,6793
69,160,6794
61,153,6795
64,157,6796
56,149,6797
53,145,6798
50,141,6799
48,138,6800
45,132,6801
43,127,6802
41,118,6803
40,116,6804
40,103,6805
39,106,6806
39,102,6807
40,93,6808
42,83,6809
43,80,6810
46,72,6811
50,65,6812
49,65,6813
57,54,6814
60,51,6815
66,45,6816
72,41,6817
80,37,6818
81,36,6819
88,34,6820
95,32,6821
102,32,6822
102,31,6823
112,32,6824
118,33,6825
121,33,6826
134,39,6827
140,43,6828
147,48,6829
143,44,6830
156,57,6831
159,61,6832
166,72,6833
166,71,6834
171,82,6835
174,92,6836
176,97,6837
177,104,6838
178,112,6839
179,119,6840
179,122,6841
176,145,6842
176,146,6843
172,160,6844
167,171,6845
164,176,6846
162,181,6847
152,193,6848
151,195,6849
143,202,6850
135,208,6851
122,215,6852
126,214,6853
112,219,6854
108,221,6855
98,222,6856
86,223,6857
85,223,6858
97,110,6859
97,109,6860
98,108,6861
99,107,6862
100,107,6863
101,107,6864
102,107,6865
103,107,6866
105,108,6867
106,108,6868
107,109,6869
108,111,6870
109,113,6871
109,114,6872
110,115,6873
110,118,6874
110,120,6875
111,120,6876
111,122,6877
110,125,6878
110,127,6879
109,129,6880
109,130,6881
108,132,6882
105,135,6883
105,136,6884
103,138,6885
101,139,6886
100,140,6887
98,141,6888
96,142,6889
90,142,6890
91,143,6891
87,143,6892
86,143,6893
82,142,6894
79,141,6895
77,140,6896
74,138,6897
71,135,6898
68,132,6899
67,131,6900
66,130,6901
62,122,6902
61,120,6903
60,116,6904
59,112,6905
59,107,6906
59,101,6907
58,103,6908
59,96,6909
60,90,6910
61,87,6911
62,84,6912
64,79,6913
67,74,6914
70,71,6915
70,70,6916
75,65,6917
80,61,6918
83,59,6919
85,58,6920
90,56,6921
93,55,6922
97,54,6923
107,54,6924
110,54,6925
112,54,6926
116,55,6927
122,57,6928
126,59,6929
131,62,6930
135,65,6931
141,71,6932
145,76,6933
146,77,6934
152,88,6935
154,92,6936
156,98,6937
158,107,6938
158,125,6939
159,112,6940
159,126,6941
159,129,6942
158,138,6943
156,146,6944
154,152,6945
152,157,6946
147,166,6947
146,168,6948
141,175,6949
137,179,6950
133,183,6951
127,188,6952
119,193,6953
117,194,6954
106,198,6955
102,199,6956
97,200,6957
85,200,6958
81,200,6959
74,199,6960
65,196,6961
62,195,6962
54,191,6963
44,184,6964
40,180,6965
39,180,6966
29,168,6967
28,167,6968
22,157,6969
18,149,6970
13,135,6971
12,132,6972
10,120,6973
9,114,6974
9,99,6975
9,94,6976
10,85,6977
13,71,6978
16,62,6979
19,54,6980
21,50,6981
28,38,6982
30,35,6983
40,23,6984
42,21,6985
97,114,6986
99,115,6987
97,117,6988
98,118,6989
97,119,6990
96,120,6991
95,121,6992
93,121,6993
94,123,6994
92,123,6995
93,124,6996
89,122,6997
88,122,6998
87,123,6999
85,121,7000
83,119,7001
82,119,7002
83,122,7003
80,116,7004
79,114,7005
79,116,7006
78,111,7007
77,110,7008
77,107,7009
77,104,7010
76,103,7011
78,97,7012
77,98,7013
79,93,7014
79,92,7015
79,91,7016
84,86,7017
84,85,7018
83,84,7019
88,81,7020
90,79,7021
94,78,7022
95,77,7023
98,76,7024
103,76,7025
104,75,7026
110,77,7027
111,76,7028
116,78,7029
117,78,7030
119,79,7031
127,87,7032
125,83,7033
130,90,7034
132,93,7035
132,91,7036
134,93,7037
138,108,7038
139,109,7039
139,106,7040
140,117,7041
140,124,7042
141,121,7043
139,134,7044
140,132,7045
139,137,7046
135,147,7047
134,149,7048
132,153,7049
131,155,7050
121,165,7051
122,165,7052
120,167,7053
116,170,7054
108,174,7055
108,175,7056
97,177,7057
96,178,7058
89,178,7059
83,178,7060
81,178,7061
72,175,7062
68,174,7063
62,171,7064
58,168,7065
51,162,7066
51,163,7067
41,149,7068
42,152,7069
38,146,7070
32,129,7071
31,127,7072
31,129,7073
29,118,7074
28,111,7075
28,98,7076
28,95,7077
30,83,7078
30,81,7079
32,74,7080
36,65,7081
40,57,7082
43,52,7083
48,45,7084
59,35,7085
61,33,7086
63,31,7087
69,27,7088
73,25,7089
87,20,7090
90,19,7091
101,18,7092
101,17,7093
114,18,7094
123,20,7095
129,22,7096
132,23,7097
142,28,7098
153,36,7099
155,38,7100
161,43,7101
169,54,7102
171,55,7103
180,73,7104
182,78,7105
184,83,7106
186,87,7107
189,107,7108
190,111,7109
190,127,7110
190,130,7111
190,135,7112
95,112,7113
94,113,7114
93,111,7115
92,109,7116
93,107,7117
91,108,7118
93,105,7119
94,103,7120
94,102,7121
94,101,7122
93,101,7123
99,99,7124
95,99,7125
99,98,7126
100,97,7127
102,97,7128
104,97,7129
101,95,7130
107,97,7131
108,97,7132
108,96,7133
111,99,7134
114,102,7135
114,101,7136
115,101,7137
118,107,7138
118,105,7139
120,110,7140
120,116,7141
121,113,7142
122,115,7143
122,121,7144
121,125,7145
123,121,7146
121,130,7147
121,131,7148
119,135,7149
118,138,7150
117,140,7151
110,147,7152
112,146,7153
110,148,7154
109,150,7155
101,153,7156
101,154,7157
98,155,7158
94,156,7159
91,156,7160
83,155,7161
80,154,7162
82,156,7163
80,156,7164
69,149,7165
69,150,7166
66,148,7167
64,147,7168
57,137,7169
59,142,7170
53,131,7171
52,129,7172
50,124,7173
49,121,7174
48,119,7175
47,109,7176
46,109,7177
48,94,7178
48,90,7179
48,89,7180
50,82,7181
53,75,7182
51,77,7183
59,65,7184
58,65,7185
68,55,7186
69,53,7187
72,51,7188
74,49,7189
84,44,7190
90,42,7191
94,41,7192
101,40,7193
100,39,7194
116,42,7195
118,42,7196
118,41,7197
131,47,7198
133,48,7199
133,47,7200
144,56,7201
152,65,7202
154,67,7203
153,64,7204
161,79,7205
165,88,7206
166,89,7207
169,99,7208
170,111,7209
171,114,7210
171,126,7211
169,140,7212
170,138,7213
168,148,7214
166,154,7215
164,160,7216
160,168,7217
155,177,7218
146,187,7219
148,187,7220
145,190,7221
137,197,7222
128,203,7223
121,207,7224
113,210,7225
107,212,7226
94,214,7227
92,215,7228
78,213,7229
79,214,7230
61,209,7231
54,206,7232
50,204,7233
42,199,7234
28,186,7235
28,187,7236
23,181,7237
18,175,7238
12,164,7239
97,112,7240
99,111,7241
100,111,7242
101,111,7243
102,113,7244
103,113,7245
104,115,7246
103,118,7247
105,117,7248
105,119,7249
106,118,7250
104,123,7251
105,122,7252
104,125,7253
102,127,7254
102,128,7255
100,130,7256
101,130,7257
99,132,7258
96,133,7259
97,134,7260
92,134,7261
92,135,7262
90,135,7263
87,134,7264
87,135,7265
83,134,7266
81,133,7267
79,132,7268
76,129,7269
76,130,7270
72,124,7271
73,128,7272
70,123,7273
68,117,7274
68,118,7275
67,109,7276
66,112,7277
65,108,7278
66,101,7279
66,98,7280
67,94,7281
65,96,7282
70,86,7283
69,86,7284
71,82,7285
72,80,7286
75,76,7287
82,71,7288
78,72,7289
86,67,7290
87,66,7291
94,64,7292
96,63,7293
98,62,7294
103,62,7295
112,64,7296
107,61,7297
116,64,7298
118,64,7299
123,67,7300
127,69,7301
130,71,7302
139,82,7303
136,76,7304
142,85,7305
146,93,7306
146,92,7307
149,100,7308
149,99,7309
151,108,7310
152,116,7311
152,125,7312
150,136,7313
152,131,7314
150,141,7315
147,149,7316
145,154,7317
145,155,7318
139,164,7319
134,170,7320
139,166,7321
129,176,7322
121,182,7323
120,183,7324
112,187,7325
106,189,7326
101,191,7327
93,192,7328
88,192,7329
81,191,7330
79,192,7331
68,188,7332
65,187,7333
61,186,7334
51,179,7335
43,172,7336
38,167,7337
36,165,7338
29,154,7339
25,145,7340
25,146,7341
22,140,7342
19,129,7343
17,116,7344
16,113,7345
17,96,7346
15,104,7347
16,93,7348
18,80,7349
21,70,7350
25,59,7351
29,51,7352
34,43,7353
39,37,7354
41,33,7355
54,22,7356
49,25,7357
66,14,7358
75,10,7359
79,8,7360
90,5,7361
97,4,7362
103,4,7363
112,4,7364
120,5,7365
124,6,7366
96,114,7367
97,116,7368
93,115,7369
93,117,7370
91,116,7371
92,118,7372
89,114,7373
89,116,7374
88,116,7375
87,114,7376
86,115,7377
85,112,7378
85,109,7379
84,109,7380
83,109,7381
83,106,7382
84,102,7383
83,102,7384
84,100,7385
85,97,7386
86,95,7387
85,95,7388
87,92,7389
88,91,7390
92,88,7391
91,88,7392
94,86,7393
96,85,7394
100,85,7395
101,84,7396
100,83,7397
106,84,7398
106,83,7399
111,85,7400
112,85,7401
115,86,7402
118,88,7403
121,91,7404
122,91,7405
125,96,7406
126,96,7407
130,106,7408
130,103,7409
131,106,7410
132,112,7411
133,114,7412
133,120,7413
133,126,7414
132,131,7415
133,129,7416
131,136,7417
131,138,7418
126,147,7419
126,148,7420
124,151,7421
121,155,7422
119,157,7423
115,161,7424
110,164,7425
106,166,7426
101,168,7427
102,168,7428
95,170,7429
85,169,7430
85,170,7431
81,169,7432
74,167,7433
71,166,7434
69,166,7435
61,160,7436
57,157,7437
53,153,7438
50,150,7439
48,147,7440
43,138,7441
43,139,7442
38,125,7443
37,123,7444
36,115,7445
35,110,7446
36,97,7447
34,102,7448
37,86,7449
37,85,7450
38,80,7451
41,72,7452
44,65,7453
47,60,7454
52,53,7455
55,49,7456
62,42,7457
69,37,7458
74,34,7459
80,31,7460
82,30,7461
94,27,7462
107,27,7463
105,26,7464
109,26,7465
122,29,7466
124,29,7467
133,33,7468
136,34,7469
145,40,7470
153,47,7471
156,49,7472
163,58,7473
164,59,7474
170,69,7475
174,77,7476
178,87,7477
180,96,7478
181,100,7479
183,113,7480
183,121,7481
184,122,7482
181,142,7483
179,152,7484
176,162,7485
173,169,7486
170,175,7487
169,178,7488
156,196,7489
154,199,7490
152,201,7491
137,213,7492
131,217,7493
96,111,7494
95,109,7495
96,108,7496
96,107,7497
97,106,7498
98,105,7499
99,104,7500
101,104,7501
102,104,7502
102,103,7503
102,102,7504
105,104,7505
106,104,7506
107,104,7507
109,107,7508
111,109,7509
112,111,7510
112,107,7511
113,112,7512
114,114,7513
114,116,7514
115,118,7515
115,119,7516
115,123,7517
114,126,7518
115,126,7519
114,129,7520
112,133,7521
111,135,7522
111,136,7523
108,139,7524
106,141,7525
105,142,7526
104,144,7527
101,145,7528
100,146,7529
93,147,7530
93,148,7531
90,148,7532
87,148,7533
80,146,7534
79,146,7535
78,146,7536
71,141,7537
73,144,7538
69,140,7539
63,132,7540
64,136,7541
59,124,7542
59,126,7543
57,123,7544
56,121,7545
55,111,7546
54,110,7547
54,102,7548
54,99,7549
55,93,7550
55,91,7551
57,85,7552
57,84,7553
58,80,7554
61,75,7555
67,67,7556
68,65,7557
70,62,7558
80,56,7559
82,54,7560
84,53,7561
89,51,7562
96,49,7563
99,49,7564
105,48,7565
106,48,7566
115,50,7567
120,51,7568
124,52,7569
130,56,7570
133,57,7571
138,61,7572
144,67,7573
150,75,7574
149,72,7575
155,84,7576
158,90,7577
159,91,7578
162,104,7579
163,110,7580
164,112,7581
164,121,7582
164,126,7583
163,135,7584
160,148,7585
159,152,7586
158,155,7587
152,167,7588
151,169,7589
143,179,7590
142,181,7591
134,189,7592
123,196,7593
117,199,7594
116,200,7595
114,201,7596
109,203,7597
94,205,7598
87,206,7599
81,205,7600
75,205,7601
66,202,7602
60,200,7603
56,198,7604
46,192,7605
38,185,7606
35,183,7607
29,176,7608
23,168,7609
14,150,7610
19,163,7611
10,140,7612
7,128,7613
5,118,7614
5,120,7615
4,106,7616
4,97,7617
6,82,7618
7,76,7619
9,67,7620
98,114,7621
100,113,7622
99,116,7623
100,117,7624
100,118,7625
100,119,7626
99,121,7627
98,122,7628
98,123,7629
97,124,7630
98,125,7631
95,126,7632
93,126,7633
92,127,7634
92,128,7635
88,126,7636
87,126,7637
88,128,7638
85,127,7639
83,125,7640
83,126,7641
79,121,7642
79,122,7643
77,119,7644
77,121,7645
75,116,7646
74,113,7647
73,111,7648
73,106,7649
72,107,7650
72,105,7651
73,99,7652
75,94,7653
72,97,7654
76,89,7655
75,90,7656
79,84,7657
78,84,7658
82,80,7659
86,77,7660
88,75,7661
91,74,7662
87,74,7663
97,72,7664
98,71,7665
101,70,7666
108,71,7667
107,70,7668
113,72,7669
118,74,7670
120,74,7671
119,73,7672
129,82,7673
130,82,7674
130,81,7675
134,86,7676
138,94,7677
138,92,7678
141,99,7679
143,106,7680
144,110,7681
145,114,7682
145,121,7683
145,125,7684
145,129,7685
141,142,7686
142,141,7687
141,145,7688
136,155,7689
133,159,7690
137,155,7691
124,169,7692
124,170,7693
116,175,7694
117,175,7695
110,179,7696
108,180,7697
100,182,7698
96,183,7699
90,184,7700
78,182,7701
78,183,7702
69,179,7703
67,179,7704
65,179,7705
53,170,7706
48,166,7707
47,166,7708
40,157,7709
35,149,7710
32,143,7711
33,148,7712
28,132,7713
26,126,7714
25,123,7715
24,100,7716
23,105,7717
23,99,7718
25,84,7719
30,69,7720
29,70,7721
30,66,7722
35,56,7723
38,51,7724
45,42,7725
46,40,7726
60,28,7727
58,28,7728
64,24,7729
67,22,7730
81,16,7731
89,14,7732
96,13,7733
103,12,7734
113,13,7735
116,13,7736
136,20,7737
136,19,7738
146,25,7739
151,28,7740
159,35,7741
161,36,7742
173,51,7743
173,50,7744
181,63,7745
184,69,7746
188,80,7747
95,113,7748
94,115,7749
92,112,7750
92,111,7751
91,111,7752
90,112,7753
91,107,7754
90,106,7755
89,106,7756
89,105,7757
88,105,7758
89,103,7759
91,100,7760
90,100,7761
92,97,7762
94,96,7763
97,95,7764
93,94,7765
97,93,7766
100,93,7767
101,92,7768
102,91,7769
106,92,7770
107,92,7771
109,93,7772
109,92,7773
112,93,7774
115,96,7775
118,99,7776
119,100,7777
120,100,7778
122,106,7779
122,103,7780
124,109,7781
125,111,7782
126,113,7783
126,120,7784
126,123,7785
127,122,7786
125,129,7787
124,134,7788
124,135,7789
124,137,7790
120,143,7791
118,146,7792
116,149,7793
116,150,7794
112,153,7795
106,156,7796
106,157,7797
102,159,7798
100,160,7799
92,161,7800
87,161,7801
89,162,7802
82,161,7803
73,157,7804
79,161,7805
68,155,7806
68,156,7807
62,150,7808
61,150,7809
59,149,7810
51,136,7811
53,142,7812
48,131,7813
46,126,7814
44,119,7815
43,116,7816
43,102,7817
42,108,7818
42,101,7819
43,91,7820
47,80,7821
45,82,7822
47,76,7823
49,72,7824
55,62,7825
58,58,7826
63,52,7827
68,48,7828
64,50,7829
75,43,7830
80,40,7831
87,37,7832
94,36,7833
99,35,7834
101,34,7835
110,35,7836
116,36,7837
128,40,7838
124,37,7839
136,44,7840
141,47,7841
143,48,7842
151,56,7843
158,65,7844
160,67,7845
162,70,7846
167,80,7847
172,96,7848
172,94,7849
174,101,7850
175,116,7851
176,120,7852
176,124,7853
172,147,7854
175,138,7855
171,154,7856
170,158,7857
165,169,7858
160,178,7859
155,185,7860
148,193,7861
144,197,7862
138,203,7863
129,208,7864
123,212,7865
111,216,7866
102,218,7867
96,219,7868
93,220,7869
75,218,7870
69,217,7871
68,217,7872
61,215,7873
50,210,7874
97,111,7875
98,110,7876
99,109,7877
100,109,7878
102,109,7879
103,110,7880
104,111,7881
105,112,7882
106,113,7883
106,112,7884
107,113,7885
108,114,7886
108,118,7887
108,119,7888
109,119,7889
108,123,7890
108,124,7891
108,125,7892
108,126,7893
105,130,7894
106,131,7895
103,133,7896
102,135,7897
101,136,7898
98,137,7899
97,138,7900
96,139,7901
92,139,7902
91,140,7903
89,140,7904
89,141,7905
82,138,7906
82,139,7907
78,137,7908
76,136,7909
74,134,7910
71,131,7911
69,129,7912
68,127,7913
66,124,7914
64,120,7915
63,115,7916
62,115,7917
62,104,7918
61,110,7919
61,102,7920
61,100,7921
62,94,7922
66,85,7923
64,86,7924
66,82,7925
68,78,7926
71,74,7927
73,71,7928
75,69,7929
78,66,7930
83,63,7931
85,61,7932
92,59,7933
94,58,7934
98,57,7935
102,57,7936
109,57,7937
116,59,7938
116,58,7939
123,61,7940
126,63,7941
130,65,7942
133,67,7943
141,76,7944
140,74,7945
146,83,7946
146,82,7947
150,90,7948
153,98,7949
154,101,7950
155,105,7951
156,118,7952
157,118,7953
156,131,7954
154,140,7955
157,131,7956
152,148,7957
149,156,7958
149,157,7959
145,164,7960
140,171,7961
136,176,7962
132,180,7963
126,185,7964
120,189,7965
116,191,7966
104,195,7967
101,196,7968
97,197,7969
86,197,7970
78,196,7971
73,195,7972
74,196,7973
58,189,7974
57,189,7975
48,183,7976
45,181,7977
38,174,7978
32,167,7979
30,165,7980
21,148,7981
21,149,7982
16,135,7983
15,133,7984
14,129,7985
12,114,7986
11,107,7987
12,92,7988
15,77,7989
13,81,7990
17,68,7991
21,57,7992
26,47,7993
32,38,7994
34,35,7995
38,30,7996
43,24,7997
49,19,7998
62,10,7999
70,6,8000
72,5,8001
97,115,8002
98,115,8003
95,117,8004
96,118,8005
95,119,8006
94,120,8007
92,120,8008
91,119,8009
91,121,8010
89,120,8011
89,121,8012
86,118,8013
86,119,8014
85,119,8015
83,116,8016
82,114,8017
81,112,8018
81,116,8019
80,110,8020
80,107,8021
80,103,8022
79,103,8023
79,102,8024
79,101,8025
82,94,8026
81,94,8027
82,92,8028
83,90,8029
85,88,8030
88,85,8031
87,85,8032
93,82,8033
93,81,8034
94,80,8035
97,79,8036
101,79,8037
105,79,8038
108,79,8039
107,78,8040
112,80,8041
118,83,8042
120,85,8043
119,82,8044
125,88,8045
126,89,8046
128,91,8047
132,98,8048
131,94,8049
135,108,8050
136,109,8051
137,115,8052
137,110,8053
138,120,8054
138,121,8055
137,131,8056
137,132,8057
133,143,8058
135,141,8059
130,150,8060
131,149,8061
131,150,8062
123,160,8063
118,164,8064
116,166,8065
117,166,8066
106,171,8067
101,173,8068
99,174,8069
96,175,8070
89,175,8071
85,175,8072
83,175,8073
74,173,8074
65,168,8075
62,167,8076
63,168,8077
53,160,8078
50,157,8079
46,152,8080
43,148,8081
39,141,8082
37,137,8083
34,126,8084
33,124,8085
32,124,8086
31,109,8087
30,105,8088
30,103,8089
32,88,8090
33,81,8091
34,78,8092
38,68,8093
41,61,8094
45,54,8095
48,50,8096
54,43,8097
62,36,8098
60,37,8099
67,32,8100
83,25,8101
85,24,8102
88,23,8103
90,22,8104
103,21,8105
116,22,8106
118,22,8107
125,24,8108
131,26,8109
137,29,8110
146,34,8111
151,38,8112
161,48,8113
166,54,8114
170,60,8115
171,61,8116
176,70,8117
182,87,8118
183,86,8119
186,106,8120
187,113,8121
187,127,8122
187,134,8123
186,141,8124
184,152,8125
182,159,8126
179,167,8127
173,180,8128
95,111,8129
94,110,8130
94,109,8131
93,108,8132
95,106,8133
93,106,8134
95,104,8135
97,103,8136
97,102,8137
97,101,8138
97,100,8139
100,100,8140
102,100,8141
103,99,8142
104,99,8143
106,100,8144
109,102,8145
106,98,8146
109,100,8147
113,105,8148
112,102,8149
114,105,8150
116,109,8151
117,110,8152
117,108,8153
118,114,8154
119,114,8155
119,119,8156
118,126,8157
120,122,8158
120,124,8159
117,132,8160
114,137,8161
119,131,8162
114,139,8163
114,140,8164
110,144,8165
109,145,8166
107,147,8167
101,150,8168
99,151,8169
97,152,8170
100,152,8171
90,153,8172
90,154,8173
84,153,8174
77,150,8175
77,151,8176
74,149,8177
69,146,8178
68,146,8179
67,146,8180
58,132,8181
60,137,8182
58,135,8183
55,129,8184
52,119,8185
53,126,8186
51,118,8187
50,111,8188
49,108,8189
50,96,8190
50,95,8191
50,93,8192
51,88,8193
58,73,8194
56,74,8195
59,69,8196
62,65,8197
70,57,8198
66,59,8199
75,53,8200
76,51,8201
84,48,8202
88,46,8203
90,45,8204
100,44,8205
105,43,8206
108,43,8207
114,44,8208
123,47,8209
123,46,8210
137,55,8211
134,52,8212
134,51,8213
149,66,8214
150,67,8215
151,67,8216
156,75,8217
163,91,8218
164,93,8219
164,90,8220
167,109,8221
168,113,8222
169,116,8223
168,128,8224
167,138,8225
167,140,8226
164,151,8227
157,166,8228
156,169,8229
155,172,8230
149,180,8231
145,185,8232
135,194,8233
133,196,8234
118,204,8235
118,205,8236
113,207,8237
111,208,8238
100,210,8239
92,211,8240
84,211,8241
76,210,8242
68,208,8243
59,205,8244
43,195,8245
47,199,8246
36,190,8247
31,185,8248
23,176,8249
22,175,8250
12,158,8251
9,152,8252
8,150,8253
4,138,8254
2,128,8255
98,112,8256
100,112,8257
101,113,8258
101,115,8259
102,115,8260
103,115,8261
102,118,8262
101,121,8263
103,120,8264
102,122,8265
103,122,8266
102,124,8267
101,126,8268
101,127,8269
98,128,8270
96,129,8271
96,130,8272
96,131,8273
94,132,8274
91,132,8275
90,132,8276
86,131,8277
86,132,8278
83,130,8279
82,130,8280
80,129,8281
78,128,8282
76,126,8283
75,125,8284
72,119,8285
72,121,8286
70,114,8287
70,117,8288
69,114,8289
68,109,8290
68,105,8291
69,98,8292
68,100,8293
69,94,8294
70,92,8295
72,87,8296
73,85,8297
73,83,8298
79,77,8299
78,77,8300
81,74,8301
84,72,8302
88,69,8303
96,67,8304
91,67,8305
98,66,8306
100,65,8307
108,66,8308
111,66,8309
111,65,8310
116,67,8311
126,73,8312
121,68,8313
129,75,8314
132,77,8315
137,83,8316
139,85,8317
141,88,8318
144,96,8319
144,93,8320
147,104,8321
148,108,8322
149,114,8323
150,117,8324
148,132,8325
150,127,8326
148,137,8327
147,141,8328
141,154,8329
141,156,8330
138,161,8331
137,163,8332
127,173,8333
128,173,8334
118,180,8335
112,183,8336
115,183,8337
106,186,8338
102,187,8339
98,188,8340
89,189,8341
80,188,8342
77,188,8343
67,184,8344
66,184,8345
54,177,8346
61,183,8347
43,167,8348
45,170,8349
39,164,8350
33,155,8351
30,149,8352
26,141,8353
25,140,8354
21,124,8355
20,117,8356
19,113,8357
19,99,8358
19,96,8359
20,86,8360
21,81,8361
27,64,8362
25,66,8363
28,59,8364
29,56,8365
39,41,8366
44,35,8367
50,29,8368
56,24,8369
69,16,8370
69,15,8371
81,11,8372
85,9,8373
97,8,8374
103,7,8375
115,8,8376
130,12,8377
119,8,8378
132,12,8379
145,18,8380
149,20,8381
158,27,8382
95,114,8383
95,116,8384
93,114,8385
92,116,8386
91,114,8387
90,115,8388
89,112,8389
88,112,8390
88,110,8391
87,111,8392
86,111,8393
86,107,8394
86,105,8395
86,103,8396
85,104,8397
86,101,8398
88,98,8399
86,98,8400
88,96,8401
90,94,8402
91,92,8403
91,91,8404
93,90,8405
96,89,8406
97,88,8407
99,87,8408
102,87,8409
105,87,8410
109,88,8411
109,87,8412
108,86,8413
115,91,8414
115,89,8415
119,93,8416
121,95,8417
121,94,8418
123,97,8419
126,103,8420
127,103,8421
128,107,8422
129,110,8423
130,115,8424
131,114,8425
130,124,8426
131,123,8427
130,130,8428
130,131,8429
128,137,8430
124,144,8431
124,146,8432
122,149,8433
120,152,8434
115,156,8435
116,156,8436
112,159,8437
108,162,8438
103,164,8439
101,165,8440
94,166,8441
92,167,8442
89,167,8443
81,166,8444
80,166,8445
70,162,8446
71,163,8447
66,160,8448
60,155,8449
57,153,8450
53,149,8451
48,141,8452
48,142,8453
44,133,8454
42,130,8455
40,122,8456
39,116,8457
38,113,8458
38,105,8459
38,98,8460
38,95,8461
41,81,8462
44,73,8463
41,78,8464
47,66,8465
50,61,8466
53,56,8467
58,50,8468
65,44,8469
67,42,8470
75,37,8471
76,36,8472
81,34,8473
86,32,8474
98,30,8475
103,29,8476
106,29,8477
114,30,8478
129,35,8479
132,36,8480
133,36,8481
141,41,8482
149,47,8483
158,57,8484
157,55,8485
163,63,8486
168,72,8487
170,74,8488
174,85,8489
177,95,8490
179,105,8491
180,110,8492
180,123,8493
181,121,8494
179,140,8495
178,144,8496
173,160,8497
175,158,8498
166,176,8499
163,182,8500
161,185,8501
150,198,8502
142,205,8503
143,205,8504
133,212,8505
128,215,8506
122,218,8507
110,222,8508
101,224,8509
96,110,8510
96,109,8511
97,108,8512
98,107,8513
99,106,8514
100,106,8515
102,106,8516
103,106,8517
104,107,8518
105,107,8519
105,105,8520
107,107,8521
108,108,8522
109,109,8523
110,112,8524
111,113,8525
111,117,8526
112,116,8527
113,117,8528
112,121,8529
113,121,8530
112,125,8531
112,127,8532
112,128,8533
110,131,8534
109,133,8535
108,135,8536
105,138,8537
103,140,8538
104,140,8539
101,142,8540
96,143,8541
96,144,8542
95,145,8543
91,145,8544
89,145,8545
83,144,8546
82,144,8547
79,143,8548
76,141,8549
74,140,8550
70,137,8551
69,137,8552
66,132,8553
65,132,8554
61,124,8555
60,121,8556
60,124,8557
58,110,8558
57,111,8559
57,105,8560
56,104,8561
57,97,8562
58,91,8563
59,87,8564
60,84,8565
63,78,8566
65,74,8567
67,71,8568
70,68,8569
70,66,8570
77,61,8571
80,59,8572
84,56,8573
89,54,8574
96,53,8575
99,52,8576
107,52,8577
104,51,8578
111,52,8579
119,54,8580
118,53,8581
128,58,8582
135,63,8583
137,64,8584
139,66,8585
144,72,8586
149,78,8587
152,83,8588
153,85,8589
157,95,8590
158,98,8591
160,111,8592
161,114,8593
161,120,8594
161,129,8595
159,140,8596
159,142,8597
156,151,8598
155,155,8599
152,161,8600
146,171,8601
144,174,8602
140,179,8603
137,182,8604
130,188,8605
124,192,8606
115,197,8607
111,199,8608
99,201,8609
96,202,8610
91,203,8611
80,202,8612
71,200,8613
67,199,8614
64,198,8615
51,191,8616
47,189,8617
41,184,8618
37,181,8619
32,175,8620
24,164,8621
21,159,8622
17,151,8623
14,144,8624
12,138,8625
8,117,8626
9,130,8627
7,107,8628
7,98,8629
8,87,8630
10,76,8631
12,68,8632
14,62,8633
18,52,8634
26,38,8635
27,36,8636
97,113,8637
99,114,8638
98,117,8639
99,117,8640
98,119,8641
98,120,8642
96,121,8643
95,122,8644
96,123,8645
94,124,8646
95,125,8647
89,123,8648
90,124,8649
90,125,8650
87,124,8651
85,122,8652
83,121,8653
85,125,8654
81,120,8655
80,119,8656
80,121,8657
78,114,8658
77,114,8659
76,112,8660
76,105,8661
75,109,8662
75,105,8663
75,103,8664
76,97,8665
76,96,8666
75,97,8667
80,89,8668
79,89,8669
77,89,8670
82,84,8671
85,81,8672
88,79,8673
89,78,8674
92,76,8675
97,75,8676
98,74,8677
103,74,8678
103,73,8679
108,74,8680
111,74,8681
112,74,8682
120,79,8683
121,78,8684
125,82,8685
129,86,8686
129,85,8687
130,85,8688
137,100,8689
137,98,8690
138,98,8691
140,105,8692
141,113,8693
142,111,8694
142,121,8695
143,120,8696
142,129,8697
141,134,8698
140,138,8699
138,145,8700
137,147,8701
132,155,8702
130,159,8703
128,162,8704
124,166,8705
118,170,8706
119,171,8707
110,175,8708
107,177,8709
97,179,8710
96,180,8711
91,180,8712
85,180,8713
77,179,8714
73,178,8715
70,177,8716
61,172,8717
60,172,8718
50,163,8719
50,164,8720
48,163,8721
37,146,8722
35,143,8723
35,144,8724
30,130,8725
28,122,8726
27,117,8727
27,121,8728
26,105,8729
26,97,8730
26,95,8731
29,80,8732
30,76,8733
34,65,8734
35,62,8735
45,47,8736
46,45,8737
47,43,8738
54,36,8739
60,31,8740
70,25,8741
72,23,8742
88,18,8743
81,19,8744
89,17,8745
99,15,8746
111,16,8747
114,16,8748
127,19,8749
132,21,8750
145,28,8751
150,31,8752
163,44,8753
158,37,8754
170,52,8755
171,53,8756
177,63,8757
181,69,8758
186,84,8759
187,86,8760
190,97,8761
191,104,8762
192,116,8763
94,112,8764
94,114,8765
93,112,8766
92,110,8767
91,109,8768
90,109,8769
92,105,8770
92,104,8771
92,103,8772
92,102,8773
91,102,8774
92,100,8775
95,98,8776
94,98,8777
97,97,8778
98,96,8779
101,96,8780
98,94,8781
103,95,8782
105,95,8783
105,94,8784
108,95,8785
111,97,8786
113,98,8787
114,98,8788
116,101,8789
117,101,8790
118,103,8791
120,106,8792
121,109,8793
122,110,8794
123,115,8795
123,120,8796
124,117,8797
124,121,8798
124,123,8799
122,131,8800
122,132,8801
121,136,8802
117,141,8803
118,141,8804
115,145,8805
116,145,8806
110,150,8807
106,153,8808
105,154,8809
100,156,8810
102,156,8811
92,157,8812
85,157,8813
90,159,8814
88,159,8815
76,155,8816
76,156,8817
73,155,8818
68,152,8819
63,147,8820
65,151,8821
58,142,8822
56,140,8823
53,135,8824
51,132,8825
50,130,8826
47,118,8827
46,118,8828
46,101,8829
45,105,8830
45,99,8831
45,96,8832
47,88,8833
46,88,8834
50,77,8835
51,74,8836
60,61,8837
58,62,8838
62,57,8839
65,54,8840
73,48,8841
76,46,8842
84,42,8843
91,40,8844
87,40,8845
107,39,8846
104,38,8847
105,37,8848
119,40,8849
123,41,8850
122,40,8851
133,46,8852
142,52,8853
144,54,8854
143,51,8855
157,69,8856
160,73,8857
157,67,8858
165,82,8859
168,92,8860
170,98,8861
171,101,8862
172,125,8863
173,119,8864
173,126,8865
172,136,8866
170,147,8867
169,150,8868
165,162,8869
156,177,8870
162,169,8871
157,178,8872
151,186,8873
144,193,8874
140,197,8875
127,206,8876
121,209,8877
113,212,8878
112,213,8879
102,215,8880
93,216,8881
82,216,8882
71,214,8883
63,212,8884
62,212,8885
46,203,8886
46,204,8887
36,197,8888
32,194,8889
23,184,8890
97,112,8891
99,110,8892
100,110,8893
101,110,8894
102,111,8895
103,112,8896
104,113,8897
104,117,8898
105,115,8899
106,116,8900
107,116,8901
106,120,8902
106,121,8903
106,123,8904
105,125,8905
105,126,8906
103,129,8907
105,128,8908
103,130,8909
99,133,8910
101,133,8911
97,135,8912
95,135,8913
95,136,8914
91,136,8915
90,137,8916
89,137,8917
85,136,8918
84,136,8919
80,134,8920
80,135,8921
75,130,8922
77,134,8923
72,128,8924
71,127,8925
69,124,8926
67,120,8927
66,117,8928
65,114,8929
65,107,8930
64,106,8931
64,104,8932
63,102,8933
66,92,8934
64,95,8935
66,89,8936
66,88,8937
69,82,8938
76,74,8939
72,76,8940
79,70,8941
77,71,8942
85,66,8943
86,65,8944
92,62,8945
94,61,8946
105,61,8947
98,60,8948
105,60,8949
109,60,8950
114,61,8951
117,62,8952
121,63,8953
130,70,8954
131,69,8955
136,74,8956
139,78,8957
143,83,8958
145,86,8959
146,88,8960
150,97,8961
151,102,8962
152,104,8963
153,120,8964
154,117,8965
154,125,8966
153,133,8967
152,139,8968
151,144,8969
149,149,8970
142,162,8971
145,159,8972
138,169,8973
130,177,8974
133,175,8975
123,183,8976
118,186,8977
117,187,8978
107,191,8979
104,192,8980
93,193,8981
94,194,8982
79,193,8983
78,193,8984
75,193,8985
62,188,8986
57,185,8987
47,178,8988
47,179,8989
41,173,8990
35,166,8991
31,160,8992
30,160,8993
23,146,8994
19,134,8995
18,133,8996
16,123,8997
15,117,8998
14,109,8999
14,99,9000
16,84,9001
16,81,9002
19,70,9003
22,62,9004
30,47,9005
25,54,9006
38,35,9007
38,34,9008
45,27,9009
59,16,9010
63,13,9011
65,12,9012
76,7,9013
84,4,9014
92,3,9015
99,2,9016
111,2,9017
96,114,9018
97,116,9019
94,116,9020
94,118,9021
92,117,9022
92,119,9023
90,117,9024
90,118,9025
89,118,9026
87,116,9027
87,117,9028
85,114,9029
84,113,9030
84,114,9031
83,111,9032
82,109,9033
83,105,9034
81,107,9035
82,103,9036
82,102,9037
83,99,9038
82,99,9039
84,95,9040
85,93,9041
86,91,9042
86,90,9043
90,87,9044
89,87,9045
93,85,9046
94,84,9047
95,83,9048
101,82,9049
101,81,9050
106,82,9051
107,82,9052
109,82,9053
112,83,9054
117,86,9055
117,85,9056
122,90,9057
123,90,9058
127,96,9059
127,94,9060
130,99,9061
132,105,9062
133,107,9063
134,111,9064
134,108,9065
135,119,9066
135,123,9067
135,125,9068
134,132,9069
133,136,9070
132,140,9071
131,142,9072
126,151,9073
124,154,9074
124,155,9075
117,161,9076
115,163,9077
114,164,9078
109,167,9079
107,168,9080
102,170,9081
98,171,9082
90,172,9083
89,172,9084
85,172,9085
78,171,9086
73,169,9087
68,167,9088
63,164,9089
60,162,9090
51,153,9091
52,155,9092
46,147,9093
44,144,9094
41,139,9095
37,128,9096
36,124,9097
35,120,9098
34,115,9099
34,97,9100
34,94,9101
34,90,9102
36,82,9103
37,78,9104
40,70,9105
44,62,9106
45,59,9107
50,52,9108
55,47,9109
62,40,9110
64,38,9111
68,35,9112
80,29,9113
86,27,9114
88,26,9115
95,25,9116
104,24,9117
114,25,9118
120,26,9119
123,27,9120
134,31,9121
141,35,9122
143,36,9123
152,43,9124
158,49,9125
163,55,9126
168,62,9127
170,65,9128
173,70,9129
177,80,9130
181,92,9131
183,101,9132
184,107,9133
184,129,9134
184,133,9135
184,136,9136
182,147,9137
178,161,9138
177,165,9139
173,173,9140
166,186,9141
165,188,9142
156,199,9143
148,207,9144
96,111,9145
95,110,9146
95,108,9147
95,107,9148
97,105,9149
95,105,9150
98,104,9151
99,103,9152
100,103,9153
100,102,9154
100,101,9155
103,102,9156
106,103,9157
106,102,9158
108,104,9159
109,105,9160
111,106,9161
110,103,9162
113,108,9163
114,111,9164
114,108,9165
115,114,9166
116,115,9167
117,116,9168
116,121,9169
117,122,9170
117,123,9171
116,127,9172
115,130,9173
116,130,9174
114,134,9175
111,138,9176
109,140,9177
111,140,9178
107,143,9179
105,145,9180
101,147,9181
98,148,9182
96,149,9183
92,150,9184
88,150,9185
84,149,9186
82,149,9187
77,147,9188
79,149,9189
75,147,9190
68,140,9191
70,144,9192
63,135,9193
60,131,9194
60,133,9195
60,134,9196
56,122,9197
54,117,9198
54,119,9199
53,110,9200
52,106,9201
52,102,9202
53,95,9203
53,93,9204
53,91,9205
55,84,9206
59,75,9207
60,73,9208
61,71,9209
69,62,9210
69,61,9211
71,59,9212
80,53,9213
84,51,9214
82,51,9215
93,48,9216
96,47,9217
107,47,9218
104,46,9219
114,47,9220
119,49,9221
121,49,9222
130,53,9223
133,55,9224
140,61,9225
139,59,9226
149,71,9227
153,76,9228
153,75,9229
158,86,9230
162,97,9231
162,95,9232
164,104,9233
165,113,9234
166,118,9235
166,122,9236
165,132,9237
164,141,9238
163,145,9239
160,154,9240
155,165,9241
152,170,9242
150,174,9243
139,186,9244
136,189,9245
137,189,9246
128,196,9247
119,201,9248
107,205,9249
108,205,9250
95,207,9251
95,208,9252
88,208,9253
77,207,9254
69,205,9255
65,204,9256
54,199,9257
47,195,9258
42,191,9259
31,181,9260
25,173,9261
26,176,9262
17,161,9263
12,150,9264
11,149,9265
8,142,9266
4,122,9267
3,117,9268
2,110,9269
2,103,9270
2,97,9271
98,114,9272
100,113,9273
100,115,9274
100,116,9275
101,117,9276
101,118,9277
100,120,9278
99,122,9279
100,122,9280
99,124,9281
100,124,9282
97,126,9283
96,127,9284
95,127,9285
94,128,9286
91,128,9287
91,129,9288
91,130,9289
88,129,9290
87,129,9291
87,130,9292
82,126,9293
81,126,9294
78,123,9295
77,123,9296
76,121,9297
75,120,9298
74,118,9299
73,116,9300
72,111,9301
71,111,9302
71,105,9303
72,99,9304
70,102,9305
72,95,9306
72,94,9307
74,90,9308
73,90,9309
77,84,9310
80,80,9311
79,80,9312
83,77,9313
82,76,9314
91,72,9315
89,72,9316
94,70,9317
98,69,9318
99,68,9319
106,69,9320
112,70,9321
108,68,9322
114,69,9323
122,74,9324
123,74,9325
124,74,9326
128,77,9327
135,86,9328
135,84,9329
139,91,9330
140,93,9331
143,100,9332
144,102,9333
145,105,9334
146,115,9335
147,115,9336
146,126,9337
146,130,9338
146,132,9339
145,138,9340
142,146,9341
142,149,9342
136,158,9343
133,163,9344
127,169,9345
127,170,9346
122,174,9347
118,177,9348
114,179,9349
108,182,9350
101,184,9351
94,185,9352
95,186,9353
80,184,9354
76,184,9355
77,185,9356
67,181,9357
61,178,9358
58,177,9359
51,171,9360
46,167,9361
41,161,9362
42,164,9363
30,142,9364
30,143,9365
29,142,9366
26,134,9367
23,117,9368
22,113,9369
21,109,9370
23,90,9371
22,92,9372
24,80,9373
26,73,9374
29,64,9375
32,58,9376
34,54,9377
42,43,9378
43,40,9379
52,31,9380
54,29,9381
61,24,9382
69,19,9383
76,16,9384
89,12,9385
96,11,9386
98,10,9387
110,11,9388
117,11,9389
124,13,9390
136,17,9391
145,22,9392
149,24,9393
158,32,9394
160,33,9395
168,41,9396
170,43,9397
181,60,9398
95,113,9399
95,115,9400
93,113,9401
92,115,9402
91,112,9403
90,113,9404
89,110,9405
89,108,9406
89,107,9407
88,107,9408
87,108,9409
88,103,9410
89,101,9411
89,100,9412
90,98,9413
90,97,9414
94,95,9415
90,96,9416
94,93,9417
96,92,9418
97,91,9419
99,91,9420
101,90,9421
103,90,9422
105,90,9423
107,90,9424
108,90,9425
112,92,9426
114,93,9427
116,94,9428
116,93,9429
120,99,9430
120,97,9431
123,102,9432
124,104,9433
125,106,9434
126,108,9435
127,114,9436
128,114,9437
127,125,9438
127,127,9439
128,125,9440
128,129,9441
125,136,9442
124,139,9443
123,142,9444
123,143,9445
120,147,9446
113,153,9447
114,154,9448
109,157,9449
107,159,9450
100,161,9451
99,162,9452
96,163,9453
92,163,9454
83,162,9455
85,164,9456
76,161,9457
76,162,9458
71,159,9459
68,158,9460
64,155,9461
55,145,9462
58,151,9463
54,145,9464
49,137,9465
46,131,9466
45,129,9467
44,127,9468
42,118,9469
41,112,9470
40,109,9471
42,93,9472
40,100,9473
42,87,9474
44,80,9475
46,75,9476
49,68,9477
52,63,9478
56,58,9479
57,55,9480
66,47,9481
67,46,9482
72,42,9483
78,39,9484
85,36,9485
91,34,9486
97,33,9487
106,33,9488
108,33,9489
108,32,9490
124,36,9491
129,38,9492
128,37,9493
137,42,9494
149,52,9495
150,52,9496
154,56,9497
160,64,9498
165,73,9499
167,76,9500
170,82,9501
174,94,9502
176,106,9503
177,109,9504
176,133,9505
178,120,9506
177,134,9507
176,141,9508
172,156,9509
172,157,9510
167,169,9511
160,181,9512
152,191,9513
154,190,9514
142,201,9515
143,201,9516
133,208,9517
124,213,9518
117,216,9519
109,219,9520
104,220,9521
86,221,9522
90,222,9523
76,221,9524
72,220,9525
97,111,9526
98,109,9527
99,108,9528
100,108,9529
101,108,9530
102,108,9531
103,108,9532
104,108,9533
105,110,9534
106,110,9535
107,111,9536
108,112,9537
108,116,9538
109,115,9539
110,116,9540
110,119,9541
110,121,9542
110,123,9543
109,126,9544
108,128,9545
109,128,9546
107,131,9547
107,132,9548
106,134,9549
104,136,9550
101,137,9551
101,138,9552
97,140,9553
96,141,9554
93,141,9555
93,142,9556
86,141,9557
86,142,9558
83,141,9559
80,140,9560
78,139,9561
75,137,9562
73,136,9563
71,134,9564
68,130,9565
66,128,9566
65,125,9567
64,125,9568
62,119,9569
61,116,9570
60,112,9571
60,106,9572
59,103,9573
61,94,9574
60,94,9575
61,91,9576
62,86,9577
66,79,9578
65,80,9579
68,75,9580
69,73,9581
75,67,9582
75,66,9583
79,63,9584
84,60,9585
88,58,9586
94,56,9587
97,55,9588
104,55,9589
103,54,9590
114,56,9591
118,57,9592
123,59,9593
122,58,9594
130,63,9595
135,67,9596
138,69,9597
139,70,9598
146,79,9599
148,83,9600
151,87,9601
153,93,9602
156,101,9603
157,107,9604
158,113,9605
157,130,9606
159,119,9607
157,135,9608
156,141,9609
155,146,9610
154,149,9611
150,159,9612
146,166,9613
143,170,9614
142,172,9615
136,179,9616
130,184,9617
123,189,9618
120,191,9619
109,196,9620
105,197,9621
95,199,9622
87,199,9623
89,200,9624
70,196,9625
68,196,9626
61,193,9627
60,193,9628
53,189,9629
43,181,9630
40,179,9631
32,170,9632
30,168,9633
26,162,9634
20,151,9635
18,147,9636
13,131,9637
11,121,9638
11,122,9639
10,105,9640
9,102,9641
12,81,9642
13,75,9643
15,68,9644
16,65,9645
20,55,9646
26,43,9647
34,32,9648
37,28,9649
43,22,9650
54,13,9651
58,10,9652
97,115,9653
99,115,9654
96,117,9655
97,118,9656
96,119,9657
96,120,9658
94,121,9659
92,121,9660
93,122,9661
91,122,9662
91,123,9663
88,121,9664
87,121,9665
86,121,9666
83,117,9667
83,118,9668
82,117,9669
82,120,9670
80,114,9671
79,112,9672
79,108,9673
78,109,9674
77,108,9675
78,102,9676
79,98,9677
77,101,9678
79,96,9679
79,95,9680
81,91,9681
82,89,9682
82,88,9683
88,83,9684
87,83,9685
87,82,9686
94,79,9687
93,79,9688
99,78,9689
99,77,9690
102,76,9691
107,77,9692
111,78,9693
114,79,9694
114,78,9695
119,81,9696
121,82,9697
124,84,9698
129,91,9699
127,86,9700
134,100,9701
134,98,9702
135,99,9703
136,100,9704
138,113,9705
139,113,9706
139,119,9707
140,122,9708
138,132,9709
139,131,9710
137,138,9711
137,140,9712
137,141,9713
131,152,9714
128,156,9715
127,158,9716
125,161,9717
114,169,9718
115,169,9719
110,172,9720
106,174,9721
98,176,9722
100,176,9723
91,177,9724
85,177,9725
77,175,9726
78,176,9727
74,175,9728
62,169,9729
61,169,9730
56,165,9731
51,161,9732
44,152,9733
46,156,9734
38,142,9735
36,138,9736
36,140,9737
31,121,9738
30,118,9739
30,121,9740
29,105,9741
28,103,9742
29,95,9743
31,84,9744
32,79,9745
33,74,9746
37,65,9747
43,54,9748
46,50,9749
48,47,9750
53,41,9751
62,34,9752
69,29,9753
76,25,9754
80,23,9755
87,21,9756
95,20,9757
99,19,9758
115,20,9759
112,19,9760
123,21,9761
131,24,9762
136,26,9763
140,28,9764
151,36,9765
157,41,9766
161,45,9767
167,52,9768
175,66,9769
177,67,9770
184,87,9771
186,95,9772
187,100,9773
188,100,9774
189,118,9775
189,130,9776
189,131,9777
186,150,9778
186,152,9779
95,111,9780
94,111,9781
93,110,9782
93,109,9783
93,107,9784
92,107,9785
94,104,9786
95,103,9787
95,102,9788
95,101,9789
95,100,9790
97,99,9791
100,99,9792
100,98,9793
102,98,9794
104,98,9795
106,99,9796
104,96,9797
108,98,9798
110,100,9799
110,99,9800
113,101,9801
114,103,9802
116,105,9803
117,105,9804
118,110,9805
119,110,9806
120,113,9807
120,119,9808
121,116,9809
122,117,9810
120,127,9811
118,132,9812
121,128,9813
119,133,9814
118,136,9815
115,140,9816
114,142,9817
113,144,9818
109,147,9819
107,149,9820
104,151,9821
106,151,9822
97,153,9823
97,154,9824
94,155,9825
89,155,9826
85,155,9827
79,153,9828
73,150,9829
76,153,9830
73,152,9831
65,144,9832
65,145,9833
63,144,9834
60,141,9835
55,132,9836
56,136,9837
53,129,9838
50,120,9839
49,116,9840
48,112,9841
48,105,9842
48,98,9843
47,103,9844
51,85,9845
50,86,9846
52,79,9847
55,73,9848
56,71,9849
56,69,9850
66,58,9851
65,58,9852
76,50,9853
75,50,9854
78,48,9855
84,45,9856
91,43,9857
96,42,9858
101,41,9859
112,42,9860
111,41,9861
127,47,9862
124,45,9863
124,44,9864
137,52,9865
142,56,9866
143,56,9867
152,66,9868
155,71,9869
159,77,9870
159,75,9871
166,95,9872
166,94,9873
168,100,9874
169,105,9875
170,119,9876
170,128,9877
169,137,9878
165,151,9879
167,147,9880
165,155,9881
160,166,9882
159,168,9883
151,180,9884
149,183,9885
135,196,9886
139,194,9887
134,198,9888
123,205,9889
113,209,9890
110,210,9891
99,212,9892
93,213,9893
88,213,9894
82,213,9895
61,207,9896
63,209,9897
51,203,9898
46,200,9899
39,195,9900
33,190,9901
21,176,9902
21,177,9903
14,166,9904
13,165,9905
5,146,9906
98,112,9907
99,111,9908
101,112,9909
101,114,9910
102,113,9911
103,114,9912
103,117,9913
103,119,9914
104,118,9915
104,120,9916
105,120,9917
104,122,9918
103,124,9919
103,125,9920
101,128,9921
99,129,9922
98,130,9923
99,131,9924
97,132,9925
94,133,9926
95,134,9927
90,133,9928
89,134,9929
88,134,9930
83,132,9931
84,133,9932
82,133,9933
79,130,9934
77,129,9935
74,125,9936
75,128,9937
71,120,9938
71,123,9939
70,121,9940
68,114,9941
67,112,9942
67,106,9943
66,108,9944
67,99,9945
67,98,9946
68,93,9947
70,88,9948
67,92,9949
73,82,9950
72,82,9951
75,78,9952
76,76,9953
81,72,9954
88,68,9955
82,70,9956
91,66,9957
92,65,9958
99,64,9959
101,63,9960
102,63,9961
107,63,9962
118,67,9963
112,63,9964
124,69,9965
122,67,9966
131,74,9967
132,74,9968
135,77,9969
141,87,9970
139,81,9971
144,91,9972
146,95,9973
149,105,9974
150,108,9975
150,124,9976
151,114,9977
151,126,9978
151,128,9979
147,143,9980
149,141,9981
148,144,9982
142,157,9983
141,159,9984
139,163,9985
132,171,9986
129,174,9987
131,174,9988
117,183,9989
114,185,9990
112,186,9991
101,189,9992
97,190,9993
94,191,9994
81,190,9995
80,190,9996
67,186,9997
71,189,9998
60,183,9999
54,180,10000
52,179,10001
40,167,10002
36,162,10003
34,160,10004
33,159,10005
27,148,10006
23,137,10007
21,132,10008
19,126,10009
18,117,10010
17,107,10011
17,98,10012
21,77,10013
18,85,10014
20,76,10015
23,66,10016
27,58,10017
30,51,10018
36,42,10019
42,35,10020
51,26,10021
52,24,10022
67,15,10023
65,15,10024
78,10,10025
84,8,10026
94,6,10027
97,5,10028
114,6,10029
121,7,10030
123,7,10031
133,10,10032
142,14,10033
95,114,10034
96,116,10035
93,115,10036
93,117,10037
91,115,10038
91,117,10039
89,113,10040
88,113,10041
88,115,10042
87,113,10043
86,114,10044
85,110,10045
85,107,10046
84,108,10047
84,107,10048
84,104,10049
85,101,10050
83,103,10051
85,99,10052
87,96,10053
87,95,10054
87,93,10055
91,90,10056
92,89,10057
94,88,10058
95,87,10059
97,86,10060
98,85,10061
102,85,10062
105,85,10063
103,84,10064
109,86,10065
109,85,10066
115,88,10067
115,87,10068
118,89,10069
121,92,10070
124,96,10071
124,95,10072
128,103,10073
128,102,10074
130,109,10075
131,108,10076
131,119,10077
132,116,10078
133,118,10079
132,127,10080
131,132,10081
129,137,10082
131,134,10083
128,142,10084
126,146,10085
123,150,10086
121,153,10087
117,157,10088
115,159,10089
111,162,10090
112,162,10091
102,166,10092
101,167,10093
96,168,10094
93,169,10095
88,169,10096
79,167,10097
79,168,10098
72,165,10099
68,163,10100
64,161,10101
63,161,10102
55,153,10103
51,149,10104
49,146,10105
46,142,10106
42,133,10107
40,128,10108
39,126,10109
38,121,10110
37,117,10111
36,108,10112
36,102,10113
39,84,10114
36,92,10115
40,79,10116
41,75,10117
44,67,10118
46,64,10119
50,57,10120
56,50,10121
58,47,10122
65,41,10123
69,38,10124
79,33,10125
81,32,10126
87,30,10127
89,29,10128
101,27,10129
110,28,10130
117,29,10131
120,29,10132
130,33,10133
135,35,10134
144,41,10135
145,41,10136
154,49,10137
162,59,10138
162,58,10139
167,66,10140
171,73,10141
175,83,10142
177,88,10143
179,94,10144
181,107,10145
182,116,10146
182,122,10147
180,141,10148
182,133,10149
176,158,10150
175,161,10151
173,167,10152
164,183,10153
160,189,10154
159,191,10155
153,198,10156
142,208,10157
141,209,10158
128,217,10159
124,219,10160
96,110,10161
95,109,10162
96,108,10163
97,107,10164
98,106,10165
99,105,10166
100,105,10167
101,105,10168
103,105,10169
104,105,10170
103,103,10171
106,105,10172
107,106,10173
108,106,10174
110,109,10175
111,110,10176
112,113,10177
112,109,10178
113,113,10179
113,118,10180
114,118,10181
114,121,10182
115,121,10183
114,125,10184
112,129,10185
112,131,10186
112,132,10187
110,135,10188
109,136,10189
108,138,10190
106,140,10191
101,143,10192
102,143,10193
102,144,10194
96,146,10195
93,146,10196
90,147,10197
88,147,10198
86,147,10199
82,146,10200
76,143,10201
77,144,10202
74,143,10203
68,137,10204
70,140,10205
67,137,10206
62,129,10207
63,133,10208
58,118,10209
58,121,10210
57,119,10211
56,116,10212
55,107,10213
55,102,10214
55,100,10215
55,97,10216
57,89,10217
57,87,10218
60,80,10219
62,76,10220
63,73,10221
67,68,10222
72,63,10223
75,60,10224
77,58,10225
86,54,10226
88,53,10227
93,51,10228
96,50,10229
106,50,10230
104,49,10231
112,50,10232
116,51,10233
123,54,10234
128,56,10235
131,57,10236
139,64,10237
139,63,10238
141,65,10239
149,75,10240
152,80,10241
155,85,10242
158,94,10243
159,96,10244
161,101,10245
162,112,10246
163,117,10247
163,123,10248
162,133,10249
161,140,10250
160,145,10251
156,156,10252
155,159,10253
152,165,10254
147,173,10255
143,178,10256
135,186,10257
132,189,10258
125,194,10259
114,199,10260
112,200,10261
102,203,10262
104,203,10263
86,204,10264
81,204,10265
79,204,10266
65,200,10267
65,201,10268
57,197,10269
51,194,10270
44,189,10271
38,184,10272
29,174,10273
25,169,10274
20,161,10275
16,153,10276
11,139,10277
12,146,10278
8,128,10279
6,114,10280
5,110,10281
5,103,10282
6,87,10283
7,81,10284
9,72,10285
14,57,10286
15,54,10287
97,113,10288
99,113,10289
99,116,10290
99,118,10291
99,119,10292
99,120,10293
98,121,10294
97,122,10295
97,123,10296
96,124,10297
97,125,10298
92,125,10299
91,125,10300
91,126,10301
90,127,10302
87,125,10303
85,124,10304
87,127,10305
84,125,10306
81,122,10307
81,124,10308
78,118,10309
78,119,10310
76,115,10311
76,117,10312
75,113,10313
74,111,10314
74,107,10315
74,103,10316
73,103,10317
73,100,10318
75,95,10319
77,91,10320
73,96,10321
78,87,10322
78,86,10323
83,81,10324
82,81,10325
86,78,10326
90,76,10327
93,74,10328
96,73,10329
91,73,10330
101,72,10331
102,71,10332
105,71,10333
112,73,10334
111,72,10335
119,76,10336
120,76,10337
123,77,10338
125,78,10339
134,91,10340
134,89,10341
133,86,10342
137,93,10343
140,102,10344
141,101,10345
142,105,10346
143,112,10347
144,116,10348
144,121,10349
144,125,10350
143,134,10351
142,138,10352
137,149,10353
138,149,10354
136,153,10355
135,155,10356
127,165,10357
130,163,10358
120,171,10359
120,172,10360
107,178,10361
107,179,10362
104,180,10363
101,181,10364
91,182,10365
89,183,10366
81,182,10367
71,179,10368
72,180,10369
60,173,10370
58,173,10371
57,173,10372
49,165,10373
45,161,10374
41,157,10375
35,147,10376
34,145,10377
31,138,10378
31,141,10379
26,119,10380
25,115,10381
24,111,10382
25,95,10383
25,91,10384
26,84,10385
28,76,10386
34,62,10387
34,61,10388
34,59,10389
41,48,10390
47,41,10391
55,33,10392
53,34,10393
70,23,10394
66,24,10395
79,18,10396
78,18,10397
89,15,10398
99,14,10399
104,13,10400
119,15,10401
129,18,10402
130,18,10403
145,26,10404
145,25,10405
155,33,10406
160,37,10407
166,44,10408
167,44,10409
177,59,10410
182,68,10411
184,72,10412
189,86,10413
192,101,10414
94,112,10415
94,114,10416
92,112,10417
92,111,10418
91,110,10419
90,111,10420
91,106,10421
91,105,10422
91,104,10423
90,104,10424
89,104,10425
90,102,10426
93,99,10427
92,98,10428
94,97,10429
96,96,10430
98,95,10431
95,94,10432
99,93,10433
102,93,10434
103,93,10435
104,92,10436
107,93,10437
109,94,10438
110,94,10439
112,95,10440
114,96,10441
117,99,10442
118,100,10443
120,103,10444
121,103,10445
123,110,10446
123,107,10447
124,112,10448
125,115,10449
125,118,10450
125,123,10451
125,125,10452
125,128,10453
123,133,10454
122,137,10455
120,141,10456
121,141,10457
116,147,10458
114,149,10459
111,152,10460
110,153,10461
109,154,10462
99,158,10463
101,158,10464
97,159,10465
95,160,10466
84,159,10467
85,160,10468
82,160,10469
79,159,10470
68,153,10471
74,158,10472
63,150,10473
64,152,10474
59,146,10475
55,142,10476
54,141,10477
50,132,10478
49,133,10479
46,122,10480
45,119,10481
44,113,10482
43,110,10483
44,99,10484
43,97,10485
44,91,10486
46,83,10487
53,69,10488
49,74,10489
51,70,10490
55,63,10491
62,55,10492
65,52,10493
71,47,10494
76,44,10495
76,43,10496
84,40,10497
88,38,10498
93,37,10499
102,36,10500
107,36,10501
112,36,10502
123,39,10503
125,40,10504
135,45,10505
134,43,10506
146,53,10507
151,58,10508
151,57,10509
155,62,10510
164,77,10511
166,81,10512
167,82,10513
170,91,10514
173,105,10515
174,109,10516
175,115,10517
175,122,10518
174,134,10519
173,141,10520
168,157,10521
171,151,10522
168,160,10523
165,167,10524
155,183,10525
152,187,10526
145,195,10527
140,199,10528
132,205,10529
128,208,10530
113,214,10531
115,214,10532
100,217,10533
92,218,10534
84,218,10535
79,218,10536
62,213,10537
63,214,10538
57,212,10539
45,206,10540
38,201,10541
98,111,10542
98,110,10543
99,109,10544
101,109,10545
102,110,10546
103,110,10547
104,112,10548
105,113,10549
105,111,10550
106,114,10551
107,114,10552
108,115,10553
107,120,10554
108,120,10555
108,121,10556
107,124,10557
106,126,10558
107,127,10559
106,128,10560
103,131,10561
105,131,10562
101,134,10563
101,135,10564
99,136,10565
95,137,10566
95,138,10567
94,139,10568
88,138,10569
86,138,10570
87,139,10571
85,139,10572
79,135,10573
79,137,10574
76,134,10575
74,133,10576
73,132,10577
70,128,10578
68,126,10579
66,122,10580
65,119,10581
64,116,10582
63,112,10583
62,111,10584
63,101,10585
61,106,10586
62,99,10587
63,93,10588
64,90,10589
71,78,10590
66,83,10591
68,80,10592
72,74,10593
76,70,10594
78,68,10595
84,64,10596
84,63,10597
87,62,10598
90,60,10599
97,59,10600
99,58,10601
105,58,10602
108,58,10603
110,58,10604
121,62,10605
121,61,10606
129,66,10607
133,69,10608
135,71,10609
136,71,10610
142,79,10611
146,84,10612
148,89,10613
150,92,10614
153,102,10615
154,106,10616
155,111,10617
155,125,10618
155,129,10619
156,125,10620
154,137,10621
150,150,10622
153,145,10623
147,158,10624
144,163,10625
141,168,10626
137,173,10627
131,179,10628
125,184,10629
122,186,10630
121,187,10631
113,191,10632
105,194,10633
97,195,10634
93,196,10635
85,196,10636
83,196,10637
66,191,10638
67,192,10639
63,191,10640
49,182,10641
47,181,10642
39,173,10643
40,175,10644
32,165,10645
25,154,10646
24,153,10647
21,146,10648
17,135,10649
15,127,10650
13,117,10651
13,106,10652
12,105,10653
13,91,10654
14,84,10655
19,67,10656
16,73,10657
24,54,10658
26,49,10659
31,41,10660
40,30,10661
48,22,10662
45,24,10663
56,15,10664
66,9,10665
73,6,10666
78,4,10667
90,1,10668
96,115,10669
98,116,10670
96,118,10671
94,117,10672
94,119,10673
93,119,10674
91,118,10675
91,120,10676
90,120,10677
88,119,10678
88,120,10679
86,117,10680
85,117,10681
84,116,10682
83,114,10683
82,112,10684
82,108,10685
81,110,10686
80,108,10687
80,105,10688
81,101,10689
80,101,10690
81,98,10691
81,97,10692
83,93,10693
82,93,10694
85,90,10695
86,88,10696
87,87,10697
91,84,10698
91,83,10699
96,82,10700
96,81,10701
98,80,10702
101,80,10703
106,80,10704
107,80,10705
109,80,10706
111,80,10707
117,84,10708
118,84,10709
125,91,10710
122,86,10711
126,91,10712
129,95,10713
131,98,10714
132,100,10715
133,100,10716
135,112,10717
136,113,10718
136,119,10719
137,119,10720
136,129,10721
136,131,10722
135,136,10723
133,141,10724
131,145,10725
131,147,10726
129,150,10727
125,156,10728
124,158,10729
119,162,10730
112,167,10731
113,167,10732
108,170,10733
99,172,10734
96,173,10735
93,174,10736
90,174,10737
81,173,10738
76,172,10739
72,171,10740
66,168,10741
59,163,10742
62,166,10743
55,161,10744
51,156,10745
45,149,10746
41,142,10747
40,141,10748
38,136,10749
35,128,10750
33,116,10751
32,113,10752
32,107,10753
31,103,10754
32,94,10755
33,86,10756
36,77,10757
35,77,10758
40,65,10759
43,60,10760
48,52,10761
50,49,10762
59,40,10763
60,39,10764
67,34,10765
69,32,10766
77,28,10767
87,25,10768
95,23,10769
99,22,10770
103,22,10771
114,23,10772
120,24,10773
125,25,10774
136,30,10775
142,33,10776
149,38,10777
154,42,10778
157,45,10779
164,53,10780
172,65,10781
174,69,10782
179,80,10783
181,85,10784
185,106,10785
185,98,10786
186,116,10787
186,131,10788
185,139,10789
184,147,10790
182,154,10791
179,164,10792
179,165,10793
171,181,10794
165,191,10795
96,112,10796
94,110,10797
94,108,10798
94,107,10799
95,106,10800
94,105,10801
96,104,10802
98,103,10803
98,102,10804
99,101,10805
98,100,10806
101,100,10807
103,101,10808
104,100,10809
106,101,10810
108,102,10811
109,103,10812
108,100,10813
111,103,10814
113,106,10815
113,104,10816
115,108,10817
116,111,10818
117,112,10819
117,119,10820
118,116,10821
119,117,10822
118,122,10823
118,124,10824
119,124,10825
118,129,10826
115,134,10827
114,136,10828
115,137,10829
111,141,10830
111,142,10831
107,145,10832
105,147,10833
103,148,10834
98,150,10835
96,151,10836
92,151,10837
90,152,10838
85,151,10839
84,152,10840
83,152,10841
74,147,10842
75,149,10843
69,144,10844
64,139,10845
65,142,10846
62,139,10847
58,130,10848
56,128,10849
55,127,10850
54,124,10851
52,114,10852
52,120,10853
51,102,10854
50,106,10855
50,103,10856
51,94,10857
53,86,10858
53,85,10859
55,79,10860
63,67,10861
61,68,10862
63,65,10863
67,61,10864
74,55,10865
71,56,10866
82,50,10867
85,48,10868
94,46,10869
95,45,10870
99,44,10871
110,45,10872
112,45,10873
114,45,10874
122,47,10875
129,51,10876
131,51,10877
142,61,10878
146,64,10879
146,63,10880
154,75,10881
155,76,10882
158,80,10883
162,90,10884
164,98,10885
165,101,10886
166,101,10887
167,119,10888
168,121,10889
167,133,10890
165,142,10891
163,150,10892
163,151,10893
161,157,10894
149,177,10895
151,175,10896
149,179,10897
137,191,10898
134,194,10899
124,200,10900
125,200,10901
113,205,10902
110,207,10903
100,209,10904
96,210,10905
89,210,10906
84,210,10907
72,208,10908
68,207,10909
56,202,10910
48,198,10911
37,189,10912
39,192,10913
28,180,10914
18,166,10915
17,165,10916
15,162,10917
8,145,10918
6,140,10919
4,134,10920
2,124,10921
1,113,10922
98,113,10923
99,112,10924
100,114,10925
101,116,10926
102,116,10927
103,116,10928
102,119,10929
101,120,10930
102,121,10931
101,123,10932
102,123,10933
100,125,10934
99,126,10935
99,127,10936
97,128,10937
95,129,10938
94,130,10939
94,131,10940
91,131,10941
89,131,10942
87,131,10943
84,129,10944
83,129,10945
80,127,10946
80,128,10947
78,126,10948
77,126,10949
74,121,10950
74,122,10951
72,116,10952
71,116,10953
70,111,10954
70,106,10955
69,111,10956
69,103,10957
69,101,10958
70,97,10959
70,94,10960
72,89,10961
74,86,10962
74,85,10963
78,80,10964
76,80,10965
84,74,10966
81,75,10967
86,72,10968
92,69,10969
93,68,10970
101,68,10971
102,67,10972
103,66,10973
106,66,10974
115,69,10975
115,68,10976
117,68,10977
122,71,10978
129,77,10979
126,72,10980
134,81,10981
135,82,10982
139,88,10983
141,91,10984
144,97,10985
146,105,10986
146,102,10987
148,114,10988
148,118,10989
149,120,10990
149,122,10991
146,138,10992
148,134,10993
144,146,10994
143,149,10995
137,159,10996
138,159,10997
134,165,10998
127,172,10999
122,176,11000
120,178,11001
114,181,11002
103,185,11003
107,185,11004
95,187,11005
91,187,11006
91,188,11007
82,187,11008
72,185,11009
70,185,11010
63,181,11011
53,175,11012
49,172,11013
52,176,11014
37,158,11015
35,156,11016
35,157,11017
29,146,11018
26,137,11019
24,132,11020
22,127,11021
21,108,11022
20,108,11023
20,97,11024
20,95,11025
22,82,11026
23,77,11027
25,70,11028
33,54,11029
30,57,11030
35,48,11031
37,45,11032
52,29,11033
54,27,11034
64,20,11035
69,17,11036
79,13,11037
74,14,11038
90,10,11039
93,9,11040
104,8,11041
114,9,11042
127,12,11043
126,11,11044
141,18,11045
146,20,11046
151,23,11047
158,28,11048
165,35,11049
96,113,11050
95,116,11051
92,113,11052
92,116,11053
91,113,11054
90,114,11055
89,111,11056
88,111,11057
88,109,11058
87,110,11059
86,110,11060
87,106,11061
87,104,11062
86,104,11063
87,101,11064
87,100,11065
91,96,11066
87,98,11067
90,95,11068
92,93,11069
93,92,11070
93,91,11071
98,90,11072
98,89,11073
100,88,11074
102,88,11075
104,88,11076
107,88,11077
109,89,11078
111,89,11079
112,89,11080
117,94,11081
115,90,11082
121,97,11083
121,96,11084
124,100,11085
126,104,11086
127,108,11087
128,109,11088
129,114,11089
129,118,11090
130,119,11091
130,123,11092
128,131,11093
128,133,11094
128,134,11095
128,135,11096
125,142,11097
119,149,11098
121,149,11099
118,152,11100
114,156,11101
109,159,11102
108,160,11103
105,162,11104
99,164,11105
91,164,11106
96,165,11107
86,165,11108
89,166,11109
79,164,11110
78,164,11111
74,163,11112
65,157,11113
66,159,11114
59,153,11115
56,150,11116
51,144,11117
50,143,11118
46,136,11119
44,131,11120
42,124,11121
41,122,11122
40,101,11123
39,110,11124
38,106,11125
39,97,11126
41,85,11127
41,84,11128
43,78,11129
47,69,11130
47,67,11131
51,61,11132
57,53,11133
63,47,11134
68,43,11135
72,40,11136
77,37,11137
80,36,11138
84,34,11139
91,32,11140
97,31,11141
109,31,11142
111,31,11143
115,31,11144
127,35,11145
135,39,11146
144,45,11147
141,42,11148
154,54,11149
156,56,11150
161,63,11151
162,63,11152
169,76,11153
172,84,11154
173,85,11155
176,95,11156
178,106,11157
179,113,11158
179,128,11159
178,137,11160
178,141,11161
176,149,11162
172,161,11163
167,172,11164
168,172,11165
157,188,11166
156,190,11167
149,198,11168
136,208,11169
135,209,11170
129,213,11171
118,218,11172
119,218,11173
105,222,11174
97,223,11175
90,224,11176
97,110,11177
97,109,11178
98,108,11179
99,107,11180
100,107,11181
101,107,11182
102,107,11183
103,107,11184
105,108,11185
106,108,11186
107,109,11187
108,110,11188
109,112,11189
109,111,11190
110,114,11191
111,115,11192
111,119,11193
112,118,11194
112,120,11195
111,123,11196
111,125,11197
111,126,11198
111,128,11199
110,130,11200
108,133,11201
107,135,11202
106,136,11203
104,138,11204
102,140,11205
100,141,11206
98,142,11207
93,143,11208
93,144,11209
90,144,11210
88,144,11211
83,143,11212
80,142,11213
79,142,11214
76,140,11215
72,137,11216
69,134,11217
67,132,11218
66,131,11219
63,126,11220
62,125,11221
61,121,11222
59,115,11223
59,118,11224
58,106,11225
58,101,11226
58,99,11227
58,97,11228
59,91,11229
60,88,11230
62,82,11231
64,78,11232
68,72,11233
68,71,11234
72,67,11235
74,65,11236
77,62,11237
82,59,11238
88,56,11239
90,55,11240
94,54,11241
102,53,11242
105,53,11243
109,53,11244
115,54,11245
118,55,11246
127,59,11247
126,58,11248
131,61,11249
138,67,11250
143,72,11251
144,73,11252
150,82,11253
153,88,11254
154,90,11255
157,99,11256
158,102,11257
159,107,11258
160,118,11259
160,123,11260
160,127,11261
159,137,11262
158,141,11263
155,152,11264
152,158,11265
151,161,11266
144,172,11267
140,177,11268
135,182,11269
132,185,11270
124,191,11271
120,193,11272
114,196,11273
106,199,11274
102,200,11275
90,201,11276
85,201,11277
82,201,11278
71,199,11279
63,196,11280
56,193,11281
51,190,11282
47,187,11283
42,184,11284
32,173,11285
31,172,11286
24,162,11287
21,157,11288
15,143,11289
14,141,11290
10,125,11291
9,120,11292
8,107,11293
8,102,11294
8,96,11295
10,81,11296
13,69,11297
14,65,11298
19,53,11299
24,43,11300
27,38,11301
30,34,11302
37,25,11303
97,114,11304
99,114,11305
97,117,11306
99,117,11307
97,119,11308
97,120,11309
95,121,11310
94,122,11311
94,123,11312
93,123,11313
93,124,11314
90,123,11315
87,122,11316
88,124,11317
86,123,11318
84,120,11319
83,120,11320
83,123,11321
80,117,11322
79,115,11323
79,118,11324
78,112,11325
77,112,11326
76,109,11327
77,103,11328
75,107,11329
76,102,11330
76,100,11331
78,94,11332
78,93,11333
77,93,11334
83,86,11335
82,86,11336
81,86,11337
87,81,11338
86,81,11339
92,78,11340
93,77,11341
96,76,11342
100,75,11343
103,75,11344
109,76,11345
105,74,11346
112,76,11347
114,76,11348
117,77,11349
124,83,11350
122,80,11351
127,85,11352
132,92,11353
132,90,11354
132,89,11355
138,106,11356
139,107,11357
139,103,11358
140,110,11359
141,118,11360
141,124,11361
140,131,11362
141,129,11363
140,135,11364
138,142,11365
136,146,11366
134,151,11367
130,157,11368
126,161,11369
123,165,11370
124,165,11371
117,170,11372
110,174,11373
114,173,11374
101,177,11375
100,178,11376
85,178,11377
87,179,11378
84,179,11379
76,177,11380
74,177,11381
66,174,11382
64,173,11383
56,167,11384
57,169,11385
46,157,11386
42,153,11387
42,154,11388
34,137,11389
34,138,11390
31,131,11391
30,127,11392
28,116,11393
27,109,11394
27,102,11395
28,90,11396
28,87,11397
29,83,11398
34,68,11399
36,63,11400
38,59,11401
45,48,11402
51,42,11403
53,39,11404
59,33,11405
63,30,11406
68,27,11407
79,22,11408
83,20,11409
96,18,11410
96,17,11411
109,17,11412
110,17,11413
118,18,11414
126,20,11415
134,23,11416
145,29,11417
154,36,11418
150,32,11419
166,49,11420
165,46,11421
174,60,11422
179,69,11423
184,81,11424
183,76,11425
189,102,11426
189,99,11427
190,103,11428
191,120,11429
191,130,11430
95,112,11431
94,113,11432
93,111,11433
92,109,11434
92,108,11435
90,109,11436
92,106,11437
93,104,11438
93,103,11439
93,102,11440
93,101,11441
95,99,11442
97,98,11443
98,98,11444
99,97,11445
100,96,11446
103,96,11447
100,94,11448
105,96,11449
106,96,11450
106,95,11451
110,97,11452
112,99,11453
114,100,11454
116,102,11455
118,106,11456
118,104,11457
119,107,11458
120,109,11459
121,112,11460
122,113,11461
122,119,11462
122,122,11463
123,123,11464
122,128,11465
122,130,11466
120,134,11467
120,135,11468
119,138,11469
114,144,11470
115,144,11471
111,148,11472
111,149,11473
103,153,11474
102,154,11475
100,155,11476
96,156,11477
95,157,11478
85,156,11479
81,155,11480
83,157,11481
81,157,11482
74,153,11483
72,153,11484
69,151,11485
67,150,11486
59,141,11487
61,146,11488
55,136,11489
54,135,11490
51,128,11491
50,126,11492
49,125,11493
47,112,11494
46,112,11495
47,97,11496
46,100,11497
46,96,11498
48,86,11499
50,81,11500
50,78,11501
54,71,11502
56,67,11503
64,58,11504
63,58,11505
67,54,11506
73,49,11507
80,45,11508
85,43,11509
87,42,11510
97,40,11511
96,39,11512
110,40,11513
112,40,11514
113,39,11515
122,42,11516
131,46,11517
131,45,11518
139,51,11519
147,58,11520
149,60,11521
148,57,11522
160,76,11523
162,79,11524
163,80,11525
168,93,11526
170,106,11527
171,109,11528
172,113,11529
171,129,11530
172,126,11531
170,142,11532
169,146,11533
167,154,11534
163,163,11535
160,170,11536
148,186,11537
154,180,11538
148,188,11539
144,192,11540
131,202,11541
130,203,11542
120,208,11543
113,211,11544
105,213,11545
98,215,11546
81,214,11547
81,215,11548
71,213,11549
59,209,11550
56,208,11551
50,205,11552
39,197,11553
34,194,11554
28,188,11555
25,185,11556
15,171,11557
97,112,11558
99,111,11559
100,111,11560
101,111,11561
102,112,11562
103,113,11563
104,114,11564
103,118,11565
105,116,11566
105,118,11567
106,117,11568
105,121,11569
105,122,11570
105,124,11571
103,127,11572
103,128,11573
101,129,11574
102,130,11575
101,131,11576
98,133,11577
98,134,11578
93,134,11579
93,135,11580
92,136,11581
88,135,11582
86,135,11583
87,136,11584
82,134,11585
81,134,11586
77,131,11587
78,133,11588
74,128,11589
74,130,11590
72,127,11591
69,121,11592
68,120,11593
67,117,11594
66,114,11595
65,110,11596
65,104,11597
65,102,11598
65,99,11599
64,100,11600
67,91,11601
66,91,11602
69,85,11603
69,83,11604
73,78,11605
81,71,11606
76,73,11607
83,68,11608
84,67,11609
89,65,11610
93,63,11611
95,62,11612
98,61,11613
111,63,11614
103,60,11615
115,63,11616
115,62,11617
124,67,11618
122,65,11619
127,68,11620
136,77,11621
133,72,11622
140,81,11623
142,84,11624
146,91,11625
148,95,11626
149,97,11627
151,104,11628
152,112,11629
153,114,11630
152,126,11631
153,127,11632
152,134,11633
150,142,11634
149,146,11635
146,154,11636
142,161,11637
138,166,11638
141,164,11639
131,175,11640
130,176,11641
123,182,11642
117,185,11643
109,189,11644
107,190,11645
98,192,11646
94,193,11647
83,192,11648
82,193,11649
75,191,11650
70,190,11651
64,188,11652
57,184,11653
47,176,11654
45,175,11655
41,172,11656
32,160,11657
28,153,11658
26,150,11659
26,151,11660
20,135,11661
17,121,11662
17,124,11663
16,104,11664
15,107,11665
15,98,11666
16,88,11667
20,71,11668
21,67,11669
22,64,11670
29,50,11671
36,40,11672
37,37,11673
46,28,11674
44,29,11675
58,18,11676
68,12,11677
70,11,11678
79,7,11679
93,4,11680
90,4,11681
107,3,11682
111,3,11683
118,4,11684
96,114,11685
97,116,11686
94,116,11687
94,118,11688
92,117,11689
92,118,11690
89,115,11691
89,117,11692
88,117,11693
87,115,11694
86,116,11695
85,113,11696
85,109,11697
84,110,11698
83,110,11699
83,107,11700
83,104,11701
82,105,11702
84,99,11703
84,98,11704
85,96,11705
84,96,11706
86,93,11707
87,91,11708
90,89,11709
90,88,11710
92,87,11711
93,86,11712
97,84,11713
99,84,11714
98,83,11715
104,83,11716
104,82,11717
110,84,11718
111,84,11719
112,84,11720
116,86,11721
120,89,11722
120,88,11723
123,92,11724
125,94,11725
129,102,11726
129,99,11727
130,101,11728
132,109,11729
133,111,11730
134,116,11731
134,121,11732
133,128,11733
134,126,11734
132,135,11735
132,136,11736
129,143,11737
129,144,11738
127,148,11739
124,152,11740
120,157,11741
117,160,11742
113,163,11743
110,165,11744
108,166,11745
100,169,11746
101,169,11747
90,170,11748
92,171,11749
83,170,11750
77,169,11751
74,168,11752
70,167,11753
64,163,11754
61,161,11755
57,158,11756
54,156,11757
48,148,11758
45,143,11759
43,140,11760
40,133,11761
39,131,11762
36,119,11763
35,115,11764
35,104,11765
34,108,11766
35,95,11767
36,87,11768
36,84,11769
40,73,11770
41,70,11771
45,62,11772
49,56,11773
52,51,11774
55,48,11775
65,39,11776
69,36,11777
72,34,11778
78,31,11779
83,29,11780
96,26,11781
101,26,11782
103,25,11783
112,26,11784
119,27,11785
126,29,11786
131,31,11787
139,35,11788
148,42,11789
149,42,11790
160,53,11791
162,55,11792
169,66,11793
172,71,11794
173,73,11795
179,89,11796
180,93,11797
183,109,11798
183,118,11799
184,117,11800
182,140,11801
182,141,11802
179,155,11803
178,158,11804
174,168,11805
171,176,11806
163,188,11807
162,190,11808
155,199,11809
146,207,11810
140,212,11811
96,111,11812
95,109,11813
95,108,11814
96,107,11815
97,105,11816
96,105,11817
99,104,11818
100,104,11819
101,103,11820
102,103,11821
101,101,11822
104,103,11823
106,104,11824
107,103,11825
110,108,11826
110,106,11827
111,108,11828
111,105,11829
113,110,11830
114,113,11831
115,113,11832
115,116,11833
116,117,11834
116,119,11835
115,124,11836
116,124,11837
115,128,11838
114,130,11839
112,134,11840
113,134,11841
111,137,11842
108,140,11843
106,142,11844
108,142,11845
102,145,11846
102,146,11847
95,147,11848
95,148,11849
92,149,11850
85,148,11851
84,148,11852
80,147,11853
81,148,11854
74,144,11855
75,146,11856
71,143,11857
66,137,11858
67,140,11859
60,128,11860
60,129,11861
59,129,11862
58,128,11863
55,114,11864
54,113,11865
53,111,11866
53,105,11867
54,96,11868
53,99,11869
55,89,11870
56,85,11871
57,81,11872
59,77,11873
63,71,11874
65,68,11875
66,66,11876
77,57,11877
76,57,11878
79,55,11879
84,52,11880
89,50,11881
91,49,11882
100,48,11883
102,47,11884
114,49,11885
116,49,11886
117,49,11887
126,53,11888
128,53,11889
134,57,11890
140,62,11891
143,65,11892
145,66,11893
153,79,11894
157,86,11895
158,87,11896
160,94,11897
162,101,11898
164,109,11899
164,125,11900
165,121,11901
164,132,11902
163,139,11903
161,147,11904
161,148,11905
156,161,11906
154,165,11907
149,173,11908
147,176,11909
142,182,11910
129,193,11911
128,194,11912
120,199,11913
119,200,11914
108,204,11915
101,205,11916
96,206,11917
85,206,11918
86,207,11919
73,205,11920
66,203,11921
61,201,11922
56,199,11923
45,192,11924
39,187,11925
29,177,11926
28,176,11927
17,158,11928
19,164,11929
12,148,11930
8,135,11931
7,133,11932
5,126,11933
4,111,11934
3,107,11935
4,92,11936
5,83,11937
5,81,11938
98,114,11939
100,113,11940
100,115,11941
100,116,11942
100,118,11943
101,118,11944
99,121,11945
98,122,11946
99,123,11947
98,124,11948
99,125,11949
96,126,11950
93,126,11951
93,127,11952
92,128,11953
89,127,11954
88,127,11955
89,129,11956
87,128,11957
84,127,11958
84,128,11959
80,123,11960
78,121,11961
77,120,11962
76,120,11963
75,117,11964
74,115,11965
73,113,11966
73,108,11967
72,109,11968
71,108,11969
72,102,11970
74,95,11971
71,99,11972
74,92,11973
74,91,11974
77,86,11975
76,86,11976
80,81,11977
85,77,11978
84,77,11979
89,74,11980
86,74,11981
95,72,11982
95,71,11983
98,70,11984
103,70,11985
104,69,11986
114,72,11987
115,72,11988
115,71,11989
118,72,11990
127,79,11991
128,79,11992
129,79,11993
130,80,11994
137,91,11995
136,87,11996
139,93,11997
143,104,11998
144,107,11999
145,111,12000
145,118,12001
146,120,12002
146,124,12003
143,137,12004
143,140,12005
143,141,12006
140,149,12007
136,156,12008
139,153,12009
130,164,12010
130,165,12011
123,171,12012
120,174,12013
114,178,12014
112,179,12015
104,182,12016
100,183,12017
94,184,12018
87,184,12019
88,185,12020
73,181,12021
68,180,12022
71,182,12023
60,176,12024
53,171,12025
52,171,12026
45,164,12027
38,155,12028
36,152,12029
38,157,12030
29,137,12031
26,129,12032
26,130,12033
24,122,12034
23,109,12035
22,105,12036
23,93,12037
27,76,12038
26,77,12039
26,76,12040
29,67,12041
36,53,12042
40,47,12043
41,45,12044
54,32,12045
51,33,12046
57,28,12047
66,22,12048
74,18,12049
82,15,12050
90,13,12051
97,12,12052
108,12,12053
104,11,12054
125,15,12055
124,14,12056
141,21,12057
143,22,12058
153,29,12059
155,30,12060
166,41,12061
166,40,12062
175,52,12063
180,59,12064
185,71,12065
95,113,12066
94,115,12067
93,113,12068
92,114,12069
91,111,12070
90,112,12071
90,108,12072
90,107,12073
89,106,12074
88,106,12075
87,107,12076
89,102,12077
90,101,12078
90,99,12079
91,98,12080
93,96,12081
96,95,12082
92,95,12083
96,93,12084
98,92,12085
99,92,12086
101,91,12087
104,91,12088
106,91,12089
108,92,12090
110,92,12091
111,92,12092
114,94,12093
116,96,12094
118,98,12095
119,98,12096
122,104,12097
121,100,12098
124,107,12099
125,109,12100
126,111,12101
126,118,12102
127,117,12103
127,120,12104
126,127,12105
126,129,12106
125,134,12107
126,133,12108
121,142,12109
121,143,12110
119,146,12111
118,148,12112
116,151,12113
109,155,12114
111,155,12115
104,159,12116
105,159,12117
95,161,12118
94,162,12119
91,162,12120
84,162,12121
76,159,12122
80,162,12123
72,158,12124
72,159,12125
64,153,12126
62,152,12127
59,150,12128
52,139,12129
53,143,12130
49,135,12131
48,133,12132
45,124,12133
43,118,12134
43,119,12135
42,112,12136
41,105,12137
41,103,12138
46,81,12139
43,87,12140
44,83,12141
47,75,12142
50,69,12143
52,65,12144
58,57,12145
62,52,12146
61,52,12147
72,44,12148
73,43,12149
78,40,12150
86,37,12151
94,35,12152
97,34,12153
103,34,12154
115,35,12155
122,37,12156
115,34,12157
130,40,12158
138,44,12159
139,44,12160
147,51,12161
155,60,12162
155,59,12163
162,69,12164
166,76,12165
170,87,12166
171,88,12167
173,94,12168
175,104,12169
176,115,12170
177,119,12171
174,140,12172
176,136,12173
175,141,12174
173,150,12175
166,168,12176
166,169,12177
162,176,12178
154,187,12179
148,194,12180
148,195,12181
132,207,12182
130,209,12183
119,214,12184
113,216,12185
102,219,12186
99,220,12187
88,220,12188
83,220,12189
73,219,12190
68,218,12191
59,215,12192
97,111,12193
98,109,12194
100,109,12195
99,108,12196
102,109,12197
103,109,12198
104,110,12199
104,109,12200
106,112,12201
106,111,12202
107,112,12203
108,113,12204
108,117,12205
109,117,12206
109,118,12207
109,121,12208
109,122,12209
110,122,12210
108,127,12211
106,129,12212
107,130,12213
105,132,12214
105,133,12215
103,135,12216
99,137,12217
99,138,12218
98,139,12219
95,140,12220
92,140,12221
90,140,12222
90,141,12223
83,139,12224
83,140,12225
81,139,12226
78,138,12227
75,136,12228
73,134,12229
71,133,12230
68,128,12231
66,125,12232
65,124,12233
63,118,12234
63,120,12235
62,106,12236
61,112,12237
60,108,12238
60,103,12239
61,96,12240
65,86,12241
62,90,12242
64,85,12243
65,82,12244
68,77,12245
71,73,12246
73,70,12247
76,67,12248
79,65,12249
79,64,12250
90,59,12251
89,59,12252
95,57,12253
98,56,12254
106,56,12255
111,57,12256
110,56,12257
117,58,12258
122,60,12259
128,63,12260
130,64,12261
136,69,12262
137,70,12263
143,77,12264
144,78,12265
149,86,12266
151,91,12267
153,95,12268
155,103,12269
156,106,12270
157,113,12271
157,125,12272
155,138,12273
158,127,12274
154,144,12275
153,148,12276
150,156,12277
147,162,12278
144,167,12279
141,171,12280
136,177,12281
132,181,12282
126,186,12283
121,189,12284
115,192,12285
108,195,12286
105,196,12287
95,198,12288
81,197,12289
79,197,12290
75,197,12291
65,193,12292
59,191,12293
56,189,12294
50,186,12295
42,179,12296
38,175,12297
33,170,12298
25,158,12299
23,155,12300
19,146,12301
17,141,12302
14,132,12303
12,120,12304
11,113,12305
11,99,12306
13,83,12307
11,91,12308
16,69,12309
17,65,12310
21,55,12311
25,48,12312
27,44,12313
36,31,12314
37,30,12315
42,24,12316
56,13,12317
64,8,12318
68,6,12319
97,115,12320
98,115,12321
95,117,12322
97,118,12323
95,119,12324
95,120,12325
93,120,12326
92,120,12327
92,122,12328
90,121,12329
90,122,12330
87,119,12331
86,120,12332
85,120,12333
84,118,12334
82,115,12335
81,113,12336
81,117,12337
80,112,12338
79,110,12339
79,106,12340
79,105,12341
78,105,12342
79,100,12343
80,97,12344
79,97,12345
81,93,12346
82,91,12347
84,88,12348
85,87,12349
86,85,12350
90,83,12351
92,81,12352
90,81,12353
93,80,12354
99,79,12355
103,78,12356
102,77,12357
104,77,12358
111,79,12359
115,81,12360
116,81,12361
118,81,12362
122,85,12363
124,86,12364
127,89,12365
130,94,12366
129,90,12367
135,105,12368
136,107,12369
136,104,12370
137,107,12371
138,117,12372
139,118,12373
138,127,12374
138,129,12375
136,136,12376
137,136,12377
134,143,12378
133,147,12379
131,151,12380
126,157,12381
123,161,12382
121,163,12383
118,166,12384
110,170,12385
109,171,12386
101,174,12387
99,175,12388
91,175,12389
90,176,12390
87,176,12391
79,175,12392
69,171,12393
68,171,12394
65,170,12395
57,164,12396
55,163,12397
51,159,12398
45,152,12399
43,149,12400
40,145,12401
36,134,12402
34,130,12403
33,129,12404
31,114,12405
30,110,12406
30,100,12407
31,90,12408
30,94,12409
33,79,12410
36,71,12411
36,70,12412
40,61,12413
41,59,12414
49,48,12415
54,42,12416
59,37,12417
63,34,12418
76,27,12419
75,27,12420
85,23,12421
88,22,12422
108,21,12423
105,20,12424
110,20,12425
119,22,12426
125,23,12427
132,26,12428
139,29,12429
147,34,12430
153,39,12431
161,47,12432
167,54,12433
169,57,12434
173,63,12435
181,82,12436
180,76,12437
186,101,12438
187,106,12439
188,114,12440
188,119,12441
188,128,12442
187,141,12443
186,146,12444
180,166,12445
180,167,12446
95,111,12447
94,111,12448
94,109,12449
93,108,12450
94,106,12451
93,106,12452
95,104,12453
96,103,12454
96,102,12455
97,101,12456
96,100,12457
98,99,12458
101,99,12459
102,99,12460
103,98,12461
105,99,12462
108,101,12463
108,99,12464
107,98,12465
111,102,12466
112,101,12467
114,104,12468
115,106,12469
116,107,12470
117,107,12471
118,112,12472
119,112,12473
119,118,12474
119,122,12475
121,119,12476
121,121,12477
119,128,12478
116,134,12479
120,129,12480
116,137,12481
116,138,12482
112,142,12483
111,144,12484
108,147,12485
104,149,12486
103,150,12487
99,152,12488
102,152,12489
93,153,12490
93,154,12491
88,154,12492
83,153,12493
84,154,12494
76,151,12495
73,149,12496
71,149,12497
70,149,12498
61,138,12499
60,138,12500
60,139,12501
56,133,12502
54,127,12503
54,130,12504
51,121,12505
50,115,12506
49,111,12507
49,105,12508
49,98,12509
49,96,12510
50,89,12511
54,80,12512
52,82,12513
55,75,12514
59,68,12515
63,63,12516
62,63,12517
74,53,12518
71,54,12519
82,48,12520
81,48,12521
87,45,12522
96,43,12523
99,43,12524
103,42,12525
106,42,12526
120,45,12527
116,43,12528
132,51,12529
130,49,12530
132,49,12531
147,63,12532
150,66,12533
146,60,12534
156,74,12535
160,82,12536
162,86,12537
161,81,12538
167,104,12539
168,108,12540
169,111,12541
169,122,12542
169,127,12543
168,138,12544
166,147,12545
161,159,12546
159,165,12547
161,162,12548
154,174,12549
150,180,12550
143,188,12551
138,193,12552
129,199,12553
131,199,12554
120,205,12555
113,208,12556
109,209,12557
98,211,12558
87,212,12559
78,211,12560
69,209,12561
71,210,12562
51,201,12563
56,205,12564
45,198,12565
34,189,12566
28,183,12567
22,176,12568
18,170,12569
14,164,12570
10,156,12571
8,152,12572
2,131,12573
98,112,12574
100,112,12575
101,113,12576
101,114,12577
102,114,12578
103,115,12579
102,118,12580
102,120,12581
104,119,12582
103,121,12583
104,121,12584
102,124,12585
102,125,12586
102,126,12587
99,128,12588
97,129,12589
97,130,12590
97,131,12591
95,132,12592
92,132,12593
92,133,12594
87,132,12595
88,133,12596
84,131,12597
82,131,12598
81,131,12599
80,130,12600
77,127,12601
76,127,12602
73,122,12603
73,124,12604
71,118,12605
70,119,12606
69,116,12607
68,111,12608
68,107,12609
68,102,12610
67,102,12611
68,97,12612
70,91,12613
70,90,12614
72,86,12615
70,87,12616
77,78,12617
76,78,12618
79,75,12619
81,73,12620
85,70,12621
94,67,12622
89,67,12623
95,66,12624
97,65,12625
105,65,12626
109,65,12627
109,64,12628
115,66,12629
122,70,12630
118,66,12631
128,73,12632
128,72,12633
136,81,12634
135,79,12635
137,81,12636
143,92,12637
142,88,12638
147,102,12639
148,105,12640
149,110,12641
150,113,12642
149,128,12643
151,121,12644
150,129,12645
148,140,12646
143,151,12647
145,149,12648
143,154,12649
139,161,12650
133,168,12651
132,170,12652
125,176,12653
121,179,12654
124,178,12655
110,185,12656
108,186,12657
103,188,12658
94,189,12659
84,189,12660
88,190,12661
76,188,12662
69,186,12663
61,182,12664
66,186,12665
49,174,12666
47,173,12667
44,171,12668
37,162,12669
32,154,12670
30,151,12671
26,144,12672
22,131,12673
20,121,12674
20,124,12675
19,121,12676
18,102,12677
18,98,12678
19,89,12679
24,70,12680
21,76,12681
24,67,12682
27,59,12683
36,44,12684
38,41,12685
45,33,12686
49,29,12687
59,21,12688
58,21,12689
79,11,12690
74,12,12691
90,8,12692
97,7,12693
104,6,12694
106,6,12695
123,9,12696
125,9,12697
132,11,12698
145,17,12699
150,20,12700
95,114,12701
96,116,12702
93,114,12703
93,116,12704
91,115,12705
90,116,12706
89,113,12707
88,112,12708
88,114,12709
87,112,12710
86,112,12711
86,108,12712
86,106,12713
85,105,12714
84,106,12715
85,103,12716
87,99,12717
85,100,12718
87,97,12719
89,94,12720
89,93,12721
90,92,12722
92,90,12723
94,89,12724
96,88,12725
97,87,12726
101,87,12727
102,86,12728
107,87,12729
106,86,12730
107,85,12731
113,89,12732
112,87,12733
117,91,12734
118,91,12735
122,95,12736
123,96,12737
125,99,12738
126,100,12739
128,105,12740
129,107,12741
130,113,12742
131,111,12743
130,126,12744
132,120,12745
132,122,12746
131,128,12747
129,136,12748
126,142,12749
127,142,12750
124,147,12751
123,149,12752
118,154,12753
118,155,12754
113,159,12755
109,162,12756
107,163,12757
106,164,12758
97,166,12759
96,167,12760
87,167,12761
89,168,12762
82,167,12763
76,165,12764
76,166,12765
67,161,12766
62,158,12767
59,156,12768
58,155,12769
52,148,12770
48,143,12771
45,137,12772
43,134,12773
40,124,12774
39,120,12775
38,117,12776
37,111,12777
37,104,12778
37,99,12779
38,92,12780
41,80,12781
38,86,12782
44,71,12783
45,68,12784
50,59,12785
54,54,12786
58,49,12787
60,47,12788
70,39,12789
73,37,12790
79,34,12791
87,31,12792
93,30,12793
98,29,12794
101,28,12795
112,29,12796
123,32,12797
124,32,12798
128,33,12799
142,41,12800
144,42,12801
152,49,12802
156,53,12803
160,58,12804
166,67,12805
168,69,12806
172,78,12807
176,89,12808
178,96,12809
179,100,12810
180,106,12811
181,117,12812
181,126,12813
180,136,12814
176,153,12815
178,150,12816
169,172,12817
170,171,12818
165,180,12819
156,192,12820
149,200,12821
150,200,12822
144,205,12823
136,211,12824
128,216,12825
118,220,12826
105,224,12827
96,110,12828
96,109,12829
97,108,12830
98,107,12831
99,106,12832
99,105,12833
101,106,12834
102,105,12835
104,106,12836
105,106,12837
105,105,12838
106,106,12839
108,107,12840
109,108,12841
110,111,12842
111,112,12843
111,116,12844
112,115,12845
113,115,12846
113,120,12847
113,122,12848
113,123,12849
113,125,12850
113,126,12851
110,132,12852
111,132,12853
110,134,12854
107,137,12855
105,139,12856
106,139,12857
103,141,12858
98,143,12859
98,144,12860
97,145,12861
93,145,12862
87,145,12863
85,145,12864
86,146,12865
82,145,12866
78,143,12867
76,142,12868
72,139,12869
71,139,12870
67,134,12871
67,136,12872
64,131,12873
60,123,12874
60,126,12875
58,113,12876
57,113,12877
56,111,12878
56,107,12879
56,102,12880
56,99,12881
57,93,12882
57,91,12883
61,81,12884
61,79,12885
63,76,12886
68,69,12887
67,69,12888
72,64,12889
79,59,12890
78,59,12891
82,56,12892
92,53,12893
95,52,12894
98,51,12895
106,51,12896
107,51,12897
115,52,12898
117,52,12899
124,55,12900
133,61,12901
134,61,12902
136,62,12903
144,71,12904
143,69,12905
147,74,12906
151,80,12907
154,86,12908
157,93,12909
160,107,12910
160,104,12911
161,107,12912
162,119,12913
161,132,12914
161,135,12915
159,143,12916
158,148,12917
155,156,12918
151,164,12919
147,171,12920
145,174,12921
139,181,12922
137,183,12923
127,191,12924
126,192,12925
115,198,12926
103,201,12927
105,201,12928
96,203,12929
86,203,12930
84,203,12931
75,202,12932
71,201,12933
55,194,12934
57,196,12935
45,188,12936
43,187,12937
33,177,12938
32,176,12939
25,167,12940
18,155,12941
17,153,12942
14,146,12943
9,127,12944
9,133,12945
7,113,12946
6,104,12947
7,90,12948
8,83,12949
8,81,12950
10,72,12951
16,55,12952
20,47,12953
23,41,12954
97,113,12955
99,114,12956
98,117,12957
99,118,12958
98,119,12959
98,120,12960
97,121,12961
96,122,12962
96,123,12963
95,124,12964
95,125,12965
91,124,12966
89,124,12967
89,125,12968
88,125,12969
85,123,12970
84,123,12971
86,126,12972
82,122,12973
81,121,12974
80,122,12975
78,116,12976
77,115,12977
76,113,12978
76,107,12979
75,111,12980
74,108,12981
74,104,12982
75,101,12983
74,101,12984
74,99,12985
78,91,12986
78,90,12987
75,92,12988
80,86,12989
82,83,12990
87,79,12991
86,79,12992
91,76,12993
94,75,12994
96,74,12995
101,74,12996
101,73,12997
106,73,12998
109,73,12999
111,73,13000
117,76,13001
115,74,13002
122,79,13003
126,82,13004
127,82,13005
128,82,13006
136,96,13007
136,94,13008
137,94,13009
139,100,13010
141,110,13011
142,109,13012
142,119,13013
143,117,13014
143,124,13015
142,132,13016
141,137,13017
141,138,13018
140,142,13019
133,154,13020
134,154,13021
131,159,13022
128,163,13023
122,168,13024
125,167,13025
113,174,13026
113,175,13027
104,178,13028
103,179,13029
96,181,13030
88,181,13031
86,181,13032
82,181,13033
73,179,13034
63,174,13035
65,176,13036
53,167,13037
52,167,13038
51,167,13039
40,152,13040
37,148,13041
37,149,13042
32,138,13043
29,129,13044
28,125,13045
28,129,13046
26,109,13047
25,107,13048
25,102,13049
27,87,13050
29,77,13051
29,76,13052
33,65,13053
39,55,13054
42,49,13055
43,47,13056
49,40,13057
53,36,13058
65,27,13059
67,25,13060
77,21,13061
79,19,13062
91,16,13063
89,16,13064
106,15,13065
112,15,13066
118,16,13067
129,19,13068
141,25,13069
139,23,13070
149,30,13071
149,29,13072
161,40,13073
169,49,13074
173,55,13075
178,62,13076
185,79,13077
184,75,13078
187,83,13079
191,100,13080
192,109,13081
94,112,13082
94,114,13083
93,112,13084
92,110,13085
91,109,13086
90,110,13087
92,105,13088
92,104,13089
92,103,13090
92,102,13091
90,103,13092
91,101,13093
94,99,13094
93,98,13095
95,97,13096
97,96,13097
100,95,13098
97,94,13099
102,94,13100
104,94,13101
106,94,13102
107,94,13103
110,96,13104
111,96,13105
113,97,13106
114,97,13107
115,98,13108
118,102,13109
119,103,13110
121,107,13111
122,108,13112
123,113,13113
123,118,13114
124,115,13115
124,120,13116
124,125,13117
123,129,13118
123,130,13119
124,130,13120
120,138,13121
118,142,13122
118,143,13123
118,144,13124
111,150,13125
109,152,13126
108,153,13127
104,155,13128
103,156,13129
95,158,13130
90,158,13131
93,159,13132
90,160,13133
80,157,13134
79,158,13135
76,157,13136
74,156,13137
66,150,13138
70,155,13139
61,147,13140
59,145,13141
54,138,13142
52,135,13143
50,131,13144
48,124,13145
47,124,13146
45,112,13147
45,109,13148
44,107,13149
44,102,13150
47,86,13151
44,95,13152
47,83,13153
49,77,13154
58,63,13155
54,67,13156
58,61,13157
61,57,13158
68,51,13159
70,49,13160
78,44,13161
83,42,13162
80,42,13163
91,39,13164
101,38,13165
100,37,13166
113,38,13167
114,38,13168
117,38,13169
129,43,13170
136,47,13171
142,51,13172
140,48,13173
151,60,13174
154,63,13175
154,62,13176
160,71,13177
167,87,13178
169,92,13179
169,90,13180
172,105,13181
173,114,13182
174,118,13183
173,132,13184
172,140,13185
171,145,13186
167,158,13187
163,166,13188
164,166,13189
159,176,13190
155,182,13191
147,191,13192
142,196,13193
133,203,13194
130,205,13195
115,212,13196
117,212,13197
98,216,13198
103,216,13199
91,217,13200
78,216,13201
71,215,13202
69,215,13203
48,205,13204
48,206,13205
46,205,13206
41,202,13207
28,191,13208
98,111,13209
99,110,13210
100,110,13211
101,110,13212
102,111,13213
103,111,13214
104,113,13215
104,116,13216
105,115,13217
106,115,13218
107,115,13219
107,118,13220
106,122,13221
107,121,13222
106,124,13223
106,125,13224
104,128,13225
106,127,13226
104,130,13227
101,132,13228
102,133,13229
99,134,13230
99,135,13231
96,136,13232
93,137,13233
91,137,13234
90,138,13235
86,137,13236
85,137,13237
82,136,13238
82,137,13239
76,132,13240
78,135,13241
74,131,13242
71,128,13243
69,125,13244
68,123,13245
66,119,13246
65,116,13247
64,113,13248
64,108,13249
63,108,13250
63,106,13251
65,94,13252
62,102,13253
64,94,13254
65,89,13255
67,85,13256
73,77,13257
69,80,13258
74,74,13259
76,71,13260
80,68,13261
83,66,13262
86,64,13263
86,63,13264
100,61,13265
95,60,13266
102,59,13267
105,59,13268
112,60,13269
113,60,13270
120,62,13271
126,66,13272
129,67,13273
132,70,13274
138,76,13275
140,78,13276
140,77,13277
145,85,13278
147,88,13279
151,100,13280
152,101,13281
153,107,13282
154,113,13283
155,117,13284
154,129,13285
153,137,13286
153,139,13287
150,148,13288
147,154,13289
148,154,13290
141,166,13291
137,171,13292
135,174,13293
133,176,13294
127,181,13295
122,185,13296
111,190,13297
110,191,13298
104,193,13299
99,194,13300
89,195,13301
88,195,13302
83,195,13303
70,192,13304
61,188,13305
57,186,13306
50,182,13307
43,176,13308
41,174,13309
32,163,13310
32,164,13311
23,147,13312
22,145,13313
20,141,13314
17,131,13315
16,127,13316
14,115,13317
13,110,13318
14,96,13319
14,89,13320
16,79,13321
19,68,13322
24,57,13323
22,59,13324
32,42,13325
32,41,13326
42,29,13327
50,22,13328
53,19,13329
58,15,13330
69,9,13331
73,7,13332
87,3,13333
92,2,13334
100,1,13335
96,115,13336
98,116,13337
94,117,13338
95,118,13339
93,118,13340
92,119,13341
91,118,13342
90,119,13343
89,119,13344
88,118,13345
87,118,13346
85,115,13347
85,116,13348
84,115,13349
83,112,13350
82,110,13351
82,106,13352
81,109,13353
81,106,13354
81,104,13355
82,100,13356
81,100,13357
82,97,13358
83,95,13359
85,92,13360
85,91,13361
88,88,13362
90,86,13363
91,85,13364
92,84,13365
93,83,13366
99,82,13367
99,81,13368
103,81,13369
105,81,13370
107,81,13371
111,82,13372
115,84,13373
115,83,13374
120,87,13375
121,87,13376
126,93,13377
124,89,13378
128,95,13379
131,101,13380
132,103,13381
133,106,13382
134,106,13383
135,117,13384
136,118,13385
136,122,13386
136,124,13387
135,130,13388
134,135,13389
133,139,13390
129,147,13391
126,152,13392
128,150,13393
122,157,13394
117,162,13395
118,162,13396
112,166,13397
110,167,13398
107,169,13399
101,171,13400
93,172,13401
86,172,13402
89,173,13403
80,172,13404
72,169,13405
73,170,13406
68,168,13407
63,165,13408
56,159,13409
54,158,13410
48,151,13411
44,145,13412
42,142,13413
39,135,13414
38,133,13415
35,124,13416
34,120,13417
33,109,13418
33,100,13419
32,103,13420
33,94,13421
35,83,13422
36,79,13423
39,71,13424
39,69,13425
44,60,13426
51,50,13427
55,45,13428
57,43,13429
67,35,13430
74,31,13431
76,30,13432
82,27,13433
89,25,13434
99,24,13435
103,23,13436
104,23,13437
114,24,13438
126,27,13439
131,29,13440
134,30,13441
148,39,13442
150,40,13443
157,47,13444
160,50,13445
165,56,13446
169,62,13447
176,76,13448
180,86,13449
181,90,13450
183,97,13451
185,115,13452
185,126,13453
185,132,13454
185,133,13455
182,149,13456
181,155,13457
176,168,13458
174,173,13459
173,176,13460
161,194,13461
158,198,13462
96,112,13463
95,110,13464
94,108,13465
95,107,13466
96,106,13467
95,105,13468
97,104,13469
99,103,13470
99,102,13471
100,102,13472
99,100,13473
104,102,13474
105,102,13475
105,101,13476
107,102,13477
109,104,13478
110,105,13479
110,102,13480
112,106,13481
114,110,13482
114,107,13483
115,111,13484
116,113,13485
117,115,13486
116,123,13487
118,119,13488
118,121,13489
116,128,13490
116,129,13491
116,131,13492
116,132,13493
112,137,13494
111,139,13495
113,139,13496
108,143,13497
106,145,13498
104,146,13499
100,148,13500
98,149,13501
94,150,13502
91,150,13503
86,150,13504
88,151,13505
81,149,13506
83,151,13507
78,149,13508
70,143,13509
72,146,13510
65,139,13511
63,136,13512
63,138,13513
60,135,13514
56,123,13515
55,123,13516
54,122,13517
53,117,13518
52,109,13519
51,111,13520
52,99,13521
51,101,13522
52,93,13523
53,89,13524
56,81,13525
57,77,13526
58,75,13527
66,65,13528
66,64,13529
70,59,13530
73,57,13531
77,54,13532
77,53,13533
87,49,13534
92,47,13535
100,46,13536
107,46,13537
104,45,13538
118,48,13539
117,47,13540
121,48,13541
126,50,13542
136,57,13543
138,57,13544
149,70,13545
149,69,13546
149,68,13547
156,80,13548
158,84,13549
160,87,13550
163,97,13551
165,108,13552
166,113,13553
166,125,13554
166,128,13555
166,132,13556
165,139,13557
162,150,13558
159,158,13559
156,165,13560
154,169,13561
144,182,13562
139,187,13563
138,189,13564
132,194,13565
129,196,13566
115,203,13567
111,205,13568
100,207,13569
105,207,13570
92,209,13571
89,209,13572
79,208,13573
69,206,13574
63,204,13575
54,200,13576
41,191,13577
39,190,13578
29,179,13579
34,186,13580
21,169,13581
16,160,13582
12,153,13583
12,154,13584
4,125,13585
4,128,13586
3,123,13587
2,107,13588
1,104,13589
98,113,13590
99,112,13591
100,114,13592
101,116,13593
102,116,13594
102,117,13595
101,119,13596
100,121,13597
101,122,13598
100,123,13599
101,124,13600
98,126,13601
97,127,13602
98,127,13603
95,128,13604
93,129,13605
92,129,13606
92,130,13607
89,130,13608
86,129,13609
86,130,13610
82,127,13611
81,127,13612
79,125,13613
78,125,13614
76,122,13615
75,121,13616
74,119,13617
73,118,13618
72,113,13619
71,113,13620
71,107,13621
71,102,13622
69,107,13623
71,97,13624
71,95,13625
73,91,13626
72,91,13627
75,86,13628
78,82,13629
77,82,13630
81,78,13631
78,79,13632
87,73,13633
87,72,13634
92,70,13635
95,69,13636
96,68,13637
104,68,13638
106,68,13639
110,68,13640
108,67,13641
120,72,13642
119,71,13643
121,71,13644
125,74,13645
131,80,13646
130,77,13647
137,86,13648
138,88,13649
142,96,13650
143,98,13651
145,102,13652
146,111,13653
147,111,13654
147,122,13655
147,127,13656
147,130,13657
147,132,13658
143,145,13659
145,142,13660
138,156,13661
139,155,13662
131,165,13663
131,167,13664
128,170,13665
122,175,13666
117,178,13667
114,180,13668
103,184,13669
98,185,13670
99,186,13671
82,185,13672
85,186,13673
86,187,13674
70,183,13675
65,181,13676
64,181,13677
55,175,13678
49,170,13679
42,163,13680
47,170,13681
35,153,13682
31,147,13683
30,146,13684
28,141,13685
23,122,13686
22,119,13687
21,115,13688
21,103,13689
21,96,13690
21,94,13691
23,81,13692
25,74,13693
29,63,13694
31,58,13695
40,45,13696
37,47,13697
42,40,13698
52,30,13699
57,26,13700
61,23,13701
72,17,13702
79,14,13703
87,12,13704
93,10,13705
105,10,13706
105,9,13707
123,12,13708
127,13,13709
135,16,13710
142,19,13711
157,30,13712
157,29,13713
167,39,13714
164,35,13715
173,46,13716
96,113,13717
95,115,13718
92,113,13719
92,115,13720
91,113,13721
90,114,13722
89,110,13723
89,109,13724
88,108,13725
88,107,13726
86,109,13727
88,103,13728
88,102,13729
88,101,13730
89,99,13731
89,98,13732
93,95,13733
89,96,13734
92,94,13735
93,93,13736
96,91,13737
96,90,13738
100,90,13739
100,89,13740
102,89,13741
104,89,13742
106,89,13743
110,90,13744
112,91,13745
114,92,13746
115,92,13747
120,98,13748
118,94,13749
122,100,13750
123,101,13751
125,104,13752
126,106,13753
127,112,13754
128,112,13755
128,121,13756
128,124,13757
128,127,13758
129,125,13759
126,135,13760
126,136,13761
125,139,13762
125,140,13763
121,147,13764
114,153,13765
118,151,13766
113,155,13767
110,158,13768
102,161,13769
101,162,13770
102,162,13771
96,164,13772
86,163,13773
91,165,13774
81,163,13775
81,164,13776
72,160,13777
70,160,13778
68,159,13779
59,151,13780
62,155,13781
54,146,13782
50,140,13783
48,137,13784
46,133,13785
44,129,13786
43,125,13787
41,116,13788
40,113,13789
41,97,13790
39,103,13791
40,96,13792
42,85,13793
44,78,13794
46,73,13795
49,67,13796
53,61,13797
54,58,13798
59,53,13799
66,46,13800
68,44,13801
73,41,13802
81,37,13803
82,36,13804
89,34,13805
97,32,13806
105,32,13807
105,31,13808
115,33,13809
120,34,13810
126,35,13811
135,40,13812
144,47,13813
145,47,13814
153,54,13815
157,59,13816
162,66,13817
166,73,13818
169,78,13819
172,86,13820
176,102,13821
176,100,13822
177,125,13823
178,115,13824
178,129,13825
178,132,13826
176,143,13827
173,156,13828
170,164,13829
166,172,13830
159,183,13831
162,180,13832
145,199,13833
146,199,13834
136,207,13835
131,210,13836
121,215,13837
118,217,13838
110,220,13839
101,221,13840
94,222,13841
89,223,13842
73,221,13843
97,110,13844
97,109,13845
98,108,13846
100,108,13847
101,108,13848
102,108,13849
103,108,13850
104,108,13851
105,109,13852
106,109,13853
107,110,13854
108,111,13855
109,113,13856
109,114,13857
110,115,13858
110,118,13859
110,120,13860
111,120,13861
111,122,13862
109,127,13863
110,126,13864
108,130,13865
108,131,13866
107,133,13867
103,136,13868
103,137,13869
104,137,13870
100,139,13871
97,141,13872
95,141,13873
95,142,13874
88,142,13875
90,143,13876
88,143,13877
83,142,13878
81,141,13879
77,139,13880
75,138,13881
72,136,13882
69,132,13883
67,130,13884
65,127,13885
64,126,13886
63,124,13887
61,119,13888
60,115,13889
59,111,13890
59,106,13891
59,102,13892
59,97,13893
60,93,13894
61,88,13895
63,83,13896
65,79,13897
64,80,13898
68,73,13899
72,69,13900
72,68,13901
78,63,13902
81,61,13903
84,59,13904
86,58,13905
91,56,13906
101,55,13907
99,54,13908
105,54,13909
112,55,13910
117,56,13911
118,56,13912
125,59,13913
131,63,13914
134,65,13915
138,68,13916
143,74,13917
146,78,13918
150,84,13919
153,91,13920
154,93,13921
156,99,13922
157,103,13923
158,124,13924
159,114,13925
158,132,13926
157,139,13927
157,141,13928
155,148,13929
154,151,13930
149,162,13931
147,165,13932
142,173,13933
139,177,13934
131,184,13935
126,188,13936
122,191,13937
118,193,13938
111,196,13939
104,198,13940
99,199,13941
93,200,13942
80,199,13943
73,198,13944
69,197,13945
66,196,13946
55,191,13947
49,187,13948
46,185,13949
37,177,13950
33,173,13951
28,166,13952
25,162,13953
20,153,13954
17,146,13955
14,137,13956
11,126,13957
10,108,13958
9,110,13959
10,91,13960
10,88,13961
12,77,13962
14,69,13963
18,58,13964
20,53,13965
26,42,13966
30,36,13967
36,28,13968
40,24,13969
46,18,13970
97,114,13971
99,115,13972
96,117,13973
98,118,13974
96,119,13975
96,120,13976
94,121,13977
93,121,13978
93,122,13979
92,123,13980
92,124,13981
89,122,13982
88,122,13983
86,122,13984
84,119,13985
83,119,13986
82,118,13987
82,121,13988
80,115,13989
79,113,13990
79,116,13991
78,110,13992
77,109,13993
77,106,13994
78,100,13995
76,104,13996
78,98,13997
78,96,13998
80,92,13999
80,91,14000
80,90,14001
86,84,14002
86,83,14003
84,84,14004
90,80,14005
91,79,14006
95,78,14007
97,77,14008
99,76,14009
104,76,14010
107,76,14011
113,78,14012
110,76,14013
117,79,14014
118,79,14015
121,81,14016
128,89,14017
126,84,14018
132,94,14019
133,95,14020
134,95,14021
135,96,14022
138,110,14023
139,110,14024
140,112,14025
140,119,14026
139,129,14027
140,128,14028
139,132,14029
139,135,14030
138,139,14031
134,148,14032
133,150,14033
130,155,14034
128,158,14035
118,167,14036
120,166,14037
115,170,14038
112,172,14039
107,174,14040
104,176,14041
95,177,14042
93,178,14043
83,177,14044
79,177,14045
75,176,14046
68,173,14047
67,173,14048
61,170,14049
55,165,14050
48,158,14051
47,158,14052
42,150,14053
39,146,14054
38,145,14055
33,131,14056
31,125,14057
30,124,14058
29,107,14059
28,108,14060
28,101,14061
29,90,14062
30,85,14063
31,79,14064
34,70,14065
40,58,14066
41,56,14067
47,47,14068
50,43,14069
61,34,14070
63,32,14071
67,29,14072
68,28,14073
81,22,14074
90,20,14075
93,19,14076
104,18,14077
109,18,14078
117,19,14079
125,21,14080
133,24,14081
138,26,14082
146,31,14083
152,36,14084
160,43,14085
164,47,14086
173,61,14087
173,59,14088
180,74,14089
184,85,14090
187,96,14091
187,92,14092
189,112,14093
190,115,14094
190,123,14095
189,137,14096
188,146,14097
95,112,14098
94,111,14099
93,110,14100
93,109,14101
93,107,14102
91,108,14103
93,105,14104
94,103,14105
95,102,14106
95,101,14107
94,100,14108
96,99,14109
99,99,14110
99,98,14111
101,97,14112
103,97,14113
105,98,14114
102,95,14115
106,97,14116
109,98,14117
109,97,14118
111,99,14119
114,102,14120
115,103,14121
116,103,14122
118,108,14123
119,108,14124
120,111,14125
120,117,14126
121,115,14127
122,116,14128
121,124,14129
120,128,14130
122,126,14131
121,129,14132
120,133,14133
117,138,14134
116,140,14135
115,142,14136
111,146,14137
111,147,14138
107,150,14139
107,151,14140
99,153,14141
99,154,14142
96,155,14143
92,156,14144
90,156,14145
84,155,14146
77,153,14147
80,155,14148
76,154,14149
67,147,14150
67,148,14151
64,146,14152
61,143,14153
56,135,14154
58,140,14155
53,130,14156
51,125,14157
49,119,14158
49,120,14159
48,117,14160
47,106,14161
47,100,14162
49,91,14163
48,92,14164
50,83,14165
52,78,14166
56,70,14167
55,70,14168
62,62,14169
61,62,14170
71,53,14171
67,55,14172
77,48,14173
78,47,14174
85,44,14175
92,42,14176
97,41,14177
108,41,14178
107,40,14179
118,43,14180
120,43,14181
123,43,14182
132,48,14183
138,52,14184
138,51,14185
147,59,14186
153,67,14187
157,72,14188
154,66,14189
164,87,14190
165,89,14191
166,90,14192
169,101,14193
170,114,14194
171,118,14195
171,122,14196
168,142,14197
169,141,14198
167,150,14199
163,161,14200
161,166,14201
158,171,14202
150,183,14203
142,191,14204
141,193,14205
139,195,14206
131,201,14207
124,205,14208
118,208,14209
104,212,14210
99,213,14211
90,214,14212
87,214,14213
67,210,14214
75,213,14215
57,207,14216
48,202,14217
46,201,14218
39,196,14219
30,188,14220
24,182,14221
19,175,14222
17,173,14223
7,153,14224
97,112,14225
99,111,14226
101,112,14227
101,111,14228
102,113,14229
103,113,14230
104,115,14231
103,119,14232
105,117,14233
105,119,14234
106,119,14235
104,123,14236
104,124,14237
103,126,14238
102,127,14239
100,129,14240
100,130,14241
100,131,14242
98,132,14243
96,133,14244
96,134,14245
91,134,14246
91,135,14247
89,135,14248
87,134,14249
85,134,14250
84,134,14251
80,132,14252
78,131,14253
75,127,14254
75,129,14255
72,123,14256
71,124,14257
70,122,14258
68,116,14259
67,115,14260
67,108,14261
66,110,14262
66,105,14263
66,102,14264
67,95,14265
68,91,14266
66,94,14267
71,84,14268
70,84,14269
73,80,14270
73,79,14271
77,74,14272
84,70,14273
81,70,14274
89,66,14275
88,66,14276
96,64,14277
98,63,14278
99,62,14279
104,62,14280
114,65,14281
111,62,14282
120,66,14283
119,65,14284
127,70,14285
129,71,14286
132,73,14287
140,84,14288
138,79,14289
142,86,14290
145,91,14291
148,99,14292
148,98,14293
150,104,14294
151,111,14295
152,118,14296
152,121,14297
149,139,14298
151,135,14299
149,143,14300
146,151,14301
144,155,14302
141,161,14303
137,166,14304
130,174,14305
135,170,14306
123,180,14307
117,184,14308
116,185,14309
108,188,14310
101,190,14311
99,191,14312
86,191,14313
83,191,14314
73,189,14315
76,191,14316
62,185,14317
61,185,14318
55,182,14319
48,176,14320
41,169,14321
36,164,14322
35,163,14323
29,153,14324
23,139,14325
24,143,14326
21,136,14327
18,123,14328
17,113,14329
16,109,14330
18,90,14331
16,96,14332
17,88,14333
19,77,14334
25,61,14335
24,62,14336
30,50,14337
40,36,14338
43,33,14339
43,32,14340
59,19,14341
56,20,14342
71,12,14343
76,10,14344
89,6,14345
87,6,14346
101,4,14347
113,5,14348
116,5,14349
122,6,14350
135,10,14351
96,114,14352
96,116,14353
93,115,14354
93,117,14355
91,116,14356
91,117,14357
89,114,14358
89,116,14359
88,116,14360
87,114,14361
86,114,14362
85,111,14363
85,108,14364
84,109,14365
83,108,14366
84,105,14367
84,103,14368
83,102,14369
85,98,14370
86,96,14371
87,94,14372
86,94,14373
88,92,14374
89,90,14375
91,89,14376
93,87,14377
95,86,14378
97,85,14379
101,85,14380
102,84,14381
101,83,14382
108,85,14383
108,84,14384
112,86,14385
114,86,14386
116,87,14387
119,90,14388
123,94,14389
124,94,14390
126,98,14391
127,98,14392
129,104,14393
129,101,14394
131,107,14395
132,113,14396
133,116,14397
133,121,14398
133,124,14399
131,133,14400
132,133,14401
130,138,14402
129,142,14403
127,145,14404
124,150,14405
122,153,14406
117,158,14407
116,159,14408
113,162,14409
107,165,14410
105,166,14411
103,167,14412
97,169,14413
91,169,14414
81,168,14415
87,170,14416
78,168,14417
70,165,14418
66,163,14419
65,163,14420
58,157,14421
53,152,14422
51,150,14423
50,149,14424
45,141,14425
43,137,14426
42,136,14427
38,124,14428
37,121,14429
36,112,14430
35,108,14431
37,92,14432
35,96,14433
39,80,14434
39,79,14435
40,75,14436
44,66,14437
48,59,14438
51,55,14439
55,50,14440
59,45,14441
65,40,14442
73,35,14443
75,34,14444
84,30,14445
87,29,14446
96,27,14447
103,27,14448
109,27,14449
113,27,14450
127,31,14451
128,31,14452
136,35,14453
142,38,14454
149,44,14455
157,52,14456
158,52,14457
166,63,14458
168,66,14459
172,74,14460
176,83,14461
177,85,14462
180,97,14463
182,110,14464
182,128,14465
182,130,14466
183,128,14467
180,145,14468
178,154,14469
176,161,14470
169,176,14471
163,186,14472
165,184,14473
158,193,14474
153,199,14475
147,205,14476
133,215,14477
128,218,14478
96,111,14479
95,109,14480
96,108,14481
97,107,14482
97,106,14483
98,105,14484
100,105,14485
101,104,14486
102,104,14487
103,104,14488
103,103,14489
105,104,14490
107,105,14491
108,105,14492
109,107,14493
111,109,14494
112,112,14495
112,108,14496
113,112,14497
114,115,14498
114,117,14499
115,118,14500
115,120,14501
115,122,14502
113,128,14503
114,128,14504
113,131,14505
111,134,14506
110,136,14507
110,137,14508
107,140,14509
103,142,14510
103,143,14511
105,143,14512
100,145,14513
97,147,14514
92,147,14515
91,148,14516
89,148,14517
83,147,14518
79,145,14519
76,144,14520
76,145,14521
71,140,14522
71,142,14523
67,138,14524
64,133,14525
63,134,14526
58,120,14527
58,123,14528
57,122,14529
56,119,14530
55,109,14531
54,108,14532
54,103,14533
54,101,14534
56,90,14535
56,88,14536
59,81,14537
59,80,14538
59,79,14539
64,71,14540
69,65,14541
70,63,14542
72,61,14543
81,56,14544
83,54,14545
85,53,14546
90,51,14547
98,49,14548
101,49,14549
109,49,14550
110,49,14551
121,52,14552
124,53,14553
125,53,14554
135,60,14555
135,59,14556
141,64,14557
146,70,14558
149,74,14559
151,76,14560
157,90,14561
159,94,14562
160,95,14563
162,107,14564
163,113,14565
164,115,14566
163,129,14567
163,132,14568
161,143,14569
159,150,14570
157,156,14571
155,161,14572
151,168,14573
148,173,14574
140,182,14575
139,184,14576
137,186,14577
122,196,14578
116,199,14579
115,200,14580
107,203,14581
96,205,14582
91,205,14583
89,206,14584
77,204,14585
73,204,14586
62,200,14587
59,199,14588
50,194,14589
43,189,14590
34,181,14591
33,180,14592
25,170,14593
19,161,14594
12,144,14595
16,157,14596
8,131,14597
6,120,14598
6,123,14599
5,100,14600
4,104,14601
5,90,14602
8,74,14603
9,70,14604
11,62,14605
98,114,14606
99,113,14607
99,116,14608
100,117,14609
100,118,14610
100,119,14611
98,121,14612
97,122,14613
98,123,14614
97,124,14615
98,125,14616
93,125,14617
92,126,14618
92,127,14619
91,127,14620
88,126,14621
86,125,14622
86,127,14623
84,126,14624
82,124,14625
83,126,14626
79,120,14627
78,120,14628
77,118,14629
76,119,14630
75,115,14631
74,112,14632
73,110,14633
73,105,14634
72,106,14635
72,104,14636
74,96,14637
76,92,14638
72,98,14639
76,90,14640
76,88,14641
81,83,14642
80,82,14643
85,78,14644
88,76,14645
89,75,14646
92,74,14647
88,74,14648
99,72,14649
99,71,14650
102,70,14651
110,72,14652
110,71,14653
117,74,14654
121,76,14655
119,74,14656
122,75,14657
130,84,14658
131,84,14659
132,84,14660
136,90,14661
140,100,14662
140,97,14663
141,100,14664
143,108,14665
144,112,14666
145,116,14667
144,128,14668
144,131,14669
144,133,14670
139,146,14671
141,143,14672
139,149,14673
138,151,14674
131,161,14675
134,159,14676
126,167,14677
121,172,14678
113,176,14679
113,177,14680
107,180,14681
103,181,14682
95,182,14683
93,183,14684
85,183,14685
80,182,14686
76,182,14687
62,175,14688
62,176,14689
64,178,14690
51,168,14691
47,164,14692
46,164,14693
40,156,14694
35,148,14695
32,142,14696
32,145,14697
26,123,14698
25,120,14699
25,122,14700
24,105,14701
24,95,14702
24,93,14703
25,86,14704
30,70,14705
31,66,14706
30,67,14707
36,55,14708
39,50,14709
48,39,14710
52,34,14711
62,27,14712
63,25,14713
67,23,14714
76,18,14715
82,16,14716
93,14,14717
100,13,14718
109,13,14719
116,14,14720
124,15,14721
133,19,14722
135,19,14723
147,26,14724
154,31,14725
162,38,14726
166,42,14727
174,53,14728
177,57,14729
183,68,14730
184,70,14731
189,85,14732
95,113,14733
94,115,14734
92,112,14735
92,111,14736
91,110,14737
90,111,14738
91,107,14739
90,106,14740
90,105,14741
90,104,14742
88,105,14743
89,103,14744
92,99,14745
91,99,14746
93,97,14747
95,96,14748
97,95,14749
94,94,14750
98,93,14751
101,93,14752
101,92,14753
103,92,14754
105,92,14755
108,93,14756
111,94,14757
111,93,14758
113,94,14759
116,97,14760
117,98,14761
120,102,14762
119,99,14763
123,109,14764
123,105,14765
124,110,14766
125,113,14767
126,114,14768
126,121,14769
126,122,14770
126,125,14771
124,132,14772
124,133,14773
123,136,14774
123,138,14775
118,145,14776
117,147,14777
115,149,14778
114,151,14779
110,154,14780
103,157,14781
104,158,14782
100,159,14783
98,160,14784
87,160,14785
88,161,14786
84,161,14787
80,160,14788
72,156,14789
77,160,14790
67,154,14791
67,155,14792
61,149,14793
60,149,14794
57,146,14795
51,135,14796
51,138,14797
47,127,14798
46,125,14799
44,116,14800
43,114,14801
43,103,14802
42,106,14803
43,94,14804
44,88,14805
48,78,14806
45,83,14807
48,75,14808
52,67,14809
57,60,14810
60,56,14811
65,51,14812
70,47,14813
70,46,14814
82,40,14815
83,39,14816
89,37,14817
97,36,14818
102,35,14819
108,35,14820
114,36,14821
122,38,14822
129,41,14823
128,39,14824
141,48,14825
144,50,14826
146,51,14827
154,60,14828
162,72,14829
164,75,14830
166,78,14831
169,86,14832
173,102,14833
173,100,14834
175,110,14835
175,125,14836
175,130,14837
175,131,14838
170,153,14839
173,146,14840
171,153,14841
168,162,14842
161,175,14843
159,179,14844
152,188,14845
141,199,14846
136,203,14847
137,203,14848
123,211,14849
122,212,14850
106,217,14851
98,218,14852
92,219,14853
83,219,14854
73,217,14855
67,216,14856
63,215,14857
57,213,14858
44,206,14859
98,111,14860
98,110,14861
99,109,14862
100,109,14863
102,110,14864
103,110,14865
104,111,14866
105,112,14867
105,111,14868
106,113,14869
107,113,14870
108,115,14871
107,119,14872
108,119,14873
109,119,14874
108,122,14875
107,125,14876
108,125,14877
107,128,14878
104,131,14879
106,130,14880
103,133,14881
103,134,14882
100,136,14883
97,137,14884
97,138,14885
95,139,14886
91,139,14887
88,139,14888
86,139,14889
86,140,14890
81,137,14891
81,138,14892
77,136,14893
76,135,14894
73,133,14895
70,129,14896
70,130,14897
67,125,14898
65,121,14899
64,118,14900
63,114,14901
62,114,14902
63,99,14903
61,108,14904
61,104,14905
62,95,14906
63,92,14907
68,82,14908
63,89,14909
67,81,14910
69,77,14911
73,72,14912
76,69,14913
77,68,14914
80,65,14915
88,61,14916
84,62,14917
94,59,14918
96,58,14919
100,57,14920
105,57,14921
107,57,14922
118,60,14923
118,59,14924
125,63,14925
127,64,14926
132,67,14927
136,70,14928
139,74,14929
142,77,14930
147,86,14931
149,88,14932
151,94,14933
154,103,14934
155,107,14935
156,113,14936
156,120,14937
157,120,14938
155,135,14939
152,146,14940
156,135,14941
149,155,14942
147,159,14943
147,160,14944
144,165,14945
137,174,14946
131,180,14947
129,182,14948
125,185,14949
119,189,14950
115,191,14951
102,195,14952
98,196,14953
94,197,14954
88,197,14955
76,195,14956
68,193,14957
66,193,14958
57,188,14959
50,184,14960
44,179,14961
42,178,14962
35,170,14963
29,162,14964
26,158,14965
23,152,14966
20,146,14967
15,130,14968
14,127,14969
13,122,14970
12,110,14971
12,96,14972
13,86,14973
17,71,14974
15,74,14975
21,59,14976
20,60,14977
26,48,14978
34,36,14979
38,31,14980
41,27,14981
46,22,14982
55,15,14983
63,10,14984
76,4,14985
82,2,14986
96,115,14987
98,115,14988
95,117,14989
96,118,14990
94,119,14991
94,120,14992
91,119,14993
91,120,14994
90,120,14995
89,120,14996
89,121,14997
86,118,14998
85,118,14999
84,117,15000
83,115,15001
82,113,15002
81,111,15003
81,116,15004
80,110,15005
80,106,15006
80,104,15007
79,104,15008
80,100,15009
80,98,15010
82,95,15011
81,95,15012
83,91,15013
84,90,15014
86,87,15015
87,86,15016
89,84,15017
94,82,15018
94,81,15019
96,80,15020
98,79,15021
102,79,15022
104,79,15023
107,79,15024
110,79,15025
115,82,15026
116,82,15027
121,86,15028
121,84,15029
126,90,15030
128,92,15031
130,95,15032
132,99,15033
132,97,15034
135,109,15035
136,110,15036
137,112,15037
137,116,15038
137,124,15039
137,128,15040
137,129,15041
136,134,15042
134,140,15043
134,142,15044
129,151,15045
128,153,15046
128,154,15047
120,162,15048
116,165,15049
114,167,15050
113,168,15051
105,171,15052
100,173,15053
97,174,15054
94,175,15055
85,174,15056
81,174,15057
80,174,15058
73,172,15059
64,167,15060
61,166,15061
59,165,15062
53,159,15063
48,154,15064
46,151,15065
41,144,15066
39,140,15067
36,133,15068
33,120,15069
33,122,15070
32,122,15071
31,106,15072
31,99,15073
31,96,15074
34,81,15075
34,79,15076
37,70,15077
40,64,15078
42,60,15079
46,53,15080
51,47,15081
59,39,15082
64,35,15083
65,34,15084
73,29,15085
88,24,15086
90,23,15087
89,23,15088
99,21,15089
111,22,15090
119,23,15091
124,24,15092
129,26,15093
138,30,15094
146,35,15095
145,34,15096
155,42,15097
164,52,15098
169,59,15099
172,64,15100
176,71,15101
179,78,15102
183,92,15103
184,91,15104
186,110,15105
187,117,15106
187,123,15107
187,130,15108
184,149,15109
184,150,15110
182,158,15111
175,175,15112
171,183,15113
96,112,15114
94,110,15115
94,109,15116
94,107,15117
95,106,15118
93,106,15119
96,104,15120
97,103,15121
97,102,15122
98,101,15123
97,100,15124
100,100,15125
104,101,15126
103,99,15127
105,100,15128
107,101,15129
109,102,15130
107,99,15131
110,101,15132
113,105,15133
113,103,15134
115,107,15135
116,109,15136
117,111,15137
117,117,15138
118,115,15139
119,115,15140
119,120,15141
118,125,15142
120,121,15143
119,127,15144
117,131,15145
115,135,15146
117,134,15147
113,140,15148
113,141,15149
109,144,15150
106,147,15151
105,148,15152
102,149,15153
98,151,15154
96,152,15155
92,152,15156
87,152,15157
87,153,15158
86,153,15159
78,150,15160
78,151,15161
73,148,15162
68,144,15163
67,144,15164
66,144,15165
59,133,15166
59,135,15167
56,131,15168
54,126,15169
52,117,15170
52,122,15171
51,108,15172
50,109,15173
49,106,15174
50,98,15175
51,92,15176
51,90,15177
53,82,15178
59,72,15179
56,75,15180
59,70,15181
64,63,15182
67,60,15183
69,57,15184
79,51,15185
79,50,15186
88,47,15187
89,46,15188
91,45,15189
106,44,15190
110,44,15191
113,44,15192
117,45,15193
126,49,15194
124,47,15195
135,54,15196
140,57,15197
140,56,15198
151,69,15199
155,75,15200
152,69,15201
159,81,15202
163,92,15203
165,98,15204
164,91,15205
167,114,15206
168,116,15207
168,126,15208
167,134,15209
166,141,15210
164,150,15211
163,153,15212
155,169,15213
153,173,15214
152,176,15215
146,183,15216
142,188,15217
133,195,15218
131,197,15219
117,204,15220
122,203,15221
108,208,15222
105,209,15223
92,210,15224
90,211,15225
79,210,15226
69,208,15227
59,204,15228
58,204,15229
41,193,15230
46,198,15231
32,186,15232
28,181,15233
20,171,15234
19,170,15235
10,152,15236
10,153,15237
5,140,15238
3,132,15239
1,120,15240
98,113,15241
100,112,15242
101,113,15243
101,115,15244
102,115,15245
103,116,15246
102,119,15247
101,121,15248
103,120,15249
102,122,15250
103,122,15251
101,125,15252
100,126,15253
100,127,15254
98,128,15255
96,129,15256
95,130,15257
95,131,15258
92,131,15259
90,131,15260
89,132,15261
86,131,15262
85,131,15263
82,129,15264
81,129,15265
79,128,15266
78,127,15267
76,125,15268
74,123,15269
72,118,15270
72,120,15271
70,113,15272
70,108,15273
69,113,15274
68,108,15275
68,104,15276
69,99,15277
69,96,15278
70,93,15279
72,88,15280
73,86,15281
75,82,15282
72,85,15283
82,75,15284
80,75,15285
85,72,15286
88,70,15287
87,70,15288
97,67,15289
93,67,15290
100,66,15291
102,65,15292
111,67,15293
110,66,15294
113,66,15295
120,69,15296
124,72,15297
122,69,15298
131,77,15299
135,81,15300
138,85,15301
139,86,15302
141,89,15303
145,100,15304
145,97,15305
147,106,15306
148,115,15307
149,116,15308
149,125,15309
147,136,15310
149,132,15311
147,139,15312
145,146,15313
140,155,15314
140,157,15315
137,162,15316
134,166,15317
129,171,15318
125,175,15319
119,179,15320
111,183,15321
114,183,15322
103,186,15323
99,187,15324
95,188,15325
85,188,15326
77,187,15327
79,188,15328
66,183,15329
59,180,15330
52,175,15331
60,182,15332
40,163,15333
41,165,15334
37,161,15335
34,156,15336
28,144,15337
25,137,15338
23,133,15339
21,122,15340
20,114,15341
19,110,15342
19,102,15343
20,90,15344
21,83,15345
23,75,15346
33,53,15347
27,62,15348
32,52,15349
33,50,15350
43,37,15351
47,32,15352
53,27,15353
64,19,15354
70,16,15355
70,15,15356
83,11,15357
87,9,15358
101,8,15359
112,8,15360
118,9,15361
116,8,15362
136,15,15363
138,15,15364
146,19,15365
154,24,15366
162,31,15367
96,113,15368
95,116,15369
93,114,15370
92,116,15371
91,114,15372
90,115,15373
89,112,15374
88,111,15375
88,110,15376
87,110,15377
86,111,15378
86,107,15379
87,103,15380
86,103,15381
86,102,15382
86,101,15383
89,97,15384
86,99,15385
89,95,15386
91,93,15387
91,92,15388
92,91,15389
94,90,15390
97,89,15391
98,88,15392
100,87,15393
103,87,15394
104,87,15395
108,88,15396
108,87,15397
110,87,15398
116,92,15399
114,89,15400
119,94,15401
120,94,15402
122,96,15403
125,101,15404
127,106,15405
127,104,15406
129,112,15407
129,115,15408
130,117,15409
131,115,15410
129,128,15411
130,128,15412
129,132,15413
129,133,15414
127,139,15415
123,145,15416
123,147,15417
120,151,15418
119,152,15419
112,158,15420
111,159,15421
108,161,15422
107,162,15423
101,164,15424
99,165,15425
92,166,15426
86,166,15427
84,166,15428
79,165,15429
78,165,15430
68,160,15431
68,161,15432
65,159,15433
58,153,15434
55,150,15435
52,147,15436
47,139,15437
45,135,15438
42,127,15439
41,125,15440
40,119,15441
39,114,15442
38,110,15443
38,104,15444
39,93,15445
39,91,15446
42,79,15447
45,72,15448
44,72,15449
48,65,15450
53,57,15451
56,53,15452
62,47,15453
67,43,15454
72,39,15455
78,36,15456
82,34,15457
88,32,15458
92,31,15459
101,30,15460
107,30,15461
113,30,15462
121,32,15463
128,35,15464
133,37,15465
139,40,15466
147,46,15467
154,53,15468
155,54,15469
159,58,15470
165,67,15471
169,75,15472
171,78,15473
175,89,15474
177,97,15475
179,108,15476
180,113,15477
179,133,15478
180,129,15479
178,143,15480
176,151,15481
169,169,15482
172,165,15483
162,182,15484
162,183,15485
155,192,15486
147,200,15487
136,209,15488
137,209,15489
130,213,15490
123,217,15491
116,220,15492
108,222,15493
96,224,15494
97,110,15495
97,109,15496
97,108,15497
98,107,15498
99,106,15499
100,106,15500
102,106,15501
103,106,15502
104,107,15503
105,107,15504
106,107,15505
107,108,15506
108,109,15507
109,110,15508
110,113,15509
111,114,15510
111,117,15511
112,116,15512
113,117,15513
112,121,15514
112,124,15515
111,127,15516
112,126,15517
111,129,15518
109,132,15519
108,134,15520
107,136,15521
103,139,15522
104,139,15523
101,141,15524
100,142,15525
95,143,15526
95,144,15527
94,145,15528
90,145,15529
85,144,15530
84,144,15531
80,143,15532
78,142,15533
74,139,15534
72,138,15535
70,136,15536
69,136,15537
65,130,15538
63,128,15539
62,126,15540
60,120,15541
59,121,15542
58,109,15543
57,109,15544
57,104,15545
57,100,15546
58,93,15547
59,89,15548
60,85,15549
61,83,15550
66,74,15551
66,73,15552
69,69,15553
73,65,15554
71,66,15555
79,60,15556
84,57,15557
85,56,15558
90,54,15559
98,53,15560
101,52,15561
103,52,15562
108,52,15563
117,54,15564
123,56,15565
124,56,15566
133,62,15567
132,61,15568
138,66,15569
140,67,15570
146,75,15571
149,79,15572
152,84,15573
155,91,15574
158,100,15575
159,103,15576
160,114,15577
161,117,15578
161,122,15579
161,126,15580
158,143,15581
159,141,15582
154,155,15583
155,154,15584
151,162,15585
144,173,15586
141,177,15587
134,184,15588
133,185,15589
125,191,15590
120,194,15591
114,197,15592
109,199,15593
95,201,15594
92,202,15595
86,202,15596
83,202,15597
69,199,15598
63,197,15599
58,195,15600
46,187,15601
49,190,15602
34,176,15603
37,180,15604
30,172,15605
22,160,15606
18,152,15607
16,148,15608
12,136,15609
10,129,15610
8,114,15611
8,122,15612
7,105,15613
8,91,15614
9,83,15615
11,73,15616
13,66,15617
19,51,15618
21,47,15619
30,33,15620
32,30,15621
97,114,15622
99,114,15623
97,117,15624
99,117,15625
98,119,15626
97,120,15627
96,121,15628
95,122,15629
95,123,15630
94,124,15631
94,125,15632
89,123,15633
88,123,15634
90,125,15635
87,124,15636
84,121,15637
83,121,15638
84,124,15639
81,119,15640
80,118,15641
79,119,15642
78,114,15643
77,113,15644
76,111,15645
76,105,15646
75,108,15647
75,104,15648
76,99,15649
76,98,15650
77,94,15651
76,94,15652
81,88,15653
80,88,15654
78,88,15655
84,83,15656
84,82,15657
89,79,15658
91,77,15659
93,76,15660
98,75,15661
99,74,15662
107,75,15663
107,74,15664
111,75,15665
113,75,15666
114,75,15667
122,81,15668
119,77,15669
127,84,15670
130,88,15671
131,88,15672
132,88,15673
137,101,15674
137,99,15675
138,99,15676
140,106,15677
141,115,15678
142,113,15679
141,127,15680
142,126,15681
142,127,15682
139,140,15683
138,143,15684
138,144,15685
136,149,15686
128,160,15687
128,161,15688
126,163,15689
121,168,15690
113,173,15691
115,173,15692
104,177,15693
103,178,15694
94,179,15695
94,180,15696
88,180,15697
81,179,15698
75,178,15699
71,177,15700
66,175,15701
59,170,15702
59,171,15703
47,159,15704
45,158,15705
45,159,15706
38,147,15707
36,144,15708
32,136,15709
29,125,15710
28,120,15711
27,114,15712
26,112,15713
26,103,15714
26,100,15715
27,90,15716
30,78,15717
32,71,15718
35,64,15719
37,59,15720
44,49,15721
49,42,15722
51,39,15723
59,32,15724
67,27,15725
77,22,15726
73,23,15727
86,19,15728
91,17,15729
97,16,15730
103,16,15731
117,17,15732
125,19,15733
129,20,15734
141,26,15735
147,30,15736
148,30,15737
159,40,15738
163,43,15739
173,57,15740
176,62,15741
182,74,15742
181,70,15743
187,89,15744
189,96,15745
190,99,15746
191,108,15747
192,124,15748
95,112,15749
94,113,15750
93,111,15751
92,109,15752
92,108,15753
90,109,15754
92,106,15755
93,104,15756
93,103,15757
93,102,15758
92,101,15759
93,100,15760
96,98,15761
96,97,15762
98,97,15763
99,96,15764
102,96,15765
99,94,15766
104,95,15767
107,96,15768
107,95,15769
109,96,15770
112,98,15771
113,99,15772
114,99,15773
117,103,15774
116,100,15775
119,105,15776
120,107,15777
121,110,15778
122,111,15779
123,116,15780
122,124,15781
124,118,15782
123,125,15783
123,127,15784
121,133,15785
121,134,15786
121,135,15787
116,142,15788
117,142,15789
114,146,15790
115,146,15791
108,151,15792
107,152,15793
102,155,15794
99,156,15795
98,157,15796
90,157,15797
87,157,15798
86,158,15799
83,158,15800
75,154,15801
75,155,15802
72,154,15803
67,151,15804
60,143,15805
64,149,15806
56,139,15807
55,138,15808
53,134,15809
50,128,15810
50,129,15811
47,116,15812
46,116,15813
46,102,15814
45,103,15815
45,101,15816
46,92,15817
49,82,15818
48,82,15819
52,73,15820
54,69,15821
58,64,15822
59,61,15823
66,54,15824
69,51,15825
75,47,15826
80,44,15827
83,43,15828
93,40,15829
89,40,15830
103,39,15831
109,39,15832
109,38,15833
117,40,15834
122,41,15835
126,42,15836
137,49,15837
143,54,15838
146,56,15839
146,54,15840
159,73,15841
160,74,15842
161,75,15843
165,83,15844
170,102,15845
171,105,15846
172,109,15847
172,123,15848
173,122,15849
172,133,15850
171,139,15851
169,149,15852
167,155,15853
164,163,15854
154,179,15855
160,172,15856
155,180,15857
147,190,15858
140,196,15859
134,201,15860
124,207,15861
115,211,15862
103,214,15863
106,214,15864
91,215,15865
91,216,15866
78,215,15867
69,213,15868
64,212,15869
56,209,15870
37,196,15871
38,198,15872
33,194,15873
26,187,15874
18,177,15875
97,112,15876
99,110,15877
100,111,15878
101,110,15879
102,112,15880
103,112,15881
104,114,15882
104,117,15883
105,116,15884
106,116,15885
106,117,15886
106,120,15887
105,123,15888
106,123,15889
104,126,15890
104,127,15891
102,129,15892
104,129,15893
102,131,15894
100,132,15895
100,133,15896
96,135,15897
94,135,15898
94,136,15899
90,136,15900
88,136,15901
86,136,15902
83,135,15903
82,135,15904
79,133,15905
79,134,15906
74,129,15907
75,132,15908
73,129,15909
70,124,15910
69,123,15911
67,119,15912
66,116,15913
65,112,15914
65,106,15915
65,100,15916
64,103,15917
63,103,15918
67,90,15919
65,93,15920
67,88,15921
68,84,15922
72,78,15923
79,72,15924
73,76,15925
81,69,15926
80,69,15927
87,65,15928
89,64,15929
93,62,15930
95,61,15931
108,62,15932
100,60,15933
109,61,15934
113,61,15935
118,63,15936
121,64,15937
124,65,15938
132,72,15939
129,68,15940
137,76,15941
142,83,15942
143,84,15943
146,89,15944
148,93,15945
150,98,15946
152,108,15947
153,110,15948
153,122,15949
154,119,15950
153,131,15951
152,137,15952
151,141,15953
149,148,15954
146,155,15955
141,163,15956
144,160,15957
136,171,15958
132,175,15959
127,180,15960
119,185,15961
113,188,15962
114,188,15963
101,192,15964
98,193,15965
87,193,15966
91,194,15967
76,192,15968
75,192,15969
69,191,15970
59,186,15971
53,182,15972
50,180,15973
45,177,15974
39,170,15975
34,164,15976
30,158,15977
28,156,15978
23,145,15979
19,133,15980
17,127,15981
16,120,15982
15,113,15983
14,106,15984
14,103,15985
16,86,15986
18,75,15987
21,65,15988
26,54,15989
31,46,15990
30,46,15991
41,32,15992
42,30,15993
49,24,15994
63,14,15995
66,12,15996
72,9,15997
84,5,15998
82,5,15999
96,3,16000
102,2,16001
116,3,16002
96,114,16003
97,116,16004
94,116,16005
94,118,16006
92,117,16007
92,119,16008
90,117,16009
90,118,16010
88,117,16011
87,115,16012
86,116,16013
85,113,16014
84,112,16015
84,111,16016
83,111,16017
82,109,16018
83,105,16019
81,107,16020
82,103,16021
82,102,16022
83,99,16023
82,99,16024
85,94,16025
86,92,16026
88,90,16027
87,90,16028
89,88,16029
91,86,16030
96,84,16031
95,84,16032
96,83,16033
103,83,16034
102,82,16035
105,82,16036
110,83,16037
111,83,16038
114,84,16039
118,87,16040
118,86,16041
123,91,16042
125,93,16043
128,98,16044
127,95,16045
130,100,16046
132,107,16047
133,109,16048
134,113,16049
134,118,16050
134,125,16051
135,122,16052
134,129,16053
133,135,16054
131,140,16055
131,141,16056
129,146,16057
125,152,16058
123,154,16059
122,156,16060
119,159,16061
113,164,16062
110,166,16063
108,167,16064
99,170,16065
93,170,16066
95,171,16067
87,171,16068
84,171,16069
78,170,16070
77,170,16071
66,165,16072
67,166,16073
61,162,16074
58,160,16075
53,155,16076
50,152,16077
44,143,16078
41,137,16079
39,133,16080
37,126,16081
35,118,16082
35,100,16083
34,113,16084
34,99,16085
34,96,16086
34,92,16087
36,83,16088
39,73,16089
42,66,16090
45,61,16091
45,60,16092
52,50,16093
58,44,16094
65,38,16095
66,37,16096
74,32,16097
81,29,16098
84,28,16099
91,26,16100
98,25,16101
108,25,16102
111,25,16103
118,26,16104
125,28,16105
137,33,16106
140,35,16107
149,41,16108
152,44,16109
156,47,16110
166,60,16111
167,61,16112
171,68,16113
175,76,16114
179,87,16115
182,98,16116
183,105,16117
184,111,16118
184,125,16119
183,139,16120
183,140,16121
181,150,16122
177,162,16123
177,164,16124
170,178,16125
164,188,16126
160,194,16127
148,206,16128
152,203,16129
96,111,16130
95,110,16131
95,108,16132
95,107,16133
97,105,16134
96,105,16135
98,104,16136
100,104,16137
100,103,16138
101,102,16139
100,101,16140
103,102,16141
105,103,16142
106,102,16143
109,106,16144
109,105,16145
111,107,16146
111,104,16147
113,109,16148
114,112,16149
114,109,16150
115,115,16151
116,115,16152
116,118,16153
115,125,16154
117,121,16155
116,126,16156
115,129,16157
114,132,16158
115,132,16159
113,135,16160
109,139,16161
107,142,16162
110,141,16163
105,144,16164
103,146,16165
99,147,16166
97,148,16167
94,149,16168
90,149,16169
86,149,16170
85,149,16171
83,149,16172
76,146,16173
77,148,16174
73,145,16175
66,138,16176
68,142,16177
62,133,16178
61,132,16179
60,132,16180
59,131,16181
55,117,16182
54,116,16183
54,118,16184
53,108,16185
53,100,16186
52,103,16187
54,91,16188
54,90,16189
54,88,16190
57,80,16191
61,73,16192
64,68,16193
62,70,16194
72,60,16195
71,60,16196
73,58,16197
79,54,16198
85,51,16199
88,49,16200
96,48,16201
98,47,16202
104,47,16203
109,47,16204
112,47,16205
123,51,16206
125,51,16207
131,54,16208
135,57,16209
143,64,16210
142,62,16211
152,76,16212
153,77,16213
156,81,16214
160,92,16215
162,98,16216
162,96,16217
164,107,16218
165,116,16219
165,126,16220
165,129,16221
163,142,16222
162,147,16223
160,153,16224
158,158,16225
154,166,16226
149,174,16227
149,175,16228
135,189,16229
133,191,16230
130,194,16231
122,199,16232
118,201,16233
109,204,16234
102,206,16235
91,207,16236
91,208,16237
80,207,16238
70,205,16239
67,204,16240
61,202,16241
48,195,16242
40,189,16243
37,186,16244
33,183,16245
22,168,16246
24,173,16247
13,152,16248
11,146,16249
8,139,16250
7,137,16251
4,118,16252
3,113,16253
3,99,16254
3,95,16255
4,83,16256
98,114,16257
100,113,16258
100,115,16259
100,116,16260
101,117,16261
101,118,16262
100,120,16263
99,122,16264
100,122,16265
99,124,16266
100,124,16267
96,126,16268
94,126,16269
94,127,16270
93,128,16271
90,128,16272
89,128,16273
90,129,16274
86,128,16275
85,128,16276
85,129,16277
81,125,16278
80,125,16279
79,124,16280
78,124,16281
75,119,16282
74,117,16283
73,115,16284
73,109,16285
72,110,16286
71,110,16287
71,104,16288
72,100,16289
70,103,16290
72,96,16291
73,92,16292
75,88,16293
74,88,16294
78,83,16295
81,80,16296
80,79,16297
85,76,16298
81,77,16299
92,72,16300
93,71,16301
96,70,16302
100,69,16303
102,69,16304
109,70,16305
114,71,16306
111,69,16307
115,70,16308
124,76,16309
125,76,16310
126,76,16311
130,79,16312
136,88,16313
134,83,16314
139,92,16315
142,99,16316
143,101,16317
145,109,16318
145,107,16319
146,117,16320
147,117,16321
145,131,16322
145,134,16323
145,136,16324
144,140,16325
140,150,16326
142,148,16327
134,160,16328
134,161,16329
125,170,16330
125,171,16331
121,174,16332
117,177,16333
111,180,16334
103,183,16335
98,184,16336
91,185,16337
92,186,16338
77,183,16339
74,183,16340
75,184,16341
62,178,16342
60,177,16343
56,175,16344
48,168,16345
45,165,16346
40,159,16347
40,161,16348
30,141,16349
28,137,16350
26,133,16351
24,125,16352
23,114,16353
22,110,16354
22,100,16355
24,86,16356
23,87,16357
25,77,16358
26,74,16359
30,63,16360
36,52,16361
37,50,16362
52,33,16363
46,37,16364
49,34,16365
56,28,16366
65,22,16367
70,19,16368
80,15,16369
91,12,16370
100,11,16371
101,10,16372
115,12,16373
119,12,16374
129,15,16375
137,18,16376
144,22,16377
151,26,16378
161,35,16379
162,35,16380
173,48,16381
172,46,16382
184,67,16383
95,113,16384
95,115,16385
93,113,16386
92,114,16387
91,112,16388
90,113,16389
90,108,16390
89,108,16391
89,107,16392
88,106,16393
87,108,16394
88,104,16395
90,101,16396
89,100,16397
90,98,16398
91,97,16399
94,95,16400
91,95,16401
95,93,16402
96,92,16403
98,91,16404
100,91,16405
102,90,16406
104,90,16407
107,91,16408
106,90,16409
110,91,16410
113,93,16411
115,94,16412
116,95,16413
117,95,16414
121,101,16415
121,99,16416
124,106,16417
124,105,16418
125,107,16419
126,116,16420
127,115,16421
128,116,16422
127,124,16423
127,126,16424
126,132,16425
127,131,16426
124,138,16427
122,142,16428
122,143,16429
121,145,16430
118,149,16431
110,155,16432
112,155,16433
108,157,16434
106,159,16435
98,161,16436
97,162,16437
95,163,16438
90,163,16439
81,161,16440
87,164,16441
75,160,16442
75,161,16443
67,156,16444
66,156,16445
62,153,16446
54,143,16447
57,149,16448
50,138,16449
47,132,16450
46,130,16451
44,125,16452
44,126,16453
42,116,16454
41,109,16455
41,100,16456
43,90,16457
41,95,16458
43,84,16459
46,76,16460
48,71,16461
49,69,16462
54,61,16463
59,55,16464
57,56,16465
68,46,16466
72,43,16467
73,42,16468
84,37,16469
87,36,16470
93,34,16471
100,33,16472
104,33,16473
112,34,16474
113,33,16475
125,37,16476
134,41,16477
132,39,16478
142,46,16479
154,58,16480
154,57,16481
159,63,16482
161,66,16483
167,78,16484
168,79,16485
173,92,16486
174,96,16487
176,109,16488
177,113,16489
176,129,16490
178,122,16491
176,139,16492
174,149,16493
172,155,16494
168,166,16495
166,170,16496
158,183,16497
154,188,16498
152,192,16499
144,199,16500
140,203,16501
127,211,16502
118,215,16503
113,217,16504
107,219,16505
94,221,16506
88,221,16507
81,221,16508
73,220,16509
69,219,16510
97,111,16511
98,109,16512
99,108,16513
100,108,16514
101,108,16515
103,109,16516
104,110,16517
104,109,16518
105,110,16519
106,110,16520
107,111,16521
108,112,16522
108,117,16523
109,116,16524
109,120,16525
110,117,16526
109,123,16527
110,123,16528
109,126,16529
107,129,16530
108,129,16531
106,132,16532
106,133,16533
105,134,16534
102,136,16535
102,137,16536
99,139,16537
96,140,16538
94,140,16539
92,141,16540
92,142,16541
87,141,16542
87,142,16543
82,140,16544
81,140,16545
77,138,16546
74,136,16547
73,135,16548
69,131,16549
67,128,16550
66,127,16551
64,122,16552
64,124,16553
62,118,16554
61,115,16555
60,111,16556
60,102,16557
60,100,16558
62,92,16559
60,96,16560
62,89,16561
63,85,16562
65,81,16563
68,76,16564
70,73,16565
71,71,16566
78,65,16567
78,64,16568
83,61,16569
87,59,16570
93,57,16571
95,56,16572
99,55,16573
108,56,16574
108,55,16575
112,56,16576
119,58,16577
124,60,16578
125,60,16579
132,65,16580
137,69,16581
140,72,16582
142,74,16583
145,78,16584
150,87,16585
150,86,16586
154,97,16587
155,99,16588
157,109,16589
158,115,16590
157,128,16591
159,121,16592
156,138,16593
155,143,16594
154,148,16595
153,151,16596
149,160,16597
146,165,16598
140,173,16599
137,177,16600
132,182,16601
124,188,16602
117,192,16603
113,194,16604
107,196,16605
99,198,16606
91,198,16607
89,199,16608
84,199,16609
68,195,16610
69,196,16611
58,191,16612
52,188,16613
47,184,16614
40,178,16615
38,177,16616
31,168,16617
29,166,16618
22,154,16619
19,148,16620
17,143,16621
12,124,16622
12,125,16623
10,112,16624
10,103,16625
10,95,16626
13,78,16627
14,73,16628
16,66,16629
21,54,16630
25,46,16631
29,39,16632
36,30,16633
45,21,16634
47,19,16635
56,12,16636
62,8,16637
97,115,16638
99,115,16639
96,117,16640
97,118,16641
95,119,16642
95,120,16643
94,121,16644
92,121,16645
92,122,16646
91,122,16647
91,123,16648
87,120,16649
86,120,16650
86,121,16651
83,117,16652
82,116,16653
81,114,16654
82,120,16655
80,113,16656
79,111,16657
79,107,16658
78,108,16659
78,106,16660
78,103,16661
79,99,16662
78,99,16663
80,94,16664
80,93,16665
83,89,16666
83,88,16667
83,87,16668
89,83,16669
89,82,16670
88,82,16671
92,80,16672
96,78,16673
101,78,16674
100,77,16675
103,77,16676
110,78,16677
113,79,16678
117,81,16679
116,79,16680
121,83,16681
123,84,16682
124,85,16683
130,93,16684
128,88,16685
133,98,16686
134,99,16687
135,100,16688
137,104,16689
138,115,16690
139,115,16691
139,123,16692
139,125,16693
137,135,16694
138,134,16695
135,142,16696
135,144,16697
134,147,16698
130,153,16699
126,158,16700
124,161,16701
123,163,16702
113,169,16703
112,170,16704
109,172,16705
105,174,16706
96,176,16707
94,176,16708
89,177,16709
87,177,16710
75,174,16711
73,174,16712
72,174,16713
63,169,16714
59,167,16715
54,163,16716
50,159,16717
43,150,16718
45,154,16719
36,136,16720
35,135,16721
35,137,16722
31,118,16723
30,115,16724
29,112,16725
29,103,16726
29,98,16727
30,90,16728
32,81,16729
35,71,16730
35,70,16731
41,58,16732
43,55,16733
50,46,16734
51,44,16735
57,38,16736
70,29,16737
76,26,16738
75,26,16739
79,24,16740
89,21,16741
101,20,16742
102,19,16743
112,20,16744
121,21,16745
127,23,16746
130,24,16747
137,27,16748
144,31,16749
155,40,16750
163,48,16751
167,53,16752
172,60,16753
178,73,16754
176,66,16755
183,85,16756
186,97,16757
188,109,16758
188,103,16759
189,123,16760
189,126,16761
187,144,16762
184,156,16763
183,161,16764
95,111,16765
94,111,16766
93,110,16767
93,109,16768
94,106,16769
92,107,16770
94,104,16771
95,103,16772
96,102,16773
96,101,16774
95,100,16775
97,99,16776
101,99,16777
101,98,16778
102,98,16779
104,98,16780
107,100,16781
105,97,16782
109,99,16783
111,101,16784
110,99,16785
113,102,16786
115,105,16787
116,106,16788
116,104,16789
118,111,16790
119,111,16791
120,114,16792
120,120,16793
121,117,16794
121,122,16795
120,126,16796
118,131,16797
121,127,16798
117,136,16799
118,135,16800
114,141,16801
113,143,16802
112,144,16803
105,149,16804
106,149,16805
103,151,16806
104,152,16807
95,153,16808
95,154,16809
92,155,16810
85,154,16811
87,155,16812
80,153,16813
72,149,16814
73,151,16815
74,152,16816
64,143,16817
63,143,16818
61,141,16819
59,139,16820
55,131,16821
55,133,16822
51,123,16823
50,118,16824
49,114,16825
48,110,16826
48,104,16827
48,100,16828
48,96,16829
53,81,16830
51,84,16831
52,80,16832
56,72,16833
59,67,16834
58,67,16835
68,57,16836
69,55,16837
77,50,16838
78,49,16839
83,46,16840
88,44,16841
93,43,16842
98,42,16843
104,41,16844
115,43,16845
109,41,16846
126,47,16847
130,48,16848
130,47,16849
140,55,16850
145,59,16851
146,59,16852
153,68,16853
157,75,16854
161,82,16855
159,76,16856
167,101,16857
168,104,16858
168,102,16859
169,125,16860
170,121,16861
170,125,16862
168,141,16863
163,156,16864
165,152,16865
164,156,16866
159,167,16867
157,171,16868
148,183,16869
145,187,16870
133,197,16871
136,196,16872
129,201,16873
120,206,16874
108,210,16875
104,211,16876
96,212,16877
90,213,16878
81,212,16879
72,211,16880
55,204,16881
57,206,16882
47,200,16883
40,195,16884
35,191,16885
31,188,16886
23,178,16887
18,172,16888
15,167,16889
9,156,16890
4,141,16891
98,112,16892
100,112,16893
101,112,16894
101,114,16895
102,114,16896
103,114,16897
103,117,16898
102,120,16899
104,119,16900
104,120,16901
105,120,16902
103,123,16903
103,124,16904
103,125,16905
100,128,16906
99,129,16907
98,130,16908
98,131,16909
96,132,16910
94,133,16911
93,133,16912
89,133,16913
87,133,16914
86,133,16915
84,132,16916
82,132,16917
81,132,16918
78,129,16919
76,128,16920
74,124,16921
73,125,16922
71,119,16923
71,122,16924
69,118,16925
68,113,16926
67,111,16927
67,104,16928
66,107,16929
67,100,16930
68,96,16931
68,94,16932
70,89,16933
69,88,16934
74,81,16935
73,81,16936
77,76,16937
78,75,16938
80,73,16939
89,68,16940
84,69,16941
93,66,16942
94,65,16943
101,64,16944
103,64,16945
103,63,16946
110,64,16947
119,68,16948
114,64,16949
125,70,16950
123,68,16951
134,78,16952
132,75,16953
134,76,16954
143,91,16955
141,85,16956
145,94,16957
147,99,16958
149,107,16959
150,109,16960
150,123,16961
151,117,16962
151,124,16963
150,133,16964
146,145,16965
147,146,16966
146,149,16967
143,155,16968
137,164,16969
136,166,16970
130,173,16971
122,179,16972
129,175,16973
118,182,16974
115,184,16975
105,188,16976
98,189,16977
94,190,16978
91,191,16979
78,189,16980
77,189,16981
68,186,16982
69,188,16983
53,178,16984
52,178,16985
49,176,16986
43,170,16987
35,160,16988
32,156,16989
31,155,16990
24,140,16991
21,129,16992
20,127,16993
19,124,16994
18,108,16995
17,102,16996
18,91,16997
21,79,16998
18,87,16999
22,71,17000
22,70,17001
32,49,17002
33,47,17003
39,39,17004
48,29,17005
55,23,17006
55,22,17007
72,13,17008
66,15,17009
86,8,17010
91,7,17011
98,6,17012
101,5,17013
118,7,17014
119,7,17015
125,8,17016
137,12,17017
148,18,17018
95,114,17019
96,116,17020
93,115,17021
93,116,17022
91,115,17023
90,116,17024
89,113,17025
88,113,17026
88,115,17027
87,112,17028
86,113,17029
85,110,17030
85,107,17031
85,106,17032
84,107,17033
85,102,17034
86,100,17035
84,101,17036
85,99,17037
88,95,17038
88,94,17039
88,93,17040
91,90,17041
93,89,17042
94,88,17043
96,87,17044
98,86,17045
100,86,17046
104,86,17047
104,85,17048
105,84,17049
111,87,17050
113,87,17051
116,89,17052
117,89,17053
119,91,17054
122,94,17055
123,95,17056
126,99,17057
128,104,17058
129,105,17059
130,110,17060
131,109,17061
131,120,17062
132,118,17063
132,123,17064
132,125,17065
131,131,17066
127,141,17067
129,139,17068
127,143,17069
125,147,17070
121,152,17071
120,154,17072
118,156,17073
113,160,17074
110,162,17075
108,164,17076
100,166,17077
99,167,17078
94,168,17079
87,168,17080
84,168,17081
77,166,17082
78,167,17083
71,164,17084
67,162,17085
63,160,17086
60,158,17087
52,149,17088
50,147,17089
47,142,17090
47,143,17091
42,132,17092
40,126,17093
39,124,17094
38,120,17095
37,107,17096
36,105,17097
37,94,17098
39,86,17099
37,88,17100
41,77,17101
44,69,17102
45,66,17103
50,58,17104
53,54,17105
59,47,17106
61,45,17107
66,41,17108
73,36,17109
82,32,17110
89,30,17111
93,29,17112
96,28,17113
106,28,17114
115,29,17115
123,31,17116
122,30,17117
135,36,17118
139,38,17119
146,43,17120
148,44,17121
154,50,17122
160,57,17123
163,60,17124
170,72,17125
171,74,17126
175,84,17127
179,97,17128
179,96,17129
181,111,17130
182,119,17131
181,131,17132
178,148,17133
180,144,17134
174,162,17135
171,170,17136
170,173,17137
163,184,17138
156,193,17139
155,195,17140
151,200,17141
140,209,17142
136,212,17143
127,217,17144
112,223,17145
96,110,17146
96,109,17147
96,108,17148
97,107,17149
98,106,17150
99,105,17151
101,106,17152
101,105,17153
103,105,17154
104,105,17155
104,104,17156
106,106,17157
107,106,17158
108,106,17159
110,110,17160
111,111,17161
112,114,17162
112,109,17163
113,114,17164
113,119,17165
114,119,17166
113,124,17167
114,123,17168
114,124,17169
111,131,17170
112,130,17171
111,133,17172
109,135,17173
108,137,17174
107,139,17175
104,141,17176
99,143,17177
100,144,17178
99,145,17179
95,146,17180
91,146,17181
88,146,17182
89,147,17183
83,146,17184
81,145,17185
77,143,17186
74,142,17187
73,142,17188
67,135,17189
68,138,17190
64,132,17191
61,127,17192
62,131,17193
58,116,17194
57,116,17195
56,113,17196
56,115,17197
55,105,17198
55,103,17199
56,95,17200
56,93,17201
59,84,17202
58,85,17203
63,75,17204
65,72,17205
64,72,17206
69,66,17207
75,61,17208
77,59,17209
79,57,17210
90,53,17211
92,52,17212
94,51,17213
98,50,17214
104,50,17215
107,50,17216
110,50,17217
121,53,17218
128,57,17219
129,57,17220
130,57,17221
139,65,17222
142,67,17223
144,69,17224
151,79,17225
155,87,17226
156,88,17227
159,99,17228
160,102,17229
161,103,17230
162,114,17231
163,120,17232
162,131,17233
161,137,17234
160,143,17235
157,153,17236
155,157,17237
152,164,17238
151,166,17239
144,176,17240
140,181,17241
131,189,17242
130,190,17243
126,193,17244
112,199,17245
111,200,17246
105,202,17247
97,204,17248
88,204,17249
77,203,17250
76,203,17251
66,200,17252
64,200,17253
51,193,17254
46,190,17255
41,186,17256
32,177,17257
28,172,17258
23,165,17259
21,162,17260
15,150,17261
10,134,17262
10,139,17263
7,119,17264
6,110,17265
6,96,17266
6,94,17267
7,83,17268
8,78,17269
10,70,17270
14,58,17271
20,45,17272
97,113,17273
99,113,17274
98,117,17275
99,118,17276
99,119,17277
99,120,17278
98,121,17279
96,122,17280
97,123,17281
96,124,17282
96,125,17283
92,125,17284
91,125,17285
90,126,17286
89,126,17287
86,124,17288
85,124,17289
85,126,17290
83,124,17291
81,122,17292
81,123,17293
78,117,17294
77,117,17295
76,114,17296
76,108,17297
75,112,17298
74,110,17299
74,106,17300
75,99,17301
73,104,17302
73,101,17303
76,93,17304
78,89,17305
74,93,17306
79,86,17307
80,84,17308
85,80,17309
83,80,17310
87,78,17311
92,75,17312
91,75,17313
98,73,17314
93,73,17315
103,72,17316
106,72,17317
108,72,17318
116,75,17319
114,73,17320
120,77,17321
124,79,17322
125,79,17323
127,80,17324
135,93,17325
135,91,17326
134,88,17327
138,96,17328
141,107,17329
141,102,17330
142,107,17331
143,114,17332
144,118,17333
143,128,17334
143,130,17335
142,136,17336
142,137,17337
135,152,17338
137,150,17339
135,154,17340
132,159,17341
126,165,17342
128,165,17343
118,172,17344
118,173,17345
106,178,17346
105,179,17347
99,181,17348
93,181,17349
89,182,17350
86,182,17351
78,181,17352
70,178,17353
66,177,17354
59,172,17355
56,171,17356
55,171,17357
45,160,17358
43,158,17359
38,152,17360
35,146,17361
31,137,17362
28,128,17363
28,131,17364
26,116,17365
25,112,17366
24,108,17367
26,89,17368
26,87,17369
27,81,17370
29,74,17371
35,61,17372
37,56,17373
38,53,17374
44,45,17375
50,38,17376
58,31,17377
60,29,17378
73,22,17379
75,20,17380
78,19,17381
86,16,17382
93,15,17383
107,14,17384
108,14,17385
121,16,17386
128,18,17387
134,20,17388
144,26,17389
144,25,17390
159,37,17391
164,42,17392
171,51,17393
174,54,17394
181,67,17395
183,71,17396
186,78,17397
188,84,17398
192,103,17399
94,112,17400
94,114,17401
93,112,17402
92,111,17403
91,110,17404
90,111,17405
91,106,17406
91,105,17407
91,104,17408
91,103,17409
90,103,17410
91,101,17411
93,99,17412
92,98,17413
94,97,17414
96,96,17415
99,95,17416
96,94,17417
101,94,17418
103,94,17419
103,93,17420
106,93,17421
108,94,17422
110,95,17423
111,95,17424
113,96,17425
115,97,17426
117,100,17427
119,102,17428
120,104,17429
121,104,17430
123,111,17431
123,108,17432
124,113,17433
125,116,17434
125,120,17435
124,127,17436
124,129,17437
125,127,17438
122,135,17439
119,141,17440
119,142,17441
121,140,17442
114,148,17443
111,151,17444
112,151,17445
108,154,17446
105,156,17447
98,158,17448
93,158,17449
95,159,17450
93,160,17451
81,158,17452
86,160,17453
80,159,17454
77,158,17455
67,152,17456
69,155,17457
63,149,17458
61,148,17459
57,143,17460
55,141,17461
52,137,17462
49,129,17463
49,132,17464
46,120,17465
45,116,17466
44,110,17467
43,108,17468
45,93,17469
43,99,17470
45,88,17471
46,84,17472
54,68,17473
52,69,17474
54,66,17475
56,62,17476
66,52,17477
69,49,17478
73,46,17479
81,42,17480
77,43,17481
89,39,17482
91,38,17483
96,37,17484
104,36,17485
113,37,17486
116,37,17487
124,40,17488
131,43,17489
139,48,17490
135,44,17491
147,55,17492
149,56,17493
154,61,17494
160,70,17495
164,78,17496
168,87,17497
167,83,17498
172,101,17499
173,109,17500
174,112,17501
174,125,17502
174,130,17503
173,138,17504
171,148,17505
166,161,17506
169,156,17507
163,170,17508
162,172,17509
153,185,17510
149,190,17511
143,196,17512
134,203,17513
124,209,17514
121,211,17515
108,215,17516
114,214,17517
97,217,17518
89,218,17519
77,217,17520
75,217,17521
56,210,17522
54,210,17523
50,208,17524
46,206,17525
35,198,17526
98,111,17527
98,110,17528
100,110,17529
101,109,17530
102,110,17531
103,111,17532
104,112,17533
105,113,17534
105,114,17535
106,114,17536
107,115,17537
107,117,17538
107,120,17539
107,122,17540
107,123,17541
107,124,17542
105,127,17543
107,126,17544
106,128,17545
102,132,17546
104,132,17547
100,134,17548
100,135,17549
98,136,17550
94,137,17551
94,138,17552
92,138,17553
89,138,17554
87,138,17555
85,138,17556
83,138,17557
78,134,17558
80,137,17559
75,133,17560
72,130,17561
71,129,17562
69,126,17563
68,125,17564
66,120,17565
65,118,17566
64,110,17567
63,110,17568
62,110,17569
64,97,17570
62,100,17571
63,95,17572
64,91,17573
65,88,17574
70,80,17575
69,79,17576
71,76,17577
73,73,17578
78,69,17579
80,67,17580
83,65,17581
83,64,17582
91,61,17583
92,60,17584
99,59,17585
101,58,17586
110,59,17587
112,59,17588
113,59,17589
122,63,17590
122,62,17591
131,68,17592
134,71,17593
136,72,17594
139,75,17595
145,84,17596
145,83,17597
150,95,17598
150,93,17599
153,103,17600
154,109,17601
155,113,17602
155,123,17603
155,126,17604
155,131,17605
153,140,17606
150,149,17607
152,147,17608
147,157,17609
141,167,17610
140,169,17611
134,176,17612
128,181,17613
123,185,17614
119,187,17615
117,189,17616
106,193,17617
107,193,17618
94,195,17619
90,196,17620
88,196,17621
79,195,17622
62,189,17623
61,189,17624
58,188,17625
47,180,17626
44,178,17627
36,169,17628
36,170,17629
27,157,17630
24,151,17631
23,150,17632
18,137,17633
16,130,17634
14,120,17635
14,122,17636
13,104,17637
12,103,17638
14,86,17639
15,81,17640
22,60,17641
20,62,17642
30,44,17643
28,46,17644
36,35,17645
44,26,17646
52,19,17647
49,21,17648
60,13,17649
69,8,17650
80,4,17651
87,2,17652
94,1,17653
96,115,17654
98,116,17655
94,117,17656
95,118,17657
93,118,17658
93,119,17659
91,118,17660
90,119,17661
89,119,17662
88,118,17663
87,118,17664
86,117,17665
85,117,17666
84,116,17667
83,113,17668
82,111,17669
82,108,17670
81,110,17671
80,108,17672
81,103,17673
81,102,17674
80,102,17675
81,99,17676
82,96,17677
83,94,17678
83,92,17679
86,89,17680
87,88,17681
89,86,17682
90,85,17683
92,83,17684
97,82,17685
97,81,17686
99,80,17687
103,80,17688
104,80,17689
109,81,17690
111,81,17691
113,81,17692
118,85,17693
119,85,17694
123,89,17695
123,87,17696
128,94,17697
130,97,17698
132,101,17699
133,104,17700
133,101,17701
135,114,17702
136,115,17703
136,123,17704
137,121,17705
136,127,17706
135,134,17707
134,138,17708
132,142,17709
129,148,17710
130,148,17711
126,154,17712
123,157,17713
120,161,17714
117,163,17715
111,167,17716
109,169,17717
104,171,17718
97,172,17719
94,173,17720
86,173,17721
89,174,17722
79,172,17723
74,171,17724
73,171,17725
65,167,17726
57,161,17727
56,161,17728
52,157,17729
49,153,17730
44,147,17731
42,143,17732
38,135,17733
37,132,17734
34,123,17735
33,113,17736
32,111,17737
32,106,17738
32,98,17739
33,90,17740
33,88,17741
37,75,17742
36,75,17743
41,64,17744
48,53,17745
50,50,17746
53,46,17747
56,43,17748
66,35,17749
71,32,17750
75,29,17751
83,26,17752
94,24,17753
98,23,17754
109,23,17755
112,23,17756
117,24,17757
128,27,17758
132,28,17759
137,31,17760
147,37,17761
153,42,17762
159,48,17763
161,50,17764
169,61,17765
173,68,17766
175,72,17767
181,87,17768
183,94,17769
185,108,17770
185,100,17771
186,119,17772
186,127,17773
184,143,17774
184,145,17775
179,162,17776
177,168,17777
176,171,17778
170,182,17779
163,193,17780
96,112,17781
94,110,17782
94,108,17783
94,107,17784
96,106,17785
94,105,17786
97,104,17787
98,103,17788
99,102,17789
99,101,17790
98,100,17791
102,101,17792
103,101,17793
103,100,17794
106,101,17795
108,103,17796
110,104,17797
109,101,17798
112,105,17799
113,106,17800
114,106,17801
115,109,17802
116,112,17803
117,113,17804
117,120,17805
118,117,17806
118,120,17807
117,126,17808
117,128,17809
118,127,17810
118,128,17811
114,135,17812
113,137,17813
116,135,17814
110,142,17815
108,144,17816
105,146,17817
104,147,17818
100,149,17819
97,150,17820
94,151,17821
91,151,17822
86,151,17823
82,150,17824
86,152,17825
81,151,17826
73,146,17827
74,148,17828
68,143,17829
63,137,17830
64,140,17831
64,141,17832
56,125,17833
56,127,17834
55,126,17835
53,121,17836
52,112,17837
51,114,17838
51,103,17839
50,104,17840
51,97,17841
52,90,17842
55,82,17843
55,80,17844
56,78,17845
64,66,17846
60,70,17847
66,62,17848
68,60,17849
75,55,17850
73,55,17851
88,48,17852
86,48,17853
96,46,17854
98,45,17855
102,45,17856
113,46,17857
116,46,17858
120,47,17859
123,48,17860
137,57,17861
136,55,17862
143,62,17863
144,62,17864
144,61,17865
156,79,17866
158,82,17867
158,81,17868
163,95,17869
165,104,17870
166,108,17871
166,104,17872
167,123,17873
167,127,17874
167,130,17875
164,145,17876
162,152,17877
159,160,17878
157,165,17879
150,175,17880
146,181,17881
146,182,17882
140,188,17883
133,194,17884
123,200,17885
122,201,17886
108,206,17887
103,208,17888
98,209,17889
94,210,17890
83,209,17891
79,209,17892
70,207,17893
61,204,17894
50,198,17895
46,196,17896
31,182,17897
35,188,17898
26,177,17899
18,165,17900
14,159,17901
11,153,17902
8,144,17903
4,131,17904
4,132,17905
2,120,17906
1,109,17907
98,113,17908
99,112,17909
100,114,17910
101,116,17911
102,116,17912
102,117,17913
101,119,17914
101,120,17915
102,121,17916
101,123,17917
102,123,17918
100,125,17919
99,126,17920
99,127,17921
96,128,17922
94,129,17923
93,130,17924
93,131,17925
90,130,17926
88,130,17927
88,131,17928
83,128,17929
82,128,17930
80,126,17931
79,127,17932
77,125,17933
76,124,17934
75,122,17935
73,120,17936
72,115,17937
71,115,17938
70,110,17939
70,105,17940
69,109,17941
70,100,17942
70,98,17943
72,92,17944
70,95,17945
72,90,17946
75,85,17947
76,82,17948
79,79,17949
77,79,17950
86,73,17951
83,74,17952
91,70,17953
93,69,17954
94,68,17955
103,68,17956
104,67,17957
107,67,17958
105,66,17959
117,70,17960
116,69,17961
118,69,17962
123,72,17963
131,79,17964
132,79,17965
128,74,17966
136,84,17967
141,92,17968
142,94,17969
144,98,17970
146,108,17971
147,108,17972
147,120,17973
148,120,17974
148,125,17975
148,129,17976
146,137,17977
147,137,17978
142,150,17979
141,153,17980
133,164,17981
137,160,17982
131,168,17983
129,170,17984
121,176,17985
119,178,17986
111,182,17987
102,185,17988
106,185,17989
91,186,17990
88,187,17991
88,188,17992
74,185,17993
70,184,17994
71,185,17995
57,177,17996
55,176,17997
48,170,17998
50,174,17999
35,154,18000
33,152,18001
32,151,18002
30,147,18003
25,133,18004
23,127,18005
22,125,18006
21,106,18007
20,105,18008
20,100,18009
21,89,18010
23,79,18011
25,72,18012
29,61,18013
36,50,18014
35,49,18015
36,47,18016
42,39,18017
49,32,18018
57,25,18019
63,21,18020
72,16,18021
84,12,18022
81,12,18023
109,10,18024
108,9,18025
109,9,18026
117,10,18027
132,14,18028
131,13,18029
147,22,18030
150,23,18031
153,25,18032
162,32,18033
169,40,18034
96,113,18035
95,115,18036
92,113,18037
92,116,18038
91,113,18039
90,114,18040
89,111,18041
89,109,18042
88,109,18043
87,109,18044
86,110,18045
87,105,18046
87,104,18047
87,102,18048
88,100,18049
88,99,18050
92,96,18051
88,97,18052
91,94,18053
94,92,18054
93,92,18055
94,91,18056
98,90,18057
99,89,18058
101,88,18059
103,88,18060
107,89,18061
106,88,18062
111,90,18063
112,90,18064
113,90,18065
118,95,18066
117,92,18067
122,99,18068
122,98,18069
124,101,18070
126,105,18071
127,109,18072
128,110,18073
128,118,18074
129,119,18075
129,123,18076
130,121,18077
127,133,18078
128,132,18079
126,138,18080
127,137,18081
122,146,18082
118,150,18083
120,149,18084
114,155,18085
116,154,18086
106,160,18087
107,160,18088
104,162,18089
98,164,18090
90,164,18091
94,165,18092
88,165,18093
84,165,18094
75,162,18095
73,162,18096
70,161,18097
63,155,18098
65,158,18099
57,151,18100
52,144,18101
50,142,18102
49,140,18103
47,137,18104
44,130,18105
41,119,18106
41,121,18107
40,102,18108
39,107,18109
39,100,18110
40,92,18111
41,86,18112
43,79,18113
45,74,18114
49,66,18115
50,63,18116
55,56,18117
63,48,18118
60,50,18119
69,43,18120
75,39,18121
78,37,18122
86,34,18123
94,32,18124
100,32,18125
100,31,18126
114,32,18127
119,33,18128
118,32,18129
128,36,18130
136,40,18131
146,47,18132
147,47,18133
151,51,18134
157,58,18135
162,65,18136
164,67,18137
170,79,18138
173,88,18139
174,89,18140
177,102,18141
178,109,18142
179,117,18143
179,125,18144
177,141,18145
177,144,18146
175,151,18147
170,165,18148
163,178,18149
168,171,18150
158,186,18151
153,193,18152
148,198,18153
138,206,18154
129,212,18155
128,213,18156
116,218,18157
112,220,18158
101,222,18159
93,223,18160
82,223,18161
97,110,18162
97,109,18163
98,108,18164
99,107,18165
100,107,18166
101,107,18167
102,107,18168
103,107,18169
105,108,18170
106,108,18171
107,109,18172
108,110,18173
109,112,18174
109,111,18175
110,114,18176
111,115,18177
111,119,18178
112,118,18179
112,120,18180
111,123,18181
111,125,18182
110,128,18183
110,129,18184
109,131,18185
107,134,18186
106,135,18187
105,137,18188
102,139,18189
101,140,18190
99,141,18191
97,142,18192
92,143,18193
92,144,18194
89,144,18195
85,143,18196
84,143,18197
79,141,18198
77,140,18199
74,138,18200
71,135,18201
68,132,18202
67,131,18203
66,130,18204
63,125,18205
62,123,18206
60,117,18207
59,113,18208
59,108,18209
59,100,18210
58,104,18211
59,95,18212
59,94,18213
60,89,18214
61,86,18215
63,81,18216
65,77,18217
69,72,18218
69,71,18219
76,64,18220
77,63,18221
81,60,18222
87,57,18223
89,56,18224
92,55,18225
96,54,18226
108,54,18227
111,54,18228
113,54,18229
117,55,18230
120,56,18231
128,60,18232
130,61,18233
134,64,18234
142,72,18235
144,74,18236
147,78,18237
150,83,18238
153,89,18239
155,94,18240
157,101,18241
158,105,18242
159,110,18243
159,128,18244
159,131,18245
159,133,18246
158,139,18247
156,147,18248
154,153,18249
149,163,18250
147,167,18251
145,170,18252
138,178,18253
131,185,18254
126,189,18255
123,191,18256
113,196,18257
107,198,18258
104,199,18259
99,200,18260
83,200,18261
79,200,18262
73,199,18263
70,198,18264
59,194,18265
57,193,18266
49,188,18267
46,186,18268
35,176,18269
30,170,18270
25,163,18271
22,158,18272
18,150,18273
16,145,18274
12,133,18275
10,123,18276
9,117,18277
9,96,18278
9,91,18279
9,90,18280
12,74,18281
14,67,18282
18,56,18283
22,48,18284
24,44,18285
32,32,18286
38,25,18287
44,19,18288
97,114,18289
99,115,18290
97,117,18291
98,118,18292
97,119,18293
97,120,18294
95,121,18295
94,122,18296
94,123,18297
92,123,18298
93,124,18299
89,122,18300
87,122,18301
87,123,18302
85,121,18303
84,120,18304
82,119,18305
83,122,18306
80,116,18307
79,114,18308
79,117,18309
78,111,18310
77,111,18311
77,107,18312
77,104,18313
75,106,18314
77,99,18315
77,98,18316
78,95,18317
79,92,18318
78,92,18319
84,86,18320
83,85,18321
82,85,18322
86,82,18323
88,80,18324
93,78,18325
95,77,18326
97,76,18327
103,76,18328
105,75,18329
111,77,18330
108,75,18331
114,77,18332
115,77,18333
118,78,18334
125,85,18335
124,82,18336
129,88,18337
131,91,18338
133,92,18339
133,91,18340
138,107,18341
138,104,18342
139,105,18343
140,115,18344
140,125,18345
141,123,18346
140,129,18347
140,133,18348
139,138,18349
137,143,18350
133,151,18351
133,152,18352
129,158,18353
124,163,18354
121,166,18355
119,168,18356
115,171,18357
106,175,18358
111,174,18359
99,177,18360
97,178,18361
87,178,18362
89,179,18363
80,178,18364
74,176,18365
70,175,18366
67,174,18367
60,170,18368
53,164,18369
53,165,18370
42,151,18371
41,151,18372
40,150,18373
33,133,18374
33,134,18375
30,126,18376
29,120,18377
28,113,18378
27,106,18379
28,93,18380
29,87,18381
29,84,18382
30,80,18383
34,69,18384
38,60,18385
42,53,18386
47,46,18387
54,39,18388
57,36,18389
56,36,18390
67,28,18391
77,23,18392
80,22,18393
85,20,18394
99,18,18395
99,17,18396
105,17,18397
115,18,18398
124,20,18399
133,23,18400
139,26,18401
147,31,18402
152,35,18403
162,44,18404
170,55,18405
170,53,18406
177,66,18407
182,77,18408
184,82,18409
186,86,18410
189,105,18411
190,109,18412
191,115,18413
190,133,18414
190,137,18415
95,112,18416
94,113,18417
93,111,18418
92,109,18419
92,108,18420
91,108,18421
93,105,18422
94,103,18423
94,102,18424
94,101,18425
93,101,18426
95,99,18427
97,98,18428
98,98,18429
100,97,18430
102,97,18431
104,97,18432
101,95,18433
107,97,18434
108,97,18435
108,96,18436
111,98,18437
113,100,18438
115,102,18439
116,102,18440
118,107,18441
118,105,18442
120,110,18443
120,116,18444
121,113,18445
122,114,18446
122,120,18447
121,126,18448
123,122,18449
122,127,18450
122,129,18451
119,136,18452
118,138,18453
117,140,18454
112,145,18455
113,146,18456
109,149,18457
112,148,18458
102,153,18459
104,153,18460
99,155,18461
95,156,18462
94,157,18463
87,156,18464
79,154,18465
81,156,18466
79,156,18467
70,150,18468
70,151,18469
67,149,18470
65,148,18471
58,139,18472
61,145,18473
55,135,18474
53,132,18475
51,127,18476
49,122,18477
48,120,18478
47,110,18479
46,110,18480
47,99,18481
47,94,18482
47,92,18483
49,84,18484
51,79,18485
50,79,18486
58,66,18487
60,62,18488
69,54,18489
66,55,18490
70,52,18491
75,48,18492
79,46,18493
86,43,18494
93,41,18495
100,40,18496
99,39,18497
113,41,18498
115,41,18499
115,40,18500
128,45,18501
132,47,18502
130,45,18503
142,54,18504
148,60,18505
151,63,18506
150,60,18507
163,83,18508
165,87,18509
164,83,18510
167,91,18511
170,109,18512
171,112,18513
172,116,18514
170,135,18515
171,133,18516
170,140,18517
165,157,18518
164,161,18519
158,172,18520
156,176,18521
148,185,18522
153,181,18523
141,194,18524
140,195,18525
127,204,18526
124,206,18527
111,211,18528
108,212,18529
96,214,18530
94,215,18531
77,213,18532
77,214,18533
69,212,18534
58,208,18535
55,207,18536
49,204,18537
35,193,18538
27,186,18539
26,185,18540
23,182,18541
12,165,18542
97,112,18543
99,111,18544
100,111,18545
101,111,18546
102,113,18547
103,113,18548
104,115,18549
103,118,18550
105,117,18551
105,118,18552
106,118,18553
104,123,18554
105,122,18555
104,125,18556
103,127,18557
102,128,18558
101,129,18559
101,130,18560
99,132,18561
97,133,18562
97,134,18563
93,134,18564
92,135,18565
90,135,18566
86,134,18567
87,135,18568
85,135,18569
81,133,18570
80,133,18571
77,130,18572
76,130,18573
73,126,18574
73,128,18575
71,125,18576
69,120,18577
68,119,18578
67,116,18579
66,112,18580
65,109,18581
66,100,18582
66,97,18583
67,93,18584
64,101,18585
69,87,18586
68,87,18587
70,83,18588
71,81,18589
74,77,18590
83,70,18591
79,71,18592
84,68,18593
85,67,18594
93,64,18595
95,63,18596
96,62,18597
102,62,18598
113,64,18599
108,61,18600
117,64,18601
117,63,18602
125,68,18603
123,66,18604
129,70,18605
137,79,18606
135,74,18607
141,83,18608
144,88,18609
147,94,18610
148,97,18611
149,98,18612
151,107,18613
152,114,18614
153,117,18615
151,132,18616
153,125,18617
151,137,18618
149,144,18619
146,152,18620
146,153,18621
142,160,18622
136,168,18623
137,169,18624
128,177,18625
123,181,18626
119,184,18627
115,186,18628
107,189,18629
105,190,18630
95,192,18631
87,192,18632
79,191,18633
85,193,18634
67,188,18635
64,187,18636
63,187,18637
53,181,18638
44,173,18639
43,173,18640
39,169,18641
31,158,18642
26,148,18643
23,142,18644
22,141,18645
19,130,18646
17,119,18647
16,115,18648
17,94,18649
15,105,18650
16,91,18651
17,84,18652
20,73,18653
23,63,18654
26,56,18655
30,49,18656
37,39,18657
36,39,18658
50,25,18659
50,24,18660
62,16,18661
74,10,18662
76,9,18663
84,6,18664
89,5,18665
102,4,18666
105,3,18667
115,4,18668
125,6,18669
96,114,18670
97,116,18671
94,116,18672
93,117,18673
91,116,18674
92,118,18675
89,115,18676
89,117,18677
88,116,18678
87,114,18679
86,115,18680
85,112,18681
85,109,18682
84,110,18683
83,109,18684
83,106,18685
84,102,18686
82,104,18687
84,99,18688
84,98,18689
86,95,18690
85,95,18691
87,92,18692
88,91,18693
92,88,18694
91,88,18695
94,86,18696
95,85,18697
99,85,18698
100,84,18699
99,83,18700
107,84,18701
106,83,18702
109,84,18703
113,85,18704
114,85,18705
117,87,18706
121,91,18707
121,90,18708
126,97,18709
127,97,18710
129,103,18711
129,100,18712
131,105,18713
132,111,18714
133,113,18715
133,119,18716
134,122,18717
133,127,18718
133,130,18719
131,137,18720
131,139,18721
127,146,18722
128,145,18723
125,150,18724
122,154,18725
118,158,18726
119,158,18727
112,163,18728
109,165,18729
104,167,18730
99,169,18731
96,170,18732
89,170,18733
90,171,18734
79,169,18735
76,168,18736
73,167,18737
71,167,18738
62,161,18739
58,158,18740
52,152,18741
54,155,18742
46,144,18743
45,142,18744
41,135,18745
40,132,18746
37,124,18747
36,116,18748
35,112,18749
36,95,18750
34,106,18751
36,91,18752
37,84,18753
37,82,18754
42,69,18755
45,63,18756
46,61,18757
50,55,18758
50,54,18759
57,46,18760
67,38,18761
70,36,18762
77,32,18763
84,29,18764
93,27,18765
98,26,18766
106,26,18767
111,26,18768
123,29,18769
121,28,18770
134,33,18771
135,33,18772
143,38,18773
151,45,18774
152,45,18775
157,50,18776
165,60,18777
168,65,18778
171,70,18779
175,78,18780
179,91,18781
182,105,18782
183,111,18783
183,120,18784
184,123,18785
182,137,18786
180,149,18787
178,157,18788
175,165,18789
171,174,18790
171,175,18791
158,194,18792
156,197,18793
153,200,18794
143,209,18795
138,213,18796
96,111,18797
95,109,18798
95,108,18799
96,107,18800
97,106,18801
98,105,18802
99,104,18803
101,104,18804
101,103,18805
102,103,18806
102,102,18807
104,103,18808
106,104,18809
107,104,18810
110,108,18811
110,107,18812
112,111,18813
111,105,18814
113,111,18815
114,114,18816
115,113,18817
115,117,18818
115,119,18819
116,120,18820
114,127,18821
115,126,18822
115,127,18823
113,132,18824
111,135,18825
112,135,18826
110,138,18827
106,141,18828
104,143,18829
106,143,18830
101,145,18831
101,146,18832
94,147,18833
93,148,18834
91,149,18835
86,148,18836
80,146,18837
81,147,18838
77,146,18839
72,142,18840
74,145,18841
69,141,18842
65,135,18843
66,139,18844
60,127,18845
58,124,18846
58,126,18847
57,124,18848
55,112,18849
54,111,18850
54,105,18851
53,103,18852
54,98,18853
54,95,18854
55,90,18855
58,81,18856
57,82,18857
62,73,18858
65,69,18859
67,66,18860
68,64,18861
79,56,18862
80,55,18863
83,53,18864
85,52,18865
95,49,18866
93,49,18867
102,48,18868
107,48,18869
116,50,18870
118,50,18871
119,50,18872
129,55,18873
132,56,18874
137,60,18875
142,64,18876
149,73,18877
147,69,18878
155,83,18879
157,87,18880
158,88,18881
162,103,18882
163,108,18883
164,111,18884
164,120,18885
164,128,18886
163,137,18887
162,141,18888
161,146,18889
158,156,18890
154,164,18891
153,166,18892
145,177,18893
144,179,18894
140,184,18895
125,195,18896
122,197,18897
121,198,18898
115,201,18899
110,203,18900
97,205,18901
92,206,18902
79,205,18903
80,206,18904
68,203,18905
62,201,18906
52,196,18907
50,195,18908
41,188,18909
36,184,18910
27,174,18911
22,167,18912
16,155,18913
16,158,18914
11,144,18915
7,129,18916
6,126,18917
5,123,18918
4,107,18919
4,94,18920
5,87,18921
7,75,18922
8,70,18923
98,114,18924
100,113,18925
99,116,18926
100,117,18927
100,118,18928
100,119,18929
99,121,18930
98,122,18931
99,123,18932
97,124,18933
98,125,18934
95,126,18935
93,126,18936
93,127,18937
92,128,18938
89,127,18939
88,127,18940
88,128,18941
85,127,18942
83,125,18943
83,127,18944
80,123,18945
79,122,18946
77,119,18947
77,121,18948
75,116,18949
74,114,18950
73,112,18951
73,107,18952
72,107,18953
72,105,18954
73,98,18955
75,93,18956
71,100,18957
75,91,18958
75,89,18959
78,85,18960
78,84,18961
83,79,18962
84,78,18963
86,76,18964
90,74,18965
85,75,18966
96,72,18967
97,71,18968
100,70,18969
104,70,18970
108,70,18971
116,73,18972
120,75,18973
118,73,18974
121,74,18975
130,83,18976
129,81,18977
131,82,18978
132,83,18979
138,93,18980
138,91,18981
140,96,18982
143,105,18983
144,109,18984
145,113,18985
145,120,18986
145,127,18987
145,130,18988
142,139,18989
142,142,18990
141,146,18991
139,150,18992
134,158,18993
138,154,18994
127,167,18995
127,168,18996
118,174,18997
116,176,18998
115,177,18999
111,179,19000
101,182,19001
97,183,19002
91,184,19003
82,183,19004
83,184,19005
66,178,19006
66,179,19007
67,180,19008
55,172,19009
50,168,19010
49,168,19011
42,160,19012
36,151,19013
33,146,19014
34,150,19015
28,133,19016
27,131,19017
25,124,19018
24,119,19019
23,106,19020
23,97,19021
24,89,19022
29,71,19023
27,75,19024
29,68,19025
32,61,19026
37,52,19027
43,44,19028
44,42,19029
61,27,19030
54,31,19031
62,25,19032
70,20,19033
80,16,19034
84,15,19035
94,13,19036
101,12,19037
115,13,19038
111,12,19039
132,18,19040
132,17,19041
145,24,19042
150,27,19043
157,33,19044
159,34,19045
172,49,19046
172,48,19047
180,61,19048
183,66,19049
187,77,19050
95,113,19051
94,115,19052
92,112,19053
92,114,19054
91,111,19055
90,112,19056
91,107,19057
90,107,19058
89,106,19059
89,105,19060
88,105,19061
89,102,19062
91,100,19063
90,100,19064
92,97,19065
93,96,19066
96,95,19067
93,94,19068
97,93,19069
98,92,19070
100,92,19071
102,91,19072
104,91,19073
105,91,19074
110,93,19075
109,92,19076
112,93,19077
114,95,19078
117,97,19079
119,100,19080
118,97,19081
122,105,19082
122,102,19083
124,108,19084
125,111,19085
126,112,19086
126,119,19087
127,119,19088
127,121,19089
125,130,19090
125,131,19091
124,135,19092
124,137,19093
122,140,19094
119,145,19095
117,148,19096
117,149,19097
115,151,19098
105,157,19099
109,156,19100
105,158,19101
101,160,19102
93,161,19103
92,162,19104
90,162,19105
86,162,19106
75,158,19107
81,162,19108
71,157,19109
71,158,19110
62,151,19111
58,147,19112
58,148,19113
52,138,19114
52,141,19115
49,134,19116
47,130,19117
45,123,19118
44,121,19119
43,101,19120
42,110,19121
42,99,19122
42,97,19123
47,79,19124
44,84,19125
46,78,19126
51,68,19127
52,66,19128
56,60,19129
61,54,19130
64,51,19131
66,48,19132
76,42,19133
79,40,19134
84,38,19135
92,36,19136
97,35,19137
100,34,19138
112,35,19139
118,36,19140
126,39,19141
118,35,19142
138,45,19143
137,44,19144
141,46,19145
153,58,19146
159,66,19147
159,65,19148
164,73,19149
166,77,19150
172,95,19151
172,93,19152
174,100,19153
175,108,19154
176,118,19155
176,126,19156
172,148,19157
175,139,19158
172,152,19159
171,156,19160
166,167,19161
161,177,19162
157,183,19163
150,191,19164
142,199,19165
142,200,19166
128,209,19167
131,208,19168
115,215,19169
108,217,19170
99,219,19171
95,220,19172
81,219,19173
72,218,19174
67,217,19175
60,215,19176
51,211,19177
97,111,19178
98,109,19179
99,109,19180
100,109,19181
102,109,19182
103,109,19183
104,111,19184
105,112,19185
106,112,19186
106,111,19187
107,113,19188
108,114,19189
108,118,19190
109,117,19191
109,118,19192
108,123,19193
108,124,19194
109,124,19195
108,127,19196
105,130,19197
106,131,19198
104,133,19199
104,134,19200
101,136,19201
98,137,19202
98,138,19203
97,139,19204
93,139,19205
91,140,19206
88,140,19207
88,141,19208
84,139,19209
82,139,19210
79,138,19211
77,137,19212
75,135,19213
72,133,19214
71,132,19215
67,126,19216
65,122,19217
65,123,19218
63,116,19219
63,119,19220
62,105,19221
61,111,19222
61,101,19223
61,99,19224
62,93,19225
66,84,19226
62,91,19227
65,84,19228
66,81,19229
70,75,19230
72,72,19231
74,70,19232
75,68,19233
81,64,19234
81,63,19235
91,59,19236
93,58,19237
97,57,19238
100,56,19239
105,56,19240
113,58,19241
113,57,19242
121,60,19243
125,62,19244
127,63,19245
132,66,19246
138,72,19247
142,76,19248
144,79,19249
148,85,19250
151,92,19251
153,97,19252
153,96,19253
156,110,19254
156,117,19255
157,116,19256
157,123,19257
155,136,19258
157,132,19259
152,149,19260
151,152,19261
150,155,19262
144,166,19263
142,169,19264
138,174,19265
130,182,19266
129,183,19267
122,188,19268
114,192,19269
109,194,19270
102,196,19271
99,197,19272
92,198,19273
84,197,19274
76,196,19275
73,196,19276
59,190,19277
60,191,19278
49,184,19279
47,183,19280
36,172,19281
31,166,19282
29,164,19283
24,155,19284
22,152,19285
18,142,19286
16,137,19287
13,126,19288
12,116,19289
11,109,19290
11,103,19291
13,85,19292
12,86,19293
16,71,19294
18,64,19295
22,54,19296
29,42,19297
30,40,19298
36,32,19299
40,27,19300
51,17,19301
60,11,19302
65,8,19303
69,6,19304
97,115,19305
98,115,19306
95,117,19307
96,118,19308
95,119,19309
94,120,19310
93,120,19311
92,120,19312
91,121,19313
89,120,19314
90,122,19315
87,119,19316
86,119,19317
85,119,19318
83,116,19319
82,114,19320
81,112,19321
81,117,19322
80,111,19323
80,107,19324
80,103,19325
79,105,19326
78,104,19327
79,101,19328
81,96,19329
80,96,19330
82,92,19331
83,90,19332
84,89,19333
86,86,19334
88,84,19335
93,82,19336
91,82,19337
94,80,19338
96,79,19339
100,79,19340
106,79,19341
104,78,19342
108,78,19343
113,80,19344
117,82,19345
120,84,19346
116,80,19347
124,87,19348
127,90,19349
126,88,19350
131,96,19351
130,92,19352
135,107,19353
135,104,19354
136,106,19355
137,109,19356
138,119,19357
138,123,19358
138,125,19359
137,133,19360
135,138,19361
136,138,19362
132,147,19363
130,151,19364
130,152,19365
124,159,19366
121,162,19367
118,165,19368
116,167,19369
109,170,19370
102,173,19371
100,174,19372
98,175,19373
88,175,19374
89,176,19375
82,175,19376
77,174,19377
68,170,19378
65,169,19379
64,169,19380
54,161,19381
53,161,19382
48,155,19383
45,151,19384
41,145,19385
38,140,19386
34,127,19387
33,125,19388
32,125,19389
31,111,19390
30,107,19391
30,104,19392
31,93,19393
32,84,19394
34,77,19395
38,67,19396
39,64,19397
41,60,19398
44,55,19399
52,45,19400
58,39,19401
62,35,19402
65,33,19403
77,27,19404
81,25,19405
91,22,19406
89,22,19407
102,21,19408
110,21,19409
114,21,19410
122,23,19411
127,24,19412
136,28,19413
140,30,19414
149,36,19415
157,43,19416
164,51,19417
165,52,19418
174,66,19419
178,74,19420
181,83,19421
180,77,19422
186,104,19423
187,110,19424
188,118,19425
188,121,19426
187,135,19427
186,144,19428
185,149,19429
180,165,19430
177,173,19431
95,111,19432
94,110,19433
94,109,19434
93,108,19435
94,106,19436
93,106,19437
95,104,19438
96,103,19439
97,102,19440
97,101,19441
96,100,19442
100,100,19443
102,100,19444
102,99,19445
104,99,19446
106,100,19447
108,101,19448
106,98,19449
109,100,19450
112,103,19451
112,101,19452
114,105,19453
116,108,19454
117,109,19455
117,108,19456
118,113,19457
119,113,19458
119,119,19459
119,121,19460
120,123,19461
120,124,19462
118,130,19463
115,136,19464
119,131,19465
115,138,19466
115,139,19467
111,143,19468
108,146,19469
109,146,19470
103,149,19471
102,150,19472
98,152,19473
101,152,19474
91,153,19475
91,154,19476
89,154,19477
79,151,19478
79,152,19479
72,148,19480
70,147,19481
69,147,19482
68,147,19483
60,136,19484
59,136,19485
59,137,19486
56,132,19487
53,123,19488
52,124,19489
51,119,19490
50,112,19491
49,109,19492
49,104,19493
50,94,19494
50,92,19495
51,87,19496
56,76,19497
55,76,19498
57,72,19499
60,67,19500
66,60,19501
64,61,19502
76,52,19503
73,53,19504
86,47,19505
84,47,19506
89,45,19507
93,44,19508
102,43,19509
104,42,19510
110,43,19511
122,46,19512
118,44,19513
136,54,19514
136,53,19515
136,52,19516
145,61,19517
151,68,19518
149,64,19519
158,78,19520
160,83,19521
162,87,19522
163,87,19523
167,107,19524
168,111,19525
169,114,19526
168,130,19527
168,133,19528
167,141,19529
164,152,19530
158,165,19531
159,164,19532
157,169,19533
153,175,19534
147,183,19535
138,192,19536
136,194,19537
123,202,19538
123,203,19539
114,207,19540
112,208,19541
103,210,19542
94,211,19543
82,211,19544
74,210,19545
71,209,19546
66,208,19547
50,200,19548
48,200,19549
38,192,19550
28,182,19551
26,180,19552
21,174,19553
15,164,19554
11,157,19555
7,148,19556
4,139,19557
1,124,19558
98,112,19559
100,112,19560
101,113,19561
101,115,19562
102,115,19563
103,115,19564
102,118,19565
101,121,19566
103,120,19567
103,121,19568
104,121,19569
102,124,19570
101,126,19571
101,127,19572
99,128,19573
97,129,19574
96,130,19575
96,131,19576
94,132,19577
92,132,19578
91,133,19579
88,132,19580
86,132,19581
83,130,19582
83,131,19583
81,130,19584
79,129,19585
76,126,19586
75,125,19587
73,121,19588
72,122,19589
70,115,19590
70,118,19591
69,114,19592
68,110,19593
68,106,19594
68,103,19595
68,99,19596
69,94,19597
71,89,19598
71,88,19599
74,83,19600
72,84,19601
78,78,19602
77,77,19603
82,73,19604
85,71,19605
86,70,19606
95,67,19607
90,67,19608
97,66,19609
99,65,19610
109,66,19611
108,65,19612
107,64,19613
117,67,19614
123,71,19615
119,67,19616
130,75,19617
130,74,19618
134,79,19619
137,82,19620
140,86,19621
143,93,19622
144,92,19623
147,103,19624
148,107,19625
149,113,19626
150,116,19627
149,126,19628
150,128,19629
149,133,19630
148,138,19631
140,156,19632
143,153,19633
142,155,19634
139,160,19635
130,171,19636
127,174,19637
123,177,19638
115,182,19639
117,182,19640
109,185,19641
104,187,19642
100,188,19643
91,189,19644
87,189,19645
82,189,19646
71,186,19647
65,184,19648
60,181,19649
59,182,19650
46,171,19651
42,167,19652
43,169,19653
36,160,19654
29,148,19655
27,144,19656
25,141,19657
21,125,19658
20,119,19659
19,115,19660
18,110,19661
19,93,19662
19,91,19663
20,85,19664
27,63,19665
22,74,19666
25,65,19667
28,58,19668
38,42,19669
42,37,19670
52,27,19671
53,26,19672
63,19,19673
65,17,19674
84,10,19675
75,12,19676
94,8,19677
101,7,19678
108,7,19679
113,7,19680
131,12,19681
130,11,19682
138,14,19683
146,18,19684
156,25,19685
95,114,19686
95,116,19687
93,114,19688
93,116,19689
91,114,19690
90,116,19691
89,112,19692
88,112,19693
88,110,19694
87,111,19695
86,112,19696
86,107,19697
86,105,19698
85,105,19699
85,104,19700
85,103,19701
88,98,19702
86,98,19703
87,97,19704
90,94,19705
90,93,19706
90,92,19707
93,90,19708
95,89,19709
97,88,19710
98,87,19711
102,87,19712
103,86,19713
106,87,19714
109,87,19715
106,85,19716
114,90,19717
115,89,19718
118,92,19719
119,92,19720
120,93,19721
124,98,19722
126,102,19723
126,101,19724
128,106,19725
129,109,19726
130,114,19727
131,113,19728
130,125,19729
131,124,19730
131,126,19731
130,132,19732
128,138,19733
123,146,19734
126,143,19735
123,148,19736
122,150,19737
114,157,19738
115,157,19739
109,161,19740
110,161,19741
106,163,19742
102,165,19743
95,166,19744
94,167,19745
88,167,19746
85,167,19747
79,166,19748
72,163,19749
72,164,19750
63,158,19751
60,156,19752
58,154,19753
56,153,19754
51,146,19755
49,144,19756
45,136,19757
43,133,19758
41,126,19759
39,118,19760
38,114,19761
38,100,19762
38,96,19763
38,94,19764
39,88,19765
42,78,19766
40,80,19767
46,67,19768
49,62,19769
52,57,19770
57,51,19771
61,47,19772
68,41,19773
71,39,19774
74,37,19775
80,34,19776
85,32,19777
96,30,19778
101,29,19779
108,29,19780
116,30,19781
127,34,19782
128,34,19783
134,36,19784
140,40,19785
147,45,19786
152,50,19787
153,50,19788
161,60,19789
167,70,19790
168,70,19791
172,79,19792
175,87,19793
179,104,19794
179,102,19795
180,119,19796
181,120,19797
180,133,19798
178,146,19799
174,158,19800
177,152,19801
168,173,19802
168,174,19803
162,184,19804
152,196,19805
147,201,19806
148,201,19807
138,209,19808
127,216,19809
125,217,19810
107,223,19811
103,224,19812
96,110,19813
96,109,19814
97,108,19815
98,107,19816
99,106,19817
100,106,19818
102,106,19819
102,105,19820
104,106,19821
105,106,19822
105,105,19823
107,107,19824
108,108,19825
109,109,19826
110,112,19827
111,113,19828
111,116,19829
112,115,19830
113,116,19831
112,122,19832
113,121,19833
112,125,19834
112,127,19835
112,128,19836
110,132,19837
110,133,19838
109,134,19839
106,137,19840
106,138,19841
104,140,19842
101,142,19843
96,143,19844
97,144,19845
96,145,19846
92,145,19847
88,145,19848
86,145,19849
84,145,19850
81,144,19851
76,141,19852
75,141,19853
71,138,19854
70,138,19855
65,131,19856
66,134,19857
62,127,19858
60,122,19859
59,122,19860
58,112,19861
57,112,19862
57,106,19863
56,105,19864
57,96,19865
57,95,19866
58,90,19867
59,86,19868
62,80,19869
62,78,19870
64,75,19871
70,67,19872
69,67,19873
74,63,19874
78,60,19875
82,57,19876
86,55,19877
94,53,19878
97,52,19879
100,51,19880
105,51,19881
112,52,19882
116,53,19883
121,54,19884
125,56,19885
134,62,19886
135,62,19887
138,64,19888
146,74,19889
145,72,19890
151,81,19891
154,87,19892
156,92,19893
158,97,19894
160,109,19895
161,112,19896
161,119,19897
162,121,19898
160,136,19899
160,139,19900
157,148,19901
156,153,19902
153,159,19903
150,165,19904
145,173,19905
142,177,19906
135,184,19907
133,186,19908
126,191,19909
120,195,19910
114,198,19911
101,201,19912
98,202,19913
93,203,19914
88,203,19915
74,201,19916
73,201,19917
66,199,19918
52,192,19919
56,195,19920
43,186,19921
39,183,19922
30,173,19923
27,169,19924
23,163,19925
18,154,19926
14,145,19927
12,139,19928
9,125,19929
9,131,19930
7,109,19931
7,96,19932
8,85,19933
10,75,19934
10,74,19935
14,61,19936
15,58,19937
22,44,19938
28,34,19939
97,113,19940
99,114,19941
98,117,19942
99,117,19943
98,119,19944
98,120,19945
97,121,19946
95,122,19947
96,123,19948
94,124,19949
95,125,19950
91,124,19951
90,124,19952
89,125,19953
88,125,19954
85,122,19955
84,122,19956
85,125,19957
81,120,19958
81,121,19959
80,121,19960
78,115,19961
77,114,19962
76,112,19963
76,106,19964
75,110,19965
75,105,19966
75,102,19967
76,97,19968
75,98,19969
75,96,19970
79,90,19971
80,87,19972
76,91,19973
82,84,19974
83,82,19975
86,80,19976
88,78,19977
90,77,19978
96,75,19979
97,74,19980
102,74,19981
103,73,19982
109,74,19983
108,73,19984
113,74,19985
119,78,19986
118,76,19987
124,81,19988
127,83,19989
130,86,19990
131,86,19991
136,97,19992
136,95,19993
137,95,19994
139,101,19995
141,112,19996
142,110,19997
142,123,19998
143,119,19999
143,122,20000
142,130,20001
140,139,20002
140,140,20003
137,148,20004
130,158,20005
131,158,20006
129,161,20007
123,167,20008
117,171,20009
122,169,20010
111,175,20011
110,176,20012
98,179,20013
98,180,20014
86,180,20015
83,180,20016
82,180,20017
75,179,20018
71,178,20019
62,173,20020
61,173,20021
51,164,20022
47,161,20023
47,162,20024
41,153,20025
37,147,20026
36,146,20027
32,137,20028
30,131,20029
27,118,20030
27,123,20031
26,106,20032
25,104,20033
26,93,20034
29,79,20035
30,75,20036
32,69,20037
33,66,20038
44,48,20039
42,50,20040
45,45,20041
56,34,20042
57,33,20043
69,25,20044
68,25,20045
84,19,20046
83,18,20047
88,17,20048
97,15,20049
104,15,20050
116,16,20051
121,17,20052
133,21,20053
142,26,20054
145,27,20055
156,36,20056
156,35,20057
169,50,20058
172,54,20059
178,64,20060
177,61,20061
186,83,20062
187,85,20063
188,88,20064
191,102,20065
192,113,20066
94,112,20067
94,114,20068
93,112,20069
92,110,20070
91,109,20071
90,110,20072
92,105,20073
92,104,20074
92,103,20075
92,102,20076
91,102,20077
92,100,20078
95,98,20079
94,98,20080
97,97,20081
98,96,20082
101,96,20083
98,94,20084
103,95,20085
105,95,20086
105,94,20087
107,94,20088
110,96,20089
112,97,20090
114,98,20091
115,99,20092
116,99,20093
119,104,20094
120,105,20095
121,108,20096
122,109,20097
123,114,20098
123,119,20099
124,116,20100
124,122,20101
124,124,20102
123,128,20103
122,133,20104
122,134,20105
118,140,20106
117,143,20107
116,144,20108
116,146,20109
109,151,20110
108,152,20111
107,153,20112
103,155,20113
100,157,20114
94,158,20115
89,158,20116
91,159,20117
86,159,20118
78,156,20119
78,157,20120
75,156,20121
71,154,20122
64,148,20123
66,152,20124
60,145,20125
58,143,20126
54,137,20127
52,134,20128
49,128,20129
47,119,20130
47,122,20131
46,106,20132
45,106,20133
45,98,20134
45,95,20135
47,87,20136
46,87,20137
49,79,20138
50,76,20139
59,62,20140
55,66,20141
60,59,20142
66,53,20143
71,49,20144
75,46,20145
81,43,20146
90,40,20147
86,40,20148
98,38,20149
103,38,20150
106,37,20151
116,39,20152
117,39,20153
119,39,20154
132,45,20155
141,51,20156
144,53,20157
138,47,20158
156,67,20159
159,71,20160
159,70,20161
164,79,20162
168,91,20163
170,97,20164
170,95,20165
172,117,20166
173,117,20167
173,128,20168
173,129,20169
172,138,20170
169,151,20171
166,160,20172
157,176,20173
160,173,20174
159,175,20175
153,184,20176
142,195,20177
139,198,20178
129,205,20179
119,210,20180
116,211,20181
113,213,20182
96,216,20183
99,216,20184
89,217,20185
75,215,20186
69,214,20187
61,212,20188
47,204,20189
47,205,20190
38,199,20191
35,197,20192
28,190,20193
98,111,20194
99,110,20195
100,110,20196
101,110,20197
102,111,20198
103,112,20199
104,113,20200
104,116,20201
105,115,20202
106,115,20203
107,116,20204
107,118,20205
106,121,20206
107,121,20207
105,125,20208
105,126,20209
103,129,20210
105,128,20211
104,130,20212
99,133,20213
102,133,20214
97,135,20215
98,135,20216
95,136,20217
92,137,20218
90,137,20219
88,137,20220
87,137,20221
83,136,20222
81,135,20223
81,136,20224
76,131,20225
77,134,20226
73,130,20227
71,127,20228
70,126,20229
67,121,20230
66,118,20231
65,115,20232
64,111,20233
64,107,20234
64,102,20235
63,105,20236
66,92,20237
63,98,20238
65,91,20239
65,90,20240
68,83,20241
75,75,20242
71,77,20243
76,72,20244
78,70,20245
84,66,20246
87,64,20247
88,63,20248
90,62,20249
102,61,20250
97,60,20251
107,60,20252
110,60,20253
115,61,20254
120,63,20255
119,62,20256
128,68,20257
127,66,20258
134,72,20259
140,79,20260
142,81,20261
144,84,20262
147,89,20263
149,94,20264
152,105,20265
152,103,20266
153,124,20267
154,115,20268
154,126,20269
154,127,20270
153,135,20271
152,142,20272
148,152,20273
143,161,20274
146,158,20275
139,168,20276
135,173,20277
134,174,20278
125,182,20279
122,184,20280
116,188,20281
110,190,20282
109,191,20283
100,193,20284
96,194,20285
85,194,20286
82,194,20287
74,193,20288
66,190,20289
60,187,20290
52,182,20291
52,183,20292
40,172,20293
38,170,20294
32,162,20295
31,162,20296
25,151,20297
19,135,20298
20,140,20299
17,129,20300
15,119,20301
14,111,20302
14,97,20303
15,89,20304
15,85,20305
17,76,20306
21,64,20307
29,48,20308
27,50,20309
34,40,20310
37,35,20311
47,25,20312
57,17,20313
61,14,20314
66,11,20315
75,7,20316
74,7,20317
90,3,20318
96,2,20319
104,1,20320
96,115,20321
98,116,20322
94,117,20323
95,118,20324
93,118,20325
92,119,20326
90,117,20327
90,118,20328
89,118,20329
87,116,20330
87,117,20331
85,114,20332
84,113,20333
84,114,20334
83,112,20335
82,110,20336
82,106,20337
81,108,20338
81,105,20339
82,101,20340
83,98,20341
82,98,20342
83,96,20343
84,94,20344
86,91,20345
86,90,20346
90,87,20347
89,87,20348
93,85,20349
94,84,20350
95,83,20351
101,82,20352
100,81,20353
104,81,20354
108,82,20355
110,82,20356
113,83,20357
116,85,20358
116,84,20359
122,89,20360
124,91,20361
126,94,20362
126,92,20363
129,97,20364
131,102,20365
132,104,20366
134,110,20367
134,107,20368
135,118,20369
135,124,20370
135,126,20371
135,128,20372
134,133,20373
133,137,20374
131,143,20375
128,148,20376
127,150,20377
125,154,20378
120,159,20379
119,160,20380
116,163,20381
111,166,20382
105,169,20383
103,170,20384
99,171,20385
91,172,20386
88,172,20387
84,172,20388
82,172,20389
70,168,20390
69,168,20391
67,167,20392
62,164,20393
53,156,20394
50,153,20395
47,149,20396
43,143,20397
40,137,20398
39,134,20399
37,129,20400
35,122,20401
34,117,20402
33,106,20403
33,104,20404
33,97,20405
35,85,20406
37,77,20407
38,74,20408
43,63,20409
43,62,20410
49,53,20411
54,47,20412
56,45,20413
61,40,20414
69,34,20415
77,30,20416
82,28,20417
87,26,20418
93,25,20419
103,24,20420
107,24,20421
117,25,20422
121,26,20423
132,30,20424
138,33,20425
142,35,20426
150,41,20427
153,43,20428
160,51,20429
165,57,20430
169,63,20431
172,68,20432
176,77,20433
181,91,20434
183,100,20435
184,105,20436
185,118,20437
185,121,20438
185,128,20439
183,144,20440
181,152,20441
178,163,20442
173,174,20443
170,180,20444
168,184,20445
158,197,20446
154,202,20447
96,112,20448
95,110,20449
94,108,20450
95,107,20451
97,105,20452
95,105,20453
98,104,20454
99,103,20455
100,103,20456
100,102,20457
100,101,20458
104,102,20459
106,103,20460
105,101,20461
108,104,20462
109,104,20463
111,106,20464
110,102,20465
113,108,20466
114,110,20467
114,108,20468
115,111,20469
116,114,20470
117,116,20471
116,122,20472
117,122,20473
117,124,20474
116,127,20475
115,131,20476
116,130,20477
115,133,20478
111,138,20479
110,140,20480
112,139,20481
106,144,20482
107,144,20483
102,147,20484
99,148,20485
97,149,20486
93,150,20487
90,150,20488
87,150,20489
85,150,20490
79,148,20491
81,150,20492
76,148,20493
68,141,20494
71,145,20495
64,137,20496
61,133,20497
62,136,20498
61,136,20499
55,119,20500
55,122,20501
54,120,20502
53,116,20503
52,107,20504
51,109,20505
53,94,20506
53,92,20507
53,90,20508
55,83,20509
58,77,20510
58,76,20511
62,69,20512
70,61,20513
68,62,20514
72,58,20515
75,56,20516
83,51,20517
81,51,20518
92,48,20519
94,47,20520
108,47,20521
103,46,20522
109,46,20523
120,49,20524
119,48,20525
127,51,20526
129,52,20527
139,60,20528
140,59,20529
150,72,20530
150,71,20531
152,73,20532
157,83,20533
160,90,20534
161,91,20535
163,98,20536
165,111,20537
166,116,20538
166,123,20539
165,134,20540
165,137,20541
163,146,20542
161,152,20543
156,164,20544
153,169,20545
151,173,20546
138,187,20547
134,191,20548
135,191,20549
130,195,20550
125,198,20551
114,203,20552
109,205,20553
97,207,20554
97,208,20555
85,208,20556
83,208,20557
71,206,20558
67,205,20559
57,201,20560
48,196,20561
39,189,20562
36,187,20563
24,172,20564
28,179,20565
19,165,20566
13,153,20567
10,147,20568
10,148,20569
4,123,20570
4,126,20571
2,112,20572
2,105,20573
2,95,20574
98,113,20575
100,113,20576
100,115,20577
100,116,20578
101,117,20579
102,117,20580
101,119,20581
99,122,20582
100,122,20583
99,124,20584
100,124,20585
97,126,20586
96,127,20587
95,127,20588
94,128,20589
91,128,20590
91,129,20591
91,130,20592
88,129,20593
87,129,20594
87,130,20595
82,126,20596
81,126,20597
78,123,20598
77,123,20599
76,121,20600
75,120,20601
74,118,20602
73,117,20603
72,112,20604
71,112,20605
71,106,20606
71,103,20607
69,106,20608
71,98,20609
71,96,20610
74,89,20611
73,89,20612
76,85,20613
79,81,20614
78,81,20615
84,76,20616
80,77,20617
90,72,20618
91,71,20619
93,70,20620
97,69,20621
98,68,20622
107,69,20623
109,69,20624
109,68,20625
111,68,20626
119,72,20627
122,73,20628
123,73,20629
127,76,20630
133,83,20631
133,81,20632
137,87,20633
140,92,20634
142,97,20635
143,99,20636
144,100,20637
146,113,20638
147,113,20639
146,128,20640
147,125,20641
146,134,20642
146,135,20643
141,149,20644
143,147,20645
137,157,20646
134,162,20647
129,167,20648
130,167,20649
126,171,20650
121,175,20651
110,181,20652
111,181,20653
102,184,20654
96,185,20655
96,186,20656
79,184,20657
81,185,20658
81,186,20659
69,182,20660
64,180,20661
61,179,20662
52,172,20663
45,166,20664
40,160,20665
45,168,20666
32,147,20667
31,146,20668
28,140,20669
26,135,20670
23,119,20671
22,115,20672
21,111,20673
22,97,20674
22,90,20675
22,89,20676
24,79,20677
27,69,20678
31,60,20679
32,57,20680
41,44,20681
39,45,20682
46,36,20683
49,33,20684
62,23,20685
65,21,20686
73,17,20687
84,13,20688
94,11,20689
95,10,20690
112,11,20691
111,10,20692
125,13,20693
129,14,20694
142,20,20695
143,20,20696
154,28,20697
154,27,20698
163,35,20699
172,45,20700
176,51,20701
96,113,20702
95,115,20703
93,113,20704
92,115,20705
91,112,20706
90,113,20707
89,110,20708
89,108,20709
88,108,20710
88,107,20711
87,108,20712
88,103,20713
89,101,20714
88,101,20715
89,99,20716
90,97,20717
93,95,20718
90,96,20719
92,94,20720
95,92,20721
97,91,20722
97,90,20723
101,90,20724
101,89,20725
103,89,20726
107,90,20727
109,90,20728
111,91,20729
114,93,20730
115,93,20731
116,93,20732
119,97,20733
119,95,20734
123,102,20735
124,103,20736
125,105,20737
126,107,20738
127,113,20739
128,114,20740
128,122,20741
127,128,20742
128,126,20743
129,124,20744
126,134,20745
125,138,20746
124,140,20747
124,142,20748
121,146,20749
112,154,20750
116,153,20751
111,156,20752
109,158,20753
101,161,20754
100,162,20755
98,163,20756
94,164,20757
82,162,20758
89,165,20759
79,162,20760
78,163,20761
69,158,20762
71,160,20763
66,157,20764
58,149,20765
60,153,20766
53,144,20767
50,139,20768
47,134,20769
46,132,20770
44,128,20771
42,120,20772
41,113,20773
40,111,20774
42,92,20775
40,99,20776
41,91,20777
43,83,20778
44,79,20779
47,72,20780
50,66,20781
54,60,20782
53,60,20783
62,50,20784
63,49,20785
69,44,20786
76,40,20787
82,37,20788
86,35,20789
95,33,20790
107,33,20791
110,33,20792
110,32,20793
118,34,20794
125,36,20795
129,37,20796
136,41,20797
147,50,20798
149,51,20799
151,52,20800
161,65,20801
165,72,20802
169,80,20803
169,79,20804
173,90,20805
175,99,20806
176,101,20807
177,121,20808
178,119,20809
178,126,20810
177,136,20811
173,154,20812
172,158,20813
169,165,20814
165,173,20815
157,185,20816
156,188,20817
147,197,20818
141,203,20819
132,209,20820
122,214,20821
115,217,20822
114,218,20823
99,221,20824
102,221,20825
91,222,20826
84,222,20827
75,221,20828
97,111,20829
98,109,20830
99,108,20831
100,108,20832
101,108,20833
102,108,20834
103,108,20835
104,108,20836
105,109,20837
106,109,20838
107,110,20839
108,112,20840
108,116,20841
109,115,20842
110,116,20843
110,119,20844
110,121,20845
111,121,20846
110,124,20847
109,127,20848
110,126,20849
107,131,20850
107,132,20851
106,134,20852
104,136,20853
101,137,20854
102,138,20855
98,140,20856
99,140,20857
94,141,20858
94,142,20859
89,142,20860
86,142,20861
83,141,20862
82,141,20863
79,140,20864
76,138,20865
74,137,20866
72,135,20867
70,133,20868
68,131,20869
65,126,20870
63,123,20871
62,120,20872
61,117,20873
60,113,20874
59,109,20875
59,104,20876
60,98,20877
59,99,20878
61,90,20879
61,89,20880
63,84,20881
66,78,20882
67,76,20883
68,74,20884
76,66,20885
76,65,20886
80,62,20887
82,61,20888
85,59,20889
93,56,20890
92,56,20891
103,55,20892
102,54,20893
109,55,20894
115,56,20895
121,58,20896
120,57,20897
126,60,20898
133,65,20899
136,67,20900
141,72,20901
145,77,20902
149,84,20903
150,85,20904
154,95,20905
155,97,20906
157,105,20907
158,111,20908
158,121,20909
159,117,20910
158,130,20911
157,138,20912
156,144,20913
153,152,20914
151,157,20915
148,163,20916
141,173,20917
140,175,20918
137,178,20919
128,186,20920
122,190,20921
121,191,20922
117,193,20923
106,197,20924
102,198,20925
86,199,20926
90,200,20927
77,198,20928
75,198,20929
65,195,20930
62,194,20931
54,190,20932
46,184,20933
43,182,20934
35,174,20935
32,171,20936
24,159,20937
21,154,20938
17,145,20939
15,139,20940
13,132,20941
10,116,20942
10,100,20943
9,107,20944
11,86,20945
11,84,20946
13,74,20947
18,59,20948
21,52,20949
23,48,20950
29,38,20951
35,30,20952
45,20,20953
47,18,20954
53,13,20955
97,115,20956
99,115,20957
96,117,20958
98,118,20959
96,119,20960
96,120,20961
94,121,20962
92,121,20963
93,122,20964
91,122,20965
92,124,20966
88,121,20967
87,121,20968
86,122,20969
84,119,20970
83,118,20971
82,117,20972
82,121,20973
80,114,20974
79,112,20975
79,109,20976
78,109,20977
77,109,20978
77,105,20979
78,101,20980
77,100,20981
79,96,20982
79,94,20983
81,91,20984
81,90,20985
81,89,20986
88,83,20987
85,84,20988
87,82,20989
91,80,20990
92,79,20991
98,78,20992
98,77,20993
101,76,20994
108,77,20995
109,77,20996
114,79,20997
112,77,20998
118,80,20999
120,81,21000
123,83,21001
127,88,21002
126,85,21003
133,97,21004
133,96,21005
135,98,21006
135,97,21007
138,112,21008
139,112,21009
140,114,21010
140,120,21011
139,127,21012
140,126,21013
137,139,21014
138,137,21015
136,144,21016
133,149,21017
130,154,21018
128,157,21019
126,160,21020
116,168,21021
117,168,21022
112,171,21023
111,172,21024
102,175,21025
102,176,21026
92,177,21027
91,178,21028
80,176,21029
77,176,21030
73,175,21031
67,172,21032
62,170,21033
58,167,21034
53,163,21035
46,155,21036
45,155,21037
40,146,21038
38,143,21039
37,143,21040
31,122,21041
30,119,21042
29,116,21043
29,101,21044
28,105,21045
29,93,21046
30,87,21047
31,82,21048
32,77,21049
37,64,21050
41,57,21051
45,51,21052
46,49,21053
52,42,21054
63,33,21055
65,31,21056
73,26,21057
77,24,21058
82,22,21059
93,20,21060
97,19,21061
109,19,21062
114,19,21063
120,20,21064
129,23,21065
132,24,21066
142,29,21067
149,34,21068
155,39,21069
163,47,21070
165,49,21071
177,69,21072
172,58,21073
183,83,21074
186,94,21075
186,93,21076
187,94,21077
189,116,21078
190,119,21079
189,133,21080
187,147,21081
186,153,21082
95,111,21083
94,111,21084
93,110,21085
93,109,21086
93,107,21087
92,107,21088
94,104,21089
95,103,21090
95,102,21091
95,101,21092
94,100,21093
96,99,21094
100,99,21095
100,98,21096
101,97,21097
103,97,21098
105,98,21099
104,96,21100
108,98,21101
110,100,21102
110,98,21103
112,100,21104
115,104,21105
116,105,21106
117,105,21107
118,109,21108
119,109,21109
120,112,21110
120,118,21111
121,116,21112
122,117,21113
121,123,21114
119,130,21115
122,125,21116
119,133,21117
119,134,21118
116,139,21119
115,141,21120
114,143,21121
108,148,21122
107,149,21123
106,150,21124
108,150,21125
98,153,21126
98,154,21127
94,155,21128
88,155,21129
89,156,21130
82,154,21131
76,152,21132
78,154,21133
75,153,21134
66,145,21135
65,146,21136
62,143,21137
63,145,21138
57,136,21139
57,138,21140
52,127,21141
51,124,21142
49,118,21143
48,114,21144
48,106,21145
47,104,21146
47,102,21147
50,88,21148
49,89,21149
50,84,21150
53,77,21151
57,69,21152
54,72,21153
64,60,21154
63,60,21155
74,51,21156
73,51,21157
76,49,21158
81,46,21159
89,43,21160
94,42,21161
100,41,21162
105,41,21163
104,40,21164
120,44,21165
122,44,21166
122,43,21167
133,49,21168
141,55,21169
141,54,21170
148,61,21171
156,72,21172
157,73,21173
157,71,21174
164,88,21175
166,93,21176
167,95,21177
169,103,21178
170,117,21179
171,121,21180
170,131,21181
167,145,21182
167,148,21183
167,149,21184
162,162,21185
157,172,21186
155,175,21187
151,181,21188
139,193,21189
144,190,21190
137,196,21191
130,201,21192
121,206,21193
111,210,21194
102,212,21195
96,213,21196
86,213,21197
80,213,21198
63,208,21199
65,210,21200
56,206,21201
49,202,21202
41,197,21203
35,192,21204
28,185,21205
22,179,21206
18,173,21207
15,169,21208
8,154,21209
98,112,21210
99,111,21211
101,112,21212
101,114,21213
102,113,21214
103,114,21215
104,115,21216
103,119,21217
104,118,21218
104,120,21219
106,119,21220
104,122,21221
103,124,21222
103,126,21223
101,128,21224
100,129,21225
99,130,21226
99,131,21227
98,132,21228
95,133,21229
95,134,21230
90,133,21231
90,134,21232
88,134,21233
85,133,21234
83,133,21235
82,133,21236
79,131,21237
78,130,21238
74,125,21239
75,128,21240
71,121,21241
72,125,21242
69,119,21243
68,115,21244
67,113,21245
67,107,21246
66,109,21247
66,103,21248
67,97,21249
67,96,21250
69,90,21251
66,95,21252
71,85,21253
70,85,21254
74,79,21255
75,77,21256
78,74,21257
86,69,21258
83,69,21259
88,67,21260
91,65,21261
98,64,21262
100,63,21263
101,62,21264
108,63,21265
116,66,21266
109,62,21267
121,67,21268
124,68,21269
129,72,21270
131,73,21271
136,78,21272
141,86,21273
140,82,21274
145,93,21275
145,92,21276
148,101,21277
149,103,21278
150,106,21279
151,113,21280
151,127,21281
151,130,21282
147,144,21283
150,137,21284
149,142,21285
145,152,21286
140,161,21287
140,162,21288
134,169,21289
128,175,21290
130,175,21291
119,182,21292
116,184,21293
115,185,21294
103,189,21295
98,190,21296
96,191,21297
88,191,21298
78,190,21299
72,188,21300
78,191,21301
58,182,21302
55,181,21303
56,182,21304
44,172,21305
38,165,21306
35,162,21307
32,158,21308
26,146,21309
22,135,21310
21,133,21311
19,127,21312
18,119,21313
17,109,21314
16,106,21315
19,86,21316
17,89,21317
18,84,21318
20,75,21319
28,55,21320
27,56,21321
33,46,21322
40,37,21323
47,29,21324
45,30,21325
63,17,21326
63,16,21327
77,10,21328
87,7,21329
91,6,21330
95,5,21331
106,5,21332
118,6,21333
124,7,21334
128,8,21335
136,11,21336
95,114,21337
96,116,21338
93,115,21339
93,117,21340
91,116,21341
91,117,21342
89,114,21343
88,113,21344
88,115,21345
87,113,21346
86,114,21347
85,111,21348
85,107,21349
84,108,21350
83,108,21351
84,104,21352
85,101,21353
83,103,21354
85,98,21355
86,96,21356
87,95,21357
87,93,21358
89,91,21359
90,90,21360
93,88,21361
94,87,21362
96,86,21363
98,85,21364
102,85,21365
103,85,21366
102,83,21367
110,86,21368
109,85,21369
114,87,21370
113,86,21371
118,89,21372
120,91,21373
122,93,21374
123,93,21375
128,103,21376
128,101,21377
130,108,21378
130,105,21379
131,118,21380
132,115,21381
133,117,21382
133,122,21383
132,128,21384
130,135,21385
131,135,21386
129,140,21387
128,143,21388
124,149,21389
123,151,21390
120,155,21391
118,157,21392
114,160,21393
111,163,21394
103,166,21395
104,166,21396
98,168,21397
95,169,21398
90,169,21399
83,168,21400
83,169,21401
76,167,21402
69,164,21403
67,163,21404
64,162,21405
54,152,21406
55,154,21407
50,148,21408
49,147,21409
43,136,21410
41,131,21411
40,130,21412
38,122,21413
37,119,21414
36,110,21415
36,100,21416
38,87,21417
35,99,21418
40,78,21419
40,77,21420
42,71,21421
45,65,21422
48,60,21423
54,52,21424
57,48,21425
61,44,21426
67,39,21427
74,35,21428
78,33,21429
90,29,21430
88,29,21431
99,27,21432
112,28,21433
113,28,21434
117,28,21435
126,31,21436
134,34,21437
140,38,21438
144,40,21439
152,47,21440
160,56,21441
161,56,21442
168,67,21443
169,69,21444
175,82,21445
177,87,21446
179,93,21447
181,105,21448
182,113,21449
182,124,21450
180,142,21451
182,134,21452
178,152,21453
176,159,21454
172,170,21455
168,177,21456
161,188,21457
161,189,21458
154,197,21459
145,206,21460
144,207,21461
134,214,21462
127,218,21463
96,110,21464
95,109,21465
96,108,21466
97,107,21467
98,106,21468
98,105,21469
100,105,21470
101,105,21471
103,105,21472
103,104,21473
103,103,21474
106,105,21475
107,106,21476
108,105,21477
110,109,21478
111,110,21479
112,113,21480
112,108,21481
113,113,21482
113,118,21483
114,117,21484
114,120,21485
115,121,21486
114,125,21487
112,129,21488
113,129,21489
113,130,21490
110,135,21491
109,137,21492
109,138,21493
105,141,21494
101,143,21495
101,144,21496
103,144,21497
97,146,21498
93,146,21499
91,147,21500
87,147,21501
85,147,21502
82,146,21503
78,144,21504
75,143,21505
77,145,21506
69,138,21507
70,141,21508
66,136,21509
63,131,21510
62,132,21511
58,119,21512
57,118,21513
57,120,21514
56,117,21515
55,108,21516
55,101,21517
55,99,21518
55,96,21519
57,88,21520
57,86,21521
59,82,21522
61,77,21523
62,74,21524
66,69,21525
73,62,21526
71,63,21527
75,59,21528
83,55,21529
87,53,21530
92,51,21531
91,51,21532
102,50,21533
105,49,21534
107,49,21535
113,50,21536
124,54,21537
127,55,21538
128,55,21539
137,62,21540
138,62,21541
142,66,21542
148,73,21543
150,76,21544
154,82,21545
159,97,21546
159,95,21547
161,100,21548
162,110,21549
163,116,21550
163,125,21551
162,135,21552
162,136,21553
161,142,21554
157,154,21555
157,155,21556
154,162,21557
148,172,21558
145,176,21559
138,184,21560
136,186,21561
130,191,21562
117,198,21563
110,201,21564
111,201,21565
100,204,21566
85,204,21567
88,205,21568
85,205,21569
70,202,21570
71,203,21571
59,198,21572
54,196,21573
49,193,21574
40,186,21575
33,179,21576
30,176,21577
24,168,21578
18,158,21579
11,140,21580
13,149,21581
7,124,21582
6,117,21583
5,112,21584
5,102,21585
5,95,21586
6,85,21587
10,68,21588
12,62,21589
13,58,21590
97,113,21591
99,113,21592
99,116,21593
100,117,21594
99,119,21595
99,120,21596
98,121,21597
97,122,21598
98,123,21599
96,124,21600
97,125,21601
93,125,21602
91,125,21603
91,126,21604
90,127,21605
87,125,21606
86,125,21607
87,127,21608
84,125,21609
82,123,21610
82,125,21611
78,118,21612
78,119,21613
76,116,21614
76,118,21615
75,114,21616
74,111,21617
74,107,21618
74,102,21619
73,102,21620
73,100,21621
74,97,21622
77,90,21623
73,95,21624
77,88,21625
78,86,21626
82,82,21627
81,82,21628
84,79,21629
89,76,21630
90,75,21631
95,73,21632
90,73,21633
100,72,21634
101,71,21635
103,71,21636
109,72,21637
112,72,21638
121,77,21639
122,77,21640
122,76,21641
124,77,21642
133,89,21643
132,86,21644
134,87,21645
136,91,21646
140,101,21647
140,98,21648
142,104,21649
143,110,21650
144,114,21651
144,123,21652
144,126,21653
144,129,21654
143,136,21655
138,147,21656
139,147,21657
138,150,21658
136,154,21659
128,164,21660
131,162,21661
119,172,21662
123,170,21663
108,178,21664
112,177,21665
108,179,21666
97,182,21667
93,182,21668
90,183,21669
88,183,21670
77,181,21671
74,181,21672
63,176,21673
58,172,21674
58,174,21675
46,162,21676
44,160,21677
43,160,21678
39,154,21679
32,141,21680
30,136,21681
30,139,21682
26,121,21683
25,117,21684
24,113,21685
25,93,21686
24,98,21687
25,88,21688
26,83,21689
32,66,21690
33,63,21691
35,57,21692
37,54,21693
44,44,21694
51,36,21695
55,32,21696
66,25,21697
62,26,21698
71,21,21699
80,17,21700
84,16,21701
96,14,21702
106,13,21703
114,14,21704
123,16,21705
122,15,21706
139,22,21707
142,23,21708
153,31,21709
158,35,21710
163,40,21711
168,45,21712
178,60,21713
180,63,21714
183,69,21715
186,76,21716
191,95,21717
94,112,21718
94,115,21719
92,112,21720
92,111,21721
91,110,21722
90,111,21723
91,106,21724
91,105,21725
90,105,21726
90,104,21727
89,104,21728
90,102,21729
92,99,21730
91,99,21731
93,97,21732
95,96,21733
98,95,21734
95,94,21735
99,93,21736
101,93,21737
102,92,21738
104,92,21739
107,93,21740
108,93,21741
110,94,21742
112,94,21743
113,95,21744
116,98,21745
118,100,21746
120,103,21747
120,101,21748
122,107,21749
123,106,21750
124,111,21751
125,114,21752
125,118,21753
125,124,21754
125,126,21755
126,124,21756
122,136,21757
122,137,21758
122,138,21759
122,139,21760
117,146,21761
115,148,21762
114,150,21763
112,152,21764
108,155,21765
102,157,21766
102,158,21767
98,159,21768
96,160,21769
89,160,21770
89,161,21771
86,161,21772
78,159,21773
71,155,21774
73,158,21775
65,152,21776
65,153,21777
57,144,21778
58,146,21779
56,144,21780
49,130,21781
50,135,21782
46,123,21783
45,120,21784
44,114,21785
43,111,21786
44,97,21787
42,103,21788
43,96,21789
45,85,21790
51,72,21791
48,76,21792
52,68,21793
54,64,21794
60,57,21795
63,53,21796
68,49,21797
74,45,21798
74,44,21799
83,40,21800
87,38,21801
91,37,21802
100,36,21803
108,36,21804
105,35,21805
117,37,21806
126,40,21807
132,43,21808
129,40,21809
144,51,21810
147,53,21811
149,54,21812
156,63,21813
162,73,21814
165,78,21815
165,77,21816
170,90,21817
173,104,21818
174,107,21819
175,113,21820
175,123,21821
175,127,21822
174,136,21823
169,155,21824
171,152,21825
167,163,21826
164,170,21827
160,176,21828
155,184,21829
148,192,21830
138,201,21831
129,207,21832
132,206,21833
119,212,21834
116,214,21835
103,217,21836
94,218,21837
82,218,21838
87,219,21839
67,215,21840
65,215,21841
54,211,21842
48,208,21843
39,202,21844
98,111,21845
98,110,21846
99,109,21847
101,109,21848
102,110,21849
103,110,21850
104,112,21851
105,113,21852
105,111,21853
106,113,21854
107,114,21855
108,115,21856
107,119,21857
108,120,21858
108,121,21859
108,122,21860
106,126,21861
107,127,21862
107,128,21863
103,131,21864
105,131,21865
102,134,21866
101,135,21867
99,136,21868
96,137,21869
96,138,21870
94,139,21871
90,139,21872
89,139,21873
87,139,21874
87,140,21875
80,136,21876
79,137,21877
77,135,21878
75,134,21879
73,132,21880
69,127,21881
69,128,21882
66,122,21883
65,120,21884
64,117,21885
63,112,21886
62,112,21887
63,100,21888
61,107,21889
62,98,21890
62,97,21891
64,89,21892
69,81,21893
65,85,21894
69,78,21895
71,75,21896
75,71,21897
79,67,21898
82,65,21899
82,64,21900
89,61,21901
89,60,21902
96,59,21903
98,58,21904
106,58,21905
109,58,21906
111,58,21907
117,60,21908
119,60,21909
126,64,21910
131,67,21911
134,70,21912
138,73,21913
141,77,21914
143,79,21915
149,91,21916
149,89,21917
153,101,21918
154,105,21919
155,109,21920
156,115,21921
156,122,21922
156,127,21923
155,133,21924
151,148,21925
154,143,21926
149,154,21927
146,160,21928
144,164,21929
139,171,21930
134,177,21931
128,182,21932
127,183,21933
118,189,21934
116,190,21935
106,194,21936
99,195,21937
95,196,21938
91,197,21939
81,196,21940
71,193,21941
64,191,21942
67,193,21943
50,183,21944
52,185,21945
41,176,21946
37,172,21947
31,164,21948
27,158,21949
27,159,21950
20,144,21951
17,136,21952
15,129,21953
13,118,21954
13,99,21955
12,107,21956
12,100,21957
13,89,21958
18,69,21959
15,76,21960
23,56,21961
23,54,21962
32,39,21963
38,32,21964
42,27,21965
48,21,21966
49,20,21967
62,11,21968
72,6,21969
75,5,21970
84,2,21971
96,115,21972
98,116,21973
95,117,21974
96,118,21975
94,119,21976
94,120,21977
91,119,21978
91,120,21979
90,120,21980
88,119,21981
88,120,21982
86,117,21983
85,118,21984
84,117,21985
83,114,21986
82,112,21987
81,111,21988
81,115,21989
80,109,21990
80,105,21991
81,101,21992
80,101,21993
80,100,21994
80,99,21995
83,93,21996
82,93,21997
84,91,21998
85,89,21999
88,86,22000
89,85,22001
91,83,22002
96,82,22003
95,81,22004
97,80,22005
101,80,22006
106,80,22007
108,80,22008
110,80,22009
109,79,22010
116,83,22011
117,83,22012
123,88,22013
121,85,22014
127,92,22015
128,93,22016
130,96,22017
133,102,22018
133,99,22019
135,111,22020
136,112,22021
137,114,22022
137,118,22023
137,122,22024
137,126,22025
136,132,22026
134,139,22027
132,144,22028
132,146,22029
128,152,22030
126,155,22031
126,156,22032
121,161,22033
114,166,22034
115,166,22035
110,169,22036
100,172,22037
98,173,22038
95,174,22039
91,174,22040
80,173,22041
78,173,22042
77,173,22043
69,170,22044
63,166,22045
59,164,22046
56,162,22047
49,154,22048
50,156,22049
43,146,22050
41,143,22051
39,139,22052
36,132,22053
33,118,22054
32,115,22055
32,119,22056
31,104,22057
32,93,22058
32,91,22059
35,79,22060
34,80,22061
38,69,22062
41,63,22063
47,53,22064
48,51,22065
54,44,22066
62,37,22067
68,33,22068
67,33,22069
74,29,22070
90,24,22071
92,23,22072
97,22,22073
107,22,22074
116,23,22075
121,24,22076
122,24,22077
138,31,22078
139,31,22079
148,37,22080
152,40,22081
160,48,22082
161,49,22083
171,63,22084
173,67,22085
178,77,22086
179,79,22087
184,99,22088
183,89,22089
186,114,22090
187,121,22091
186,133,22092
185,143,22093
182,155,22094
182,156,22095
178,168,22096
174,176,22097
168,187,22098
96,112,22099
94,110,22100
94,109,22101
94,107,22102
95,106,22103
94,105,22104
96,104,22105
98,103,22106
98,102,22107
98,101,22108
98,100,22109
101,100,22110
104,101,22111
104,100,22112
105,100,22113
108,102,22114
109,103,22115
107,99,22116
111,103,22117
112,104,22118
113,104,22119
115,108,22120
116,110,22121
117,112,22122
117,118,22123
118,116,22124
119,116,22125
118,123,22126
118,124,22127
119,125,22128
119,126,22129
116,133,22130
113,138,22131
116,136,22132
112,140,22133
111,142,22134
106,146,22135
107,146,22136
103,148,22137
99,150,22138
97,151,22139
94,152,22140
91,152,22141
84,151,22142
89,153,22143
82,152,22144
75,148,22145
76,150,22146
70,145,22147
66,142,22148
66,143,22149
64,142,22150
57,129,22151
57,131,22152
56,130,22153
54,125,22154
52,115,22155
51,116,22156
51,106,22157
50,107,22158
50,101,22159
51,93,22160
52,89,22161
53,84,22162
54,81,22163
60,71,22164
59,71,22165
62,66,22166
66,61,22167
71,57,22168
67,59,22169
84,49,22170
80,50,22171
89,47,22172
94,45,22173
97,44,22174
104,44,22175
107,44,22176
111,44,22177
119,46,22178
128,50,22179
128,49,22180
141,59,22181
142,59,22182
143,59,22183
151,70,22184
156,77,22185
156,76,22186
161,87,22187
164,97,22188
165,100,22189
166,100,22190
167,117,22191
168,119,22192
168,123,22193
166,138,22194
165,144,22195
163,152,22196
160,160,22197
150,176,22198
152,174,22199
153,174,22200
142,187,22201
139,190,22202
126,199,22203
124,201,22204
111,206,22205
116,205,22206
106,208,22207
97,210,22208
90,210,22209
81,210,22210
71,208,22211
64,206,22212
52,200,22213
51,200,22214
39,191,22215
44,196,22216
32,185,22217
23,174,22218
18,167,22219
14,161,22220
10,151,22221
8,147,22222
6,142,22223
2,125,22224
1,116,22225
98,113,22226
99,112,22227
100,114,22228
101,115,22229
102,115,22230
103,116,22231
102,119,22232
101,120,22233
102,121,22234
101,123,22235
102,123,22236
101,125,22237
100,126,22238
100,127,22239
97,128,22240
95,129,22241
94,130,22242
94,131,22243
91,131,22244
90,131,22245
89,132,22246
85,130,22247
84,130,22248
81,128,22249
80,128,22250
78,126,22251
77,126,22252
75,123,22253
75,124,22254
72,117,22255
71,117,22256
70,112,22257
70,107,22258
69,111,22259
69,103,22260
69,100,22261
70,96,22262
69,97,22263
71,91,22264
73,87,22265
75,83,22266
77,81,22267
75,81,22268
81,76,22269
82,74,22270
87,71,22271
89,70,22272
90,69,22273
99,67,22274
101,67,22275
102,66,22276
103,65,22277
114,68,22278
113,67,22279
115,67,22280
121,70,22281
128,76,22282
123,70,22283
132,78,22284
136,83,22285
139,87,22286
141,90,22287
143,94,22288
145,101,22289
146,101,22290
148,113,22291
148,117,22292
149,119,22293
149,121,22294
147,134,22295
149,130,22296
145,145,22297
143,150,22298
135,162,22299
137,161,22300
135,164,22301
131,169,22302
126,173,22303
122,177,22304
116,180,22305
110,183,22306
108,185,22307
97,187,22308
92,187,22309
92,188,22310
81,187,22311
79,187,22312
76,187,22313
59,179,22314
60,180,22315
50,173,22316
53,177,22317
39,161,22318
37,159,22319
36,159,22320
32,152,22321
26,138,22322
25,136,22323
24,135,22324
21,118,22325
20,110,22326
19,106,22327
20,92,22328
21,86,22329
22,80,22330
26,67,22331
31,57,22332
29,59,22333
33,51,22334
36,46,22335
46,34,22336
50,30,22337
56,25,22338
63,20,22339
71,16,22340
76,13,22341
89,10,22342
91,9,22343
106,8,22344
108,8,22345
125,11,22346
124,10,22347
145,20,22348
143,18,22349
150,22,22350
157,27,22351
168,38,22352
96,113,22353
95,116,22354
92,113,22355
92,116,22356
91,114,22357
90,115,22358
89,111,22359
88,111,22360
88,109,22361
87,110,22362
86,111,22363
87,106,22364
87,103,22365
86,104,22366
87,101,22367
87,100,22368
89,97,22369
87,98,22370
89,95,22371
92,93,22372
92,92,22373
93,91,22374
95,90,22375
97,89,22376
99,88,22377
102,88,22378
105,88,22379
107,88,22380
110,89,22381
110,88,22382
111,88,22383
117,93,22384
115,90,22385
121,97,22386
122,97,22387
123,98,22388
125,102,22389
127,107,22390
128,108,22391
129,113,22392
129,117,22393
130,118,22394
130,120,22395
129,127,22396
129,130,22397
129,131,22398
127,138,22399
126,140,22400
121,148,22401
122,148,22402
119,151,22403
117,154,22404
111,158,22405
110,159,22406
106,162,22407
103,163,22408
93,164,22409
97,165,22410
90,166,22411
88,166,22412
81,165,22413
77,164,22414
73,163,22415
66,158,22416
64,158,22417
60,154,22418
55,149,22419
53,147,22420
51,145,22421
48,140,22422
44,132,22423
42,125,22424
41,124,22425
40,107,22426
39,111,22427
38,108,22428
39,96,22429
40,88,22430
41,83,22431
43,77,22432
46,71,22433
45,71,22434
53,58,22435
55,55,22436
59,50,22437
65,45,22438
66,44,22439
73,39,22440
82,35,22441
86,33,22442
90,32,22443
95,31,22444
104,30,22445
113,31,22446
110,30,22447
122,33,22448
132,37,22449
139,41,22450
140,41,22451
150,49,22452
152,51,22453
160,61,22454
160,60,22455
170,78,22456
172,83,22457
173,84,22458
176,94,22459
178,104,22460
179,111,22461
180,117,22462
179,129,22463
179,136,22464
176,150,22465
175,153,22466
166,174,22467
171,166,22468
158,187,22469
158,188,22470
151,196,22471
143,203,22472
138,207,22473
135,210,22474
121,217,22475
122,217,22476
107,222,22477
100,223,22478
92,224,22479
97,110,22480
97,109,22481
98,108,22482
99,107,22483
100,107,22484
101,107,22485
102,107,22486
103,107,22487
104,107,22488
105,107,22489
106,107,22490
107,108,22491
108,109,22492
109,110,22493
110,113,22494
111,114,22495
111,118,22496
112,117,22497
112,119,22498
111,124,22499
112,123,22500
111,126,22501
111,128,22502
110,130,22503
108,133,22504
107,135,22505
106,136,22506
104,138,22507
102,140,22508
100,141,22509
98,142,22510
93,143,22511
93,144,22512
90,144,22513
87,144,22514
86,144,22515
82,143,22516
81,143,22517
77,141,22518
73,138,22519
71,137,22520
69,135,22521
67,133,22522
64,128,22523
63,127,22524
61,122,22525
60,119,22526
59,119,22527
58,107,22528
57,107,22529
58,98,22530
58,96,22531
58,95,22532
60,87,22533
61,84,22534
63,79,22535
67,73,22536
67,72,22537
71,68,22538
76,63,22539
75,63,22540
81,59,22541
83,58,22542
86,56,22543
92,54,22544
100,53,22545
107,53,22546
104,52,22547
112,53,22548
119,55,22549
122,56,22550
125,57,22551
134,63,22552
137,66,22553
140,68,22554
145,74,22555
147,77,22556
152,85,22557
153,87,22558
156,95,22559
157,98,22560
159,106,22561
160,117,22562
160,124,22563
160,128,22564
160,132,22565
158,142,22566
157,147,22567
154,154,22568
152,160,22569
145,171,22570
142,175,22571
138,180,22572
137,181,22573
130,187,22574
119,194,22575
117,195,22576
107,199,22577
104,200,22578
92,201,22579
83,201,22580
80,201,22581
74,200,22582
65,197,22583
62,196,22584
52,191,22585
48,188,22586
43,185,22587
38,180,22588
29,170,22589
26,166,22590
20,156,22591
17,149,22592
13,139,22593
11,131,22594
9,122,22595
8,110,22596
8,99,22597
8,93,22598
10,80,22599
11,75,22600
12,71,22601
16,59,22602
21,48,22603
23,44,22604
32,31,22605
35,27,22606
97,114,22607
99,114,22608
97,117,22609
99,117,22610
97,119,22611
97,120,22612
96,121,22613
94,122,22614
95,123,22615
93,123,22616
94,125,22617
90,123,22618
88,123,22619
88,124,22620
86,123,22621
84,121,22622
83,120,22623
84,124,22624
80,117,22625
80,118,22626
79,118,22627
78,113,22628
77,112,22629
76,110,22630
77,102,22631
75,107,22632
76,101,22633
76,100,22634
77,96,22635
77,95,22636
76,95,22637
82,87,22638
81,87,22639
79,87,22640
85,82,22641
87,80,22642
91,78,22643
92,77,22644
95,76,22645
99,75,22646
102,75,22647
106,75,22648
106,74,22649
113,76,22650
112,75,22651
115,76,22652
123,82,22653
121,79,22654
128,86,22655
131,90,22656
130,87,22657
131,87,22658
138,105,22659
138,102,22660
138,100,22661
140,108,22662
141,117,22663
142,115,22664
141,125,22665
142,124,22666
141,132,22667
139,139,22668
136,147,22669
136,148,22670
135,150,22671
127,160,22672
126,162,22673
125,164,22674
119,169,22675
112,173,22676
116,172,22677
103,177,22678
101,178,22679
92,179,22680
86,179,22681
82,179,22682
75,177,22683
73,177,22684
70,176,22685
65,174,22686
58,169,22687
58,170,22688
44,155,22689
44,156,22690
43,156,22691
35,140,22692
35,141,22693
33,137,22694
29,124,22695
28,118,22696
27,111,22697
27,101,22698
27,97,22699
27,93,22700
28,86,22701
33,70,22702
34,67,22703
37,60,22704
40,55,22705
50,42,22706
55,37,22707
52,39,22708
56,35,22709
71,25,22710
78,22,22711
82,20,22712
93,18,22713
94,17,22714
101,16,22715
112,17,22716
114,17,22717
127,20,22718
130,21,22719
137,24,22720
153,35,22721
149,31,22722
163,45,22723
160,40,22724
176,63,22725
180,71,22726
182,75,22727
184,78,22728
188,95,22729
189,98,22730
191,110,22731
191,119,22732
192,122,22733
95,112,22734
94,113,22735
93,111,22736
92,109,22737
92,108,22738
90,109,22739
92,106,22740
93,104,22741
93,103,22742
93,102,22743
92,101,22744
93,100,22745
96,98,22746
96,97,22747
99,97,22748
100,96,22749
103,96,22750
100,94,22751
105,96,22752
106,96,22753
106,95,22754
110,97,22755
112,99,22756
114,100,22757
115,100,22758
117,104,22759
117,102,22760
119,106,22761
120,108,22762
121,111,22763
122,112,22764
122,118,22765
122,123,22766
124,119,22767
123,124,22768
123,126,22769
121,132,22770
120,136,22771
120,137,22772
115,143,22773
116,143,22774
113,147,22775
113,148,22776
105,152,22777
103,154,22778
101,155,22779
97,156,22780
96,157,22781
89,157,22782
84,156,22783
88,158,22784
85,158,22785
72,152,22786
74,154,22787
70,152,22788
68,151,22789
62,145,22790
62,147,22791
56,138,22792
55,137,22793
51,129,22794
49,124,22795
48,122,22796
47,113,22797
46,113,22798
47,96,22799
46,99,22800
46,95,22801
47,90,22802
51,78,22803
49,80,22804
55,69,22805
54,70,22806
63,59,22807
62,58,22808
69,52,22809
71,50,22810
76,47,22811
84,43,22812
86,42,22813
95,40,22814
94,39,22815
104,39,22816
114,40,22817
107,38,22818
123,42,22819
128,44,22820
127,43,22821
138,50,22822
146,57,22823
151,62,22824
149,58,22825
158,72,22826
163,81,22827
163,79,22828
165,84,22829
170,104,22830
171,107,22831
172,111,22832
171,131,22833
172,128,22834
171,138,22835
169,147,22836
168,151,22837
163,164,22838
162,167,22839
153,180,22840
153,182,22841
154,181,22842
142,194,22843
137,198,22844
127,205,22845
123,207,22846
116,210,22847
101,214,22848
99,215,22849
89,215,22850
89,216,22851
70,213,22852
67,212,22853
60,210,22854
53,207,22855
40,198,22856
40,199,22857
27,187,22858
29,190,22859
20,179,22860
97,112,22861
99,110,22862
100,111,22863
101,110,22864
102,112,22865
103,112,22866
104,114,22867
103,118,22868
105,116,22869
105,118,22870
106,117,22871
105,121,22872
105,123,22873
105,124,22874
104,126,22875
103,128,22876
102,129,22877
102,130,22878
102,131,22879
98,133,22880
100,133,22881
94,134,22882
93,135,22883
93,136,22884
90,136,22885
89,136,22886
87,136,22887
84,135,22888
81,134,22889
78,132,22890
78,133,22891
73,127,22892
75,131,22893
71,126,22894
69,122,22895
68,121,22896
67,118,22897
66,115,22898
65,111,22899
65,104,22900
65,101,22901
65,99,22902
64,99,22903
67,91,22904
66,90,22905
69,84,22906
68,85,22907
72,79,22908
78,73,22909
75,74,22910
80,70,22911
82,68,22912
91,64,22913
90,64,22914
94,62,22915
97,61,22916
107,62,22917
102,60,22918
112,62,22919
111,61,22920
121,65,22921
124,66,22922
126,67,22923
134,74,22924
132,71,22925
139,79,22926
141,82,22927
145,88,22928
146,90,22929
149,96,22930
150,100,22931
152,110,22932
153,113,22933
152,128,22934
154,122,22935
152,135,22936
150,143,22937
148,149,22938
148,150,22939
145,156,22940
137,168,22941
139,167,22942
134,172,22943
129,177,22944
125,181,22945
118,185,22946
112,188,22947
108,190,22948
99,192,22949
96,193,22950
89,193,22951
88,194,22952
74,191,22953
73,191,22954
68,190,22955
60,186,22956
49,178,22957
47,177,22958
40,171,22959
37,167,22960
30,157,22961
27,152,22962
24,147,22963
20,136,22964
18,127,22965
17,125,22966
16,105,22967
15,110,22968
15,96,22969
15,93,22970
19,74,22971
19,73,22972
23,61,22973
26,55,22974
35,41,22975
36,38,22976
47,27,22977
47,26,22978
56,19,22979
64,14,22980
69,11,22981
73,9,22982
86,5,22983
88,4,22984
100,3,22985
104,2,22986
113,3,22987
96,114,22988
97,116,22989
94,116,22990
94,118,22991
92,117,22992
92,118,22993
89,115,22994
89,117,22995
88,117,22996
87,115,22997
86,116,22998
85,113,22999
84,112,23000
84,111,23001
83,110,23002
83,107,23003
83,104,23004
82,105,23005
83,101,23006
83,100,23007
84,97,23008
83,97,23009
85,94,23010
86,92,23011
89,89,23012
88,89,23013
91,87,23014
92,86,23015
94,85,23016
98,84,23017
97,83,23018
104,83,23019
104,82,23020
108,83,23021
109,83,23022
113,84,23023
115,85,23024
119,88,23025
120,88,23026
123,92,23027
126,95,23028
128,100,23029
128,97,23030
131,103,23031
132,108,23032
133,110,23033
134,115,23034
134,120,23035
134,123,23036
134,127,23037
133,132,23038
133,134,23039
130,142,23040
128,146,23041
129,145,23042
125,151,23043
121,156,23044
120,158,23045
116,161,23046
112,164,23047
106,167,23048
104,168,23049
98,170,23050
91,170,23051
93,171,23052
82,170,23053
81,170,23054
76,169,23055
72,168,23056
65,164,23057
62,162,23058
58,159,23059
55,157,23060
51,152,23061
47,147,23062
45,144,23063
40,134,23064
39,132,23065
37,125,23066
35,116,23067
35,105,23068
34,110,23069
35,93,23070
36,86,23071
35,88,23072
38,78,23073
39,74,23074
42,67,23075
48,57,23076
48,56,23077
54,48,23078
61,42,23079
67,37,23080
68,36,23081
75,32,23082
85,28,23083
95,26,23084
99,26,23085
101,25,23086
114,26,23087
120,27,23088
124,28,23089
127,29,23090
136,33,23091
146,40,23092
147,40,23093
156,48,23094
159,51,23095
167,62,23096
169,65,23097
173,72,23098
177,82,23099
180,92,23100
182,100,23101
183,117,23102
184,115,23103
183,134,23104
182,143,23105
181,148,23106
178,159,23107
173,171,23108
174,170,23109
166,184,23110
160,193,23111
158,196,23112
152,202,23113
143,210,23114
96,111,23115
95,110,23116
95,108,23117
96,107,23118
97,105,23119
96,105,23120
99,104,23121
100,104,23122
101,103,23123
101,102,23124
101,101,23125
104,103,23126
105,103,23127
107,103,23128
109,106,23129
110,106,23130
111,108,23131
111,104,23132
113,110,23133
114,112,23134
115,112,23135
115,116,23136
116,116,23137
116,119,23138
115,124,23139
116,125,23140
115,128,23141
114,131,23142
113,133,23143
113,134,23144
112,136,23145
108,140,23146
108,141,23147
109,141,23148
102,145,23149
104,145,23150
98,147,23151
96,148,23152
93,149,23153
89,149,23154
87,149,23155
83,148,23156
81,148,23157
75,145,23158
76,147,23159
72,144,23160
65,136,23161
65,138,23162
61,130,23163
59,128,23164
59,130,23165
57,126,23166
55,115,23167
54,114,23168
53,112,23169
53,107,23170
53,102,23171
53,98,23172
54,93,23173
55,88,23174
56,83,23175
58,79,23176
62,72,23177
63,70,23178
65,67,23179
74,59,23180
74,58,23181
80,54,23182
83,52,23183
86,51,23184
90,49,23185
98,48,23186
101,47,23187
110,48,23188
113,48,23189
118,49,23190
127,53,23191
126,52,23192
132,55,23193
138,60,23194
144,66,23195
143,63,23196
154,80,23197
156,83,23198
157,84,23199
161,97,23200
162,100,23201
163,102,23202
164,118,23203
165,119,23204
165,123,23205
164,135,23206
163,140,23207
161,149,23208
158,157,23209
155,164,23210
150,172,23211
148,175,23212
143,182,23213
132,191,23214
131,192,23215
124,197,23216
123,198,23217
112,203,23218
103,205,23219
98,206,23220
83,206,23221
84,207,23222
77,206,23223
68,204,23224
58,200,23225
52,197,23226
49,195,23227
41,189,23228
33,182,23229
31,180,23230
19,162,23231
21,168,23232
13,151,23233
8,136,23234
7,134,23235
5,127,23236
4,114,23237
3,109,23238
3,103,23239
4,88,23240
4,85,23241
98,114,23242
100,113,23243
100,115,23244
100,116,23245
101,117,23246
101,118,23247
100,120,23248
98,122,23249
99,123,23250
98,124,23251
99,125,23252
96,126,23253
94,126,23254
94,127,23255
93,128,23256
90,128,23257
89,128,23258
89,129,23259
87,128,23260
84,127,23261
84,128,23262
80,124,23263
79,123,23264
78,122,23265
77,122,23266
75,118,23267
74,116,23268
73,113,23269
73,108,23270
72,109,23271
71,109,23272
72,101,23273
73,97,23274
70,104,23275
73,94,23276
73,93,23277
76,87,23278
75,87,23279
80,81,23280
82,79,23281
82,78,23282
87,75,23283
83,76,23284
94,72,23285
94,71,23286
97,70,23287
101,69,23288
103,69,23289
111,71,23290
116,72,23291
113,70,23292
116,71,23293
126,78,23294
127,78,23295
128,78,23296
131,81,23297
135,87,23298
135,85,23299
140,95,23300
142,100,23301
143,103,23302
145,110,23303
145,117,23304
146,119,23305
146,125,23306
144,134,23307
144,137,23308
143,142,23309
141,147,23310
139,151,23311
140,151,23312
131,163,23313
131,164,23314
122,172,23315
122,173,23316
116,177,23317
113,179,23318
105,182,23319
101,183,23320
96,184,23321
86,184,23322
87,185,23323
72,181,23324
73,182,23325
70,182,23326
61,177,23327
55,173,23328
54,173,23329
43,162,23330
39,157,23331
37,154,23332
39,159,23333
28,135,23334
28,136,23335
26,131,23336
25,128,23337
23,111,23338
22,107,23339
22,103,23340
25,83,23341
25,80,23342
25,79,23343
30,64,23344
32,60,23345
37,51,23346
40,46,23347
50,35,23348
52,32,23349
53,31,23350
62,24,23351
71,19,23352
81,15,23353
89,13,23354
95,12,23355
110,12,23356
106,11,23357
126,15,23358
122,13,23359
133,17,23360
138,19,23361
151,27,23362
153,28,23363
168,43,23364
168,42,23365
176,53,23366
179,57,23367
185,70,23368
95,113,23369
94,115,23370
93,113,23371
92,114,23372
91,111,23373
90,112,23374
90,108,23375
90,107,23376
89,106,23377
88,106,23378
87,107,23379
88,104,23380
90,101,23381
90,99,23382
91,98,23383
91,97,23384
95,95,23385
92,95,23386
95,93,23387
97,92,23388
99,92,23389
100,91,23390
103,91,23391
106,91,23392
108,92,23393
108,91,23394
109,91,23395
114,94,23396
115,95,23397
117,96,23398
119,98,23399
121,102,23400
122,101,23401
123,104,23402
125,109,23403
126,110,23404
126,117,23405
127,117,23406
128,117,23407
126,128,23408
126,130,23409
126,131,23410
127,130,23411
122,141,23412
123,140,23413
120,145,23414
119,147,23415
117,150,23416
108,156,23417
110,156,23418
106,158,23419
103,160,23420
96,161,23421
95,162,23422
93,163,23423
89,163,23424
79,160,23425
83,163,23426
74,159,23427
74,160,23428
65,154,23429
64,154,23430
60,151,23431
54,142,23432
55,146,23433
50,137,23434
47,131,23435
45,126,23436
44,123,23437
43,121,23438
42,114,23439
41,107,23440
41,104,23441
44,87,23442
42,90,23443
43,86,23444
47,74,23445
49,70,23446
53,63,23447
57,58,23448
61,53,23449
60,53,23450
69,46,23451
71,44,23452
79,39,23453
89,36,23454
92,35,23455
95,34,23456
107,34,23457
109,34,23458
120,36,23459
116,34,23460
134,42,23461
135,42,23462
138,43,23463
146,50,23464
151,55,23465
157,61,23466
159,64,23467
163,70,23468
168,81,23469
170,85,23470
173,93,23471
175,102,23472
176,113,23473
177,116,23474
175,135,23475
177,128,23476
175,142,23477
173,151,23478
168,164,23479
168,165,23480
164,173,23481
156,185,23482
149,193,23483
145,198,23484
137,204,23485
132,208,23486
122,213,23487
111,217,23488
103,219,23489
100,220,23490
85,220,23491
81,220,23492
72,219,23493
67,218,23494
58,215,23495
97,111,23496
98,109,23497
100,109,23498
99,108,23499
102,109,23500
103,109,23501
104,110,23502
104,109,23503
105,110,23504
106,111,23505
107,112,23506
108,113,23507
108,117,23508
109,116,23509
110,117,23510
109,121,23511
109,122,23512
110,122,23513
109,125,23514
107,129,23515
107,130,23516
105,132,23517
105,133,23518
104,135,23519
100,137,23520
100,138,23521
98,139,23522
95,140,23523
93,140,23524
91,141,23525
91,142,23526
85,140,23527
83,140,23528
80,139,23529
79,139,23530
76,137,23531
74,135,23532
71,133,23533
69,130,23534
67,127,23535
66,126,23536
64,121,23537
63,121,23538
62,107,23539
61,113,23540
60,109,23541
60,104,23542
60,101,23543
64,88,23544
61,93,23545
63,87,23546
64,84,23547
66,80,23548
69,75,23549
72,71,23550
73,69,23551
80,64,23552
80,63,23553
86,60,23554
88,59,23555
94,57,23556
97,56,23557
102,56,23558
112,57,23559
106,55,23560
118,58,23561
120,59,23562
125,61,23563
126,61,23564
134,67,23565
140,73,23566
141,74,23567
145,79,23568
148,84,23569
150,88,23570
153,94,23571
154,98,23572
156,105,23573
157,112,23574
158,118,23575
156,133,23576
158,129,23577
155,141,23578
152,151,23579
152,152,23580
150,157,23581
145,166,23582
143,169,23583
137,176,23584
135,179,23585
129,184,23586
120,190,23587
116,192,23588
109,195,23589
102,197,23590
97,198,23591
88,198,23592
84,198,23593
79,198,23594
64,193,23595
63,193,23596
54,188,23597
56,190,23598
44,181,23599
35,172,23600
37,175,23601
26,160,23602
25,159,23603
21,151,23604
17,142,23605
15,136,23606
13,127,23607
11,115,23608
11,97,23609
11,96,23610
10,98,23611
15,72,23612
15,71,23613
20,57,23614
22,53,23615
26,45,23616
31,37,23617
34,33,23618
43,23,23619
54,14,23620
60,10,23621
65,7,23622
97,115,23623
98,115,23624
96,117,23625
97,118,23626
95,119,23627
95,120,23628
93,120,23629
92,120,23630
92,122,23631
90,121,23632
90,122,23633
87,120,23634
86,120,23635
85,120,23636
84,118,23637
82,115,23638
81,114,23639
81,118,23640
80,112,23641
79,110,23642
79,107,23643
78,107,23644
78,105,23645
78,103,23646
80,97,23647
78,99,23648
80,95,23649
81,92,23650
84,88,23651
84,87,23652
85,86,23653
90,83,23654
90,82,23655
90,81,23656
95,79,23657
97,78,23658
102,78,23659
102,77,23660
105,77,23661
109,78,23662
114,80,23663
118,82,23664
117,80,23665
122,84,23666
123,85,23667
126,87,23668
131,95,23669
130,91,23670
134,102,23671
135,103,23672
136,103,23673
137,106,23674
138,116,23675
139,117,23676
139,122,23677
139,124,23678
136,137,23679
137,137,23680
133,146,23681
135,143,23682
133,148,23683
128,155,23684
124,160,23685
120,164,23686
121,164,23687
112,169,23688
107,172,23689
105,173,23690
100,175,23691
92,175,23692
92,176,23693
85,176,23694
83,176,23695
73,173,23696
69,172,23697
66,171,23698
58,165,23699
57,165,23700
49,157,23701
47,155,23702
42,148,23703
41,147,23704
36,135,23705
34,131,23706
34,133,23707
31,115,23708
30,112,23709
29,109,23710
30,97,23711
30,92,23712
32,82,23713
34,76,23714
35,72,23715
38,64,23716
42,57,23717
47,50,23718
53,43,23719
55,40,23720
60,36,23721
73,28,23722
79,25,23723
81,24,23724
83,23,23725
97,20,23726
106,20,23727
104,19,23728
116,21,23729
123,22,23730
133,26,23731
138,28,23732
143,31,23733
151,37,23734
159,44,23735
165,51,23736
170,58,23737
174,64,23738
179,76,23739
179,73,23740
185,94,23741
187,105,23742
188,112,23743
188,127,23744
188,131,23745
188,134,23746
186,147,23747
183,158,23748
181,165,23749
95,111,23750
94,111,23751
93,110,23752
93,108,23753
94,106,23754
92,107,23755
95,104,23756
96,103,23757
96,102,23758
96,101,23759
96,100,23760
98,99,23761
101,99,23762
101,98,23763
103,98,23764
105,99,23765
107,100,23766
105,97,23767
108,99,23768
111,102,23769
111,100,23770
113,102,23771
115,106,23772
116,107,23773
117,106,23774
118,112,23775
119,112,23776
120,115,23777
119,123,23778
121,118,23779
121,121,23780
119,129,23781
117,133,23782
120,129,23783
117,135,23784
117,137,23785
113,142,23786
111,144,23787
111,145,23788
106,148,23789
104,150,23790
99,152,23791
103,152,23792
94,153,23793
94,154,23794
87,154,23795
82,153,23796
83,154,23797
78,152,23798
71,148,23799
74,151,23800
71,150,23801
63,141,23802
62,141,23803
59,138,23804
57,135,23805
54,128,23806
53,128,23807
51,122,23808
50,116,23809
49,112,23810
49,101,23811
49,97,23812
49,94,23813
49,93,23814
55,77,23815
53,79,23816
54,76,23817
57,71,23818
62,64,23819
60,65,23820
72,54,23821
72,53,23822
80,49,23823
82,47,23824
86,45,23825
91,44,23826
98,43,23827
101,42,23828
107,42,23829
117,44,23830
113,42,23831
131,50,23832
132,50,23833
134,50,23834
143,58,23835
146,61,23836
148,62,23837
153,69,23838
160,81,23839
161,83,23840
162,83,23841
166,98,23842
168,106,23843
168,103,23844
169,123,23845
169,129,23846
169,132,23847
168,139,23848
161,160,23849
161,161,23850
163,158,23851
155,173,23852
154,175,23853
144,187,23854
142,190,23855
128,200,23856
134,197,23857
126,202,23858
119,206,23859
110,209,23860
100,211,23861
92,212,23862
84,212,23863
77,211,23864
70,210,23865
52,202,23866
60,207,23867
46,199,23868
36,191,23869
32,188,23870
29,185,23871
16,167,23872
18,171,23873
12,161,23874
9,155,23875
2,132,23876
98,112,23877
100,112,23878
101,113,23879
101,114,23880
102,114,23881
103,115,23882
103,117,23883
102,120,23884
104,119,23885
103,121,23886
105,120,23887
103,123,23888
102,125,23889
102,126,23890
100,128,23891
98,129,23892
97,130,23893
97,131,23894
96,132,23895
93,132,23896
92,133,23897
87,132,23898
87,133,23899
85,132,23900
82,131,23901
81,131,23902
80,131,23903
77,128,23904
75,126,23905
73,122,23906
74,126,23907
70,116,23908
70,120,23909
69,116,23910
68,112,23911
67,110,23912
68,101,23913
67,102,23914
67,101,23915
69,93,23916
69,92,23917
73,84,23918
69,89,23919
76,79,23920
75,79,23921
80,74,23922
79,74,23923
82,72,23924
91,68,23925
87,68,23926
94,66,23927
96,65,23928
106,65,23929
105,64,23930
104,63,23931
112,65,23932
124,71,23933
116,65,23934
126,71,23935
127,71,23936
133,77,23937
133,76,23938
136,79,23939
142,90,23940
143,89,23941
146,98,23942
147,100,23943
149,109,23944
150,112,23945
149,129,23946
151,119,23947
150,130,23948
149,136,23949
145,147,23950
147,145,23951
145,150,23952
142,156,23953
135,166,23954
134,168,23955
129,173,23956
124,177,23957
126,177,23958
111,185,23959
109,186,23960
107,187,23961
96,189,23962
91,190,23963
86,190,23964
75,188,23965
71,187,23966
62,183,23967
65,186,23968
51,176,23969
49,175,23970
46,173,23971
36,161,23972
31,153,23973
29,150,23974
27,147,23975
24,138,23976
21,127,23977
20,125,23978
18,115,23979
18,101,23980
18,96,23981
18,94,23982
23,73,23983
20,79,23984
22,72,23985
25,63,23986
32,50,23987
37,42,23988
43,35,23989
52,26,23990
56,23,23991
56,22,23992
73,13,23993
71,13,23994
84,9,23995
95,7,23996
101,6,23997
109,6,23998
120,8,23999
122,8,24000
135,12,24001
138,13,24002
147,18,24003
95,114,24004
96,116,24005
93,114,24006
93,116,24007
91,115,24008
90,116,24009
89,113,24010
88,112,24011
88,114,24012
87,112,24013
86,113,24014
86,108,24015
86,106,24016
85,106,24017
84,106,24018
85,102,24019
87,99,24020
85,100,24021
86,97,24022
88,95,24023
89,93,24024
89,92,24025
90,91,24026
94,89,24027
95,88,24028
97,87,24029
99,86,24030
101,86,24031
107,87,24032
107,86,24033
104,84,24034
112,88,24035
112,87,24036
116,90,24037
117,90,24038
120,92,24039
121,93,24040
125,99,24041
125,98,24042
127,102,24043
129,107,24044
130,112,24045
131,111,24046
131,122,24047
132,119,24048
132,121,24049
131,129,24050
130,133,24051
127,140,24052
128,140,24053
126,144,24054
124,148,24055
119,153,24056
117,156,24057
115,158,24058
111,161,24059
105,164,24060
107,164,24061
98,166,24062
97,167,24063
92,168,24064
88,168,24065
86,168,24066
73,164,24067
73,165,24068
68,162,24069
66,161,24070
60,157,24071
58,156,24072
54,151,24073
49,145,24074
46,139,24075
44,137,24076
41,128,24077
40,125,24078
38,118,24079
37,112,24080
37,105,24081
37,97,24082
38,90,24083
41,79,24084
38,85,24085
42,75,24086
47,64,24087
48,62,24088
52,56,24089
56,51,24090
62,45,24091
64,43,24092
68,40,24093
74,36,24094
83,32,24095
91,30,24096
96,29,24097
99,28,24098
104,28,24099
121,31,24100
125,32,24101
129,33,24102
136,37,24103
143,41,24104
149,46,24105
152,48,24106
157,54,24107
165,65,24108
167,67,24109
170,73,24110
175,85,24111
176,88,24112
178,94,24113
180,104,24114
181,115,24115
181,128,24116
180,138,24117
175,157,24118
178,151,24119
171,168,24120
171,169,24121
166,179,24122
158,190,24123
152,197,24124
152,198,24125
142,207,24126
135,212,24127
132,214,24128
119,220,24129
114,222,24130
96,110,24131
96,109,24132
97,108,24133
98,107,24134
98,106,24135
99,105,24136
101,106,24137
102,105,24138
104,106,24139
105,106,24140
104,104,24141
106,106,24142
108,107,24143
109,108,24144
110,111,24145
111,111,24146
112,114,24147
112,110,24148
113,115,24149
113,120,24150
113,122,24151
113,124,24152
114,122,24153
113,127,24154
111,130,24155
111,132,24156
110,134,24157
108,136,24158
107,138,24159
105,140,24160
102,142,24161
98,143,24162
98,144,24163
98,145,24164
94,146,24165
90,146,24166
89,146,24167
86,146,24168
84,146,24169
79,144,24170
74,141,24171
73,140,24172
72,140,24173
66,133,24174
66,135,24175
63,130,24176
61,126,24177
61,128,24178
58,114,24179
57,114,24180
56,112,24181
56,108,24182
56,101,24183
56,98,24184
57,92,24185
58,87,24186
59,85,24187
60,81,24188
64,74,24189
67,70,24190
66,70,24191
71,65,24192
77,60,24193
79,58,24194
80,57,24195
91,53,24196
94,52,24197
96,51,24198
100,50,24199
109,51,24200
111,51,24201
113,51,24202
122,54,24203
129,58,24204
130,58,24205
134,60,24206
141,67,24207
144,70,24208
148,75,24209
152,81,24210
154,85,24211
157,92,24212
159,101,24213
161,109,24214
161,106,24215
162,117,24216
162,125,24217
162,128,24218
159,144,24219
158,149,24220
157,152,24221
153,161,24222
151,165,24223
146,173,24224
141,179,24225
135,185,24226
129,190,24227
125,193,24228
120,196,24229
104,201,24230
106,201,24231
98,203,24232
94,204,24233
82,203,24234
74,202,24235
70,201,24236
60,197,24237
55,195,24238
50,192,24239
48,191,24240
37,182,24241
30,174,24242
27,170,24243
21,161,24244
17,154,24245
15,149,24246
9,128,24247
9,134,24248
7,115,24249
6,107,24250
6,100,24251
7,88,24252
8,80,24253
11,68,24254
13,62,24255
18,50,24256
22,42,24257
97,113,24258
99,113,24259
98,117,24260
99,118,24261
99,119,24262
99,120,24263
97,121,24264
96,122,24265
96,123,24266
95,124,24267
96,125,24268
91,124,24269
89,124,24270
90,126,24271
89,126,24272
85,123,24273
84,123,24274
85,126,24275
82,122,24276
80,120,24277
81,123,24278
78,116,24279
77,116,24280
76,114,24281
76,108,24282
75,111,24283
74,109,24284
74,104,24285
75,100,24286
74,100,24287
74,99,24288
77,92,24289
79,88,24290
74,94,24291
80,86,24292
81,84,24293
84,81,24294
84,80,24295
89,77,24296
93,75,24297
95,74,24298
99,73,24299
100,73,24300
107,73,24301
104,72,24302
107,72,24303
115,75,24304
113,73,24305
123,79,24306
125,81,24307
126,81,24308
127,81,24309
135,94,24310
135,92,24311
136,92,24312
138,97,24313
141,109,24314
141,104,24315
142,117,24316
143,116,24317
143,125,24318
143,126,24319
142,134,24320
141,139,24321
140,143,24322
134,153,24323
133,156,24324
134,155,24325
129,162,24326
121,169,24327
124,168,24328
114,174,24329
112,176,24330
101,179,24331
104,179,24332
97,181,24333
87,181,24334
84,181,24335
81,181,24336
76,180,24337
69,177,24338
67,177,24339
54,168,24340
54,169,24341
53,169,24342
41,154,24343
38,150,24344
39,153,24345
34,143,24346
31,136,24347
29,130,24348
27,126,24349
26,111,24350
25,109,24351
25,100,24352
27,85,24353
27,84,24354
29,75,24355
32,67,24356
37,58,24357
38,55,24358
42,48,24359
47,42,24360
56,33,24361
63,28,24362
62,28,24363
74,22,24364
71,22,24365
82,18,24366
88,16,24367
107,15,24368
105,14,24369
114,15,24370
123,17,24371
136,22,24372
135,21,24373
148,29,24374
148,28,24375
163,42,24376
167,46,24377
174,56,24378
176,58,24379
183,73,24380
185,77,24381
186,79,24382
189,89,24383
192,106,24384
94,112,24385
94,114,24386
93,112,24387
92,110,24388
91,109,24389
90,110,24390
92,105,24391
92,104,24392
91,104,24393
91,103,24394
90,103,24395
91,101,24396
94,99,24397
93,98,24398
95,97,24399
97,96,24400
100,95,24401
97,94,24402
101,94,24403
103,94,24404
104,93,24405
105,93,24406
109,95,24407
111,96,24408
112,96,24409
114,97,24410
115,98,24411
118,102,24412
119,103,24413
121,106,24414
121,105,24415
123,112,24416
123,117,24417
124,114,24418
125,117,24419
125,121,24420
124,126,24421
123,131,24422
124,130,24423
121,137,24424
120,139,24425
120,140,24426
119,143,24427
113,149,24428
112,150,24429
110,152,24430
105,155,24431
104,156,24432
96,158,24433
91,158,24434
94,159,24435
91,160,24436
82,158,24437
83,159,24438
78,158,24439
73,156,24440
69,153,24441
68,154,24442
60,146,24443
58,144,24444
56,141,24445
53,137,24446
52,136,24447
48,125,24448
48,128,24449
46,119,24450
45,110,24451
44,108,24452
44,101,24453
46,90,24454
44,94,24455
46,86,24456
48,79,24457
55,67,24458
53,68,24459
57,62,24460
59,59,24461
64,54,24462
71,48,24463
74,46,24464
80,43,24465
82,41,24466
95,38,24467
93,38,24468
98,37,24469
108,37,24470
116,38,24471
118,38,24472
130,43,24473
135,46,24474
141,50,24475
136,45,24476
153,62,24477
155,64,24478
156,64,24479
159,69,24480
167,86,24481
168,88,24482
169,89,24483
172,103,24484
173,112,24485
174,116,24486
174,122,24487
173,135,24488
172,142,24489
170,150,24490
163,167,24491
165,165,24492
162,171,24493
156,181,24494
149,189,24495
146,193,24496
140,198,24497
132,204,24498
118,211,24499
118,212,24500
106,215,24501
106,216,24502
93,217,24503
84,217,24504
74,216,24505
68,215,24506
51,207,24507
51,208,24508
44,204,24509
42,203,24510
30,193,24511
98,111,24512
99,110,24513
100,110,24514
101,109,24515
102,111,24516
103,111,24517
104,112,24518
104,116,24519
105,114,24520
106,115,24521
107,115,24522
107,117,24523
106,122,24524
107,122,24525
106,124,24526
106,125,24527
105,127,24528
106,127,24529
105,129,24530
101,132,24531
103,132,24532
100,134,24533
99,135,24534
97,136,24535
93,137,24536
93,138,24537
91,138,24538
86,137,24539
84,137,24540
82,136,24541
84,138,24542
77,133,24543
79,136,24544
74,132,24545
71,128,24546
70,127,24547
68,124,24548
67,122,24549
65,117,24550
64,113,24551
64,109,24552
63,109,24553
62,108,24554
64,98,24555
62,101,24556
64,93,24557
64,92,24558
67,84,24559
71,79,24560
68,81,24561
73,74,24562
75,72,24563
81,67,24564
84,65,24565
85,64,24566
88,62,24567
93,61,24568
94,60,24569
101,59,24570
107,59,24571
108,59,24572
114,60,24573
118,61,24574
125,65,24575
125,64,24576
132,69,24577
135,72,24578
141,79,24579
141,78,24580
146,86,24581
148,90,24582
150,96,24583
151,97,24584
153,106,24585
154,111,24586
155,116,24587
155,122,24588
154,131,24589
154,135,24590
151,146,24591
147,155,24592
149,153,24593
145,160,24594
139,169,24595
137,172,24596
132,177,24597
126,182,24598
124,184,24599
112,190,24600
111,191,24601
108,192,24602
101,194,24603
91,195,24604
86,195,24605
81,195,24606
72,193,24607
63,189,24608
60,188,24609
54,185,24610
45,178,24611
42,175,24612
34,166,24613
31,163,24614
26,154,24615
24,150,24616
20,142,24617
17,132,24618
16,128,24619
14,117,24620
13,112,24621
14,94,24622
13,97,24623
15,82,24624
17,74,24625
22,61,24626
20,63,24627
28,48,24628
33,39,24629
40,31,24630
45,26,24631
49,22,24632
61,13,24633
66,10,24634
68,9,24635
85,3,24636
89,2,24637
98,1,24638
96,115,24639
98,116,24640
94,117,24641
95,118,24642
93,118,24643
93,119,24644
91,118,24645
90,119,24646
89,119,24647
88,118,24648
87,118,24649
85,115,24650
85,116,24651
84,115,24652
83,113,24653
82,111,24654
82,107,24655
81,109,24656
81,106,24657
81,104,24658
82,100,24659
81,100,24660
82,97,24661
83,95,24662
84,93,24663
84,92,24664
87,89,24665
88,87,24666
91,85,24667
92,84,24668
93,83,24669
99,82,24670
99,81,24671
102,81,24672
106,81,24673
108,81,24674
112,82,24675
114,83,24676
114,82,24677
120,87,24678
121,87,24679
124,90,24680
125,90,24681
129,96,24682
131,100,24683
132,102,24684
134,109,24685
134,105,24686
135,116,24687
136,116,24688
136,121,24689
136,125,24690
135,131,24691
134,136,24692
133,140,24693
130,146,24694
128,149,24695
129,149,24696
124,156,24697
120,160,24698
121,160,24699
115,164,24700
106,169,24701
105,170,24702
102,171,24703
95,172,24704
92,173,24705
90,173,24706
84,173,24707
77,171,24708
70,169,24709
66,167,24710
64,166,24711
58,161,24712
55,159,24713
50,154,24714
47,150,24715
44,146,24716
39,136,24717
37,131,24718
35,125,24719
34,122,24720
33,111,24721
32,108,24722
32,102,24723
33,92,24724
35,82,24725
35,81,24726
40,68,24727
39,68,24728
42,63,24729
47,55,24730
53,47,24731
59,41,24732
60,40,24733
70,33,24734
75,30,24735
74,30,24736
88,25,24737
97,24,24738
101,23,24739
106,23,24740
116,24,24741
120,25,24742
132,29,24743
135,30,24744
147,38,24745
145,36,24746
159,49,24747
162,52,24748
163,53,24749
171,65,24750
174,71,24751
178,80,24752
181,89,24753
182,92,24754
185,112,24755
185,104,24756
186,121,24757
185,134,24758
183,146,24759
183,148,24760
176,169,24761
175,171,24762
171,180,24763
165,189,24764
164,191,24765
96,112,24766
95,110,24767
94,108,24768
95,107,24769
96,106,24770
95,105,24771
97,104,24772
99,103,24773
99,102,24774
99,101,24775
99,100,24776
102,101,24777
105,102,24778
103,100,24779
107,102,24780
108,103,24781
110,105,24782
109,101,24783
112,106,24784
113,107,24785
114,107,24786
115,110,24787
116,113,24788
117,114,24789
116,123,24790
118,118,24791
118,121,24792
117,125,24793
117,127,24794
117,129,24795
117,130,24796
113,136,24797
112,138,24798
114,138,24799
109,142,24800
109,143,24801
103,147,24802
101,148,24803
99,149,24804
95,150,24805
93,151,24806
89,151,24807
87,151,24808
80,149,24809
82,151,24810
77,149,24811
71,144,24812
73,147,24813
66,141,24814
64,138,24815
62,137,24816
62,138,24817
56,124,24818
55,124,24819
55,125,24820
53,119,24821
52,110,24822
51,112,24823
52,98,24824
51,100,24825
52,92,24826
53,88,24827
57,78,24828
55,81,24829
59,73,24830
65,66,24831
65,64,24832
67,62,24833
71,58,24834
80,52,24835
75,54,24836
89,48,24837
90,47,24838
99,46,24839
100,45,24840
105,45,24841
116,47,24842
118,47,24843
122,48,24844
130,52,24845
138,58,24846
134,54,24847
146,66,24848
146,65,24849
147,65,24850
155,78,24851
157,81,24852
161,89,24853
164,100,24854
165,107,24855
166,111,24856
166,126,24857
166,130,24858
166,134,24859
166,135,24860
162,151,24861
159,159,24862
155,167,24863
157,164,24864
149,176,24865
142,185,24866
143,185,24867
136,191,24868
128,197,24869
118,202,24870
117,203,24871
102,207,24872
106,207,24873
94,209,24874
90,209,24875
78,208,24876
68,206,24877
62,204,24878
52,199,24879
46,195,24880
40,191,24881
34,185,24882
30,182,24883
22,171,24884
14,157,24885
13,156,24886
11,152,24887
5,132,24888
4,129,24889
3,124,24890
2,108,24891
1,101,24892
98,113,24893
99,112,24894
100,114,24895
101,116,24896
102,116,24897
102,117,24898
101,119,24899
100,121,24900
101,122,24901
100,123,24902
101,124,24903
98,126,24904
97,127,24905
98,127,24906
95,128,24907
93,129,24908
92,129,24909
92,130,24910
89,130,24911
88,130,24912
88,131,24913
83,128,24914
82,128,24915
80,126,24916
79,126,24917
77,124,24918
76,123,24919
74,120,24920
73,119,24921
72,114,24922
71,114,24923
70,109,24924
71,101,24925
69,108,24926
70,101,24927
70,99,24928
72,93,24929
71,93,24930
74,87,24931
77,83,24932
76,83,24933
82,77,24934
78,79,24935
85,74,24936
85,73,24937
89,71,24938
94,69,24939
95,68,24940
105,68,24941
107,68,24942
106,67,24943
109,67,24944
118,71,24945
120,71,24946
119,70,24947
124,73,24948
132,81,24949
129,76,24950
134,82,24951
139,89,24952
141,93,24953
142,95,24954
144,99,24955
146,110,24956
147,110,24957
147,121,24958
147,128,24959
147,131,24960
147,133,24961
144,142,24962
146,140,24963
141,151,24964
140,154,24965
135,161,24966
133,165,24967
127,171,24968
125,173,24969
116,179,24970
115,180,24971
104,184,24972
100,185,24973
104,185,24974
88,186,24975
83,186,24976
84,187,24977
76,185,24978
69,183,24979
65,182,24980
52,173,24981
54,175,24982
45,167,24983
47,171,24984
36,155,24985
33,151,24986
29,144,24987
27,139,24988
23,123,24989
22,120,24990
21,116,24991
21,102,24992
20,103,24993
21,92,24994
22,85,24995
25,73,24996
26,70,24997
29,62,24998
39,46,24999
35,50,25000
38,45,25001
46,35,25002
53,29,25003
62,22,25004
71,17,25005
78,14,25006
86,12,25007
87,11,25008
106,10,25009
106,9,25010
120,11,25011
128,13,25012
136,16,25013
137,16,25014
156,29,25015
156,28,25016
161,32,25017
166,37,25018
171,43,25019
96,113,25020
95,115,25021
92,113,25022
92,115,25023
91,113,25024
90,114,25025
89,110,25026
89,109,25027
88,108,25028
87,109,25029
86,109,25030
87,105,25031
88,102,25032
87,102,25033
88,100,25034
89,98,25035
92,96,25036
89,96,25037
91,94,25038
93,93,25039
95,91,25040
96,90,25041
99,90,25042
100,89,25043
102,89,25044
105,89,25045
106,89,25046
108,89,25047
112,91,25048
113,91,25049
114,91,25050
119,96,25051
118,93,25052
121,98,25053
123,100,25054
124,102,25055
125,103,25056
127,111,25057
128,111,25058
128,120,25059
129,120,25060
129,122,25061
129,126,25062
127,132,25063
127,134,25064
126,137,25065
125,141,25066
123,144,25067
116,152,25068
119,150,25069
112,156,25070
113,156,25071
105,160,25072
104,161,25073
100,163,25074
97,164,25075
89,164,25076
92,165,25077
84,164,25078
80,164,25079
74,161,25080
74,162,25081
71,161,25082
61,153,25083
63,156,25084
56,149,25085
51,142,25086
50,141,25087
47,136,25088
45,132,25089
43,126,25090
41,117,25091
40,115,25092
41,96,25093
39,105,25094
40,94,25095
41,88,25096
42,84,25097
45,75,25098
47,70,25099
52,62,25100
51,62,25101
58,53,25102
62,49,25103
65,46,25104
71,42,25105
76,39,25106
84,35,25107
92,33,25108
96,32,25109
106,32,25110
106,31,25111
117,33,25112
121,34,25113
120,33,25114
132,38,25115
142,45,25116
143,45,25117
148,49,25118
155,56,25119
161,64,25120
164,69,25121
167,73,25122
170,80,25123
175,96,25124
175,94,25125
177,105,25126
178,113,25127
179,121,25128
178,134,25129
176,144,25130
175,150,25131
171,162,25132
165,174,25133
160,182,25134
163,179,25135
151,194,25136
149,197,25137
144,201,25138
128,212,25139
126,213,25140
121,216,25141
108,220,25142
107,221,25143
97,222,25144
87,223,25145
78,222,25146
97,110,25147
97,109,25148
98,108,25149
99,107,25150
100,107,25151
101,107,25152
102,107,25153
104,108,25154
105,109,25155
106,109,25156
107,110,25157
108,111,25158
109,113,25159
109,114,25160
110,115,25161
110,118,25162
110,120,25163
111,120,25164
111,122,25165
110,125,25166
110,127,25167
109,129,25168
109,130,25169
108,132,25170
105,135,25171
105,136,25172
103,138,25173
101,139,25174
100,140,25175
95,141,25176
95,142,25177
88,142,25178
90,143,25179
88,143,25180
83,142,25181
80,141,25182
78,140,25183
76,139,25184
73,137,25185
70,134,25186
69,133,25187
66,129,25188
65,128,25189
62,122,25190
61,120,25191
60,116,25192
59,112,25193
59,107,25194
59,101,25195
58,103,25196
59,96,25197
60,90,25198
62,85,25199
63,82,25200
65,78,25201
66,76,25202
71,70,25203
71,69,25204
74,66,25205
79,62,25206
82,60,25207
88,57,25208
94,55,25209
100,55,25210
98,54,25211
106,54,25212
109,54,25213
115,55,25214
119,56,25215
124,58,25216
129,61,25217
132,63,25218
136,66,25219
140,70,25220
145,76,25221
149,82,25222
151,86,25223
153,90,25224
155,95,25225
158,108,25226
158,119,25227
159,113,25228
159,125,25229
158,135,25230
158,137,25231
157,142,25232
155,149,25233
151,159,25234
148,164,25235
143,172,25236
144,171,25237
135,181,25238
129,186,25239
124,190,25240
120,192,25241
112,196,25242
109,197,25243
101,199,25244
95,200,25245
87,200,25246
76,199,25247
71,198,25248
63,195,25249
60,194,25250
53,190,25251
43,183,25252
36,176,25253
37,178,25254
27,165,25255
26,164,25256
19,151,25257
16,144,25258
14,138,25259
11,127,25260
10,119,25261
9,113,25262
9,100,25263
9,95,25264
11,80,25265
12,75,25266
15,65,25267
18,57,25268
24,45,25269
27,40,25270
31,34,25271
44,20,25272
48,16,25273
97,114,25274
99,115,25275
97,117,25276
98,118,25277
96,119,25278
96,120,25279
95,121,25280
93,121,25281
94,123,25282
92,123,25283
92,124,25284
89,122,25285
88,122,25286
87,123,25287
85,121,25288
83,119,25289
82,118,25290
83,122,25291
80,115,25292
79,114,25293
79,116,25294
78,111,25295
77,110,25296
77,106,25297
78,100,25298
76,103,25299
78,97,25300
78,96,25301
79,93,25302
80,91,25303
79,91,25304
85,85,25305
84,85,25306
84,84,25307
88,81,25308
89,80,25309
94,78,25310
96,77,25311
98,76,25312
105,76,25313
107,76,25314
110,77,25315
111,76,25316
115,78,25317
117,78,25318
120,80,25319
126,86,25320
125,83,25321
131,92,25322
132,93,25323
133,93,25324
134,94,25325
138,109,25326
139,109,25327
140,111,25328
140,117,25329
140,123,25330
141,122,25331
139,133,25332
139,136,25333
138,140,25334
135,147,25335
132,152,25336
131,154,25337
130,156,25338
122,164,25339
118,168,25340
117,169,25341
116,170,25342
105,175,25343
105,176,25344
96,177,25345
95,178,25346
82,177,25347
83,178,25348
77,177,25349
70,174,25350
66,173,25351
64,172,25352
57,167,25353
50,161,25354
49,161,25355
40,147,25356
41,150,25357
37,144,25358
33,132,25359
32,130,25360
31,128,25361
29,117,25362
28,110,25363
28,99,25364
28,96,25365
30,84,25366
31,78,25367
33,72,25368
37,63,25369
39,59,25370
46,48,25371
45,49,25372
57,37,25373
64,31,25374
62,32,25375
71,26,25376
78,23,25377
88,20,25378
91,19,25379
103,18,25380
103,17,25381
113,18,25382
118,19,25383
131,23,25384
134,24,25385
140,27,25386
149,33,25387
161,44,25388
158,40,25389
172,59,25390
168,51,25391
178,69,25392
183,81,25393
185,87,25394
187,91,25395
189,109,25396
190,113,25397
190,126,25398
190,129,25399
190,134,25400
95,112,25401
94,113,25402
93,111,25403
93,109,25404
93,107,25405
91,108,25406
93,105,25407
94,103,25408
94,102,25409
94,101,25410
94,100,25411
96,99,25412
99,99,25413
99,98,25414
100,97,25415
102,97,25416
104,97,25417
101,95,25418
106,97,25419
109,98,25420
109,97,25421
111,99,25422
114,102,25423
114,101,25424
115,101,25425
118,107,25426
119,108,25427
120,111,25428
120,117,25429
121,114,25430
122,115,25431
122,121,25432
121,125,25433
122,126,25434
121,129,25435
120,133,25436
118,137,25437
117,139,25438
116,141,25439
110,147,25440
112,146,25441
110,148,25442
110,149,25443
100,153,25444
100,154,25445
97,155,25446
93,156,25447
91,156,25448
83,155,25449
80,154,25450
82,156,25451
78,155,25452
68,148,25453
68,149,25454
65,147,25455
63,146,25456
57,137,25457
59,142,25458
53,131,25459
51,126,25460
50,123,25461
48,116,25462
48,118,25463
47,108,25464
46,108,25465
48,94,25466
48,90,25467
49,86,25468
51,80,25469
54,73,25470
52,75,25471
60,64,25472
59,64,25473
67,56,25474
68,54,25475
75,49,25476
76,48,25477
82,45,25478
87,43,25479
95,41,25480
102,40,25481
101,39,25482
119,43,25483
121,43,25484
121,42,25485
129,46,25486
136,50,25487
136,49,25488
145,57,25489
151,64,25490
153,66,25491
152,63,25492
163,84,25493
166,91,25494
167,92,25495
169,100,25496
170,112,25497
171,116,25498
171,124,25499
169,138,25500
170,137,25501
169,143,25502
164,159,25503
163,162,25504
157,173,25505
156,175,25506
145,188,25507
146,189,25508
144,191,25509
133,200,25510
126,204,25511
123,206,25512
106,212,25513
102,213,25514
93,214,25515
85,214,25516
74,212,25517
74,213,25518
64,210,25519
51,204,25520
47,202,25521
45,201,25522
32,190,25523
29,188,25524
18,174,25525
21,179,25526
9,158,25527
97,112,25528
99,111,25529
101,112,25530
101,111,25531
102,113,25532
103,113,25533
104,115,25534
103,119,25535
105,117,25536
105,119,25537
106,118,25538
104,123,25539
104,124,25540
104,125,25541
102,127,25542
102,128,25543
100,130,25544
100,131,25545
99,132,25546
96,133,25547
96,134,25548
92,134,25549
91,135,25550
90,135,25551
87,134,25552
85,134,25553
83,134,25554
80,132,25555
79,132,25556
76,129,25557
75,129,25558
72,124,25559
72,126,25560
70,123,25561
68,117,25562
67,115,25563
67,109,25564
66,111,25565
66,105,25566
66,101,25567
66,99,25568
67,94,25569
65,97,25570
71,84,25571
69,86,25572
72,81,25573
72,80,25574
76,75,25575
85,69,25576
78,72,25577
87,67,25578
87,66,25579
95,64,25580
97,63,25581
98,62,25582
105,62,25583
115,65,25584
106,61,25585
118,65,25586
118,64,25587
126,69,25588
128,70,25589
131,72,25590
138,81,25591
136,76,25592
143,87,25593
144,89,25594
147,95,25595
149,101,25596
150,103,25597
151,109,25598
152,117,25599
152,124,25600
150,135,25601
152,130,25602
151,136,25603
148,146,25604
145,153,25605
143,158,25606
138,165,25607
133,171,25608
136,169,25609
125,179,25610
119,183,25611
118,184,25612
109,188,25613
102,190,25614
104,190,25615
92,192,25616
89,192,25617
76,190,25618
80,192,25619
64,186,25620
59,184,25621
58,184,25622
50,178,25623
39,167,25624
40,169,25625
37,166,25626
31,157,25627
26,147,25628
23,141,25629
20,133,25630
18,124,25631
17,115,25632
16,111,25633
18,88,25634
16,94,25635
17,86,25636
19,76,25637
22,68,25638
23,64,25639
27,55,25640
35,42,25641
41,35,25642
42,32,25643
53,23,25644
53,22,25645
70,12,25646
81,8,25647
80,8,25648
86,6,25649
99,4,25650
104,4,25651
111,4,25652
123,6,25653
127,7,25654
96,114,25655
97,116,25656
93,115,25657
93,117,25658
91,116,25659
91,117,25660
89,114,25661
89,116,25662
88,116,25663
87,114,25664
86,115,25665
85,111,25666
85,108,25667
84,109,25668
83,109,25669
84,105,25670
84,103,25671
83,102,25672
84,100,25673
85,97,25674
86,95,25675
86,94,25676
88,92,25677
89,90,25678
92,88,25679
93,87,25680
95,86,25681
96,85,25682
100,85,25683
101,84,25684
100,83,25685
108,85,25686
108,84,25687
111,85,25688
112,85,25689
116,87,25690
119,89,25691
122,92,25692
122,91,25693
125,96,25694
126,96,25695
129,104,25696
130,103,25697
131,106,25698
132,113,25699
133,115,25700
133,123,25701
133,125,25702
132,130,25703
133,129,25704
131,136,25705
130,140,25706
126,147,25707
126,148,25708
123,152,25709
120,156,25710
115,160,25711
116,160,25712
109,164,25713
106,166,25714
100,168,25715
98,169,25716
94,170,25717
85,169,25718
86,170,25719
77,168,25720
72,166,25721
69,165,25722
66,164,25723
60,159,25724
56,156,25725
54,154,25726
51,151,25727
47,145,25728
42,135,25729
41,134,25730
39,128,25731
38,126,25732
36,114,25733
35,109,25734
36,98,25735
34,104,25736
37,87,25737
38,81,25738
39,77,25739
42,70,25740
46,62,25741
49,57,25742
53,52,25743
56,48,25744
61,43,25745
71,36,25746
76,33,25747
78,32,25748
86,29,25749
95,27,25750
102,27,25751
111,27,25752
115,27,25753
125,30,25754
129,31,25755
135,34,25756
141,37,25757
147,42,25758
154,48,25759
155,48,25760
162,57,25761
167,64,25762
172,73,25763
173,75,25764
176,82,25765
181,101,25766
182,107,25767
183,115,25768
182,132,25769
183,130,25770
180,147,25771
177,158,25772
177,159,25773
171,173,25774
166,182,25775
166,183,25776
160,191,25777
154,198,25778
145,207,25779
141,210,25780
134,215,25781
96,111,25782
95,109,25783
96,108,25784
96,107,25785
97,106,25786
98,105,25787
100,105,25788
101,104,25789
102,104,25790
103,104,25791
102,102,25792
105,104,25793
107,105,25794
107,104,25795
109,107,25796
111,109,25797
112,111,25798
112,107,25799
113,112,25800
114,115,25801
114,116,25802
115,118,25803
115,120,25804
115,123,25805
114,126,25806
114,128,25807
114,129,25808
112,133,25809
110,136,25810
111,136,25811
108,139,25812
104,142,25813
105,142,25814
104,144,25815
98,146,25816
97,147,25817
93,147,25818
92,148,25819
88,148,25820
87,148,25821
81,146,25822
78,145,25823
78,146,25824
71,141,25825
72,143,25826
68,139,25827
63,132,25828
65,137,25829
59,123,25830
59,126,25831
58,125,25832
56,120,25833
55,111,25834
54,109,25835
54,104,25836
54,99,25837
55,94,25838
55,92,25839
58,83,25840
58,82,25841
59,78,25842
63,72,25843
67,67,25844
69,64,25845
73,60,25846
80,56,25847
81,55,25848
87,52,25849
89,51,25850
92,50,25851
100,49,25852
104,48,25853
112,49,25854
118,51,25855
122,52,25856
121,51,25857
133,58,25858
134,58,25859
139,62,25860
143,66,25861
147,71,25862
148,71,25863
157,89,25864
157,88,25865
159,92,25866
162,105,25867
163,111,25868
164,114,25869
164,122,25870
163,134,25871
162,140,25872
161,144,25873
158,154,25874
157,157,25875
153,165,25876
149,172,25877
142,180,25878
140,183,25879
135,188,25880
126,194,25881
119,198,25882
118,199,25883
108,203,25884
104,204,25885
93,205,25886
90,206,25887
76,204,25888
72,204,25889
64,201,25890
63,201,25891
48,193,25892
49,194,25893
37,184,25894
31,178,25895
26,172,25896
20,163,25897
16,154,25898
18,161,25899
9,136,25900
7,127,25901
5,117,25902
5,119,25903
4,105,25904
4,99,25905
7,77,25906
9,69,25907
8,71,25908
98,114,25909
99,113,25910
99,116,25911
100,117,25912
100,118,25913
100,119,25914
99,121,25915
97,122,25916
98,123,25917
97,124,25918
98,125,25919
95,126,25920
92,126,25921
92,127,25922
91,127,25923
88,126,25924
87,126,25925
88,128,25926
84,126,25927
82,124,25928
83,126,25929
79,121,25930
79,122,25931
77,118,25932
76,119,25933
75,115,25934
74,113,25935
73,111,25936
73,106,25937
72,106,25938
72,103,25939
73,99,25940
75,94,25941
72,97,25942
76,89,25943
76,88,25944
80,83,25945
79,83,25946
82,80,25947
86,77,25948
87,76,25949
94,73,25950
98,72,25951
89,73,25952
98,71,25953
101,70,25954
107,71,25955
106,70,25956
115,73,25957
118,74,25958
120,74,25959
119,73,25960
131,85,25961
132,85,25962
133,85,25963
135,88,25964
138,94,25965
139,94,25966
142,102,25967
143,107,25968
144,111,25969
145,115,25970
145,121,25971
145,124,25972
145,128,25973
140,144,25974
141,144,25975
141,145,25976
137,153,25977
132,160,25978
135,158,25979
125,168,25980
125,169,25981
114,176,25982
115,176,25983
112,178,25984
105,181,25985
99,182,25986
95,183,25987
89,184,25988
79,182,25989
79,183,25990
67,178,25991
65,178,25992
63,178,25993
52,169,25994
45,162,25995
44,162,25996
41,158,25997
37,152,25998
33,145,25999
34,149,26000
26,124,26001
25,121,26002
24,117,26003
24,106,26004
23,104,26005
24,91,26006
25,85,26007
29,72,26008
28,73,26009
29,69,26010
34,58,26011
40,48,26012
46,41,26013
47,39,26014
59,29,26015
57,29,26016
68,22,26017
73,19,26018
85,15,26019
90,14,26020
97,13,26021
111,13,26022
118,14,26023
121,14,26024
138,21,26025
131,17,26026
149,27,26027
152,29,26028
163,39,26029
163,38,26030
170,47,26031
176,55,26032
179,60,26033
182,65,26034
188,81,26035
95,113,26036
94,115,26037
92,112,26038
92,111,26039
91,111,26040
90,112,26041
91,107,26042
90,106,26043
90,105,26044
89,105,26045
88,105,26046
89,103,26047
92,99,26048
90,100,26049
92,97,26050
94,96,26051
97,95,26052
94,94,26053
97,93,26054
100,93,26055
101,92,26056
103,92,26057
106,92,26058
107,92,26059
109,93,26060
111,93,26061
113,94,26062
115,96,26063
118,99,26064
120,102,26065
119,99,26066
122,106,26067
122,103,26068
124,109,26069
125,112,26070
126,114,26071
126,120,26072
126,123,26073
126,126,26074
124,132,26075
124,134,26076
123,137,26077
124,136,26078
119,144,26079
117,147,26080
116,149,26081
115,150,26082
113,152,26083
106,156,26084
106,157,26085
101,159,26086
99,160,26087
91,161,26088
87,161,26089
89,162,26090
83,161,26091
74,157,26092
79,161,26093
70,156,26094
70,157,26095
59,147,26096
59,148,26097
59,149,26098
50,134,26099
52,140,26100
47,128,26101
46,126,26102
44,118,26103
43,115,26104
43,104,26105
42,107,26106
42,101,26107
43,92,26108
49,75,26109
46,79,26110
48,74,26111
50,70,26112
56,61,26113
59,57,26114
66,50,26115
67,49,26116
68,47,26117
77,42,26118
78,41,26119
88,37,26120
95,36,26121
100,35,26122
109,35,26123
115,36,26124
120,37,26125
125,39,26126
126,38,26127
140,47,26128
142,48,26129
144,49,26130
150,55,26131
161,70,26132
162,71,26133
163,72,26134
169,85,26135
171,93,26136
173,99,26137
174,102,26138
175,117,26139
176,121,26140
175,133,26141
171,150,26142
174,143,26143
170,157,26144
168,163,26145
163,172,26146
158,181,26147
154,186,26148
147,194,26149
139,201,26150
139,202,26151
127,209,26152
125,211,26153
107,217,26154
100,218,26155
95,219,26156
91,220,26157
77,218,26158
74,218,26159
65,216,26160
56,213,26161
45,207,26162
97,111,26163
98,110,26164
99,109,26165
100,109,26166
102,109,26167
103,110,26168
104,111,26169
105,112,26170
106,113,26171
106,112,26172
107,113,26173
108,114,26174
107,119,26175
108,119,26176
109,119,26177
108,123,26178
107,125,26179
108,125,26180
108,126,26181
105,130,26182
106,130,26183
103,133,26184
102,135,26185
101,136,26186
97,137,26187
97,138,26188
96,139,26189
92,139,26190
88,139,26191
89,140,26192
89,141,26193
81,137,26194
80,138,26195
78,137,26196
76,136,26197
73,133,26198
72,132,26199
69,129,26200
68,127,26201
65,121,26202
64,119,26203
63,115,26204
62,115,26205
62,103,26206
61,109,26207
61,102,26208
61,100,26209
63,91,26210
67,83,26211
64,86,26212
66,82,26213
67,80,26214
72,73,26215
74,71,26216
75,69,26217
77,67,26218
85,62,26219
85,61,26220
93,59,26221
95,58,26222
99,57,26223
106,57,26224
108,57,26225
115,59,26226
115,58,26227
122,61,26228
129,65,26229
131,66,26230
134,68,26231
141,76,26232
143,78,26233
147,85,26234
147,84,26235
151,93,26236
153,99,26237
155,106,26238
156,111,26239
156,119,26240
157,119,26241
156,130,26242
154,139,26243
156,136,26244
150,153,26245
148,158,26246
148,159,26247
142,168,26248
139,172,26249
135,177,26250
133,179,26251
124,186,26252
123,187,26253
111,193,26254
107,194,26255
100,196,26256
96,197,26257
87,197,26258
79,196,26259
74,195,26260
71,195,26261
60,190,26262
54,187,26263
46,181,26264
44,180,26265
39,175,26266
33,168,26267
27,160,26268
24,154,26269
22,151,26270
17,138,26271
14,128,26272
13,124,26273
12,113,26274
11,105,26275
12,94,26276
15,78,26277
14,77,26278
18,66,26279
22,55,26280
25,49,26281
30,41,26282
36,33,26283
40,28,26284
42,25,26285
53,16,26286
59,12,26287
66,8,26288
81,2,26289
97,115,26290
98,115,26291
95,117,26292
96,118,26293
94,119,26294
94,120,26295
91,119,26296
91,120,26297
91,121,26298
89,120,26299
89,121,26300
86,118,26301
85,118,26302
85,119,26303
83,115,26304
82,114,26305
81,112,26306
81,116,26307
80,110,26308
80,106,26309
80,103,26310
79,103,26311
79,102,26312
80,98,26313
82,94,26314
81,94,26315
83,91,26316
84,90,26317
85,88,26318
88,85,26319
87,85,26320
94,82,26321
94,81,26322
95,80,26323
98,79,26324
101,79,26325
105,79,26326
108,79,26327
106,78,26328
114,81,26329
118,83,26330
120,85,26331
120,83,26332
125,88,26333
126,89,26334
129,93,26335
131,97,26336
132,96,26337
135,108,26338
136,109,26339
137,111,26340
137,115,26341
137,125,26342
138,122,26343
137,130,26344
137,132,26345
133,143,26346
135,140,26347
131,148,26348
129,152,26349
129,153,26350
123,159,26351
119,163,26352
116,166,26353
114,168,26354
103,172,26355
104,172,26356
98,174,26357
96,175,26358
83,174,26359
86,175,26360
78,174,26361
72,172,26362
67,169,26363
64,168,26364
60,166,26365
54,160,26366
51,158,26367
47,153,26368
42,146,26369
38,138,26370
38,139,26371
34,125,26372
33,123,26373
33,127,26374
31,108,26375
31,97,26376
31,95,26377
33,84,26378
32,86,26379
35,75,26380
39,66,26381
40,63,26382
42,59,26383
49,49,26384
55,42,26385
61,37,26386
63,35,26387
69,31,26388
81,26,26389
82,25,26390
93,22,26391
97,21,26392
105,21,26393
115,22,26394
117,22,26395
127,25,26396
133,27,26397
142,32,26398
144,33,26399
153,40,26400
160,47,26401
165,53,26402
168,57,26403
173,65,26404
178,75,26405
182,88,26406
183,87,26407
186,107,26408
187,114,26409
187,126,26410
187,132,26411
186,140,26412
185,147,26413
181,162,26414
177,171,26415
176,174,26416
95,111,26417
94,110,26418
94,109,26419
93,108,26420
95,106,26421
93,106,26422
96,104,26423
97,103,26424
97,102,26425
98,101,26426
97,100,26427
100,100,26428
104,101,26429
103,99,26430
104,99,26431
107,101,26432
109,102,26433
106,98,26434
110,101,26435
113,105,26436
112,102,26437
115,107,26438
116,109,26439
117,110,26440
117,117,26441
118,114,26442
119,114,26443
119,120,26444
118,126,26445
120,122,26446
119,127,26447
117,132,26448
114,137,26449
118,133,26450
114,139,26451
114,140,26452
108,145,26453
109,145,26454
107,147,26455
100,150,26456
99,151,26457
97,152,26458
93,152,26459
90,153,26460
87,153,26461
85,153,26462
77,150,26463
80,152,26464
71,147,26465
69,145,26466
68,146,26467
67,145,26468
58,132,26469
58,134,26470
57,133,26471
55,129,26472
52,118,26473
52,123,26474
51,117,26475
50,110,26476
49,107,26477
50,96,26478
51,91,26479
51,89,26480
51,88,26481
57,75,26482
57,73,26483
58,71,26484
63,64,26485
69,58,26486
66,59,26487
77,52,26488
75,52,26489
87,47,26490
92,45,26491
94,44,26492
101,44,26493
104,43,26494
107,43,26495
118,45,26496
125,48,26497
125,47,26498
138,56,26499
138,55,26500
138,54,26501
148,65,26502
152,70,26503
153,70,26504
158,79,26505
161,86,26506
165,97,26507
165,94,26508
167,110,26509
168,114,26510
169,118,26511
167,136,26512
167,137,26513
166,143,26514
163,154,26515
158,164,26516
154,172,26517
156,170,26518
148,181,26519
143,187,26520
136,193,26521
130,198,26522
120,203,26523
124,202,26524
115,206,26525
110,208,26526
93,210,26527
86,211,26528
77,210,26529
72,209,26530
65,207,26531
55,203,26532
46,197,26533
49,200,26534
34,188,26535
25,178,26536
21,173,26537
20,172,26538
11,155,26539
10,154,26540
6,144,26541
5,141,26542
1,121,26543
98,112,26544
100,112,26545
101,113,26546
101,115,26547
102,115,26548
103,116,26549
102,118,26550
101,121,26551
103,120,26552
102,122,26553
103,122,26554
101,125,26555
101,126,26556
101,127,26557
98,128,26558
96,129,26559
95,130,26560
95,131,26561
94,132,26562
91,132,26563
90,132,26564
86,131,26565
85,131,26566
82,129,26567
82,130,26568
80,129,26569
78,128,26570
76,125,26571
74,123,26572
72,118,26573
72,121,26574
70,114,26575
70,117,26576
69,113,26577
68,108,26578
68,105,26579
69,98,26580
68,100,26581
69,95,26582
71,90,26583
74,84,26584
75,82,26585
73,83,26586
80,76,26587
79,76,26588
83,73,26589
86,71,26590
88,69,26591
96,67,26592
92,67,26593
99,66,26594
101,65,26595
108,66,26596
111,66,26597
110,65,26598
118,68,26599
127,74,26600
124,70,26601
130,76,26602
132,77,26603
136,82,26604
138,84,26605
140,87,26606
145,99,26607
144,93,26608
147,105,26609
148,109,26610
149,115,26611
150,118,26612
148,131,26613
150,126,26614
148,136,26615
146,144,26616
139,157,26617
142,154,26618
139,159,26619
136,164,26620
128,172,26621
129,172,26622
121,178,26623
114,182,26624
116,182,26625
105,186,26626
101,187,26627
97,188,26628
83,188,26629
81,188,26630
78,188,26631
65,183,26632
64,183,26633
53,176,26634
58,181,26635
44,168,26636
40,164,26637
40,165,26638
35,158,26639
29,147,26640
27,143,26641
26,142,26642
22,128,26643
20,116,26644
19,112,26645
19,100,26646
19,97,26647
21,82,26648
23,74,26649
28,62,26650
24,69,26651
30,55,26652
31,53,26653
41,39,26654
45,34,26655
49,30,26656
59,22,26657
72,15,26658
72,14,26659
85,10,26660
82,10,26661
98,8,26662
105,7,26663
113,8,26664
117,8,26665
137,15,26666
139,15,26667
143,17,26668
153,23,26669
160,29,26670
95,114,26671
95,116,26672
93,114,26673
92,116,26674
91,114,26675
90,115,26676
89,112,26677
88,111,26678
88,110,26679
87,111,26680
86,111,26681
86,107,26682
86,105,26683
86,103,26684
86,102,26685
86,101,26686
88,98,26687
86,99,26688
88,96,26689
91,93,26690
91,92,26691
91,91,26692
94,90,26693
96,89,26694
98,88,26695
99,87,26696
103,87,26697
105,87,26698
109,88,26699
108,87,26700
108,86,26701
115,91,26702
113,88,26703
119,94,26704
121,95,26705
121,94,26706
124,99,26707
126,103,26708
127,104,26709
129,111,26710
129,110,26711
130,116,26712
131,114,26713
129,129,26714
131,123,26715
130,129,26716
129,134,26717
128,137,26718
122,147,26719
125,144,26720
122,149,26721
120,152,26722
116,155,26723
113,158,26724
112,159,26725
105,163,26726
102,164,26727
100,165,26728
93,166,26729
92,167,26730
83,166,26731
81,166,26732
77,165,26733
71,162,26734
69,162,26735
62,157,26736
59,154,26737
54,149,26738
54,150,26739
50,144,26740
47,140,26741
43,130,26742
43,132,26743
40,121,26744
39,115,26745
38,112,26746
38,102,26747
38,99,26748
39,89,26749
40,85,26750
43,76,26751
42,76,26752
46,68,26753
52,58,26754
54,55,26755
59,49,26756
64,45,26757
70,40,26758
74,38,26759
79,35,26760
87,32,26761
90,31,26762
99,30,26763
109,30,26764
105,29,26765
118,31,26766
131,36,26767
134,37,26768
138,39,26769
146,45,26770
150,48,26771
157,56,26772
160,59,26773
166,68,26774
169,74,26775
170,75,26776
175,88,26777
177,96,26778
178,100,26779
180,111,26780
180,121,26781
181,122,26782
179,138,26783
176,152,26784
170,167,26785
173,163,26786
167,174,26787
166,177,26788
157,190,26789
145,202,26790
143,204,26791
144,204,26792
131,213,26793
124,217,26794
119,219,26795
109,222,26796
99,224,26797
97,110,26798
96,109,26799
97,108,26800
98,107,26801
99,106,26802
100,106,26803
102,106,26804
103,106,26805
104,107,26806
105,107,26807
106,107,26808
107,108,26809
108,108,26810
109,109,26811
110,112,26812
111,113,26813
111,117,26814
112,116,26815
113,117,26816
112,121,26817
112,124,26818
111,127,26819
112,126,26820
112,128,26821
110,131,26822
109,133,26823
108,135,26824
105,138,26825
103,140,26826
102,141,26827
100,142,26828
95,143,26829
95,144,26830
94,145,26831
91,145,26832
89,145,26833
83,144,26834
82,144,26835
79,143,26836
75,140,26837
73,139,26838
68,134,26839
68,135,26840
64,129,26841
64,130,26842
61,124,26843
60,121,26844
60,124,26845
58,110,26846
57,110,26847
57,102,26848
57,99,26849
57,98,26850
58,92,26851
59,88,26852
61,82,26853
63,78,26854
65,74,26855
67,71,26856
71,67,26857
73,64,26858
76,62,26859
82,58,26860
83,57,26861
87,55,26862
97,53,26863
100,52,26864
107,52,26865
110,52,26866
115,53,26867
121,55,26868
120,54,26869
126,57,26870
136,64,26871
137,65,26872
141,68,26873
147,76,26874
148,77,26875
150,80,26876
155,90,26877
156,93,26878
159,102,26879
160,112,26880
161,115,26881
161,123,26882
161,128,26883
160,134,26884
160,137,26885
156,150,26886
156,152,26887
149,166,26888
145,172,26889
143,175,26890
139,180,26891
131,187,26892
127,190,26893
122,193,26894
117,196,26895
110,199,26896
97,201,26897
95,202,26898
84,202,26899
81,202,26900
76,201,26901
65,198,26902
62,197,26903
53,192,26904
50,191,26905
39,182,26906
35,178,26907
33,176,26908
26,167,26909
20,157,26910
18,153,26911
13,141,26912
10,130,26913
8,116,26914
8,124,26915
7,106,26916
8,89,26917
8,88,26918
12,69,26919
13,65,26920
16,57,26921
20,48,26922
23,43,26923
30,32,26924
97,114,26925
99,114,26926
98,117,26927
99,117,26928
98,119,26929
98,120,26930
96,121,26931
95,122,26932
95,123,26933
94,124,26934
94,125,26935
89,123,26936
90,124,26937
90,125,26938
87,124,26939
85,122,26940
83,121,26941
85,125,26942
81,119,26943
80,119,26944
79,119,26945
78,114,26946
77,114,26947
76,111,26948
76,105,26949
75,109,26950
75,104,26951
75,103,26952
76,98,26953
76,96,26954
76,94,26955
80,89,26956
79,89,26957
77,89,26958
83,83,26959
85,81,26960
90,78,26961
89,78,26962
93,76,26963
97,75,26964
99,74,26965
104,74,26966
104,73,26967
108,74,26968
110,74,26969
112,74,26970
121,80,26971
121,78,26972
126,83,26973
128,85,26974
129,85,26975
129,84,26976
136,98,26977
137,98,26978
137,96,26979
140,105,26980
141,114,26981
142,112,26982
142,122,26983
143,121,26984
142,128,26985
140,137,26986
139,141,26987
138,145,26988
135,151,26989
129,159,26990
129,160,26991
127,163,26992
125,165,26993
115,172,26994
120,170,26995
107,176,26996
106,177,26997
96,179,26998
95,180,26999
87,180,27000
80,179,27001
78,179,27002
74,178,27003
68,176,27004
60,171,27005
56,169,27006
49,162,27007
48,162,27008
49,164,27009
40,151,27010
34,140,27011
33,139,27012
31,133,27013
29,126,27014
27,116,27015
27,120,27016
26,102,27017
26,98,27018
27,88,27019
30,77,27020
31,73,27021
35,63,27022
36,60,27023
46,46,27024
47,44,27025
49,41,27026
53,37,27027
63,29,27028
74,23,27029
75,22,27030
89,18,27031
90,17,27032
95,16,27033
107,16,27034
110,16,27035
118,17,27036
123,18,27037
134,22,27038
146,29,27039
144,27,27040
162,43,27041
160,39,27042
172,55,27043
174,58,27044
178,65,27045
180,67,27046
187,88,27047
188,90,27048
190,98,27049
191,106,27050
192,117,27051
95,112,27052
94,113,27053
93,112,27054
92,110,27055
91,109,27056
90,109,27057
92,106,27058
93,104,27059
93,103,27060
92,102,27061
91,102,27062
92,100,27063
95,98,27064
94,98,27065
98,97,27066
99,96,27067
101,96,27068
98,94,27069
103,95,27070
105,95,27071
105,94,27072
108,95,27073
111,97,27074
113,98,27075
114,98,27076
116,101,27077
117,101,27078
118,103,27079
120,106,27080
121,109,27081
122,110,27082
123,115,27083
123,120,27084
124,117,27085
124,121,27086
124,123,27087
122,131,27088
122,132,27089
121,136,27090
117,141,27091
118,141,27092
115,145,27093
116,145,27094
110,150,27095
106,153,27096
105,154,27097
100,156,27098
99,157,27099
91,157,27100
86,157,27101
89,159,27102
88,159,27103
77,155,27104
77,156,27105
74,155,27106
70,153,27107
62,146,27108
65,150,27109
59,143,27110
57,141,27111
52,133,27112
51,131,27113
49,127,27114
47,117,27115
46,117,27116
46,105,27117
45,104,27118
45,100,27119
45,97,27120
48,85,27121
47,84,27122
51,75,27123
52,72,27124
61,60,27125
56,65,27126
63,57,27127
64,55,27128
72,49,27129
78,45,27130
82,43,27131
88,41,27132
88,40,27133
102,39,27134
111,39,27135
104,37,27136
118,40,27137
125,42,27138
124,41,27139
136,48,27140
143,53,27141
145,55,27142
144,52,27143
158,71,27144
158,70,27145
161,74,27146
163,78,27147
170,101,27148
170,99,27149
172,108,27150
172,124,27151
173,123,27152
173,124,27153
171,141,27154
170,146,27155
167,156,27156
166,159,27157
157,175,27158
159,174,27159
156,179,27160
149,188,27161
138,198,27162
133,202,27163
128,205,27164
123,208,27165
109,213,27166
108,214,27167
85,215,27168
92,216,27169
84,216,27170
68,213,27171
70,214,27172
65,213,27173
43,201,27174
43,202,27175
40,200,27176
30,192,27177
20,180,27178
97,112,27179
99,110,27180
100,111,27181
101,110,27182
102,112,27183
103,112,27184
104,113,27185
104,117,27186
105,115,27187
106,116,27188
107,116,27189
106,120,27190
106,121,27191
106,123,27192
105,125,27193
104,127,27194
103,129,27195
104,129,27196
103,130,27197
100,132,27198
101,133,27199
96,135,27200
95,135,27201
94,136,27202
91,136,27203
90,137,27204
89,137,27205
85,136,27206
84,136,27207
80,134,27208
80,135,27209
75,130,27210
76,133,27211
72,128,27212
70,125,27213
69,124,27214
68,122,27215
66,117,27216
65,113,27217
65,107,27218
64,105,27219
64,104,27220
63,104,27221
66,93,27222
65,92,27223
67,87,27224
67,86,27225
70,81,27226
77,73,27227
73,75,27228
78,71,27229
81,68,27230
85,66,27231
88,64,27232
92,62,27233
91,62,27234
105,61,27235
99,60,27236
105,60,27237
108,60,27238
116,62,27239
119,63,27240
123,64,27241
131,71,27242
128,67,27243
138,77,27244
141,81,27245
142,82,27246
144,85,27247
147,90,27248
149,95,27249
151,102,27250
153,109,27251
153,123,27252
154,118,27253
154,124,27254
153,132,27255
152,138,27256
151,143,27257
148,151,27258
143,160,27259
146,157,27260
137,170,27261
133,174,27262
132,176,27263
124,182,27264
116,187,27265
115,188,27266
105,191,27267
99,193,27268
91,193,27269
93,194,27270
81,193,27271
74,192,27272
76,193,27273
65,189,27274
54,183,27275
51,181,27276
51,182,27277
37,168,27278
36,167,27279
28,155,27280
27,155,27281
22,143,27282
20,137,27283
18,132,27284
16,122,27285
15,115,27286
14,108,27287
14,101,27288
16,85,27289
17,78,27290
18,74,27291
24,58,27292
32,44,27293
28,49,27294
39,34,27295
39,33,27296
51,22,27297
55,19,27298
62,14,27299
69,10,27300
77,7,27301
81,5,27302
94,3,27303
100,2,27304
109,2,27305
96,114,27306
97,116,27307
94,116,27308
94,118,27309
92,117,27310
92,119,27311
90,117,27312
90,118,27313
89,118,27314
87,116,27315
87,117,27316
85,114,27317
84,113,27318
84,114,27319
83,111,27320
82,109,27321
83,105,27322
81,107,27323
82,103,27324
82,102,27325
83,99,27326
82,99,27327
84,95,27328
85,93,27329
88,90,27330
87,90,27331
89,88,27332
91,86,27333
96,84,27334
95,84,27335
96,83,27336
103,83,27337
102,82,27338
106,82,27339
107,82,27340
109,82,27341
112,83,27342
117,86,27343
117,85,27344
122,90,27345
123,90,27346
127,96,27347
128,96,27348
129,98,27349
132,106,27350
133,108,27351
134,112,27352
134,117,27353
135,120,27354
135,121,27355
134,130,27356
134,131,27357
132,138,27358
132,139,27359
130,144,27360
127,149,27361
124,153,27362
123,155,27363
118,160,27364
116,162,27365
112,165,27366
106,168,27367
104,169,27368
101,170,27369
97,171,27370
85,171,27371
82,171,27372
80,171,27373
79,171,27374
71,168,27375
65,165,27376
62,163,27377
59,161,27378
52,154,27379
49,151,27380
45,145,27381
43,142,27382
40,136,27383
37,127,27384
36,123,27385
35,119,27386
34,114,27387
34,98,27388
34,95,27389
34,91,27390
37,79,27391
38,75,27392
41,68,27393
43,64,27394
44,61,27395
48,55,27396
59,43,27397
61,41,27398
67,36,27399
70,34,27400
78,30,27401
83,28,27402
89,26,27403
96,25,27404
110,25,27405
113,25,27406
115,25,27407
126,28,27408
129,29,27409
139,34,27410
144,37,27411
147,39,27412
157,48,27413
161,53,27414
169,64,27415
172,69,27416
174,73,27417
179,86,27418
182,97,27419
183,103,27420
184,109,27421
184,128,27422
184,132,27423
184,135,27424
181,151,27425
177,163,27426
178,162,27427
172,175,27428
169,181,27429
162,192,27430
154,201,27431
150,205,27432
96,111,27433
95,110,27434
95,108,27435
95,107,27436
97,105,27437
95,105,27438
98,104,27439
100,104,27440
100,103,27441
101,102,27442
100,101,27443
103,102,27444
106,103,27445
106,102,27446
108,104,27447
109,105,27448
111,107,27449
110,103,27450
113,109,27451
114,111,27452
114,109,27453
115,114,27454
116,115,27455
117,116,27456
116,121,27457
117,121,27458
117,123,27459
115,129,27460
115,130,27461
115,132,27462
114,134,27463
110,139,27464
109,140,27465
111,140,27466
105,144,27467
105,145,27468
100,147,27469
98,148,27470
95,149,27471
92,150,27472
89,150,27473
84,149,27474
82,149,27475
78,147,27476
79,149,27477
74,146,27478
68,140,27479
69,143,27480
63,135,27481
62,134,27482
61,134,27483
59,132,27484
55,118,27485
54,117,27486
53,114,27487
53,110,27488
52,105,27489
52,102,27490
53,96,27491
54,89,27492
54,87,27493
56,82,27494
60,74,27495
61,72,27496
61,71,27497
73,59,27498
69,61,27499
74,57,27500
77,55,27501
82,52,27502
85,50,27503
94,48,27504
97,47,27505
106,47,27506
111,47,27507
113,47,27508
124,51,27509
123,50,27510
126,51,27511
134,56,27512
141,62,27513
140,60,27514
151,74,27515
151,73,27516
155,79,27517
160,91,27518
161,94,27519
161,92,27520
164,105,27521
165,114,27522
166,119,27523
165,131,27524
164,138,27525
163,144,27526
162,148,27527
157,161,27528
156,163,27529
150,173,27530
147,178,27531
140,185,27532
132,192,27533
132,193,27534
129,195,27535
121,200,27536
110,204,27537
104,206,27538
93,207,27539
94,208,27540
89,208,27541
73,206,27542
66,204,27543
58,201,27544
56,200,27545
46,194,27546
41,190,27547
32,182,27548
23,170,27549
23,172,27550
16,159,27551
11,147,27552
8,140,27553
7,138,27554
4,120,27555
3,116,27556
3,97,27557
3,93,27558
3,88,27559
98,114,27560
100,113,27561
100,115,27562
100,116,27563
101,117,27564
101,118,27565
100,120,27566
99,122,27567
100,122,27568
99,124,27569
100,124,27570
97,126,27571
96,127,27572
95,127,27573
94,128,27574
91,128,27575
91,129,27576
91,130,27577
88,129,27578
85,128,27579
85,129,27580
81,125,27581
80,125,27582
79,124,27583
78,124,27584
75,119,27585
74,117,27586
73,115,27587
73,116,27588
72,111,27589
71,111,27590
71,105,27591
72,99,27592
70,102,27593
72,95,27594
72,94,27595
74,90,27596
73,90,27597
77,84,27598
80,80,27599
80,79,27600
86,75,27601
82,76,27602
91,72,27603
92,71,27604
95,70,27605
99,69,27606
100,68,27607
110,70,27608
111,70,27609
112,69,27610
113,69,27611
123,75,27612
124,75,27613
125,75,27614
129,78,27615
134,85,27616
135,84,27617
139,91,27618
140,93,27619
142,98,27620
144,103,27621
145,105,27622
146,115,27623
147,116,27624
145,132,27625
145,135,27626
145,137,27627
144,141,27628
141,148,27629
143,146,27630
135,159,27631
135,160,27632
124,171,27633
128,169,27634
123,173,27635
116,178,27636
112,180,27637
107,182,27638
100,184,27639
93,185,27640
94,186,27641
81,184,27642
77,184,27643
78,185,27644
63,179,27645
58,176,27646
60,178,27647
50,170,27648
44,164,27649
39,158,27650
43,165,27651
31,144,27652
28,138,27653
28,139,27654
25,130,27655
23,116,27656
22,112,27657
22,98,27658
23,91,27659
22,93,27660
23,85,27661
27,70,27662
28,67,27663
35,53,27664
37,49,27665
47,38,27666
40,44,27667
51,32,27668
58,26,27669
68,20,27670
74,17,27671
82,14,27672
90,12,27673
98,11,27674
99,10,27675
116,12,27676
115,11,27677
130,15,27678
133,16,27679
143,21,27680
144,21,27681
159,33,27682
166,39,27683
167,40,27684
173,47,27685
182,62,27686
95,113,27687
95,115,27688
93,113,27689
92,115,27690
91,112,27691
90,113,27692
90,108,27693
89,108,27694
89,107,27695
88,107,27696
87,108,27697
88,104,27698
89,101,27699
89,100,27700
90,98,27701
90,97,27702
94,95,27703
91,95,27704
94,93,27705
96,92,27706
97,91,27707
99,91,27708
102,90,27709
103,90,27710
105,90,27711
106,90,27712
108,90,27713
112,92,27714
115,94,27715
116,94,27716
117,95,27717
120,99,27718
120,97,27719
123,103,27720
124,105,27721
125,106,27722
126,109,27723
127,114,27724
128,115,27725
127,124,27726
127,127,27727
127,129,27728
128,128,27729
125,136,27730
123,141,27731
122,143,27732
122,144,27733
119,148,27734
113,153,27735
115,153,27736
107,158,27737
107,159,27738
99,161,27739
98,162,27740
96,163,27741
91,163,27742
83,162,27743
86,164,27744
77,161,27745
76,162,27746
68,157,27747
67,157,27748
64,155,27749
56,146,27750
56,148,27751
52,142,27752
48,135,27753
46,131,27754
45,128,27755
43,123,27756
42,117,27757
41,111,27758
40,108,27759
42,94,27760
41,93,27761
42,88,27762
44,81,27763
47,73,27764
48,70,27765
51,65,27766
57,57,27767
54,59,27768
65,48,27769
70,44,27770
74,41,27771
83,37,27772
90,35,27773
88,35,27774
98,33,27775
103,33,27776
114,34,27777
107,32,27778
123,36,27779
131,39,27780
130,38,27781
140,44,27782
151,54,27783
151,53,27784
157,60,27785
162,67,27786
166,75,27787
170,83,27788
171,85,27789
174,95,27790
176,107,27791
177,111,27792
176,132,27793
178,123,27794
177,133,27795
175,146,27796
173,152,27797
171,159,27798
166,171,27799
161,179,27800
151,192,27801
157,186,27802
143,200,27803
144,200,27804
128,211,27805
121,214,27806
111,218,27807
112,218,27808
96,221,27809
91,221,27810
89,222,27811
78,221,27812
68,219,27813
97,111,27814
98,109,27815
99,108,27816
100,108,27817
101,108,27818
102,108,27819
103,108,27820
104,109,27821
105,110,27822
106,110,27823
107,111,27824
108,112,27825
108,116,27826
109,115,27827
110,116,27828
109,120,27829
109,123,27830
110,123,27831
109,126,27832
108,128,27833
109,128,27834
107,131,27835
107,132,27836
105,134,27837
102,136,27838
102,137,27839
101,138,27840
97,140,27841
96,141,27842
93,141,27843
93,142,27844
87,141,27845
87,142,27846
84,141,27847
80,140,27848
78,139,27849
75,137,27850
73,136,27851
71,134,27852
67,128,27853
67,129,27854
64,123,27855
63,122,27856
62,119,27857
61,116,27858
60,112,27859
60,105,27860
60,99,27861
61,95,27862
60,95,27863
62,88,27864
62,87,27865
66,79,27866
65,80,27867
69,74,27868
70,72,27869
74,68,27870
74,67,27871
81,62,27872
86,59,27873
89,58,27874
94,56,27875
98,55,27876
109,56,27877
104,54,27878
113,56,27879
117,57,27880
120,58,27881
124,59,27882
130,63,27883
136,68,27884
141,73,27885
143,75,27886
147,81,27887
151,89,27888
152,90,27889
154,96,27890
155,98,27891
157,108,27892
158,114,27893
157,129,27894
159,120,27895
157,134,27896
156,140,27897
156,142,27898
152,154,27899
150,158,27900
147,164,27901
142,171,27902
139,175,27903
135,180,27904
126,187,27905
121,190,27906
116,193,27907
111,195,27908
100,198,27909
85,198,27910
90,199,27911
82,199,27912
74,197,27913
72,197,27914
59,192,27915
55,190,27916
49,186,27917
42,180,27918
37,176,27919
33,171,27920
28,165,27921
25,160,27922
22,155,27923
16,141,27924
13,130,27925
11,120,27926
10,114,27927
10,102,27928
9,104,27929
11,88,27930
12,80,27931
17,63,27932
19,58,27933
21,53,27934
24,47,27935
31,36,27936
38,27,27937
41,24,27938
50,16,27939
60,9,27940
97,115,27941
99,115,27942
96,117,27943
97,118,27944
96,119,27945
95,120,27946
94,121,27947
92,121,27948
92,122,27949
91,122,27950
91,123,27951
87,120,27952
87,121,27953
86,121,27954
83,117,27955
82,116,27956
82,117,27957
82,120,27958
80,113,27959
79,112,27960
79,108,27961
78,108,27962
77,108,27963
78,102,27964
79,98,27965
77,101,27966
80,94,27967
79,95,27968
82,90,27969
83,88,27970
82,88,27971
87,84,27972
89,82,27973
89,81,27974
94,79,27975
93,79,27976
100,78,27977
99,77,27978
102,76,27979
106,77,27980
111,78,27981
115,80,27982
114,78,27983
120,82,27984
122,83,27985
124,84,27986
128,90,27987
129,89,27988
134,100,27989
135,101,27990
136,102,27991
136,101,27992
138,113,27993
139,114,27994
139,120,27995
140,122,27996
138,131,27997
139,130,27998
137,138,27999
136,142,28000
136,143,28001
132,150,28002
127,157,28003
126,159,28004
124,162,28005
115,168,28006
113,170,28007
107,173,28008
108,173,28009
97,176,28010
100,176,28011
90,177,28012
86,177,28013
74,174,28014
75,175,28015
69,173,28016
64,170,28017
63,170,28018
55,164,28019
48,157,28020
45,153,28021
47,157,28022
37,139,28023
37,140,28024
37,142,28025
31,120,28026
30,116,28027
29,114,28028
29,102,28029
29,96,28030
30,88,28031
32,80,28032
33,76,28033
35,69,28034
39,61,28035
42,56,28036
48,48,28037
49,46,28038
59,36,28039
68,30,28040
71,28,28041
74,26,28042
78,24,28043
84,22,28044
99,20,28045
100,19,28046
114,20,28047
118,20,28048
125,22,28049
128,23,28050
141,29,28051
146,32,28052
152,37,28053
159,43,28054
165,50,28055
169,55,28056
176,68,28057
173,60,28058
183,84,28059
186,96,28060
188,107,28061
188,101,28062
189,124,28063
189,129,28064
188,139,28065
187,145,28066
186,151,28067
95,111,28068
94,111,28069
93,110,28070
93,109,28071
93,107,28072
92,107,28073
94,104,28074
95,103,28075
95,102,28076
96,101,28077
95,100,28078
97,99,28079
100,99,28080
100,98,28081
102,98,28082
104,98,28083
106,99,28084
104,96,28085
108,98,28086
111,101,28087
110,99,28088
113,101,28089
114,103,28090
116,105,28091
116,104,28092
118,110,28093
119,110,28094
120,113,28095
120,120,28096
121,117,28097
121,120,28098
120,127,28099
118,132,28100
121,127,28101
118,134,28102
118,136,28103
115,140,28104
114,142,28105
112,144,28106
107,148,28107
105,150,28108
104,151,28109
104,152,28110
96,153,28111
96,154,28112
93,155,28113
89,155,28114
85,155,28115
77,152,28116
75,151,28117
75,152,28118
73,152,28119
63,142,28120
64,144,28121
60,140,28122
61,142,28123
55,132,28124
55,134,28125
52,126,28126
50,119,28127
49,116,28128
48,112,28129
48,102,28130
48,99,28131
48,95,28132
51,86,28133
50,86,28134
51,82,28135
57,70,28136
58,68,28137
55,71,28138
69,56,28139
66,57,28140
75,51,28141
77,49,28142
82,46,28143
87,44,28144
92,43,28145
97,42,28146
102,41,28147
111,42,28148
110,41,28149
122,45,28150
126,46,28151
126,45,28152
138,53,28153
144,58,28154
144,57,28155
151,65,28156
158,76,28157
160,79,28158
160,77,28159
165,92,28160
167,98,28161
168,101,28162
169,106,28163
170,120,28164
170,127,28165
169,136,28166
164,154,28167
165,153,28168
165,154,28169
158,169,28170
156,173,28171
150,181,28172
148,184,28173
132,198,28174
140,193,28175
131,200,28176
128,202,28177
115,208,28178
109,210,28179
98,212,28180
92,213,28181
78,212,28182
76,212,28183
59,206,28184
61,208,28185
53,204,28186
42,197,28187
37,193,28188
32,189,28189
25,181,28190
19,174,28191
13,164,28192
10,159,28193
6,148,28194
98,112,28195
99,111,28196
101,112,28197
101,114,28198
102,114,28199
103,114,28200
103,117,28201
102,120,28202
104,118,28203
104,120,28204
105,120,28205
104,122,28206
103,124,28207
103,125,28208
101,128,28209
99,129,28210
98,130,28211
98,131,28212
97,132,28213
94,133,28214
93,133,28215
90,133,28216
89,134,28217
86,133,28218
83,132,28219
84,133,28220
81,132,28221
79,130,28222
77,129,28223
73,123,28224
73,125,28225
71,120,28226
71,123,28227
69,118,28228
68,114,28229
67,112,28230
67,105,28231
66,108,28232
67,99,28233
68,95,28234
68,94,28235
70,88,28236
68,90,28237
74,81,28238
72,82,28239
76,77,28240
77,75,28241
81,72,28242
87,69,28243
85,68,28244
92,66,28245
93,65,28246
100,64,28247
106,64,28248
106,63,28249
111,64,28250
120,68,28251
112,63,28252
122,68,28253
125,69,28254
131,74,28255
135,78,28256
133,75,28257
141,87,28258
141,84,28259
146,96,28260
147,98,28261
148,102,28262
149,104,28263
150,120,28264
151,115,28265
151,125,28266
150,134,28267
146,146,28268
149,140,28269
147,147,28270
144,153,28271
139,162,28272
138,164,28273
131,172,28274
125,177,28275
127,177,28276
120,181,28277
111,186,28278
109,187,28279
100,189,28280
95,190,28281
93,191,28282
82,190,28283
75,189,28284
70,187,28285
75,190,28286
57,181,28287
56,181,28288
51,178,28289
41,168,28290
34,159,28291
35,161,28292
29,152,28293
25,143,28294
21,130,28295
20,128,28296
19,125,28297
18,116,28298
17,106,28299
17,100,28300
20,82,28301
18,86,28302
20,77,28303
22,69,28304
29,54,28305
32,48,28306
37,41,28307
43,34,28308
50,27,28309
50,26,28310
62,18,28311
62,17,28312
82,9,28313
89,7,28314
95,6,28315
99,5,28316
113,6,28317
115,6,28318
122,7,28319
130,9,28320
145,16,28321
95,114,28322
96,116,28323
93,115,28324
93,117,28325
91,115,28326
91,117,28327
89,113,28328
88,113,28329
88,115,28330
87,113,28331
86,113,28332
85,110,28333
85,107,28334
84,108,28335
84,107,28336
84,104,28337
86,100,28338
84,101,28339
85,99,28340
87,96,28341
87,95,28342
88,93,28343
91,90,28344
92,89,28345
94,88,28346
95,87,28347
97,86,28348
100,86,28349
105,86,28350
105,85,28351
103,84,28352
111,87,28353
111,86,28354
115,88,28355
116,88,28356
118,90,28357
121,92,28358
124,96,28359
125,97,28360
127,101,28361
128,102,28362
130,109,28363
131,108,28364
131,119,28365
132,117,28366
132,124,28367
132,126,28368
131,132,28369
128,139,28370
130,137,28371
128,141,28372
127,144,28373
122,151,28374
121,153,28375
117,157,28376
116,158,28377
112,161,28378
110,163,28379
102,166,28380
100,167,28381
96,168,28382
91,168,28383
89,169,28384
80,167,28385
80,168,28386
70,164,28387
65,161,28388
66,162,28389
62,160,28390
56,154,28391
52,150,28392
49,146,28393
45,140,28394
43,135,28395
41,130,28396
40,129,28397
37,115,28398
37,108,28399
36,107,28400
36,103,28401
38,89,28402
36,93,28403
42,74,28404
42,73,28405
43,70,28406
49,59,28407
51,56,28408
57,49,28409
63,43,28410
64,42,28411
71,37,28412
75,35,28413
84,31,28414
92,29,28415
94,28,28416
108,28,28417
109,28,28418
121,30,28419
123,30,28420
134,35,28421
138,37,28422
141,39,28423
146,42,28424
157,53,28425
161,58,28426
164,61,28427
168,68,28428
173,78,28429
176,86,28430
176,85,28431
179,95,28432
181,109,28433
182,117,28434
181,134,28435
179,145,28436
181,139,28437
175,160,28438
172,168,28439
171,171,28440
162,186,28441
159,190,28442
157,193,28443
152,199,28444
143,207,28445
138,211,28446
126,218,28447
119,221,28448
96,110,28449
96,109,28450
96,108,28451
97,107,28452
98,106,28453
99,105,28454
100,105,28455
101,105,28456
103,105,28457
104,105,28458
104,104,28459
106,105,28460
107,106,28461
108,106,28462
110,110,28463
111,110,28464
112,113,28465
112,109,28466
113,114,28467
113,119,28468
114,118,28469
114,121,28470
114,123,28471
114,124,28472
112,129,28473
112,131,28474
112,132,28475
109,135,28476
108,137,28477
108,138,28478
106,140,28479
100,143,28480
100,144,28481
102,144,28482
96,146,28483
92,146,28484
87,146,28485
88,147,28486
86,147,28487
80,145,28488
75,142,28489
74,142,28490
74,143,28491
68,137,28492
69,139,28493
65,134,28494
62,129,28495
63,133,28496
58,117,28497
57,117,28498
56,114,28499
56,116,28500
55,106,28501
55,104,28502
56,94,28503
55,97,28504
58,86,28505
58,84,28506
61,78,28507
64,73,28508
63,73,28509
68,67,28510
71,64,28511
74,61,28512
77,58,28513
84,55,28514
91,52,28515
90,52,28516
97,50,28517
103,50,28518
109,50,28519
111,50,28520
119,52,28521
125,55,28522
126,55,28523
129,56,28524
140,65,28525
140,64,28526
146,71,28527
148,74,28528
153,82,28529
154,83,28530
159,98,28531
160,100,28532
160,98,28533
162,113,28534
163,118,28535
163,121,28536
162,132,28537
160,144,28538
159,147,28539
155,158,28540
154,161,28541
150,168,28542
146,174,28543
142,179,28544
136,185,28545
133,188,28546
128,192,28547
113,199,28548
109,201,28549
106,202,28550
98,204,28551
87,204,28552
82,204,28553
80,204,28554
68,201,28555
69,202,28556
54,195,28557
53,195,28558
43,188,28559
36,182,28560
31,176,28561
28,173,28562
19,159,28563
17,155,28564
10,135,28565
13,148,28566
7,122,28567
6,113,28568
5,108,28569
6,92,28570
6,88,28571
7,82,28572
11,66,28573
15,55,28574
17,50,28575
97,113,28576
99,113,28577
99,116,28578
99,118,28579
99,119,28580
99,120,28581
98,121,28582
96,122,28583
97,123,28584
96,124,28585
97,125,28586
92,125,28587
91,125,28588
91,126,28589
90,127,28590
86,124,28591
85,124,28592
87,127,28593
83,124,28594
81,122,28595
81,124,28596
78,118,28597
77,117,28598
76,115,28599
76,117,28600
75,113,28601
74,110,28602
74,106,28603
74,103,28604
73,103,28605
73,101,28606
75,95,28607
77,91,28608
73,96,28609
79,86,28610
79,85,28611
83,81,28612
83,80,28613
88,77,28614
90,76,28615
93,74,28616
97,73,28617
92,73,28618
102,72,28619
102,71,28620
104,71,28621
114,74,28622
111,72,28623
119,76,28624
123,78,28625
124,78,28626
126,79,28627
134,91,28628
133,88,28629
135,89,28630
138,95,28631
141,106,28632
140,99,28633
142,106,28634
143,112,28635
144,116,28636
144,122,28637
143,131,28638
143,133,28639
141,141,28640
136,151,28641
137,151,28642
136,153,28643
133,158,28644
123,168,28645
129,164,28646
117,173,28647
117,174,28648
109,177,28649
109,178,28650
103,180,28651
100,181,28652
90,182,28653
84,182,28654
82,182,28655
72,179,28656
70,179,28657
57,171,28658
57,172,28659
56,172,28660
48,164,28661
42,157,28662
42,158,28663
37,150,28664
32,140,28665
30,135,28666
30,138,28667
26,118,28668
25,114,28669
24,109,28670
25,96,28671
25,92,28672
27,80,28673
29,73,28674
37,57,28675
35,59,28676
36,56,28677
40,50,28678
48,40,28679
54,34,28680
58,30,28681
75,21,28682
70,22,28683
77,19,28684
81,17,28685
91,15,28686
100,14,28687
111,14,28688
118,15,28689
131,19,28690
127,17,28691
143,25,28692
143,24,28693
157,35,28694
161,38,28695
170,49,28696
169,47,28697
179,63,28698
180,64,28699
186,77,28700
188,83,28701
192,102,28702
94,112,28703
94,114,28704
92,112,28705
92,111,28706
91,110,28707
90,111,28708
91,106,28709
91,105,28710
91,104,28711
91,103,28712
89,104,28713
90,102,28714
93,99,28715
92,98,28716
94,97,28717
96,96,28718
99,95,28719
95,94,28720
99,93,28721
102,93,28722
103,93,28723
106,93,28724
108,94,28725
109,94,28726
111,95,28727
112,95,28728
114,96,28729
117,99,28730
119,102,28731
120,104,28732
121,103,28733
123,110,28734
123,107,28735
124,112,28736
125,115,28737
125,119,28738
125,122,28739
124,129,28740
125,128,28741
123,133,28742
121,138,28743
121,139,28744
120,142,28745
115,147,28746
113,150,28747
111,152,28748
110,153,28749
107,155,28750
101,157,28751
100,158,28752
96,159,28753
94,160,28754
85,159,28755
85,160,28756
83,160,28757
76,158,28758
70,154,28759
72,157,28760
63,150,28761
63,151,28762
59,146,28763
56,143,28764
53,139,28765
48,127,28766
48,130,28767
46,121,28768
45,118,28769
44,112,28770
43,109,28771
45,92,28772
43,98,28773
44,92,28774
45,87,28775
51,73,28776
50,72,28777
53,67,28778
54,65,28779
63,54,28780
64,53,28781
70,48,28782
78,43,28783
78,42,28784
87,39,28785
89,38,28786
94,37,28787
103,36,28788
106,36,28789
111,36,28790
119,38,28791
127,41,28792
133,44,28793
130,41,28794
147,54,28795
148,55,28796
150,56,28797
157,65,28798
165,80,28799
165,79,28800
168,85,28801
172,100,28802
173,107,28803
174,110,28804
174,127,28805
174,132,28806
174,133,28807
172,145,28808
166,162,28809
169,157,28810
167,162,28811
163,171,28812
157,180,28813
151,188,28814
141,198,28815
133,204,28816
130,206,28817
126,209,28818
109,215,28819
112,215,28820
99,217,28821
90,218,28822
86,218,28823
80,218,28824
60,212,28825
58,212,28826
51,209,28827
47,207,28828
37,200,28829
98,111,28830
98,110,28831
100,110,28832
101,109,28833
102,110,28834
103,111,28835
104,112,28836
105,113,28837
105,114,28838
106,114,28839
107,114,28840
107,117,28841
107,120,28842
108,120,28843
107,123,28844
107,124,28845
106,126,28846
107,126,28847
106,128,28848
103,131,28849
104,132,28850
101,134,28851
101,135,28852
98,136,28853
95,137,28854
95,138,28855
92,138,28856
88,138,28857
86,138,28858
85,138,28859
85,139,28860
78,134,28861
78,136,28862
76,134,28863
72,130,28864
72,131,28865
70,128,28866
68,125,28867
66,121,28868
65,119,28869
64,115,28870
63,111,28871
62,111,28872
64,96,28873
61,105,28874
62,99,28875
63,94,28876
65,87,28877
71,78,28878
67,82,28879
70,77,28880
72,74,28881
79,68,28882
77,69,28883
84,64,28884
81,65,28885
90,61,28886
90,60,28887
98,59,28888
100,58,28889
105,58,28890
107,58,28891
114,59,28892
121,62,28893
123,62,28894
130,67,28895
133,70,28896
137,73,28897
137,72,28898
144,82,28899
144,81,28900
150,94,28901
151,95,28902
152,99,28903
154,107,28904
155,112,28905
155,124,28906
155,128,28907
155,132,28908
153,141,28909
151,147,28910
153,144,28911
145,161,28912
142,166,28913
143,165,28914
136,174,28915
132,178,28916
130,180,28917
120,187,28918
119,188,28919
110,192,28920
108,193,28921
96,195,28922
92,196,28923
86,196,28924
78,195,28925
69,192,28926
65,191,28927
61,190,28928
52,184,28929
46,180,28930
40,174,28931
34,168,28932
28,159,28933
23,149,28934
23,151,28935
20,143,28936
16,131,28937
14,121,28938
14,123,28939
13,105,28940
12,102,28941
13,92,28942
15,80,28943
21,62,28944
17,70,28945
28,47,28946
25,51,28947
34,37,28948
42,28,28949
47,23,28950
51,19,28951
55,16,28952
61,12,28953
71,7,28954
86,2,28955
91,1,28956
96,115,28957
98,116,28958
94,117,28959
95,118,28960
94,119,28961
93,119,28962
91,118,28963
90,119,28964
90,120,28965
88,119,28966
88,120,28967
86,117,28968
85,117,28969
84,116,28970
83,114,28971
82,112,28972
82,108,28973
81,110,28974
80,108,28975
81,103,28976
81,102,28977
80,101,28978
81,98,28979
81,97,28980
83,94,28981
82,93,28982
85,90,28983
86,88,28984
87,87,28985
91,84,28986
90,84,28987
97,82,28988
97,81,28989
98,80,28990
102,80,28991
105,80,28992
110,81,28993
111,81,28994
111,80,28995
117,84,28996
118,84,28997
125,91,28998
123,87,28999
126,91,29000
129,95,29001
131,98,29002
133,103,29003
134,103,29004
135,113,29005
136,114,29006
136,120,29007
137,120,29008
136,128,29009
136,130,29010
135,135,29011
132,143,29012
131,145,29013
131,147,29014
127,153,29015
124,157,29016
124,158,29017
119,162,29018
115,165,29019
111,168,29020
107,170,29021
98,172,29022
95,173,29023
92,174,29024
90,174,29025
82,173,29026
77,172,29027
75,172,29028
68,169,29029
62,165,29030
58,163,29031
55,160,29032
47,151,29033
48,153,29034
43,145,29035
39,138,29036
37,133,29037
36,131,29038
33,115,29039
32,112,29040
32,100,29041
32,97,29042
32,95,29043
33,87,29044
37,74,29045
37,72,29046
40,66,29047
45,57,29048
46,55,29049
51,48,29050
58,41,29051
64,36,29052
72,31,29053
71,31,29054
82,26,29055
92,24,29056
96,23,29057
101,22,29058
104,22,29059
119,24,29060
123,25,29061
130,27,29062
141,33,29063
140,32,29064
150,39,29065
155,43,29066
163,52,29067
166,56,29068
171,64,29069
177,76,29070
178,78,29071
181,86,29072
185,107,29073
185,99,29074
186,118,29075
186,129,29076
185,138,29077
185,141,29078
181,157,29079
180,161,29080
175,174,29081
172,179,29082
167,188,29083
96,112,29084
94,110,29085
94,108,29086
94,107,29087
96,106,29088
94,105,29089
96,104,29090
98,103,29091
98,102,29092
99,101,29093
98,100,29094
102,101,29095
103,101,29096
104,100,29097
106,101,29098
108,102,29099
110,104,29100
108,100,29101
112,105,29102
113,106,29103
113,104,29104
115,109,29105
116,111,29106
117,113,29107
117,119,29108
118,117,29109
119,117,29110
118,122,29111
117,128,29112
119,124,29113
118,128,29114
115,134,29115
114,136,29116
115,137,29117
111,141,29118
110,143,29119
107,145,29120
104,147,29121
101,149,29122
98,150,29123
95,151,29124
92,151,29125
89,152,29126
85,151,29127
85,152,29128
80,151,29129
74,147,29130
72,147,29131
69,144,29132
65,140,29133
63,139,29134
63,140,29135
57,128,29136
56,128,29137
56,129,29138
54,124,29139
52,113,29140
51,115,29141
51,102,29142
50,105,29143
50,103,29144
51,95,29145
53,87,29146
54,82,29147
56,77,29148
63,67,29149
62,67,29150
64,64,29151
69,59,29152
73,56,29153
74,54,29154
85,49,29155
83,49,29156
95,46,29157
96,45,29158
107,45,29159
109,45,29160
111,45,29161
118,46,29162
121,47,29163
132,53,29164
129,50,29165
145,64,29166
143,61,29167
145,62,29168
152,72,29169
156,78,29170
157,79,29171
161,88,29172
165,103,29173
166,107,29174
166,103,29175
167,124,29176
167,129,29177
167,132,29178
164,146,29179
163,149,29180
161,156,29181
159,161,29182
151,174,29183
148,179,29184
148,180,29185
138,190,29186
136,192,29187
127,198,29188
123,201,29189
109,206,29190
109,207,29191
99,209,29192
95,210,29193
81,209,29194
77,209,29195
73,208,29196
60,204,29197
51,199,29198
47,197,29199
36,188,29200
37,190,29201
24,175,29202
22,172,29203
19,168,29204
12,156,29205
6,138,29206
7,143,29207
4,133,29208
2,123,29209
1,112,29210
98,113,29211
99,112,29212
100,114,29213
101,116,29214
102,116,29215
103,116,29216
102,119,29217
101,120,29218
102,121,29219
101,123,29220
102,123,29221
100,125,29222
99,126,29223
99,127,29224
96,128,29225
95,129,29226
94,130,29227
94,131,29228
91,131,29229
89,131,29230
87,131,29231
84,129,29232
83,129,29233
80,127,29234
79,127,29235
77,125,29236
76,124,29237
75,122,29238
74,122,29239
72,116,29240
71,116,29241
70,111,29242
70,106,29243
69,110,29244
69,104,29245
69,102,29246
71,94,29247
70,95,29248
72,90,29249
75,85,29250
74,85,29251
78,80,29252
76,80,29253
83,75,29254
84,73,29255
88,71,29256
90,70,29257
91,69,29258
102,68,29259
103,67,29260
104,66,29261
106,66,29262
115,69,29263
117,69,29264
116,68,29265
125,73,29266
130,78,29267
127,73,29268
133,80,29269
137,85,29270
139,88,29271
141,91,29272
144,97,29273
146,106,29274
146,103,29275
147,119,29276
148,119,29277
148,126,29278
148,130,29279
145,141,29280
147,138,29281
143,148,29282
143,149,29283
134,163,29284
136,162,29285
133,166,29286
130,169,29287
123,175,29288
121,177,29289
109,183,29290
106,184,29291
109,184,29292
86,186,29293
90,187,29294
87,188,29295
77,186,29296
76,186,29297
74,186,29298
58,178,29299
56,177,29300
55,178,29301
48,171,29302
38,159,29303
34,154,29304
36,158,29305
28,143,29306
25,134,29307
23,128,29308
22,126,29309
21,107,29310
20,107,29311
20,98,29312
20,96,29313
23,78,29314
25,71,29315
26,68,29316
35,51,29317
33,52,29318
34,50,29319
40,41,29320
51,30,29321
58,24,29322
61,22,29323
74,15,29324
83,12,29325
80,12,29326
98,9,29327
94,9,29328
112,9,29329
113,9,29330
130,13,29331
132,13,29332
146,21,29333
149,22,29334
156,27,29335
160,30,29336
171,42,29337
96,113,29338
95,116,29339
92,113,29340
92,116,29341
91,113,29342
90,114,29343
89,111,29344
89,109,29345
88,109,29346
87,109,29347
86,110,29348
87,106,29349
87,104,29350
86,104,29351
87,101,29352
88,99,29353
91,96,29354
88,97,29355
90,95,29356
94,92,29357
93,92,29358
93,91,29359
98,90,29360
98,89,29361
100,88,29362
103,88,29363
104,88,29364
106,88,29365
109,89,29366
112,90,29367
112,89,29368
117,94,29369
116,91,29370
120,96,29371
121,96,29372
123,99,29373
126,104,29374
127,109,29375
128,109,29376
128,118,29377
129,118,29378
129,123,29379
130,123,29380
128,130,29381
128,133,29382
127,136,29383
128,135,29384
124,143,29385
119,149,29386
120,150,29387
117,153,29388
115,155,29389
109,159,29390
106,161,29391
105,162,29392
102,163,29393
91,164,29394
95,165,29395
87,165,29396
83,165,29397
79,164,29398
75,163,29399
74,163,29400
64,156,29401
66,159,29402
58,152,29403
53,146,29404
52,145,29405
49,141,29406
45,133,29407
43,128,29408
41,120,29409
41,122,29410
40,105,29411
39,109,29412
39,99,29413
39,98,29414
40,90,29415
42,81,29416
45,73,29417
50,64,29418
49,64,29419
54,57,29420
58,52,29421
59,51,29422
67,44,29423
71,41,29424
74,39,29425
83,35,29426
88,33,29427
93,32,29428
98,31,29429
107,31,29430
116,32,29431
119,32,29432
129,36,29433
133,38,29434
141,43,29435
146,46,29436
150,50,29437
159,60,29438
163,66,29439
163,65,29440
168,74,29441
174,90,29442
174,88,29443
177,100,29444
178,107,29445
179,115,29446
179,127,29447
177,142,29448
178,140,29449
176,148,29450
173,158,29451
164,177,29452
166,175,29453
156,189,29454
159,186,29455
146,200,29456
140,205,29457
133,210,29458
127,214,29459
117,218,29460
116,219,29461
103,222,29462
96,223,29463
89,224,29464
97,110,29465
97,109,29466
98,108,29467
99,107,29468
100,107,29469
101,107,29470
102,107,29471
103,107,29472
105,108,29473
106,108,29474
107,109,29475
108,110,29476
109,112,29477
109,111,29478
110,114,29479
111,115,29480
111,119,29481
112,118,29482
112,120,29483
111,123,29484
111,125,29485
110,128,29486
110,129,29487
109,131,29488
107,134,29489
106,135,29490
105,137,29491
102,139,29492
101,140,29493
99,141,29494
97,142,29495
92,143,29496
92,144,29497
89,144,29498
85,143,29499
84,143,29500
81,142,29501
78,141,29502
75,139,29503
71,136,29504
70,135,29505
68,133,29506
65,129,29507
64,127,29508
62,124,29509
60,118,29510
59,114,29511
59,117,29512
58,105,29513
58,102,29514
58,100,29515
59,93,29516
59,92,29517
61,85,29518
62,83,29519
63,80,29520
66,75,29521
69,70,29522
73,66,29523
78,62,29524
79,61,29525
84,58,29526
88,56,29527
90,55,29528
94,54,29529
102,53,29530
105,53,29531
109,53,29532
115,54,29533
118,55,29534
127,59,29535
126,58,29536
132,62,29537
140,69,29538
142,71,29539
146,76,29540
148,79,29541
151,84,29542
155,93,29543
156,96,29544
158,103,29545
159,108,29546
160,119,29547
160,121,29548
159,135,29549
159,136,29550
156,148,29551
156,149,29552
150,162,29553
148,166,29554
146,169,29555
139,178,29556
137,180,29557
133,184,29558
128,188,29559
116,195,29560
111,197,29561
109,198,29562
101,200,29563
88,201,29564
86,201,29565
76,200,29566
72,199,29567
61,195,29568
58,194,29569
53,191,29570
42,183,29571
41,183,29572
33,174,29573
28,168,29574
26,165,29575
19,153,29576
17,148,29577
12,134,29578
11,129,29579
9,119,29580
8,106,29581
8,104,29582
9,88,29583
11,77,29584
14,66,29585
16,60,29586
21,49,29587
22,47,29588
28,37,29589
35,28,29590
39,23,29591
97,114,29592
99,115,29593
97,117,29594
98,118,29595
97,119,29596
97,120,29597
95,121,29598
94,122,29599
94,123,29600
93,123,29601
93,124,29602
90,123,29603
87,122,29604
88,124,29605
85,121,29606
84,120,29607
82,119,29608
83,123,29609
80,116,29610
79,115,29611
79,117,29612
78,112,29613
77,111,29614
76,109,29615
77,103,29616
75,106,29617
76,102,29618
77,97,29619
78,94,29620
78,93,29621
77,93,29622
83,86,29623
82,86,29624
82,85,29625
87,81,29626
88,80,29627
92,78,29628
94,77,29629
96,76,29630
101,75,29631
103,75,29632
108,76,29633
109,75,29634
112,76,29635
116,77,29636
117,77,29637
125,84,29638
123,81,29639
130,89,29640
133,94,29641
131,89,29642
132,89,29643
137,103,29644
139,107,29645
139,104,29646
140,110,29647
141,119,29648
141,124,29649
140,130,29650
141,129,29651
140,134,29652
138,141,29653
135,148,29654
135,149,29655
132,154,29656
125,162,29657
124,164,29658
121,167,29659
118,169,29660
109,174,29661
112,174,29662
100,177,29663
99,178,29664
86,178,29665
90,179,29666
85,179,29667
73,176,29668
69,175,29669
63,172,29670
61,171,29671
55,166,29672
54,166,29673
43,153,29674
43,154,29675
43,155,29676
35,139,29677
33,135,29678
31,130,29679
29,122,29680
28,115,29681
27,108,29682
27,103,29683
28,91,29684
28,89,29685
30,79,29686
35,66,29687
37,61,29688
41,54,29689
43,51,29690
55,38,29691
59,34,29692
58,34,29693
62,31,29694
70,26,29695
82,21,29696
87,19,29697
97,18,29698
97,17,29699
107,17,29700
117,18,29701
125,20,29702
131,22,29703
138,25,29704
143,28,29705
150,33,29706
156,37,29707
169,53,29708
168,50,29709
175,62,29710
181,74,29711
182,76,29712
185,82,29713
189,103,29714
189,100,29715
191,113,29716
191,121,29717
191,129,29718
95,112,29719
94,113,29720
93,111,29721
92,109,29722
92,108,29723
90,109,29724
93,105,29725
94,103,29726
94,102,29727
94,101,29728
93,101,29729
95,99,29730
97,98,29731
98,98,29732
99,97,29733
100,96,29734
103,96,29735
100,94,29736
105,96,29737
106,96,29738
106,95,29739
110,97,29740
113,100,29741
115,102,29742
116,102,29743
118,106,29744
118,104,29745
119,107,29746
120,109,29747
121,112,29748
122,113,29749
122,119,29750
122,122,29751
123,122,29752
122,127,29753
122,129,29754
119,136,29755
119,137,29756
118,139,29757
113,145,29758
114,145,29759
112,147,29760
111,149,29761
103,153,29762
102,154,29763
100,155,29764
96,156,29765
95,157,29766
85,156,29767
82,155,29768
84,157,29769
82,157,29770
71,151,29771
71,152,29772
68,150,29773
66,149,29774
60,142,29775
60,144,29776
54,134,29777
53,133,29778
50,125,29779
49,123,29780
48,121,29781
47,111,29782
46,111,29783
47,98,29784
47,93,29785
47,91,29786
48,87,29787
52,76,29788
49,81,29789
56,68,29790
59,63,29791
65,57,29792
63,58,29793
71,51,29794
72,50,29795
83,44,29796
88,42,29797
91,41,29798
98,40,29799
97,39,29800
109,40,29801
117,41,29802
112,39,29803
124,43,29804
129,45,29805
134,47,29806
141,53,29807
150,62,29808
153,65,29809
152,62,29810
161,78,29811
164,84,29812
165,85,29813
167,90,29814
170,107,29815
171,110,29816
172,114,29817
171,128,29818
171,135,29819
171,136,29820
167,152,29821
166,156,29822
160,169,29823
158,173,29824
147,187,29825
151,184,29826
147,189,29827
138,197,29828
129,203,29829
128,204,29830
115,210,29831
109,212,29832
99,214,29833
97,215,29834
83,214,29835
83,215,29836
68,212,29837
62,210,29838
54,207,29839
47,203,29840
37,195,29841
33,193,29842
29,189,29843
21,180,29844
17,174,29845
97,112,29846
99,111,29847
100,111,29848
101,111,29849
102,112,29850
103,113,29851
104,114,29852
103,118,29853
105,116,29854
105,118,29855
106,118,29856
105,121,29857
105,122,29858
105,124,29859
103,127,29860
103,128,29861
101,129,29862
101,130,29863
101,131,29864
97,133,29865
98,134,29866
93,134,29867
93,135,29868
92,136,29869
88,135,29870
86,135,29871
85,135,29872
82,134,29873
80,133,29874
77,131,29875
77,132,29876
74,128,29877
74,130,29878
72,127,29879
69,121,29880
68,119,29881
67,117,29882
66,113,29883
65,110,29884
65,103,29885
65,102,29886
66,96,29887
64,100,29888
68,89,29889
67,89,29890
69,85,29891
70,82,29892
73,78,29893
80,72,29894
77,72,29895
82,69,29896
86,66,29897
92,64,29898
94,63,29899
95,62,29900
99,61,29901
111,63,29902
104,60,29903
114,63,29904
114,62,29905
122,66,29906
125,67,29907
128,69,29908
135,76,29909
134,73,29910
140,81,29911
143,86,29912
145,89,29913
147,93,29914
150,101,29915
151,105,29916
152,113,29917
153,115,29918
151,133,29919
153,127,29920
152,133,29921
149,145,29922
148,148,29923
147,151,29924
143,159,29925
137,167,29926
138,168,29927
132,174,29928
126,179,29929
124,181,29930
113,187,29931
111,188,29932
106,190,29933
97,192,29934
86,192,29935
84,192,29936
83,193,29937
69,189,29938
68,189,29939
62,187,29940
54,182,29941
46,175,29942
44,174,29943
42,173,29944
35,164,29945
27,151,29946
25,147,29947
23,144,29948
19,131,29949
18,126,29950
16,117,29951
16,103,29952
15,106,29953
15,99,29954
16,89,29955
20,72,29956
22,65,29957
24,60,29958
28,52,29959
40,35,29960
35,40,29961
52,23,29962
52,22,29963
63,15,29964
67,13,29965
75,9,29966
77,8,29967
88,5,29968
109,4,29969
106,3,29970
109,3,29971
126,6,29972
96,114,29973
97,116,29974
94,116,29975
94,118,29976
92,117,29977
92,118,29978
89,115,29979
89,117,29980
88,117,29981
87,115,29982
86,115,29983
85,112,29984
85,109,29985
84,110,29986
83,110,29987
83,106,29988
84,102,29989
82,104,29990
84,99,29991
84,98,29992
85,96,29993
84,96,29994
86,93,29995
87,91,29996
90,89,29997
90,88,29998
92,87,29999
93,86,30000
97,84,30001
99,84,30002
99,83,30003
107,84,30004
107,83,30005
110,84,30006
111,84,30007
114,85,30008
117,87,30009
120,90,30010
121,89,30011
125,95,30012
125,94,30013
129,102,30014
130,102,30015
131,104,30016
132,110,30017
133,112,30018
134,116,30019
134,121,30020
133,128,30021
133,131,30022
132,134,30023
132,136,30024
129,143,30025
129,144,30026
127,148,30027
123,153,30028
117,159,30029
118,159,30030
114,162,30031
111,164,30032
105,167,30033
103,168,30034
97,170,30035
88,170,30036
91,171,30037
84,170,30038
78,169,30039
72,167,30040
70,167,30041
63,162,30042
60,160,30043
56,157,30044
52,153,30045
49,149,30046
44,141,30047
42,138,30048
39,130,30049
38,128,30050
36,118,30051
35,113,30052
35,103,30053
34,107,30054
36,89,30055
37,83,30056
36,85,30057
39,76,30058
42,68,30059
44,64,30060
52,52,30061
49,55,30062
56,47,30063
64,40,30064
71,35,30065
74,33,30066
81,30,30067
92,27,30068
91,27,30069
107,26,30070
105,25,30071
116,27,30072
122,28,30073
130,31,30074
137,34,30075
142,37,30076
149,43,30077
150,43,30078
159,52,30079
164,58,30080
170,68,30081
174,76,30082
176,80,30083
178,86,30084
181,98,30085
182,102,30086
183,119,30087
184,119,30088
182,139,30089
181,146,30090
181,147,30091
176,163,30092
170,176,30093
169,179,30094
159,193,30095
157,196,30096
154,200,30097
142,210,30098
141,211,30099
96,111,30100
95,109,30101
95,108,30102
96,107,30103
97,106,30104
96,105,30105
99,104,30106
101,104,30107
101,103,30108
102,103,30109
101,101,30110
104,103,30111
106,104,30112
107,103,30113
110,108,30114
110,107,30115
111,108,30116
111,105,30117
113,111,30118
114,113,30119
115,113,30120
115,117,30121
116,117,30122
116,120,30123
114,127,30124
116,124,30125
115,127,30126
114,130,30127
112,134,30128
112,135,30129
111,137,30130
107,141,30131
104,143,30132
108,142,30133
99,146,30134
101,146,30135
95,147,30136
94,148,30137
92,149,30138
85,148,30139
82,147,30140
80,147,30141
79,147,30142
73,143,30143
75,146,30144
70,142,30145
64,134,30146
67,140,30147
59,125,30148
60,129,30149
58,127,30150
57,125,30151
55,114,30152
54,112,30153
54,106,30154
53,105,30155
54,97,30156
54,94,30157
56,86,30158
57,83,30159
56,84,30160
61,74,30161
64,70,30162
66,67,30163
67,65,30164
76,58,30165
76,57,30166
81,54,30167
87,51,30168
90,50,30169
92,49,30170
101,48,30171
103,47,30172
113,49,30173
115,49,30174
120,50,30175
131,56,30176
131,55,30177
135,58,30178
141,63,30179
147,70,30180
144,65,30181
154,81,30182
155,82,30183
157,85,30184
162,102,30185
163,106,30186
164,110,30187
164,124,30188
165,122,30189
164,131,30190
163,138,30191
162,143,30192
159,154,30193
157,158,30194
155,163,30195
147,175,30196
146,177,30197
141,183,30198
127,194,30199
126,195,30200
123,197,30201
118,200,30202
111,203,30203
99,205,30204
95,206,30205
86,206,30206
88,207,30207
74,205,30208
64,202,30209
55,198,30210
51,196,30211
43,190,30212
37,185,30213
30,178,30214
26,173,30215
15,153,30216
21,167,30217
10,142,30218
9,138,30219
6,128,30220
6,130,30221
4,110,30222
3,105,30223
5,85,30224
6,78,30225
7,72,30226
98,114,30227
100,113,30228
100,115,30229
100,117,30230
100,118,30231
100,119,30232
99,121,30233
98,122,30234
99,123,30235
98,124,30236
99,125,30237
95,126,30238
93,126,30239
93,127,30240
92,128,30241
89,127,30242
88,127,30243
89,129,30244
87,128,30245
83,125,30246
83,127,30247
80,123,30248
78,121,30249
77,120,30250
76,120,30251
75,117,30252
74,115,30253
73,112,30254
73,107,30255
72,108,30256
71,108,30257
72,102,30258
74,95,30259
71,99,30260
74,92,30261
75,89,30262
78,85,30263
77,85,30264
81,81,30265
85,77,30266
84,77,30267
89,74,30268
86,74,30269
95,72,30270
96,71,30271
99,70,30272
105,70,30273
104,69,30274
114,72,30275
115,72,30276
117,72,30277
118,72,30278
128,81,30279
128,80,30280
129,80,30281
133,84,30282
137,91,30283
136,87,30284
141,98,30285
142,101,30286
144,108,30287
145,112,30288
145,119,30289
146,121,30290
146,123,30291
143,137,30292
143,139,30293
142,144,30294
140,148,30295
137,154,30296
137,156,30297
129,165,30298
129,166,30299
119,174,30300
118,175,30301
117,176,30302
109,180,30303
103,182,30304
99,183,30305
93,184,30306
88,184,30307
89,185,30308
68,179,30309
71,181,30310
66,180,30311
57,174,30312
52,170,30313
51,170,30314
46,165,30315
39,156,30316
34,148,30317
36,154,30318
28,134,30319
27,132,30320
25,126,30321
24,121,30322
23,107,30323
22,104,30324
23,95,30325
27,77,30326
27,74,30327
27,73,30328
30,65,30329
35,55,30330
38,50,30331
42,44,30332
58,29,30333
50,34,30334
60,26,30335
63,24,30336
72,19,30337
86,14,30338
91,13,30339
99,12,30340
106,12,30341
113,12,30342
130,17,30343
127,15,30344
139,20,30345
146,24,30346
154,30,30347
157,32,30348
170,46,30349
170,45,30350
178,57,30351
179,58,30352
187,76,30353
95,113,30354
94,115,30355
93,113,30356
92,114,30357
91,111,30358
90,112,30359
91,107,30360
90,107,30361
89,106,30362
89,105,30363
87,107,30364
89,102,30365
91,100,30366
90,99,30367
91,98,30368
93,96,30369
96,95,30370
92,95,30371
96,93,30372
98,92,30373
100,92,30374
101,91,30375
104,91,30376
105,91,30377
110,93,30378
110,92,30379
111,92,30380
114,95,30381
116,96,30382
118,98,30383
118,97,30384
122,104,30385
121,100,30386
124,107,30387
125,110,30388
126,111,30389
126,118,30390
127,118,30391
127,121,30392
126,127,30393
125,132,30394
125,133,30395
125,135,30396
121,142,30397
120,144,30398
118,147,30399
118,148,30400
114,152,30401
107,156,30402
111,155,30403
103,159,30404
102,160,30405
94,161,30406
93,162,30407
87,162,30408
85,162,30409
77,159,30410
80,162,30411
69,156,30412
69,157,30413
63,152,30414
62,152,30415
57,147,30416
53,140,30417
53,143,30418
48,132,30419
46,128,30420
45,124,30421
44,122,30422
43,106,30423
42,111,30424
42,98,30425
42,95,30426
46,82,30427
43,88,30428
45,80,30429
48,73,30430
53,64,30431
54,62,30432
59,56,30433
66,49,30434
62,51,30435
74,43,30436
75,42,30437
83,38,30438
90,36,30439
95,35,30440
98,34,30441
105,34,30442
113,35,30443
121,37,30444
119,35,30445
135,43,30446
136,43,30447
137,43,30448
149,53,30449
154,59,30450
158,63,30451
160,66,30452
167,79,30453
171,90,30454
172,92,30455
174,99,30456
175,106,30457
176,116,30458
176,128,30459
174,139,30460
176,134,30461
174,145,30462
172,153,30463
167,165,30464
165,171,30465
160,179,30466
152,189,30467
146,196,30468
147,196,30469
130,208,30470
128,210,30471
121,213,30472
105,218,30473
106,218,30474
97,220,30475
89,220,30476
76,219,30477
74,219,30478
62,216,30479
57,214,30480
97,111,30481
98,109,30482
99,109,30483
100,109,30484
102,109,30485
103,109,30486
104,110,30487
105,112,30488
106,112,30489
106,111,30490
107,112,30491
108,113,30492
108,118,30493
109,117,30494
109,118,30495
109,121,30496
109,122,30497
109,124,30498
108,127,30499
106,129,30500
107,130,30501
104,133,30502
104,134,30503
103,135,30504
99,137,30505
99,138,30506
97,139,30507
93,139,30508
92,140,30509
90,140,30510
90,141,30511
84,139,30512
84,140,30513
81,139,30514
78,138,30515
75,136,30516
72,133,30517
70,131,30518
68,128,30519
66,125,30520
65,123,30521
63,117,30522
62,116,30523
62,106,30524
61,112,30525
60,107,30526
61,98,30527
61,97,30528
65,86,30529
62,90,30530
65,83,30531
67,79,30532
69,76,30533
71,73,30534
73,70,30535
74,69,30536
82,63,30537
82,62,30538
90,59,30539
92,58,30540
96,57,30541
99,56,30542
103,56,30543
110,57,30544
114,57,30545
119,59,30546
124,61,30547
126,62,30548
130,64,30549
139,73,30550
138,71,30551
145,80,30552
146,81,30553
150,89,30554
152,94,30555
154,99,30556
156,109,30557
156,107,30558
157,114,30559
157,124,30560
155,137,30561
158,126,30562
153,147,30563
152,150,30564
149,158,30565
148,160,30566
145,165,30567
140,172,30568
135,178,30569
133,180,30570
127,185,30571
119,190,30572
110,194,30573
103,196,30574
100,197,30575
94,198,30576
82,197,30577
80,197,30578
76,197,30579
63,192,30580
62,192,30581
53,187,30582
49,185,30583
40,177,30584
33,169,30585
34,171,30586
27,161,30587
21,150,30588
18,143,30589
16,138,30590
15,135,30591
12,119,30592
11,111,30593
11,101,30594
12,90,30595
12,84,30596
15,73,30597
17,66,30598
20,58,30599
28,43,30600
31,38,30601
33,35,30602
39,28,30603
47,20,30604
52,16,30605
59,11,30606
66,7,30607
97,115,30608
98,115,30609
95,117,30610
97,118,30611
95,119,30612
95,120,30613
93,120,30614
92,120,30615
91,121,30616
90,121,30617
90,122,30618
87,119,30619
86,119,30620
85,120,30621
83,116,30622
82,115,30623
81,113,30624
81,117,30625
80,111,30626
79,110,30627
79,106,30628
79,105,30629
78,104,30630
79,100,30631
81,96,30632
79,97,30633
81,93,30634
82,91,30635
84,89,30636
85,87,30637
86,85,30638
92,82,30639
91,82,30640
91,81,30641
96,79,30642
99,79,30643
103,78,30644
105,78,30645
108,78,30646
111,79,30647
115,81,30648
119,83,30649
118,81,30650
123,86,30651
125,87,30652
127,89,30653
130,94,30654
131,93,30655
135,106,30656
136,107,30657
136,105,30658
137,107,30659
138,118,30660
138,124,30661
138,126,30662
138,129,30663
135,139,30664
136,139,30665
133,145,30666
133,147,30667
132,149,30668
126,157,30669
120,163,30670
122,162,30671
119,165,30672
110,170,30673
106,172,30674
104,173,30675
102,174,30676
87,175,30677
88,176,30678
87,176,30679
80,175,30680
70,171,30681
66,170,30682
67,171,30683
56,163,30684
54,162,30685
47,154,30686
46,153,30687
42,147,30688
39,143,30689
34,128,30690
33,126,30691
34,132,30692
31,113,30693
30,109,30694
30,101,30695
31,91,30696
31,88,30697
32,83,30698
35,74,30699
37,68,30700
39,63,30701
45,53,30702
50,47,30703
55,41,30704
58,38,30705
66,32,30706
74,28,30707
83,24,30708
82,24,30709
93,21,30710
101,21,30711
112,21,30712
109,20,30713
123,23,30714
128,24,30715
134,27,30716
137,28,30717
148,35,30718
154,40,30719
160,46,30720
166,53,30721
170,59,30722
174,65,30723
180,80,30724
179,74,30725
185,96,30726
187,108,30727
188,116,30728
188,124,30729
187,138,30730
187,139,30731
184,154,30732
182,160,30733
179,169,30734
95,111,30735
94,111,30736
94,109,30737
93,108,30738
94,106,30739
93,106,30740
95,104,30741
96,103,30742
97,102,30743
97,101,30744
96,100,30745
98,99,30746
102,100,30747
102,99,30748
103,98,30749
106,100,30750
108,101,30751
108,99,30752
107,98,30753
112,103,30754
112,101,30755
114,104,30756
115,106,30757
117,109,30758
117,107,30759
118,112,30760
119,113,30761
119,118,30762
119,122,30763
120,123,30764
120,125,30765
119,128,30766
116,134,30767
119,132,30768
116,137,30769
116,138,30770
111,143,30771
110,145,30772
108,147,30773
104,149,30774
100,151,30775
101,151,30776
102,152,30777
92,153,30778
92,154,30779
88,154,30780
81,152,30781
81,153,30782
75,150,30783
73,149,30784
70,148,30785
69,148,30786
61,138,30787
61,139,30788
58,136,30789
57,134,30790
54,127,30791
53,127,30792
51,120,30793
50,114,30794
49,110,30795
49,102,30796
49,99,30797
50,91,30798
50,90,30799
55,78,30800
53,80,30801
56,73,30802
58,70,30803
64,62,30804
63,62,30805
73,54,30806
70,55,30807
85,47,30808
86,46,30809
85,46,30810
97,43,30811
100,43,30812
105,42,30813
112,43,30814
116,44,30815
119,44,30816
135,53,30817
135,52,30818
133,50,30819
146,62,30820
149,65,30821
151,66,30822
154,71,30823
159,80,30824
163,89,30825
162,84,30826
167,105,30827
168,109,30828
169,112,30829
168,132,30830
168,135,30831
168,137,30832
166,146,30833
160,161,30834
160,162,30835
160,164,30836
152,177,30837
149,181,30838
142,189,30839
140,191,30840
127,200,30841
129,200,30842
117,206,30843
118,206,30844
105,210,30845
97,211,30846
88,212,30847
79,211,30848
70,209,30849
65,208,30850
53,202,30851
54,204,30852
40,194,30853
31,186,30854
29,184,30855
26,181,30856
17,168,30857
12,160,30858
11,158,30859
6,146,30860
2,130,30861
98,112,30862
100,112,30863
101,113,30864
101,115,30865
102,114,30866
103,115,30867
102,118,30868
101,121,30869
104,119,30870
103,121,30871
104,121,30872
102,124,30873
101,126,30874
102,126,30875
99,128,30876
97,129,30877
96,130,30878
97,131,30879
95,132,30880
92,132,30881
91,133,30882
88,132,30883
88,133,30884
84,131,30885
83,131,30886
81,130,30887
80,130,30888
77,127,30889
76,127,30890
73,121,30891
72,122,30892
71,118,30893
70,119,30894
69,115,30895
68,110,30896
68,107,30897
68,102,30898
67,103,30899
68,98,30900
71,89,30901
70,90,30902
72,86,30903
71,86,30904
78,78,30905
76,78,30906
79,75,30907
83,72,30908
84,71,30909
92,68,30910
89,67,30911
96,66,30912
98,65,30913
104,65,30914
109,65,30915
108,64,30916
114,66,30917
125,72,30918
120,67,30919
128,73,30920
129,73,30921
135,80,30922
138,83,30923
137,81,30924
144,95,30925
143,90,30926
146,99,30927
148,106,30928
149,111,30929
150,114,30930
149,127,30931
151,122,30932
149,135,30933
148,139,30934
142,153,30935
144,151,30936
141,157,30937
140,159,30938
132,169,30939
131,171,30940
122,178,30941
119,180,30942
121,180,30943
112,184,30944
105,187,30945
102,188,30946
93,189,30947
85,189,30948
89,190,30949
73,187,30950
67,185,30951
63,183,30952
64,185,30953
48,173,30954
46,172,30955
41,167,30956
35,159,30957
31,152,30958
28,147,30959
27,146,30960
23,134,30961
21,126,30962
19,117,30963
18,113,30964
18,104,30965
18,99,30966
20,83,30967
25,68,30968
22,73,30969
26,62,30970
29,55,30971
37,43,30972
39,40,30973
46,32,30974
55,24,30975
58,22,30976
63,18,30977
74,13,30978
77,11,30979
92,8,30980
99,7,30981
111,7,30982
105,6,30983
126,10,30984
131,11,30985
134,12,30986
143,16,30987
151,21,30988
95,114,30989
95,116,30990
93,114,30991
93,116,30992
91,114,30993
90,116,30994
89,112,30995
88,112,30996
88,114,30997
87,111,30998
86,112,30999
86,108,31000
86,105,31001
85,105,31002
85,104,31003
85,103,31004
87,99,31005
86,98,31006
87,97,31007
89,94,31008
90,93,31009
90,92,31010
92,90,31011
95,89,31012
96,88,31013
98,87,31014
101,87,31015
102,86,31016
106,87,31017
106,86,31018
107,85,31019
114,90,31020
114,88,31021
118,92,31022
118,91,31023
122,95,31024
124,98,31025
125,100,31026
126,100,31027
128,106,31028
129,108,31029
130,113,31030
131,112,31031
130,126,31032
131,125,31033
131,127,31034
131,128,31035
129,135,31036
125,143,31037
127,142,31038
125,145,31039
123,149,31040
117,155,31041
114,158,31042
113,159,31043
112,160,31044
104,164,31045
106,164,31046
96,166,31047
95,167,31048
90,167,31049
84,167,31050
82,167,31051
74,164,31052
74,165,31053
67,161,31054
61,157,31055
59,155,31056
55,152,31057
50,145,31058
48,143,31059
44,134,31060
44,136,31061
41,127,31062
39,119,31063
38,116,31064
37,110,31065
37,103,31066
37,100,31067
39,87,31068
42,77,31069
39,82,31070
45,69,31071
48,63,31072
49,61,31073
55,53,31074
59,48,31075
65,43,31076
66,42,31077
75,36,31078
77,35,31079
84,32,31080
94,30,31081
99,29,31082
102,28,31083
111,29,31084
122,32,31085
131,35,31086
130,34,31087
137,38,31088
141,40,31089
155,53,31090
155,52,31091
159,57,31092
168,71,31093
166,66,31094
171,76,31095
175,86,31096
177,93,31097
179,101,31098
180,126,31099
181,118,31100
180,135,31101
179,142,31102
175,156,31103
178,149,31104
167,175,31105
166,178,31106
161,186,31107
154,194,31108
145,203,31109
145,204,31110
137,210,31111
129,215,31112
126,217,31113
115,221,31114
109,223,31115
96,110,31116
96,109,31117
97,108,31118
98,107,31119
99,106,31120
100,106,31121
101,106,31122
102,105,31123
104,106,31124
105,106,31125
105,105,31126
107,107,31127
108,108,31128
109,108,31129
110,111,31130
111,112,31131
111,116,31132
112,115,31133
113,116,31134
112,122,31135
113,122,31136
113,123,31137
113,125,31138
113,126,31139
110,132,31140
110,133,31141
109,134,31142
107,137,31143
105,139,31144
106,139,31145
103,141,31146
97,143,31147
97,144,31148
96,145,31149
93,145,31150
87,145,31151
85,145,31152
83,145,31153
80,144,31154
77,142,31155
75,141,31156
72,139,31157
71,139,31158
67,134,31159
65,133,31160
63,129,31161
61,125,31162
60,125,31163
58,113,31164
57,113,31165
56,110,31166
56,106,31167
56,103,31168
57,94,31169
58,89,31170
57,91,31171
61,81,31172
61,80,31173
65,73,31174
69,68,31175
68,68,31176
75,62,31177
79,59,31178
78,59,31179
83,56,31180
93,53,31181
96,52,31182
99,51,31183
103,51,31184
107,51,31185
114,52,31186
116,52,31187
123,55,31188
130,59,31189
131,59,31190
137,63,31191
143,70,31192
146,73,31193
149,77,31194
152,82,31195
156,91,31196
158,96,31197
160,108,31198
161,110,31199
161,118,31200
162,120,31201
161,131,31202
161,134,31203
158,146,31204
157,151,31205
153,160,31206
152,162,31207
146,172,31208
144,175,31209
138,182,31210
131,188,31211
125,192,31212
124,193,31213
117,197,31214
102,201,31215
100,202,31216
95,203,31217
87,203,31218
78,202,31219
72,201,31220
65,199,31221
59,196,31222
52,193,31223
48,190,31224
41,185,31225
35,179,31226
26,168,31227
22,162,31228
20,158,31229
15,148,31230
12,140,31231
8,120,31232
9,132,31233
7,111,31234
6,103,31235
7,91,31236
9,78,31237
10,73,31238
12,66,31239
17,53,31240
23,42,31241
25,38,31242
97,113,31243
99,114,31244
98,117,31245
99,118,31246
98,119,31247
98,120,31248
97,121,31249
95,122,31250
96,123,31251
95,124,31252
95,125,31253
91,124,31254
90,124,31255
89,125,31256
88,125,31257
85,123,31258
84,122,31259
86,126,31260
82,122,31261
81,121,31262
80,122,31263
78,115,31264
77,115,31265
76,113,31266
76,107,31267
75,110,31268
74,108,31269
75,102,31270
75,101,31271
74,101,31272
75,96,31273
78,91,31274
78,90,31275
75,92,31276
81,85,31277
82,83,31278
86,80,31279
86,79,31280
91,76,31281
95,75,31282
96,74,31283
102,74,31284
102,73,31285
105,73,31286
109,73,31287
110,73,31288
118,77,31289
117,75,31290
123,80,31291
126,82,31292
128,83,31293
135,95,31294
129,83,31295
136,94,31296
136,93,31297
140,103,31298
141,111,31299
141,105,31300
142,119,31301
143,118,31302
143,123,31303
142,131,31304
141,136,31305
140,141,31306
139,144,31307
131,157,31308
132,157,31309
131,159,31310
127,164,31311
119,170,31312
126,166,31313
109,176,31314
111,176,31315
100,179,31316
99,180,31317
95,181,31318
89,181,31319
80,180,31320
78,180,31321
77,180,31322
65,175,31323
62,174,31324
52,165,31325
51,166,31326
50,166,31327
39,150,31328
39,151,31329
36,147,31330
33,140,31331
30,132,31332
27,119,31333
27,124,31334
26,108,31335
25,106,31336
25,103,31337
28,82,31338
29,78,31339
31,71,31340
34,63,31341
43,49,31342
41,51,31343
41,50,31344
50,39,31345
59,31,31346
67,26,31347
69,24,31348
80,20,31349
77,20,31350
87,17,31351
96,15,31352
103,15,31353
110,15,31354
122,17,31355
131,20,31356
139,24,31357
142,25,31358
154,34,31359
154,33,31360
166,46,31361
168,48,31362
177,62,31363
175,57,31364
183,74,31365
187,84,31366
189,90,31367
190,95,31368
192,111,31369
94,112,31370
94,114,31371
93,112,31372
92,110,31373
91,109,31374
90,110,31375
92,105,31376
92,104,31377
92,103,31378
92,102,31379
91,102,31380
92,100,31381
94,99,31382
93,98,31383
97,97,31384
97,96,31385
100,95,31386
97,94,31387
102,94,31388
104,94,31389
106,94,31390
107,94,31391
110,96,31392
112,97,31393
113,97,31394
115,99,31395
116,99,31396
119,104,31397
120,105,31398
121,107,31399
122,108,31400
123,113,31401
123,118,31402
124,115,31403
124,120,31404
124,125,31405
123,129,31406
123,130,31407
123,132,31408
119,139,31409
119,140,31410
117,144,31411
117,145,31412
112,149,31413
110,151,31414
106,154,31415
101,156,31416
103,156,31417
95,158,31418
90,158,31419
92,159,31420
90,160,31421
80,157,31422
80,158,31423
77,157,31424
72,155,31425
65,149,31426
67,153,31427
59,144,31428
57,142,31429
55,139,31430
53,136,31431
51,133,31432
47,120,31433
47,124,31434
45,112,31435
45,108,31436
44,106,31437
44,104,31438
46,91,31439
45,90,31440
48,80,31441
50,75,31442
56,66,31443
56,64,31444
59,60,31445
62,56,31446
67,52,31447
73,47,31448
77,45,31449
86,41,31450
85,40,31451
96,38,31452
102,38,31453
101,37,31454
112,38,31455
118,39,31456
120,39,31457
131,44,31458
140,50,31459
143,52,31460
137,46,31461
154,64,31462
158,69,31463
156,65,31464
161,73,31465
168,90,31466
170,96,31467
170,94,31468
172,106,31469
173,115,31470
174,119,31471
173,131,31472
172,139,31473
170,149,31474
169,152,31475
159,173,31476
162,170,31477
161,172,31478
154,183,31479
145,193,31480
144,194,31481
137,200,31482
128,206,31483
122,209,31484
114,213,31485
104,215,31486
102,216,31487
87,217,31488
79,216,31489
72,215,31490
70,215,31491
45,203,31492
52,208,31493
39,200,31494
36,198,31495
26,188,31496
98,111,31497
99,110,31498
100,110,31499
101,110,31500
102,111,31501
103,111,31502
104,113,31503
104,116,31504
105,115,31505
106,115,31506
107,116,31507
107,118,31508
106,122,31509
107,121,31510
106,124,31511
105,126,31512
104,128,31513
105,128,31514
104,130,31515
101,132,31516
102,133,31517
99,134,31518
98,135,31519
96,136,31520
93,137,31521
91,137,31522
90,138,31523
87,137,31524
85,137,31525
81,135,31526
82,137,31527
76,131,31528
78,135,31529
74,131,31530
72,129,31531
69,125,31532
67,121,31533
66,119,31534
65,115,31535
64,112,31536
64,108,31537
63,107,31538
63,106,31539
65,95,31540
63,97,31541
64,94,31542
66,87,31543
67,85,31544
74,76,31545
69,80,31546
75,73,31547
79,69,31548
80,68,31549
85,65,31550
86,64,31551
89,62,31552
101,61,31553
96,60,31554
103,59,31555
105,59,31556
111,60,31557
116,61,31558
117,61,31559
127,67,31560
130,68,31561
133,71,31562
138,76,31563
139,77,31564
142,80,31565
146,87,31566
149,93,31567
151,101,31568
152,102,31569
153,118,31570
154,114,31571
155,118,31572
154,128,31573
153,136,31574
153,138,31575
149,150,31576
145,158,31577
147,156,31578
140,167,31579
136,172,31580
134,175,31581
129,179,31582
124,183,31583
120,186,31584
108,191,31585
107,192,31586
102,193,31587
98,194,31588
84,194,31589
80,194,31590
77,194,31591
71,192,31592
56,185,31593
53,183,31594
53,184,31595
44,176,31596
36,168,31597
33,164,31598
33,165,31599
26,153,31600
20,139,31601
19,138,31602
17,130,31603
15,121,31604
14,114,31605
13,108,31606
15,87,31607
14,91,31608
17,75,31609
18,72,31610
25,55,31611
23,57,31612
33,41,31613
35,37,31614
44,27,31615
49,23,31616
56,17,31617
62,13,31618
67,10,31619
76,6,31620
83,4,31621
94,2,31622
102,1,31623
96,115,31624
98,116,31625
94,117,31626
95,118,31627
93,118,31628
92,119,31629
90,117,31630
90,118,31631
89,118,31632
87,116,31633
87,118,31634
85,115,31635
85,116,31636
84,115,31637
83,112,31638
82,110,31639
82,106,31640
81,108,31641
81,105,31642
82,101,31643
83,98,31644
82,98,31645
83,96,31646
84,94,31647
85,92,31648
85,91,31649
88,88,31650
90,86,31651
92,85,31652
93,84,31653
94,83,31654
100,82,31655
100,81,31656
103,81,31657
105,81,31658
107,81,31659
111,82,31660
115,84,31661
115,83,31662
121,88,31663
122,88,31664
125,92,31665
124,89,31666
128,95,31667
131,101,31668
132,103,31669
133,106,31670
134,106,31671
135,117,31672
136,118,31673
135,127,31674
135,129,31675
134,134,31676
133,138,31677
132,141,31678
130,145,31679
126,152,31680
128,150,31681
122,157,31682
117,162,31683
119,161,31684
113,165,31685
108,168,31686
104,170,31687
100,171,31688
92,172,31689
87,172,31690
83,172,31691
81,172,31692
75,170,31693
71,169,31694
65,166,31695
59,162,31696
55,158,31697
53,157,31698
49,152,31699
46,148,31700
41,140,31701
38,132,31702
37,130,31703
36,127,31704
34,119,31705
33,108,31706
33,101,31707
33,95,31708
34,88,31709
36,80,31710
38,73,31711
40,69,31712
40,67,31713
48,54,31714
52,49,31715
59,42,31716
56,44,31717
63,38,31718
71,33,31719
81,28,31720
86,26,31721
91,25,31722
101,24,31723
109,24,31724
113,24,31725
119,25,31726
128,28,31727
133,30,31728
136,31,31729
149,40,31730
151,41,31731
156,46,31732
163,54,31733
166,58,31734
170,64,31735
177,79,31736
180,87,31737
183,99,31738
183,98,31739
185,116,31740
185,124,31741
185,130,31742
183,145,31743
180,156,31744
179,161,31745
174,172,31746
173,175,31747
167,186,31748
160,195,31749
157,199,31750
96,112,31751
95,110,31752
94,108,31753
95,107,31754
96,106,31755
95,105,31756
97,104,31757
99,103,31758
99,102,31759
100,102,31760
99,100,31761
104,102,31762
105,102,31763
105,101,31764
108,104,31765
109,104,31766
110,105,31767
110,102,31768
112,106,31769
114,110,31770
114,107,31771
115,111,31772
116,113,31773
117,115,31774
116,122,31775
118,119,31776
117,124,31777
116,128,31778
115,131,31779
116,131,31780
115,133,31781
112,137,31782
110,140,31783
113,139,31784
106,144,31785
106,145,31786
102,147,31787
100,148,31788
97,149,31789
94,150,31790
90,150,31791
86,150,31792
84,150,31793
81,149,31794
80,150,31795
78,149,31796
69,142,31797
72,146,31798
66,140,31799
63,136,31800
61,135,31801
60,135,31802
55,120,31803
55,123,31804
54,121,31805
53,117,31806
52,108,31807
51,110,31808
52,100,31809
52,95,31810
52,94,31811
53,89,31812
57,79,31813
57,77,31814
60,72,31815
67,64,31816
67,63,31817
68,61,31818
76,55,31819
79,53,31820
79,52,31821
90,48,31822
93,47,31823
101,46,31824
106,46,31825
111,46,31826
117,48,31827
120,48,31828
123,49,31829
128,51,31830
137,58,31831
139,58,31832
148,69,31833
148,68,31834
151,71,31835
157,82,31836
160,89,31837
161,90,31838
164,101,31839
165,110,31840
166,114,31841
166,120,31842
166,127,31843
165,138,31844
164,143,31845
160,155,31846
158,160,31847
155,166,31848
152,172,31849
142,184,31850
141,185,31851
141,186,31852
133,193,31853
122,200,31854
112,204,31855
110,205,31856
99,207,31857
99,208,31858
91,209,31859
81,208,31860
74,207,31861
70,206,31862
61,203,31863
51,198,31864
40,190,31865
43,193,31866
30,180,31867
33,185,31868
18,164,31869
15,158,31870
13,155,31871
9,146,31872
5,130,31873
4,127,31874
2,114,31875
2,106,31876
1,103,31877
98,113,31878
99,112,31879
100,114,31880
101,116,31881
102,116,31882
102,117,31883
101,119,31884
100,121,31885
101,122,31886
100,123,31887
101,124,31888
98,126,31889
97,127,31890
98,127,31891
95,128,31892
93,129,31893
92,129,31894
92,130,31895
89,130,31896
86,129,31897
86,130,31898
82,127,31899
81,127,31900
79,125,31901
78,125,31902
76,122,31903
75,121,31904
74,119,31905
73,118,31906
72,113,31907
71,113,31908
71,107,31909
71,102,31910
69,107,31911
71,97,31912
71,95,31913
73,91,31914
72,91,31915
75,86,31916
78,82,31917
77,82,31918
81,78,31919
79,78,31920
88,73,31921
88,72,31922
90,71,31923
96,69,31924
97,68,31925
108,69,31926
110,69,31927
110,68,31928
112,68,31929
121,73,31930
121,72,31931
122,72,31932
126,75,31933
134,84,31934
131,78,31935
136,85,31936
139,90,31937
141,94,31938
144,101,31939
145,103,31940
146,112,31941
147,112,31942
146,129,31943
147,126,31944
147,129,31945
146,136,31946
142,147,31947
144,145,31948
139,154,31949
137,158,31950
130,166,31951
131,166,31952
124,173,31953
123,174,31954
115,179,31955
112,181,31956
106,183,31957
97,185,31958
98,186,31959
83,185,31960
79,185,31961
79,186,31962
68,182,31963
66,181,31964
62,180,31965
54,174,31966
48,169,31967
43,164,31968
44,167,31969
34,151,31970
30,144,31971
29,143,31972
27,138,31973
23,121,31974
22,117,31975
21,113,31976
22,95,31977
21,98,31978
22,88,31979
24,78,31980
26,71,31981
31,59,31982
34,53,31983
44,40,31984
38,46,31985
44,38,31986
50,32,31987
60,24,31988
68,19,31989
77,15,31990
83,13,31991
93,11,31992
94,10,31993
114,11,31994
113,10,31995
122,12,31996
132,15,31997
141,19,31998
140,18,31999
153,27,32000
158,30,32001
162,34,32002
169,41,32003
177,52,32004
96,113,32005
95,115,32006
92,113,32007
92,115,32008
91,112,32009
90,114,32010
89,110,32011
89,108,32012
88,108,32013
88,107,32014
86,109,32015
88,103,32016
88,102,32017
88,101,32018
89,99,32019
89,98,32020
93,95,32021
89,96,32022
92,94,32023
95,92,32024
96,91,32025
97,90,32026
100,90,32027
101,89,32028
103,89,32029
104,89,32030
109,90,32031
110,90,32032
113,92,32033
114,92,32034
115,92,32035
119,97,32036
118,94,32037
122,100,32038
124,103,32039
125,104,32040
126,107,32041
127,112,32042
128,113,32043
128,121,32044
128,123,32045
128,127,32046
129,125,32047
125,137,32048
126,136,32049
124,141,32050
125,140,32051
122,145,32052
115,152,32053
117,152,32054
110,157,32055
111,157,32056
104,160,32057
103,161,32058
102,162,32059
95,164,32060
86,163,32061
90,165,32062
81,163,32063
82,164,32064
70,159,32065
70,160,32066
67,158,32067
57,148,32068
61,154,32069
55,147,32070
52,143,32071
49,138,32072
47,135,32073
45,131,32074
42,121,32075
41,115,32076
40,112,32077
41,98,32078
40,97,32079
41,90,32080
43,82,32081
45,76,32082
47,71,32083
48,69,32084
56,57,32085
52,61,32086
60,52,32087
65,47,32088
67,45,32089
75,40,32090
79,38,32091
85,35,32092
94,33,32093
98,32,32094
104,32,32095
104,31,32096
122,35,32097
126,36,32098
125,35,32099
133,39,32100
145,48,32101
147,49,32102
150,51,32103
156,58,32104
163,68,32105
168,77,32106
168,76,32107
173,89,32108
176,103,32109
177,106,32110
177,120,32111
178,117,32112
178,128,32113
177,138,32114
174,151,32115
174,152,32116
169,166,32117
163,177,32118
158,184,32119
157,187,32120
146,198,32121
147,198,32122
137,206,32123
127,212,32124
116,217,32125
120,216,32126
106,220,32127
104,221,32128
93,222,32129
81,222,32130
74,221,32131
97,110,32132
97,109,32133
99,108,32134
100,108,32135
101,108,32136
102,108,32137
103,108,32138
104,108,32139
105,109,32140
106,109,32141
107,110,32142
108,111,32143
109,113,32144
109,114,32145
110,115,32146
110,119,32147
110,121,32148
111,121,32149
110,124,32150
109,127,32151
110,126,32152
108,130,32153
108,131,32154
107,133,32155
103,136,32156
103,137,32157
104,137,32158
100,139,32159
99,140,32160
94,141,32161
94,142,32162
89,142,32163
89,143,32164
85,142,32165
84,142,32166
81,141,32167
77,139,32168
75,138,32169
72,136,32170
69,132,32171
67,130,32172
65,126,32173
63,123,32174
62,121,32175
61,118,32176
60,114,32177
59,110,32178
59,105,32179
60,97,32180
59,98,32181
60,93,32182
61,88,32183
63,83,32184
65,79,32185
64,80,32186
67,75,32187
73,68,32188
73,67,32189
77,64,32190
83,60,32191
87,58,32192
89,57,32193
95,55,32194
102,55,32195
100,54,32196
111,55,32197
112,55,32198
117,56,32199
123,58,32200
128,61,32201
132,64,32202
135,66,32203
139,69,32204
142,73,32205
147,80,32206
148,81,32207
152,89,32208
155,96,32209
157,104,32210
158,109,32211
158,120,32212
159,116,32213
158,131,32214
158,133,32215
157,140,32216
155,147,32217
153,153,32218
151,158,32219
145,168,32220
141,174,32221
139,176,32222
132,183,32223
127,187,32224
125,189,32225
113,195,32226
107,197,32227
103,198,32228
93,199,32229
92,200,32230
81,199,32231
78,199,32232
70,197,32233
59,193,32234
57,192,32235
48,186,32236
45,184,32237
38,178,32238
34,174,32239
25,161,32240
23,158,32241
19,150,32242
15,140,32243
13,133,32244
11,125,32245
10,99,32246
9,109,32247
10,92,32248
11,82,32249
13,73,32250
15,66,32251
19,56,32252
21,51,32253
25,44,32254
34,31,32255
38,26,32256
41,23,32257
50,15,32258
97,114,32259
99,115,32260
96,117,32261
98,118,32262
96,119,32263
96,120,32264
94,121,32265
93,121,32266
93,122,32267
92,123,32268
92,124,32269
88,121,32270
88,122,32271
86,122,32272
84,119,32273
83,118,32274
82,118,32275
82,121,32276
80,114,32277
79,113,32278
79,109,32279
78,110,32280
77,109,32281
77,105,32282
78,101,32283
76,104,32284
78,98,32285
79,94,32286
80,92,32287
81,90,32288
80,90,32289
86,84,32290
85,84,32291
85,83,32292
90,80,32293
91,79,32294
98,78,32295
97,77,32296
100,76,32297
104,76,32298
106,76,32299
112,78,32300
113,77,32301
117,79,32302
119,80,32303
122,82,32304
128,89,32305
128,87,32306
132,94,32307
134,97,32308
134,96,32309
136,99,32310
138,110,32311
139,111,32312
140,113,32313
140,119,32314
139,128,32315
140,127,32316
138,136,32317
138,138,32318
137,142,32319
132,151,32320
131,153,32321
129,156,32322
128,158,32323
119,166,32324
116,169,32325
113,171,32326
110,173,32327
104,175,32328
103,176,32329
94,177,32330
92,178,32331
84,177,32332
80,177,32333
76,176,32334
66,172,32335
65,172,32336
60,169,32337
54,164,32338
49,159,32339
48,159,32340
39,145,32341
38,144,32342
36,141,32343
32,127,32344
30,120,32345
30,123,32346
29,100,32347
28,107,32348
28,102,32349
29,91,32350
31,81,32351
32,76,32352
35,68,32353
39,60,32354
42,55,32355
45,50,32356
50,44,32357
60,35,32358
62,33,32359
69,28,32360
72,26,32361
79,23,32362
91,20,32363
95,19,32364
111,19,32365
108,18,32366
116,19,32367
124,21,32368
135,25,32369
139,27,32370
144,30,32371
153,37,32372
159,42,32373
163,46,32374
174,63,32375
171,56,32376
181,77,32377
183,82,32378
186,92,32379
186,89,32380
189,113,32381
190,117,32382
190,122,32383
189,136,32384
188,145,32385
95,112,32386
94,111,32387
93,110,32388
93,109,32389
93,107,32390
91,108,32391
93,105,32392
95,103,32393
95,102,32394
95,101,32395
94,100,32396
96,99,32397
99,99,32398
99,98,32399
101,97,32400
103,97,32401
105,98,32402
102,95,32403
106,97,32404
109,98,32405
110,98,32406
112,100,32407
115,104,32408
115,103,32409
116,103,32410
118,108,32411
119,109,32412
120,112,32413
120,118,32414
121,115,32415
122,116,32416
121,124,32417
120,128,32418
122,125,32419
120,131,32420
120,132,32421
117,138,32422
116,140,32423
115,142,32424
108,148,32425
109,148,32426
108,149,32427
107,151,32428
99,153,32429
99,154,32430
95,155,32431
90,155,32432
88,156,32433
81,154,32434
78,153,32435
80,155,32436
77,154,32437
66,146,32438
66,147,32439
64,145,32440
62,144,32441
58,138,32442
58,140,32443
53,130,32444
50,121,32445
50,122,32446
48,115,32447
48,108,32448
47,106,32449
47,100,32450
50,87,32451
49,88,32452
49,87,32453
53,76,32454
55,72,32455
53,74,32456
63,61,32457
62,61,32458
70,54,32459
71,52,32460
74,50,32461
80,46,32462
88,43,32463
93,42,32464
98,41,32465
107,41,32466
106,40,32467
121,44,32468
123,44,32469
125,44,32470
135,50,32471
139,53,32472
139,52,32473
150,63,32474
155,70,32475
156,71,32476
156,69,32477
165,90,32478
166,92,32479
167,94,32480
168,97,32481
170,115,32482
171,119,32483
170,133,32484
167,146,32485
168,145,32486
168,146,32487
162,163,32488
161,165,32489
154,177,32490
149,184,32491
143,190,32492
145,189,32493
140,194,32494
132,200,32495
117,208,32496
112,210,32497
108,211,32498
98,213,32499
83,213,32500
88,214,32501
68,210,32502
71,212,32503
60,208,32504
50,203,32505
43,199,32506
38,195,32507
26,183,32508
26,184,32509
20,176,32510
14,168,32511
8,155,32512
97,112,32513
99,111,32514
101,112,32515
101,111,32516
102,113,32517
103,114,32518
104,115,32519
103,119,32520
104,118,32521
105,119,32522
106,119,32523
104,122,32524
104,124,32525
103,126,32526
102,127,32527
100,129,32528
99,130,32529
100,131,32530
98,132,32531
95,133,32532
96,134,32533
91,134,32534
90,134,32535
89,135,32536
85,133,32537
83,133,32538
84,134,32539
79,131,32540
78,131,32541
75,127,32542
74,127,32543
72,123,32544
71,124,32545
69,119,32546
68,116,32547
67,114,32548
67,107,32549
66,110,32550
66,104,32551
67,97,32552
67,95,32553
68,92,32554
66,94,32555
72,83,32556
71,83,32557
73,80,32558
74,78,32559
79,73,32560
84,70,32561
80,71,32562
90,66,32563
88,66,32564
97,64,32565
99,63,32566
100,62,32567
109,63,32568
114,65,32569
110,62,32570
119,66,32571
119,65,32572
128,71,32573
130,72,32574
133,74,32575
139,83,32576
137,78,32577
143,88,32578
146,94,32579
148,100,32580
149,102,32581
150,105,32582
151,111,32583
152,119,32584
152,122,32585
149,138,32586
151,134,32587
150,139,32588
147,148,32589
142,158,32590
142,159,32591
136,167,32592
131,173,32593
133,172,32594
124,179,32595
120,182,32596
113,186,32597
104,189,32598
100,190,32599
98,191,32600
87,191,32601
84,191,32602
74,189,32603
77,191,32604
63,185,32605
58,183,32606
57,183,32607
46,174,32608
42,170,32609
37,165,32610
33,160,32611
28,151,32612
24,141,32613
23,140,32614
20,132,32615
18,121,32616
17,112,32617
16,108,32618
19,85,32619
16,97,32620
18,83,32621
19,78,32622
26,59,32623
26,58,32624
34,44,32625
37,40,32626
48,28,32627
44,31,32628
58,20,32629
61,17,32630
69,13,32631
79,9,32632
90,6,32633
93,5,32634
108,5,32635
111,5,32636
121,6,32637
129,8,32638
132,9,32639
96,114,32640
96,116,32641
93,115,32642
93,117,32643
91,116,32644
91,117,32645
89,114,32646
89,116,32647
88,116,32648
87,113,32649
86,114,32650
85,111,32651
85,108,32652
84,109,32653
83,108,32654
84,105,32655
84,103,32656
83,103,32657
85,98,32658
86,96,32659
87,94,32660
86,94,32661
89,91,32662
90,90,32663
91,89,32664
94,87,32665
96,86,32666
97,85,32667
101,85,32668
102,84,32669
102,83,32670
110,86,32671
110,85,32672
114,87,32673
113,86,32674
117,88,32675
119,90,32676
123,94,32677
124,94,32678
127,100,32679
127,99,32680
130,107,32681
130,104,32682
131,117,32683
132,114,32684
133,116,32685
133,121,32686
132,129,32687
130,136,32688
132,132,32689
130,138,32690
129,141,32691
125,148,32692
124,150,32693
122,153,32694
119,156,32695
113,161,32696
114,161,32697
106,165,32698
105,166,32699
99,168,32700
96,169,32701
91,169,32702
82,168,32703
82,169,32704
75,167,32705
73,166,32706
68,164,32707
67,164,32708
57,156,32709
54,153,32710
52,151,32711
48,146,32712
44,139,32713
41,132,32714
40,131,32715
39,127,32716
37,120,32717
36,111,32718
35,107,32719
37,93,32720
35,97,32721
38,84,32722
40,76,32723
39,78,32724
46,63,32725
47,61,32726
52,54,32727
56,49,32728
58,46,32729
64,41,32730
70,37,32731
77,33,32732
85,30,32733
91,28,32734
97,27,32735
105,27,32736
115,28,32737
118,28,32738
124,30,32739
130,32,32740
142,39,32741
140,37,32742
150,45,32743
156,51,32744
157,51,32745
163,59,32746
169,68,32747
171,72,32748
175,81,32749
178,89,32750
180,98,32751
182,111,32752
182,127,32753
182,129,32754
182,136,32755
178,153,32756
177,157,32757
173,168,32758
170,174,32759
166,181,32760
163,187,32761
157,194,32762
152,200,32763
143,208,32764
136,213,32765
123,220,32766
96,110,32767
95,109,32768
96,108,32769
97,107,32770
97,106,32771
98,105,32772
100,105,32773
101,105,32774
102,104,32775
103,104,32776
103,103,32777
105,104,32778
107,105,32779
108,105,32780
110,109,32781
111,109,32782
112,112,32783
112,108,32784
113,113,32785
114,115,32786
114,117,32787
114,120,32788
115,120,32789
115,122,32790
113,128,32791
113,129,32792
113,131,32793
111,134,32794
109,137,32795
109,138,32796
107,140,32797
103,142,32798
101,144,32799
105,143,32800
100,145,32801
96,147,32802
91,147,32803
91,148,32804
89,148,32805
84,147,32806
79,145,32807
76,144,32808
75,144,32809
70,139,32810
71,142,32811
67,138,32812
62,130,32813
64,135,32814
58,120,32815
58,122,32816
57,121,32817
56,119,32818
55,109,32819
54,107,32820
55,98,32821
54,101,32822
56,91,32823
56,89,32824
60,79,32825
60,78,32826
60,77,32827
65,70,32828
69,65,32829
73,61,32830
71,62,32831
85,54,32832
86,53,32833
88,52,32834
94,50,32835
98,49,32836
102,49,32837
108,49,32838
114,50,32839
120,52,32840
123,53,32841
127,54,32842
136,61,32843
136,60,32844
144,68,32845
145,69,32846
151,77,32847
152,78,32848
158,93,32849
158,92,32850
160,96,32851
162,108,32852
163,114,32853
163,126,32854
163,128,32855
163,131,32856
162,138,32857
159,149,32858
158,153,32859
155,160,32860
152,166,32861
147,174,32862
137,185,32863
134,188,32864
133,189,32865
120,197,32866
118,198,32867
109,202,32868
110,202,32869
102,204,32870
87,205,32871
83,205,32872
73,203,32873
74,204,32874
58,198,32875
55,197,32876
47,192,32877
42,188,32878
31,177,32879
28,174,32880
23,167,32881
20,162,32882
13,146,32883
13,150,32884
8,130,32885
6,119,32886
5,115,32887
5,106,32888
5,93,32889
5,92,32890
7,79,32891
10,67,32892
12,60,32893
97,113,32894
99,113,32895
99,116,32896
100,117,32897
99,119,32898
100,119,32899
98,121,32900
97,122,32901
98,123,32902
97,124,32903
97,125,32904
93,125,32905
92,126,32906
92,127,32907
91,127,32908
87,125,32909
86,125,32910
86,127,32911
84,126,32912
82,123,32913
82,125,32914
79,120,32915
78,120,32916
76,116,32917
76,119,32918
75,114,32919
74,112,32920
73,110,32921
73,105,32922
73,102,32923
72,104,32924
74,96,32925
76,92,32926
72,98,32927
77,88,32928
77,87,32929
81,83,32930
80,82,32931
84,79,32932
87,77,32933
89,75,32934
92,74,32935
88,74,32936
99,72,32937
100,71,32938
106,71,32939
110,72,32940
110,71,32941
118,75,32942
119,75,32943
119,74,32944
123,76,32945
130,84,32946
133,87,32947
131,83,32948
137,92,32949
140,100,32950
139,95,32951
142,103,32952
143,109,32953
144,113,32954
144,124,32955
144,127,32956
144,130,32957
144,132,32958
138,148,32959
140,145,32960
139,148,32961
135,156,32962
130,162,32963
133,160,32964
121,171,32965
122,171,32966
111,177,32967
111,178,32968
109,179,32969
102,181,32970
94,182,32971
92,183,32972
86,183,32973
76,181,32974
77,182,32975
64,176,32976
64,177,32977
59,175,32978
49,166,32979
48,165,32980
47,165,32981
38,153,32982
34,146,32983
30,137,32984
31,142,32985
27,127,32986
25,119,32987
24,115,32988
24,104,32989
24,96,32990
24,94,32991
26,82,32992
32,65,32993
33,62,32994
31,65,32995
38,52,32996
42,46,32997
52,35,32998
51,35,32999
67,24,33000
59,28,33001
69,22,33002
74,19,33003
83,16,33004
94,14,33005
101,13,33006
108,13,33007
120,15,33008
123,15,33009
141,23,33010
141,22,33011
151,29,33012
156,33,33013
165,42,33014
165,41,33015
177,58,33016
178,59,33017
182,66,33018
187,78,33019
190,89,33020
94,112,33021
94,115,33022
92,112,33023
92,111,33024
91,110,33025
90,111,33026
91,107,33027
90,106,33028
90,105,33029
90,104,33030
89,104,33031
89,103,33032
92,99,33033
91,99,33034
93,97,33035
95,96,33036
98,95,33037
94,94,33038
98,93,33039
101,93,33040
102,92,33041
103,92,33042
105,92,33043
108,93,33044
111,94,33045
112,94,33046
113,95,33047
116,97,33048
117,98,33049
119,101,33050
120,101,33051
123,109,33052
123,105,33053
124,110,33054
125,113,33055
126,115,33056
125,124,33057
126,122,33058
126,125,33059
123,134,33060
123,135,33061
123,136,33062
122,139,33063
118,145,33064
116,148,33065
113,151,33066
111,153,33067
110,154,33068
103,157,33069
103,158,33070
99,159,33071
97,160,33072
88,160,33073
88,161,33074
85,161,33075
81,160,33076
69,154,33077
77,160,33078
66,153,33079
66,154,33080
60,148,33081
57,145,33082
55,143,33083
51,135,33084
50,136,33085
46,124,33086
45,121,33087
44,116,33088
43,113,33089
44,96,33090
42,105,33091
43,95,33092
44,89,33093
49,76,33094
46,80,33095
49,73,33096
51,69,33097
58,59,33098
61,55,33099
64,52,33100
73,45,33101
69,47,33102
80,41,33103
81,40,33104
86,38,33105
98,36,33106
103,35,33107
106,35,33108
118,37,33109
121,38,33110
131,42,33111
125,38,33112
142,49,33113
145,51,33114
147,52,33115
157,64,33116
160,69,33117
166,80,33118
167,81,33119
170,89,33120
172,98,33121
174,106,33122
174,104,33123
175,124,33124
175,129,33125
174,138,33126
170,152,33127
172,150,33128
168,161,33129
167,164,33130
159,178,33131
156,183,33132
150,190,33133
143,197,33134
137,202,33135
134,205,33136
120,212,33137
117,214,33138
109,216,33139
97,218,33140
91,219,33141
85,219,33142
66,215,33143
64,215,33144
58,213,33145
55,212,33146
46,207,33147
